-127718
416953
27344
145650
41500
306515
-106688
-95620
-694165
-125914
-69189
149290
-148984
-88989
102408
363532
-385534
-123028
-431978
61611
30231
254116
-344928
22586
-287761
74549
-62895
-304012
-31493
190349
27810
306200
-122801
73670
-131624
-120134
-369136
281830
-89200
143351
-25524
407133
-248415
-178100
-470579
-248102
-11528
390299
-242678
236419
-118626
146627
-237572
44181
-33554
349481
218402
388016
-154731
-289291
-118197
367437
20321
61296
-34006
131685
-543046
-229398
-598359
103884
234606
470030
-910
152498
-238069
176024
-499298
-370031
-633136
608059
75411
541285
7261
17217
-478649
-427577
-791375
-599710
-255806
648595
-173786
-90738
-823397
-412107
-174717
23602
-523206
173524
380386
1308008
-802
374508
-112855
-93921
84164
143795
-490713
222371
-176318
258691
410478
369821
-173484
367564
2240
544854
-450750
-126142
-614224
408641
407284
293466
-438675
20881
912415
826282
-60152
642130
-293614
-236172
198131
86304
-487895
317636
1095257
1614132
816
538288
-940236
-180213
559204
-53215
-698036
313049
884177
896048
-282546
187381
-620023
404426
505129
-74762
-773279
173318
1103967
600265
-768701
753068
-929397
299915
602985
-31266
-934493
281563
921593
151957
-915255
474859
-165037
637213
345810
-115630
-1090038
236117
1113135
766794
-1186832
649251
-492707
606012
395957
-129243
-719591
486181
666718
-93047
-866188
804267
-231037
-195308
476525
-198987
-1004469
462300
629022
393175
-792418
78905
-70608
80338
233292
100818
-1065267
30032
879627
82083
-799234
402449
211760
-11299
564364
-122875
-1092989
178912
663224
465320
-520482
450831
189758
-342292
395052
-53092
-1093937
352989
961319
184538
-697244
49363
99941
-443919
317553
-69853
-1068426
129074
384859
216195
-540611
646855
421186
-383095
689918
56639
-1096112
442790
363630
144675
220994
586126
-100415
-821039
368790
-41306
-1369967
361214
524756
432060
-125797
282797
-358771
-735811
215518
-41107
-942238
-76863
815822
735910
-21151
-310629
123159
-613068
415597
-15190
-875286
450386
268690
696455
-568980
-298382
-378609
-77990
400208
261901
-1260585
-84842
315853
435265
-388734
-590807
352093
-147618
411993
-144134
-1472641
-59960
692760
-140439
-480047
4263
821987
230237
198046
111010
-977612
23566
579598
367973
34405
111847
652982
-541943
351915
245504
-786030
265185
559716
426714
-284873
-372865
189559
-828636
105113
124277
-585290
500738
698678
169997
-134321
-687950
508637
-547440
-127412
340983
-625616
409042
893543
285362
288157
-119425
390414
-591013
85234
381904
-369084
644161
477802
123127
-87461
-44518
65472
-468194
196275
319524
-425447
332846
-16626
-125556
504616
390815
352257
-420289
77393
224072
-560121
315774
444414
40926
260909
125187
14392
-698281
-43839
-70201
-44307
863654
105668
-192115
532499
-99732
-218528
-16578
167010
410145
461150
718711
-136184
-279270
9909
-107829
-66002
-656730
199710
508507
434234
631848
-219122
162818
-113208
-786870
-284250
135555
143333
393836
136310
753871
55692
-345327
-25917
397827
-360167
-595575
-60171
299515
211209
366475
97212
-80364
23911
188305
-262783
-387253
-51060
88875
171160
506221
-327007
119434
156695
113227
-224299
56686
-77830
212260
266411
691996
14083
-360899
-398745
-180917
-131672
73483
-69901
380506
366489
402938
-619057
-806106
221576
535505
243800
142264
-120704
167038
210733
362542
-375387
-143214
-99386
139191
128884
-201240
-228951
95545
142118
90649
-451902
-810956
-400973
105336
631875
817399
-61659
452668
133003
8535
-739823
-552574
-284869
835204
704537
5290
56008
142769
-141089
256783
-421504
-167309
473440
497671
-52917
-347072
-259538
9697
-45917
166984
-88870
51317
-121741
484463
-170305
-479234
-47926
401628
201881
372934
-272969
-126021
168046
311063
-226967
-453567
360878
692717
398894
568388
-2722
172115
76019
-324457
-1035084
-728846
172024
474764
444855
531557
-611119
-388169
-550787
-494263
-62315
439609
-34675
247883
-494716
-160687
-496111
-448924
285539
631454
111535
354303
-273676
232457
28272
177590
-172767
459062
-195344
338505
-112725
159173
46058
481805
136926
437470
-690158
-378066
-313989
-403784
-387412
547596
84242
372949
-9099
-241709
-752547
-290
-201828
323082
121700
76996
-18624
320305
-396493
-16745
-32065
542840
-47010
-666462
-869193
276213
-17550
301216
-96691
347419
49762
-300105
-530369
-404662
-300984
506633
-116442
160329
-248182
98688
49807
-192925
-445084
248762
-202629
592188
-365075
208186
78361
423112
49826
129546
-272487
109322
48689
-136654
-137975
409171
174894
519041
-106085
-307105
-75931
-285864
-502227
56859
175869
536674
-194091
290447
-135226
-601076
-386268
203728
-442823
139574
-232181
92796
-400691
-109324
-432635
-562359
-129733
703987
63000
446093
-264814
266363
-53220
-28170
-401240
505937
645084
394809
-259059
-200617
145569
278842
-136242
482754
204745
106059
-122381
850
-1095010
-374005
154364
759766
312408
355475
47926
11178
-775243
90967
-850558
54386
-76961
315666
-229932
-114351
-493145
171571
-284932
-130544
-265523
152796
-227970
52190
-107007
314449
287331
229931
38727
82893
-483221
87261
-77596
215165
-129389
205239
-127726
-141415
-273595
507708
-309373
232636
-342826
77268
-149182
114488
-136090
324132
45893
344623
-315946
211043
-153713
403766
371026
436383
75967
494473
-101381
-217744
-373348
-655800
-95142
434318
205308
195327
-309882
-367425
-251880
27846
-499940
276259
-265054
121906
-482111
-303866
-349853
383703
-425408
258145
152576
611362
108858
201441
-293255
184296
-436677
-198403
190048
87130
-162943
468464
-78422
226951
-67087
-216777
-104698
157284
-279678
193097
-268585
19165
-122094
187572
-118732
452208
-215617
483146
-365283
-502761
142260
646953
8462
359401
-4693
260794
27891
78260
95502
595036
-526204
-109805
-154544
147320
-125747
433985
-10513
417415
-336051
291614
69627
-262985
-116189
228110
16800
20002
-99222
218752
-91490
-135292
-225274
491559
-22739
185542
-436101
95250
-260775
209503
-453090
-420822
-520498
761841
-255073
49542
-575438
119317
254459
-170590
-756022
251388
557177
464485
-154337
65571
-167167
669458
460968
590328
-52271
-524461
-561623
201616
-252448
406920
9275
873085
486922
-153449
-809011
-71423
160477
-355461
191239
684646
164938
798287
386156
-332929
-537999
-532268
-848652
34928
119738
498008
-5757
409302
-664230
-619486
-736468
-110859
-52
574656
-54968
182262
-655805
220388
-59282
-279331
-173311
344294
497292
391738
-61210
345095
-174917
525347
131998
17135
-147066
507049
-117934
-171846
-27548
461627
91352
485116
-112053
150943
-82476
12473
-361117
-312779
-71222
69775
-251413
309765
-237507
-3836
208714
526174
49848
-334705
-173683
236102
-30888
371533
406862
241754
-589893
105135
-39388
-220084
105368
548838
322183
577722
-585746
-515496
-214918
67013
425890
144180
41343
285112
-63179
144544
65966
97359
16035
680683
-460625
-558342
-10660
279326
96454
555226
182639
87198
-192001
244309
-726312
-563991
20420
368452
-4973
283406
-220300
-198754
-231256
-191447
-297251
-15605
-213109
48228
19329
221626
-131041
-177517
-228991
88759
-928929
-74090
253531
-169216
134840
-121058
-269467
-921899
-554045
-78538
769002
679848
419647
-133965
382841
415243
426693
-316644
-548415
-732809
3653
160879
350781
-285889
120931
372382
439810
48046
-78365
-605763
99098
75679
245602
-433270
-124160
237049
422002
-124861
-123034
-705982
-34690
638177
278606
-476135
-146460
217919
719834
152680
-53908
-863305
-386201
329525
438947
-339698
-260319
-416985
105052
-205304
79959
-530710
76797
338150
486458
-296949
-217460
-492826
-23901
-21466
657325
-175984
318252
102358
61629
-557219
-175909
-162145
45495
20698
988686
295817
401531
-143311
195123
-575359
-329338
93484
211578
-390556
633308
470004
645649
-287581
864411
249852
216451
337228
349723
-812542
-193962
-89402
220236
-826072
223528
-261822
-108258
-234841
-4733
-971446
-139021
338128
1258790
188467
-449043
-969276
-327330
-468098
-210403
-1134044
-140562
447722
1939354
706548
-127320
-490643
241427
-385864
-736737
-2072139
-587665
-1068698
1516210
719475
-256880
-404393
912501
384254
-904545
-2299009
-280493
-1872478
1133683
-18282
-491373
-909889
1235969
1630285
-249119
-1785624
815094
-1664324
271833
-1676393
-567102
-1366838
1125817
2157963
369792
-1714126
1344852
-1065234
12311
-2041352
-464231
-1644268
997206
2034344
498373
-1716942
1312341
-803613
-229811
-1900696
-300533
-1500790
1164348
1934134
66419
-1867400
1365559
-234749
-1001221
-1866198
-429687
-1683223
1111345
2018697
-123325
-1857932
1258800
589164
-660559
-1725957
-434745
-1698551
1036199
2156039
74010
-1938235
571275
805729
-257261
-1367391
-380228
-1487058
1064468
1965940
-73146
-1765071
489891
523218
-635264
-992722
-711489
-1635413
1342186
1947531
-190289
-1758638
176532
439391
-710575
-449389
-751616
-1956335
1143593
1817001
-296700
-1537278
558972
707628
-813312
-412835
-440621
-1999710
1242560
2030958
-110537
-1487106
350448
443011
-1333842
-562744
-751109
-2275031
1027120
2048971
99538
-1508582
-152380
350224
-864722
-50914
-544612
-2033440
800462
1525444
246650
-1011058
-227228
432705
-681101
-266034
-321049
-1718217
1070936
1173242
13281
-907641
-25758
235970
-630470
-604917
-653765
-2117518
1051086
1488775
57375
-798699
159297
566255
-636580
-325383
-566251
-2096865
830633
2236940
387123
-941313
-137875
816872
-1015081
-676994
-368094
-1830040
791553
2244673
460075
-950595
-465770
653127
-1298356
-806574
-442688
-2109246
245399
1735779
215986
-881368
-896643
925428
-928944
-439678
-452999
-2332145
25063
1522018
-115137
-711475
-749659
1666461
-442482
-538552
75719
-2054303
-114654
1178887
-67202
-624625
-594124
1450587
-290596
-922487
555017
-1522196
-64819
865236
-326502
-1173046
-1014414
467661
23446
-561962
409078
-1210250
295422
1137609
106526
-488301
-978819
-110143
-190396
-810856
189406
-1191183
265619
1108338
494401
339806
-909051
-520886
-497717
-833400
404968
-694981
397328
517199
-4408
554015
-558719
-593762
-660244
-680258
395053
-515631
340717
-224131
-297223
1021234
164887
-301187
-626465
-978975
170728
-734927
176035
-471260
-208918
850837
352618
-148924
-273643
-689416
122600
-543792
152198
-532739
-233172
575890
620543
140086
-136362
-855485
570339
71327
180713
-734716
-640034
-99460
186925
-90835
-104026
-402861
817499
518783
647639
-414390
-336823
-128437
-470166
-819887
-70265
-346835
618102
347126
704576
-332033
-287529
439352
-68878
-970885
-521955
-459055
597237
260466
346910
-586595
-491222
755386
765167
-454147
-724040
-745307
504533
354142
333119
-476392
-347186
684311
524077
-618574
-619707
-786265
544937
508581
390591
-509992
-435084
416390
300307
-347716
-473650
-599154
758397
682295
466509
-700823
-244445
915707
1201989
-99962
-1155074
-1371486
342531
332827
461977
-672094
-383409
544214
1262892
203569
-1029927
-838445
167688
124799
329794
-868192
-990572
-296098
711101
659141
24903
-44914
613406
380325
446108
-750296
-813640
-334869
438392
495571
-122277
-190510
144213
-214357
129562
-607526
-398317
306798
487228
92023
123625
300591
-161521
-782600
-409539
-969472
-701091
209214
555303
141411
697046
1124738
507235
-271054
-108622
-694053
-115603
522572
623240
-434309
-574391
-174172
988480
477037
575047
-291026
269091
276997
212784
-997792
-1035261
-1041660
699025
260092
384276
-916611
-358452
-248270
141103
-87802
164108
-593346
274775
-338795
100821
-600957
78830
482540
571717
285566
481717
-1011284
388513
-253959
46897
-312302
319163
207385
126879
155293
714058
-663379
609768
-16178
4928
-580998
-441495
-515679
-112998
332423
1453829
220435
401869
-83705
-88823
-479979
-221950
-141953
205372
116724
1047175
213305
429237
-161688
27596
-337445
-193675
-66899
-309686
-740676
624527
637223
640662
-179898
89992
-438495
-764407
-64453
-81687
-800243
362857
579080
493903
-460117
-29989
-204594
-801478
-54537
627798
-229764
608132
423579
389642
-256823
224000
132741
-476196
-192952
558063
-254518
398035
475710
614054
178873
636473
257422
-72513
-89669
56347
-1191085
-213102
446439
481883
-229912
233122
-145565
-297812
-454961
68209
-1006929
105022
814263
216913
-524219
-178208
-631899
-409740
-455730
736681
-128430
693689
994591
29523
-512503
-368635
-631143
50222
17062
810201
-313429
316782
809400
423900
-93623
190620
1622
-29357
-239006
398117
-817016
-265982
246551
826127
91524
150936
-65159
-365899
-853728
277792
-501789
41660
117573
583598
-75761
-864
-75959
123475
-675439
-210841
-583863
157224
562707
617576
207565
240714
64237
516958
-189778
-484923
-907925
-352712
48448
241402
-359215
-441969
-763635
-21970
-72878
294081
105057
547575
405016
517170
-4219
-22612
-346150
310023
-86731
52330
-509294
291305
192861
758821
508966
615845
279921
608445
165245
-9950
-892413
-756774
-510826
133161
15935
292732
-187223
101867
182139
391345
-142549
19903
-193256
-14021
-367592
166959
-234878
214841
-330147
164178
95818
694768
-8208
233996
-494027
-76832
-518961
44839
-288309
214263
84497
564525
-289032
305440
-400583
-193081
-573723
-26371
-667387
-98420
-67834
616963
122683
456302
-39661
169395
-380278
183646
-527980
-588326
-402263
409900
1281
436027
-92657
315875
-223041
422533
154578
249255
-540464
-245456
-708048
295245
-95580
589954
9319
38803
37734
906603
669677
42684
-1510091
416395
-102513
701887
161842
-396899
-454297
253007
574161
610455
-959387
256364
-628001
342270
-203732
-908239
-865662
-309611
493070
1472285
280364
360464
-795362
213632
-43883
-873496
-728242
14007
297066
887544
468642
210895
-925303
287766
199472
-468057
-300768
422621
49527
615332
398366
435513
-605284
562811
456534
-221637
-315950
528055
81675
-36273
-301163
901360
47080
924747
461054
-341876
-865358
-186483
-595274
-376029
-426425
322178
-159254
406486
-377697
-693104
-737247
58997
-83227
214883
170268
72553
-377321
305877
-310364
-672007
-621458
31325
263142
267878
-8514
426613
-40312
681705
115481
-220983
-519288
-422350
-320035
-296325
-470887
360014
-130402
326421
-259144
-104860
-9775
332272
-359400
-435912
-419259
-8630
-447978
-52314
-388081
-64354
499659
1137617
-425421
-775885
-608066
319314
-52231
187631
-221008
-510882
-523028
765452
-163707
-605520
-458435
443762
128416
227018
-463026
-757568
-670058
626809
381144
77723
-404995
215127
61500
424163
28184
-71514
-177543
359445
-115981
-103816
-499592
431940
72484
396101
-141674
119417
90178
350053
-232072
81753
-335723
-81121
1590664
-349156
1181173
-399358
189523
-1349805
-89396
-1799770
138280
134128
1666120
-156368
1495419
133268
1405588
-758444
-1512825
-2901538
-632837
-205716
1758038
-812245
641747
228418
1683994
-398393
-936294
-2949657
-137374
-286399
1830049
-1132704
119827
131041
857456
-1013367
-533172
-2575486
609871
-181088
1744243
-1212552
75984
-398996
843866
-1233812
-16025
-1801449
4434
83389
1878469
-1028888
-138987
-1495061
356670
-1034264
1294684
-1624657
119804
-54428
1690803
-1155685
-72230
-1847181
443827
-428614
1742532
-1658729
802559
-353352
1770934
-722079
561324
-898800
574817
-772838
1017031
-2273900
346291
-124659
2004089
-801280
62847
-621524
-103452
-2180503
138519
-1959729
1788045
524108
2532860
-228884
-95543
-601529
-29636
-3584757
-1388635
-1927247
2703167
54883
1687700
-1080008
-912600
-1487579
129857
-3726373
-1134678
-179957
4479688
-158600
808383
-1605868
-378504
-1039736
545630
-3512822
-265769
-309837
4728631
1336468
1193686
-1276985
330736
-569096
914442
-3630376
77060
-2930923
4582594
2138013
688551
-1152663
1280921
1224469
2295687
-3163108
1790294
-5019676
4194575
2400892
-53867
-2349006
1847903
4301596
3477835
-1914328
3921638
-6383564
2778892
2673347
72468
-3753145
2160908
5946586
4255183
-2613378
4357669
-5910171
2143212
2879928
1852
-4869863
1960876
5831944
4495723
-3866657
4311599
-4172128
1263204
3062432
156948
-5133402
2210763
5731000
3582638
-4558799
3711745
-2843000
-8051
2897410
-306447
-5628401
2328958
5778961
2653960
-4529640
3246246
-206683
-1064456
2547748
-374003
-5630088
2626539
6083617
1729173
-5033451
2429520
581321
-996066
2296964
-402708
-5380230
2157818
5076155
1676739
-4138394
1485306
274263
-1059498
2046928
-553798
-5334122
2136024
4537456
1756099
-4162706
1040192
863609
-1393551
2198243
-548796
-6346599
2098472
4421103
1671648
-3571744
1482612
1268267
-2114155
2518843
-414327
-6778793
2332255
4536346
1684036
-3517064
1382712
1175451
-2986655
2295000
-191487
-6965509
2212614
4264595
1298672
-3366407
1502522
1700308
-3126118
2419734
-90730
-6942261
1607826
3499708
1890445
-1912007
1934518
1189503
-3434841
2714192
-43121
-6524442
1886967
2277633
2547415
-666960
1137421
-219231
-3405780
2001630
-425913
-6642134
2206049
2490180
2893348
-312800
358394
-301422
-2854870
2016807
-69094
-6558357
1510912
3919779
2571514
-886330
-1111050
369989
-3491453
2164206
387233
-6376540
177442
4096385
2480052
-1789357
-1990769
1548588
-2965371
2129280
262409
-7125119
-419971
3997534
1988406
-1931412
-2301923
3465773
-2556432
1981643
103843
-7060662
-62330
3595200
1115702
-592889
-2041408
4753277
-2717447
1983266
961829
-6294695
481220
3555409
1421006
-329510
-2390966
3674901
-2956166
1602952
1361676
-5203425
911992
3245918
1741494
-1179459
-2146329
1941460
-1603624
1017371
1516330
-3731837
1490484
3651982
1879681
-670897
-1762968
808132
-1350469
729438
1397082
-3118580
1909206
3789615
1604488
1042827
-1403059
390203
-1979839
1272136
1405785
-2370627
1748533
1944909
580288
1983518
-560716
470517
-2138723
1279941
1032674
-1848331
2082770
1034223
683868
2763325
557244
-66634
-2929514
765160
580233
-1478586
3125242
329108
3461
2238776
1009199
-700769
-1853515
562601
1084740
141579
3773019
-380860
-33946
1447404
568030
-1278273
-1329780
763055
1884137
1410318
3075843
-735814
-35621
102426
-44562
-1368988
-1205985
606311
2437716
2031127
3171416
-212422
42726
-994200
-465984
-1307147
-1488136
114349
2096967
1566070
3447815
-101876
-156071
470914
190363
-2309093
-1935748
46126
1771911
1180137
3114412
-379817
-897100
1217364
652474
-2023148
-1651986
-217770
1563759
1669262
3028022
-398238
-1170214
340058
620748
-1329377
-1047200
-430097
1665655
2099307
2844582
-1121097
-2250869
-292961
1031849
-392924
-192028
-641196
1768320
1861004
2415991
-2025668
-1718511
313380
1570597
115541
-717233
-1049336
1530661
1583310
2202983
-2704768
-2164429
-1132059
2055088
1418922
-69925
-942251
1358796
1023734
1521632
-2976885
-2991364
-1759098
2914926
3043655
405406
-131210
1528595
460558
1332810
-2651481
-2445201
-1002519
2745134
2122201
-574651
-450997
933149
81630
1589565
-2012445
-1084532
103291
1953202
820831
-1024994
-548913
1156845
-89841
1454487
-1822298
-1067503
419254
1968710
-712149
-795714
295802
2644018
503380
2022533
-1525356
-638119
375211
1097772
-2935231
-1672873
526851
3263945
1177769
2521057
-1828595
-224492
-935833
174079
-3004962
-913479
-19097
2634724
662884
1576383
-3082383
-430816
-1275309
1116737
-625217
811628
-417398
1779981
-165416
1564900
-2475187
-59128
-433975
846699
-282207
1426037
-73436
2223836
29117
1506653
-2069155
-438096
-764977
4729
-722334
1955738
22270
2436366
37801
399905
-2947370
-814118
-1104483
-460560
-406703
2778655
-76958
2289065
-214119
-104506
-1760793
263541
-1057660
-744595
-2026655
1733725
-174650
1837879
-730958
493689
-747591
34398
-1745387
-1754079
-2343424
2204009
-122216
1808220
-898047
1144931
-707243
-1168670
-1235528
-1285196
-2088114
1989987
-716183
1557457
-926285
1780293
-21563
-1690682
-813492
192966
-1737249
1702278
-827309
2102018
-289708
1985185
276568
-1722496
-1640567
580385
-2082464
868476
-555162
2321451
-131478
1778073
-268576
-1521742
-2094803
435244
-2385225
724336
-402131
1746340
-826466
1384585
-1408584
-1564101
-1570845
1720581
-2519041
1117221
-837854
1375897
-1149674
729454
-2015179
-470720
-452970
2933224
-2129675
1045869
-378219
1852908
-516945
844828
-1159515
960846
-769331
1571132
-2983999
-539637
30641
1930096
245180
1199782
-622781
351107
-1383024
734895
-3629327
-463424
479910
2500962
161282
896289
-386235
-216777
-1973098
719424
-3585429
31948
-434330
1782692
-671471
651115
-15451
804188
-1931954
578073
-2238951
537805
-458914
1744134
-155272
1167844
-81395
1040075
-1459917
-171824
-2093196
-264500
-1004477
1018803
-427378
854347
-961297
1160628
-60568
891621
-1514884
303488
-1038319
1538778
293053
1347315
-957830
1317559
-598220
421683
-1970728
287459
-853329
2145202
976436
1596848
-567842
1111161
-966789
-89556
-2632630
-610175
-1169511
1497141
-184479
393444
-1295560
454575
-486437
798602
-1193435
787485
-799989
1070700
-1105394
656327
-1515559
296049
-1229583
1073314
-706464
2034127
-164305
1045327
-1238809
655389
-1902040
883549
-1228477
533503
-1152578
2318680
-157144
1211782
-983166
582191
-1325065
1168767
-1581111
135251
-952693
2275469
-186418
1509891
-354581
1134831
-963104
1496958
-1809374
141492
-453621
1228086
-353260
1403732
-439465
1632602
-707301
1795976
-549738
591178
-1360741
231905
-682085
1328418
-577498
1723381
-897145
1123498
-549439
1327289
-845600
234643
-562101
1316312
-1145900
1354203
-408055
354902
-1415637
-288503
-29936
2002188
-744414
967047
-2246948
1458323
265142
-80389
-2249112
-1413781
449102
3470242
-768357
953526
-2512633
2404958
1186458
10164
-1625521
-1014543
-493912
2237177
-751457
1567697
-1613705
3510474
1965247
182049
-2569270
-1270178
-1212878
890360
-684077
2479934
-1099254
3849692
1669290
-663209
-2913598
-217515
-1922408
-252889
-93764
3168845
-463548
3559208
536986
-1721200
-3747277
-901286
-1921287
815328
-485311
2253359
-814290
2266758
-547369
-1137163
-2884486
131704
-244987
1490105
-331993
1429307
-684109
2407548
-400803
-943148
-1959132
575056
477315
297312
-14228
1677777
-223591
2691585
-66366
-444720
-1231122
249084
-295653
-919322
-110974
1609583
-409791
2210178
-432514
302872
-524502
668594
-607676
-969254
-376215
1177529
-306718
1868869
-325082
518638
-421277
1875109
-1178934
-987115
-18630
1822447
520182
2138197
-240664
-1104370
-1798381
2462128
-759185
-784336
65056
2164190
596931
1775101
-539156
-780965
-1522137
2486060
51207
-1629700
-190247
1862371
493112
2231514
237354
-50458
-1228815
1536696
-1438531
-1775761
-46326
1837746
346974
2289096
-266448
68392
-987474
561672
-2425789
-1175552
791300
420144
603775
193730
143718
-536298
-276189
-939099
-809921
-229405
804981
337191
743567
345291
760425
147519
-877762
-1790389
-1212566
-373737
843537
93317
131934
119156
708797
332009
-537715
-1775846
-827846
-27005
881115
30613
-156644
12708
399092
-353935
-510776
-1375848
-377077
571691
857347
26581
-250594
-320639
129595
-550697
-295915
-824785
-374852
390794
898033
31524
-311549
-812700
-187462
-414148
462818
-252637
-293218
-75248
814949
9436
-160884
-883996
-199315
-105242
543935
-493399
-213927
-83360
889704
244157
250362
-336610
-87033
-186601
97984
-1110422
-587222
73347
1086134
387851
57819
-269653
-443061
-1271389
-749526
-1372162
40974
923594
1267979
438373
-320144
-547471
-309010
-1822527
-1624356
-1433233
855683
1407814
839243
67076
-707500
-1094962
-263367
-1675686
-1546977
-566760
1974046
1734029
578107
-238411
-516640
-565489
71797
-1343678
-1147193
-589404
1980738
1139863
1140851
40027
-304098
-179894
718957
-990577
-725413
-1373110
1425203
-32756
1006619
-123534
179322
785847
1971802
188564
236101
-1862899
684545
-1974756
845297
-919535
100926
2212684
3183275
827667
1552039
-2163184
-219401
-3585375
993999
-1552368
-249225
2956191
4001075
457375
1538381
-1801093
-456146
-4153119
1097688
-2053795
-664961
2880881
4055682
-211415
920874
-1068476
-185471
-3687073
1095457
-2188727
-754045
2826576
3772770
-559753
374233
-562751
-609435
-3007335
880737
-2555844
-638450
2968279
3143269
-1021093
161675
613560
-439705
-3191782
821164
-2675033
-648544
3263176
2812288
-1499507
-377439
679571
-170631
-2673320
673330
-2454229
-851977
2557846
2569992
-1217007
-501250
335583
-242856
-1861648
589647
-2516081
-798836
2173559
2437946
-1013359
-651775
560424
-184351
-1618821
663187
-2922724
-1067691
2199917
2468465
-857070
-384317
700409
-499375
-1681028
737429
-3131317
-1048039
2181370
2296904
-847253
-372597
874511
-779538
-1815251
930371
-3132994
-1154248
2197727
1979675
-934723
29206
1282771
-865561
-1903552
1012661
-3085188
-1564508
1725218
2218461
-249824
531093
1154149
-1358581
-2311507
951135
-2925871
-1230452
1046643
2291794
736538
523892
159041
-1591140
-2348236
684199
-3087136
-915981
1367451
2162179
1130081
68793
-263295
-1640567
-1548671
876198
-2890733
-1363849
1716593
2245175
695699
-688963
-461201
-1586168
-1228134
1082547
-2811868
-2040327
1374171
2374403
44471
-1380970
77807
-868268
-579997
965790
-3060133
-2399877
1186814
2260788
16391
-1518729
1096479
-282545
-595304
930702
-3031751
-2008862
1289622
1774226
371796
-1125240
1525561
-205211
-1540538
1175510
-2542424
-1506931
1611571
1891996
489825
-1167646
766190
-342887
-2180915
1111899
-1906667
-1037536
1684610
2077262
313466
-1135810
301095
-223768
-1937608
1000018
-1167899
-281475
2064346
2208881
505584
-989756
56321
-506670
-2222538
927344
-874864
-37573
2162345
1878156
929834
-232702
156924
-688448
-2612691
1013540
-571435
7914
1363309
1145721
1116896
358456
321759
-778586
-2717251
771043
-555941
474418
1153505
897376
1401693
1092197
230981
-1270145
-2802964
555455
-339399
1269480
1277998
339190
814922
1041965
29963
-1084951
-2429984
751007
535394
2069619
1165129
-37181
626316
583818
-769536
-1003614
-2220716
1156276
1258670
2068984
886300
-60763
-104346
88945
-668250
-1096409
-2161577
1214443
1660924
2200413
920197
308463
-477453
-544154
-553323
-1026617
-2364696
910523
1283135
2174431
1013454
49821
187224
152612
-833112
-1458556
-1956508
794891
1029010
1938435
1009973
-324141
156582
416155
-833266
-1288264
-1565784
648682
1248243
2064522
848091
-717440
-502420
285775
-277784
-643029
-1390797
602978
1362633
2057411
470024
-1241963
-985833
291381
182085
-41216
-1194285
545336
1239796
1731515
-176133
-1373706
-808412
558521
345572
155488
-932888
369497
1191171
1568223
-672868
-1893176
-1469955
399729
1333827
830049
-342254
397540
876213
1081179
-897856
-2198101
-1810379
875846
2254271
1159359
-406523
562023
580585
785575
-783849
-1665884
-1280052
938999
1909092
323920
-890895
282286
348214
943758
-421297
-1010377
-399874
874448
1064930
-123134
-943561
597861
537552
1067898
-234345
-768774
-160765
943655
76783
-865032
-700002
1450074
1136057
1506159
87628
-720589
-346026
423465
-1349635
-1569667
-824809
1696313
1369935
1419089
-217679
-706165
-893683
42637
-1215018
-1073033
-752278
1130149
1021825
1021483
-1018974
-874598
-736230
165176
151336
229028
-698311
773126
546229
966285
-620152
-804484
-489863
108199
-120366
428938
-524536
1114297
671037
851876
-675748
-1006035
-770221
-270961
-251061
727941
-420398
1210326
694868
271134
-1256019
-1174360
-599359
-492883
-690765
909280
297562
1090603
581790
43981
-818597
-305427
-554409
-790989
-1402874
65388
738154
868422
187043
83448
-310272
-11414
-916034
-1530891
-1533360
274043
1483708
693509
60924
455476
-10363
-486451
-755569
-1153820
-1290572
431834
929626
508424
37561
855361
606668
-701708
-840949
-282959
-1062724
264180
366263
871610
522630
960395
742164
-673266
-1484105
-350931
-942026
-215649
316947
909900
532732
723389
197790
-796151
-1707222
-487643
-838774
-31290
718640
611833
55306
475453
-405448
-1114327
-1088489
643302
-569543
37091
705233
543562
-116847
197180
-520169
-633264
-416062
1365666
-381861
-404774
218803
941467
521303
503457
-160056
249911
-188412
280050
-1076164
-1235505
-260313
993150
745021
770563
-79531
-114193
-496364
-173827
-1689094
-1203186
-25265
1142127
639934
552959
90621
-71724
-868674
19624
-1577696
-1018708
-63805
748559
200634
218376
235801
437725
-808706
-205221
-836760
-479969
347006
575505
285576
462919
253521
553814
-395806
-320876
-840237
-665505
32854
210043
124875
541656
-44872
444439
337357
473915
-599557
-396505
-498346
447703
631750
984476
68366
326179
-112427
20921
-940739
-534513
-420862
634856
887075
898945
-55286
291568
-146668
-391095
-1125400
-775811
-97608
442544
322384
131498
-609183
-232322
-265204
374183
-441539
109472
506992
365869
-124366
33540
-680114
-210715
-661062
201732
-57363
636493
419324
433143
-277831
87088
-637594
-100714
-261286
-115411
-695487
857379
398146
578317
-31558
146473
-370513
274129
-459891
-95191
-438506
597602
123253
632492
238039
522899
-52668
658434
-395714
-405565
-74283
537823
-865097
538160
176270
723916
22578
769698
247218
145074
-603115
-126922
-974776
467073
64302
636418
-97839
262544
68949
353442
-307907
-369042
-672908
394711
-256246
233331
-36319
223495
-651240
-726485
-99978
975376
36675
180576
-803902
150326
485104
472589
-698625
-1305027
-490890
1511385
744023
205185
-816876
648050
1381546
756092
-690169
-1136793
-766264
848528
136860
624916
-179804
1482842
1987602
1034725
-1089872
-1558853
-1392180
-65563
-262759
1135709
296206
1744045
1806337
139834
-1787119
-1273803
-1250181
-667833
-146678
1473726
529493
1393358
1207794
-535966
-2352202
-1432174
-1136769
89305
342195
1008930
293831
837685
470960
-397497
-1649214
-750495
-46321
625408
50263
729911
216274
1120199
587207
-324746
-1115402
-315522
270814
127372
-902572
819548
299902
1226576
739350
-144094
-765073
-44530
98110
-426345
-1684115
713193
239183
952960
520969
325481
-113792
10519
-111945
-379019
-1779127
608015
353615
1082866
502845
58685
-191660
513077
-216074
-365148
-1500323
968255
767968
1255689
540534
-422838
-1153900
710896
363270
-568738
-1747828
1100558
899538
1172098
433742
-252321
-877352
696047
665700
-858453
-2528474
953107
818449
1289840
779936
153974
-743444
278778
-351564
-1225461
-1960748
849248
595761
1238599
521967
63626
-664174
-49578
-989962
-1474680
-1206774
509977
-437276
399313
-257426
505562
202437
395342
-1049310
105426
-420639
359225
-267929
160294
-471286
405657
-502884
163997
-239984
284311
181826
412534
-513479
313526
-358456
408459
-612432
-121849
-198759
430800
13808
564834
-545257
396826
-271366
-89209
-313082
280402
-244709
609233
-596565
597282
-607991
363467
-505493
-185026
-413983
536954
-20439
474165
56272
455814
-481651
516247
-182438
328525
-256563
614758
-722171
160448
-72077
356793
-521950
383661
-321047
501220
-632469
297543
-799896
693348
-170001
692366
-291296
450217
-418832
547213
-857239
-313802
-1056110
792397
-18520
708433
-436355
326201
-602932
51782
-533276
-164496
-809741
1166241
188777
202123
-875837
121605
-283869
-51127
-570270
386715
-230709
1501986
-197892
529874
-729131
86321
11243
253976
-858358
490524
-290576
567505
-488298
749982
-377077
585267
-13790
579172
-760322
546813
-540179
41280
-942174
299553
-752443
565841
424579
1074687
-349323
1183816
-599528
255965
-1799299
45518
-548316
212873
587696
1649074
-812439
1590882
-1138138
1059156
-2904136
-214996
-420498
163807
518678
798393
-512291
1091703
-1617843
2216467
-3176920
-177401
-533025
671087
505465
72108
-714495
1175587
-2156724
2341100
-3223339
-312146
-742011
1053732
355572
-59286
-1155876
1840788
-1764990
1870715
-3046502
-336889
-961626
1231586
504071
15818
-1506917
1781243
-1701580
2001564
-2373152
-455827
-738786
1219287
126692
-131471
-962143
1573099
-1477280
533221
-958813
-471411
-740306
1542763
-132305
-564761
-620945
1584662
-1201027
32480
-753884
-308429
-975984
1197078
100532
-459440
-463627
1212123
-702273
170381
-649632
-187166
-876457
883835
72804
-78812
-631946
1282611
-397659
-338614
-591734
-153873
-969988
1282410
30694
-227271
-625133
990343
-365563
-440206
-230741
-277921
-1018263
1268101
-274529
-85390
-525765
1265100
-266101
-485225
24703
-55824
-1011032
1551074
-667715
-281792
66370
1323373
-511142
-1032123
72536
-217143
-1223899
1725737
-320425
-379870
124501
1212011
-779679
-925339
533831
-282985
-1135124
1314833
-152949
459591
-285840
469565
-575078
-606705
235896
-68744
-865622
1361396
-844217
1025405
-729792
152952
-578978
1889
-169171
49309
-1085528
1193810
-669439
340331
-358013
-292132
149773
-302540
591263
-90697
-1284640
897400
-90551
-310206
-392466
279133
628839
-250876
378255
95986
-1202853
1220832
271788
-371969
-402075
544276
720449
-1006101
250953
77947
-869380
1345772
52293
-328257
74182
-180590
872420
-1771325
739544
126963
-810142
1712503
10864
-309680
154850
-677864
1141837
-2044081
954949
128486
-975215
1737811
182449
150728
129509
194894
618047
-1419263
-88680
310912
-838927
1267655
-75513
-255912
-172058
611019
361741
-699164
-497183
379266
-736547
1341248
-217150
-634701
427055
287279
565000
-830118
-736572
42360
-781238
1159782
-119846
-476505
487423
-16682
710172
-835791
-396132
-172988
-301007
1224612
-63230
-162362
369620
-531287
252977
-635090
-53423
16529
55605
1367352
-674191
-96692
397960
-423620
-188190
-415865
-92842
285911
363115
1203789
-995149
504892
-79182
-898743
-162913
110890
-765796
102403
201837
842646
-495361
618602
124808
-253442
-482307
-126697
-687964
227578
-116835
348509
-242921
213214
-226021
746355
-212110
-506242
-512002
301820
-85650
546327
-554520
333053
-145920
270453
-294805
138347
-521342
190699
-12773
862115
-590165
4591
-92050
-489369
-133645
497466
-140104
267741
87202
536536
-673204
-74327
146619
5351
-108400
320190
-431841
264077
152520
322856
-710591
-254707
264115
156428
-17836
247486
-525314
202941
-123005
206554
-745135
-184435
-139694
-265366
479202
701022
-214619
625610
-170597
70529
-941331
193268
-484247
346886
173778
272103
-141410
528119
-203977
183142
-652280
416496
265161
652170
-377694
-493554
-348710
148926
-437354
227744
-560610
317078
313421
768742
-613309
-473772
289056
444540
11774
388464
-675511
370168
5325
342442
-461861
-862353
191947
715088
294704
667736
-321503
404891
64613
-68997
-1040407
-629382
-113782
541840
-62316
655751
-822119
109341
-28133
-325579
-408181
659473
15553
271618
-666271
486428
-933419
163702
-99658
135793
-306221
1231139
-49275
562922
-530819
326401
-567483
892009
-527871
648384
-701361
450676
-558111
667640
-260917
460529
-1069933
487997
-621063
-7849
-446047
738790
-225239
535068
-274990
403195
-1015891
396203
-291103
119684
-528087
348713
-516077
439229
-586998
291416
-601400
974760
-294736
-305187
-363736
170775
-537073
576418
-561732
231800
-156585
433828
-612195
-186144
-675963
553706
-217509
396486
-571037
452957
22349
40495
-730820
519787
-204853
782208
-517643
441848
-437421
652302
-124348
195303
-522208
148683
149710
401757
-444395
550611
-226796
842163
-447602
4008
-21263
-427223
-290302
484271
-578994
643114
-535325
688976
-535419
-398379
112439
100309
-757374
487431
-240382
459066
-850633
327026
-614039
-479807
63001
857241
-198400
573736
41338
529588
-467817
486019
-715140
299981
277512
527775
-731666
571655
-462343
506526
-379048
794367
-603123
586366
136459
200762
-1529841
680729
-609806
825847
-322698
759907
-329000
464005
-899523
430236
-1347088
380615
-278657
461018
-370033
152569
-425447
569612
-625087
335234
-640192
839364
164432
378004
-368838
355774
-121596
351071
-112164
111166
-1198585
1007191
-409346
299534
-602201
539487
-226662
162555
-158754
962401
-905275
726279
-629201
311626
-526845
455533
-392005
31925
-394707
790252
-349417
574987
-5783
541080
38878
737959
-106609
587055
-399905
-114494
-775174
-68176
-291915
509813
-240677
362600
-587141
485269
-382649
423189
-545456
485564
-530620
422038
-623872
-4465
-563445
328710
-861343
588329
-164125
912775
182672
558035
-648136
85457
-308825
263294
-239582
-86577
-336334
684677
47570
564572
-547035
294676
-444980
297555
-241105
465435
-761102
501181
-170354
428389
-272927
657676
-643579
851092
-747916
120190
-277245
805435
-936093
361836
-313525
647921
-255497
706153
-308140
391604
-668645
659942
-1184205
282094
-389998
510161
-314010
546531
-596627
1139344
-196105
-168009
-903620
319142
-365996
435763
-388713
474398
-844755
350914
-63052
651454
-718587
365806
-584124
355557
-584815
771857
-905455
-137425
-968921
1219190
248528
309399
-756925
306002
-165723
429098
-535377
257560
-396297
444372
-206774
449705
-551814
916130
112075
508913
-555024
1055
-106454
67328
-1008973
432334
-470017
1316694
-158842
178983
-255922
26934
-29598
-144878
-919786
691759
-207123
1319252
-311069
-284819
-876041
-103713
-138937
7948
-639791
664489
-554182
1135038
-895222
-284247
-476886
308654
-576851
556927
150480
458255
-1007283
1082342
-992283
-280511
-20703
599365
-113711
853139
-414183
662949
-818890
1078245
-453370
198812
-318291
725666
-441625
331203
-1141805
601574
-351325
827799
-522790
356834
-114556
492049
-434162
-160194
-753347
366789
-432199
626363
-753380
247446
367843
574526
-201118
-272641
-411636
497642
-382990
852826
-480575
233057
-557869
357374
88090
-327316
-324775
620566
-40610
733023
-596356
295082
-742621
223514
16882
253398
-757421
442343
-138837
569869
-320951
136789
-36779
645098
-938034
449413
-881198
485543
-311638
552652
-169383
392657
-54665
605635
-1205455
-506742
-227068
554379
-359553
426120
-424587
-49150
-106863
496892
-894579
-53903
-39028
448616
-224735
540633
-524451
-56484
-313692
202981
-1183285
439166
333624
254356
417185
406248
194927
292691
-40137
-112010
-246823
-790000
-609302
316136
329445
446449
198992
268976
470247
119136
-693217
-978351
-976900
250529
342757
250799
-146962
112920
447356
223549
-583166
-904573
-639233
256484
403716
183204
-305181
124997
63797
-69605
-506790
-645597
-266500
265115
446346
143675
-383089
-104631
-192104
-133576
-327873
-157169
-477440
301890
428780
171142
-399527
-294113
-305543
-24309
180095
56271
-571684
230847
347231
209195
-307434
-403808
-173192
-26266
144655
-159767
-347829
273476
430772
363423
-28243
-223946
-23706
-118372
-313796
-534930
-494034
340867
606274
399408
-113667
-262379
-409251
-622257
-867174
-708486
27423
432315
619621
285104
-418408
-255745
-407570
-865422
-1281895
-619079
694560
230973
475208
78600
-693226
-463202
-284332
-874990
-1238078
12180
961754
257523
491693
-160830
-447003
-138048
-96622
-558570
-1234516
216897
440918
661317
887732
-193799
-289244
220344
529111
-346579
-988108
11919
-341001
851448
745066
-202931
-137819
816980
1737694
99516
-432893
-242692
-890062
1013138
559989
-576590
-343970
1781475
2261835
654401
86830
-521944
-987990
1158784
610123
-950266
-575697
2329619
2526646
477982
35149
-422814
-855344
1253324
673659
-1310527
-766481
2283683
2542193
-151654
-64274
-107035
-345842
1244314
681041
-1444045
-827526
2307782
2499278
-583195
-236360
-31172
-185899
1253241
448248
-1553306
-729805
2271433
2089986
-852486
-261686
657896
-364486
1209139
386683
-1697712
-593980
2385446
1726173
-995716
-538335
621734
-174606
1084908
346574
-1566095
-868593
2091680
1545531
-789183
-633151
431660
-55127
1112408
278284
-1542620
-1004829
1916679
1564945
-694245
-697475
631312
-105705
1201721
309434
-1776703
-1154194
2004569
1528206
-634628
-573225
663959
-240979
1275899
309780
-1846873
-1170544
1884318
1483971
-629710
-455434
794253
-401888
1337421
454878
-1921211
-1108097
1799023
1162834
-459308
-80025
867193
-645707
1374819
494754
-1973275
-1353717
1761001
1050542
80486
226008
681382
-1104808
1455860
385905
-1755349
-1287954
1360415
1397197
487536
143963
-14581
-970956
1268571
245348
-1817477
-922858
1106026
1716997
462504
-125627
-468497
-599518
1307334
385907
-1740901
-1218830
1237239
1689212
356056
-759376
-460445
-464500
1340815
465708
-1740034
-1738502
1230671
1640627
-163697
-861783
-205470
217626
1298514
432098
-1842359
-1923745
1203576
1593877
-328560
-619446
221103
507388
1311101
358140
-1669639
-1672525
1239529
1215011
72309
-662551
634725
145674
1153074
536881
-1378835
-1187542
1380027
1152392
330192
-1048460
568711
-340715
765549
587188
-1038609
-793050
1383801
1420274
81687
-723584
126533
-252585
412505
609672
-589591
-371057
1548114
1462155
-13264
-310567
-207934
-274666
220356
684131
-525363
-145226
1562984
1013587
445580
185183
-89671
-439134
302800
715543
-396354
-142315
1215101
514603
620501
424638
168190
-662113
276133
458804
-257085
166263
1183769
223521
864498
702724
136708
-1037647
158922
379884
-60350
787316
1051590
-193118
586324
623387
14167
-999123
170184
519898
513651
1355547
684019
-224692
488079
49625
-438340
-651612
259486
683284
969333
1279453
645886
-269983
64689
-102703
-415657
-834002
106537
744339
1199433
1167529
808193
-23456
-417284
-102504
-311479
-975106
-52869
569459
938377
1238953
726494
-98168
-31302
289485
-535142
-1051157
-62323
471767
754954
1260139
673312
-409335
-12590
193357
-405274
-866673
-104148
375030
933824
1274778
507710
-713170
-365830
315986
-74047
-475877
-117933
274303
1062581
1174469
364076
-1155241
-470279
239576
255215
-108103
-223852
220568
945544
941967
-17335
-1274122
-376894
198281
559859
264378
-349674
242422
884904
784015
-436142
-1393577
-903859
265143
1183365
578683
-246009
259460
655590
479616
-450233
-1560911
-930615
653761
1459289
621499
-80190
286463
434179
327187
-304978
-1221843
-641813
749424
1155373
5548
-113832
133918
440780
402766
-148142
-789678
-190354
616383
784262
-504326
53786
345117
695761
432954
76719
-691973
-10832
501929
40012
-1032522
369212
796247
1000250
753497
165151
-885639
70104
-89102
-596956
-1139388
408170
877723
956443
637542
20236
-925412
-187783
-99595
-563269
-635038
132772
609173
790611
357723
-405942
-699763
-352294
151367
121833
-15574
91407
426759
571367
383323
-325252
-746910
-230805
11784
-74593
200107
259890
557803
628422
317182
-473073
-838224
-311065
-177418
-106944
304896
274136
613647
556089
-13286
-775563
-677096
-186029
-585539
-323037
325628
285379
549844
514792
-215252
-329256
-279214
-357129
-646272
-864880
-4730
247677
377956
293428
-220093
84436
-118702
-816862
-754207
-882804
115768
139127
274263
300733
57396
209217
-282663
-725549
-684119
-456979
-24485
-74928
185649
353273
389035
442775
-504517
-565002
-422072
-362558
-45646
-34177
443687
530116
401828
572957
-684719
-852315
-370457
-344935
-364682
-13520
437339
442271
144111
319542
-847201
-927091
-303202
-20503
-445708
24763
241925
260396
36814
-123117
-889988
-292373
202044
24866
-397963
-15863
232319
102416
42686
-196910
-570438
87291
537889
-211649
-493193
206010
569176
460651
248633
-30782
75038
-193079
339
-525455
-1116847
298823
518157
650641
232946
-44293
-63028
-269781
-413199
-674495
-1059665
311811
554432
602780
139281
202063
-142782
-292932
-319301
-873665
-659122
3479
348458
247981
34051
293686
63976
-340722
-142774
-539153
-306477
-49543
206045
298421
162481
313014
85335
-74691
-190547
-392854
-582974
-170807
14282
368592
268871
153355
68805
431173
-49730
-239367
-579733
-195354
184064
635885
510131
65369
18884
55950
-104810
-531674
-442985
-237419
269305
680057
310174
-3141
104464
-99327
-286425
-451721
-524289
-183671
180693
309169
-212524
-116914
-449773
145504
-66595
-34132
-84698
-26970
164141
37708
-246122
-184595
-402390
-129597
-35195
93533
92546
151073
190842
-12744
-56647
-292618
-178259
63042
-443695
-194714
492468
122102
288318
140328
-26435
-25676
-38277
9116
-263831
-245731
320808
80385
269961
320115
136987
252509
160972
-69733
-305127
181452
-42167
13152
203728
321610
208348
244600
285108
226671
-96022
-144323
-164531
-29867
155820
206736
123881
81365
142155
5031
33573
-334464
-43011
-55773
80844
39613
-260775
334217
79415
-512413
-481560
-27391
618171
-127418
-3618
-233619
-201570
736382
294342
-556559
-939194
-246011
847882
-178522
6712
-160426
188502
1252201
309761
-493256
-976800
-207955
331357
-46642
258637
338104
616713
1585194
387891
-882926
-1247206
-541564
-229070
73639
539309
539320
795418
1254685
-233703
-1166743
-977914
-522233
-512935
220962
739478
430024
677238
884073
-663680
-1291405
-969112
-417073
109633
167803
535995
244659
406600
530983
-435293
-1027591
-406425
39976
416064
304123
338743
336600
524410
558474
-355198
-649311
-203411
162892
-14042
359736
353420
343356
577320
621821
-351824
-210275
-44523
151197
-478217
235968
350340
265308
514532
482217
70006
-82862
-185552
367903
-682778
250294
302914
437480
603109
321791
-96792
-175213
50488
355363
-444981
386823
448449
682389
632270
437422
-420449
-592616
351424
333285
-432568
399618
543031
719966
610894
434312
-259536
-472813
324051
468705
-936296
385557
452376
674092
594538
673696
-211548
-332375
67215
-147919
-1020424
362703
351862
565744
589679
496833
-286959
-345165
-50060
-687789
-1079832
721327
527098
790463
306526
746005
60476
-251277
-1141255
-1341446
-973342
755578
407967
654257
194092
703465
487717
5881
-1459674
-1468040
-1129652
678063
292468
332824
-255865
423426
371755
60862
-1257955
-1199395
-670376
761770
368645
254185
-541816
190973
-105587
-98025
-976173
-858224
-410047
795334
399778
138155
-887522
-286085
-471530
81191
-527446
-162287
-476006
773556
445040
317941
-775124
-338193
-487126
325297
-126239
-16580
-786393
623471
328030
340049
-639378
-422608
-529182
136563
-228395
-73512
-388182
885319
586445
593803
-219578
-174479
-615827
-499817
-1067142
-453243
-406414
1051482
820757
514872
-497587
-432551
-1182628
-1338473
-1714337
-277354
494710
821098
520947
199370
-852672
-433729
-1199437
-1499561
-1849345
248358
1394340
658574
286170
-96111
-1100429
-559246
-1115318
-1408200
-1825162
756500
1632205
863382
462748
-72441
-610562
108082
-745337
-944923
-2123590
641532
545474
1232470
773741
-25324
82354
1134116
380297
-81939
-1978945
140143
-1347437
1361340
488030
-166207
796625
2491078
2030401
914223
-1455016
-189782
-2961101
1499012
39530
-788146
731669
3697906
2815037
1546448
-782110
-170848
-3457251
1745107
-40163
-1201000
464946
4249883
2894276
1208294
-878395
-68494
-3218578
1836382
-119723
-1582653
142893
4023403
2638757
550296
-661735
235924
-2507661
1751629
-252679
-1690562
199443
3977130
2296643
-225665
-568042
431679
-1968968
1689716
-506216
-1850145
179131
3751110
1890902
-703037
-522058
899403
-1607747
1591956
-556270
-1918008
169083
3664922
1572523
-1031886
-851035
725993
-1128960
1437237
-708942
-1931062
-195775
3279056
1413080
-853227
-783378
506644
-820356
1527446
-879744
-2042066
-413324
3159619
1477047
-671391
-717490
503224
-899167
1695221
-907081
-2232533
-588677
3187594
1388511
-670484
-530635
463687
-992888
1759998
-970376
-2400428
-765803
3059228
1434687
-497333
-244802
570446
-1111079
1975842
-729033
-2447419
-964050
2843923
1428507
-124733
39327
381826
-1512054
1937120
-716522
-2397955
-1279142
2750306
1534057
571733
195166
119229
-1917232
1957676
-854377
-2219916
-1114930
2617729
1891136
780469
-27266
-646760
-1810098
1831149
-908823
-2345628
-798374
2483728
2115453
402810
-380092
-1039980
-1296923
1965441
-761233
-2518212
-1154591
2474697
2064524
-92185
-901740
-937332
-792917
1940996
-815178
-2717988
-1731304
2150915
1916495
-556327
-629297
-365537
49855
1958823
-781957
-2705586
-1856472
2014169
1963888
-650323
-161854
-14518
179031
2045164
-642145
-2322406
-1584556
2040929
1672901
-393530
-245372
210922
-181231
1903620
-163759
-1607252
-955120
2260897
1540254
-230933
-897472
45692
-736748
1342168
27014
-980688
-248754
2524449
1995544
-110329
-806804
-408189
-1087581
944226
205428
-441075
168897
2449570
2079823
50379
-333061
-674006
-1279566
737811
441048
-245982
237098
2162703
1849214
787205
413674
-682497
-1677580
662394
486749
-63122
173358
1592105
1217483
1113881
846705
-427097
-1792121
490179
391391
386784
574172
1514779
755608
1275996
958032
-362959
-2079767
449727
608363
862467
1085650
1269429
82426
867378
633634
-445401
-2002817
665067
1174871
1640844
1676364
971952
-337205
300596
-172257
-797619
-1731069
740000
1440144
2169554
1806334
1009877
-374511
-69674
-543869
-985174
-1935271
534030
1344728
2281758
1729550
1059683
-88758
-223018
-485226
-1015660
-2011506
282861
1068505
1977331
1687636
905212
-74420
214825
55609
-1083466
-2056722
190975
1006772
1861427
1678320
600959
-691049
-56301
110414
-616359
-1580160
148624
960222
1955920
1554093
235023
-1033491
-281916
379346
-115361
-1180523
108996
852269
2020249
1266346
-92520
-1586746
-370208
489911
344220
-690785
-124288
606823
1748614
799286
-681245
-2075063
-338848
861175
1141281
65127
-109852
557162
1482566
448674
-1209680
-2476749
-810876
1062059
1878450
549892
9983
486943
1182489
211949
-1030095
-2274865
-714466
1259913
1862690
435257
21845
335034
852559
89462
-686969
-1633391
-289245
1156034
1307763
-56834
155034
330883
911063
199133
-418620
-1061158
168225
718391
495285
-715873
694194
877316
1477251
481424
-21063
-903738
98866
-6505
-667018
-1599377
1134436
1468219
1919288
618682
-39803
-1301708
-9311
-501926
-903741
-1753590
956771
1239651
1681072
313167
-245168
-1411335
-128140
-290235
-339533
-1025630
617537
833051
1373521
101792
-481320
-1181788
-204421
-2869
400892
-399178
626852
680599
1068566
-70826
-621191
-1328521
-376647
-188521
450412
164429
853164
881698
1019557
-252404
-813529
-1352994
-514015
-533451
199158
328488
793866
780101
789394
-429076
-844516
-1142847
-612342
-1232380
-219371
586242
821930
650977
736064
-428721
-412663
-802495
-893724
-1545747
-871262
353369
658325
347103
595479
-251079
-72922
-647280
-1154855
-1431949
-816589
366825
501352
277107
765917
197444
88593
-826548
-1003577
-1085939
-429596
24829
301393
331357
964839
584373
340595
-1052614
-974315
-907062
-356260
-55075
427962
584011
1118834
497753
339144
-1293022
-1185553
-1002211
-442120
-281945
302367
336536
769799
-74121
-101565
-1413106
-768662
-579059
85582
-240025
371305
192392
510186
-335998
-272478
-1182785
56364
-81741
80547
-522836
337714
262771
479074
-218086
-103028
-759525
344271
-53403
-386890
-745713
860148
895366
1018358
223139
73029
-381447
-130037
-857393
-1035277
-1508064
849685
749958
982251
200791
89739
-509558
-303627
-1102339
-880067
-1258104
790865
755905
990777
238768
463474
-463522
-496687
-1161322
-1030301
-894317
262487
352067
584099
38325
567197
-20685
-187217
-712020
-699369
-565343
105427
179815
623358
52325
475402
44626
203138
-501670
-435391
-746114
104640
266539
971244
354863
508167
-11680
461073
-604680
-563365
-967373
81510
443045
1175471
460927
303055
-84891
207142
-624117
-777567
-778449
-72241
281356
937732
133046
48261
-200972
71129
-490307
-327132
-476844
26709
2446
420847
-531249
-191186
-744118
177052
-244040
350373
87650
273664
-27844
103691
-661106
-178068
-703383
-43596
-395087
478280
232122
495400
165510
212025
-396957
-104486
-594584
-45758
-737073
265092
367106
464660
351279
493840
-126747
342000
-206658
18113
-686278
-36164
-88680
343615
308135
756115
117923
645725
103707
301844
-522920
95523
-659936
260946
200534
728664
173222
554961
95493
501549
-162487
25081
-716697
182403
-33796
449714
56092
364841
-281125
-263058
-308921
276997
78386
90388
-346961
140952
-191032
587974
-345488
-887394
-788478
535122
929917
60757
-394293
132493
205410
1252901
-56971
-1152017
-1478920
10410
940622
43489
-222422
505377
792507
1861386
2572
-982344
-1498464
-334071
104178
485148
373660
1303216
1320613
1986174
-332749
-1590601
-2024830
-861590
-492782
696889
706739
1454651
1143926
1376621
-1062646
-1835215
-1721510
-540338
-552598
712863
727838
1172471
772952
845017
-1415219
-1737657
-1330045
-108555
9586
631212
517647
955051
593306
585395
-1053800
-1227675
-603284
187054
-60231
821988
452888
1023503
758762
756325
-722139
-790020
-391139
46266
-696497
768419
389117
913728
668106
894167
-333969
-20832
-121414
-107485
-1249472
633790
445938
894336
678188
690363
-219932
165580
-172006
126276
-1433372
778290
622369
1112102
720132
327593
-631047
61322
219294
371513
-1416313
925017
817248
1396153
882412
490572
-860371
-381579
349765
308076
-1477548
933644
871261
1475318
977825
668161
-554782
-327605
-15197
40766
-1829508
916288
685814
1323877
801966
811393
-445174
-261317
-413801
-569938
-1706303
823870
579887
1219573
642221
489632
-646814
-498020
-844135
-1057407
-1239389
273565
717993
159565
345644
-286016
-145396
-261905
-550538
-760585
-114737
283378
806395
329185
398294
612830
431521
-720371
-989709
-1701903
-278232
248134
647555
-161544
173969
444013
633544
-366628
-986547
-1140405
-243520
275320
508818
-293854
180374
74365
161156
-753792
-608029
-616092
153961
352709
530420
-344647
58461
-236274
-41318
-624429
-144837
-967227
408983
378117
473935
-496724
-314171
-611978
-69034
14180
402286
-659316
176234
251617
568777
-346708
-497785
-366553
35209
52310
168815
-622747
-13971
207483
612874
-5056
-191567
-41507
356662
-159928
-231795
-1065290
357751
405707
729691
57694
-157206
-454896
-296158
-996233
-906660
-617772
1029158
855888
892624
-251160
-162681
-481984
-545188
-1837071
-1272052
-210970
1472710
489243
545566
-653323
-650887
-503342
-663775
-1749589
-266094
411285
2120551
429291
-87139
-788648
-318022
-485380
-109397
-1730675
399062
-41165
2716176
1275192
212333
-678119
-384783
267628
-264249
-1728109
399048
-802179
2296896
1185428
393237
-633911
161482
1623343
630360
-1131877
397278
-1503174
1037097
1145573
49009
-1027984
1270302
2582859
1736875
-309696
124339
-1531342
-736749
1158045
-294659
-1436670
1772415
3327334
1968912
-408998
445874
-1380241
-1771926
1377330
-650328
-1832726
1688742
3463812
1176113
-610160
181110
-214633
-1982567
1434770
-684385
-2021067
1597566
3527573
934928
-994574
38871
-201650
-1807731
1115407
-911265
-1868044
1687494
3095315
224422
-881418
879990
-10505
-1934612
1074837
-1203565
-1768418
1989625
2720181
151027
-1284180
525795
312546
-1632064
976579
-854286
-2027396
1544053
2478397
101907
-1322535
255567
354428
-1388907
937933
-873367
-2138641
1425696
2274043
206164
-1421475
452490
451187
-1267541
896213
-1099524
-2514378
1426743
2399533
224058
-1135712
472373
440119
-1479666
1018448
-1070153
-2426644
1307307
2230812
160498
-1164523
677630
243443
-1701761
1094919
-1240185
-2322389
1422341
1755910
-13103
-556950
901628
141021
-1517762
1183434
-1273265
-2784575
1368881
1406489
649470
-74218
1017393
-581097
-1554400
1163996
-926962
-2498049
615973
1769780
1055947
379725
14787
-413315
-2185356
827820
-1225995
-2028911
493538
2074672
1291624
159735
-465863
-361059
-1713926
935069
-904107
-2248327
544652
2209038
1343782
-512619
-982880
-202358
-1653956
1195392
-841886
-2743378
493154
2308704
535134
-884017
-1116357
576472
-1080444
983465
-1040639
-3081480
255085
2104065
273290
-583724
-686679
1267040
-815341
798144
-1001435
-2883898
400735
1590264
710687
-610342
193846
853310
-966238
945112
-860853
-2254725
660213
1621845
1031591
-859724
172630
148228
-1017646
917346
-467119
-1804754
593812
1829597
408038
-569531
-276510
232887
-790256
778728
-72536
-1024851
1297734
2048888
336386
-258345
-582868
-24061
-1259486
737859
-193090
-688232
1563716
1573932
644997
419271
-159303
-73769
-1625129
903210
63065
-712682
1250881
962423
599622
526223
317071
-373506
-1868202
566201
-85557
-442476
1449236
475081
879972
1200969
549357
-957864
-1523450
295255
-111204
363446
1477372
111722
519379
905287
541687
-813135
-1371083
240255
416224
1224683
1249463
39610
743366
400673
-254000
-624274
-1274609
535266
1067883
1190216
1221663
-190498
-80259
-4448
380
-821238
-1323026
663458
1501540
1356449
1436045
278260
-690140
-276524
-223064
-955196
-1548310
402963
1054125
1396358
1430534
146214
-147935
298858
-341461
-1214306
-1330089
264562
746801
1293227
1330529
48326
-71437
193414
-199872
-1134251
-1027605
94739
952951
1464940
1299578
-410341
-760771
239327
85436
-520457
-739116
-26338
1077356
1424058
1279101
-1002421
-787312
-260977
324575
23602
-791830
14838
1027511
1266248
799265
-1020887
-683927
-206752
421890
306239
-688032
-99418
1027880
1132702
324299
-1292760
-1305054
-427922
1209303
966820
-293505
-20363
714812
567284
91276
-1861618
-1688041
119729
1687759
1463533
-57260
238520
668857
436888
54452
-1459176
-1309349
170260
1596420
548539
-629849
-180723
538997
377264
301416
-891468
-627602
487780
1399185
-97368
-629016
-147119
654911
204709
379412
-853435
-233999
640342
855769
-799762
-269282
537878
1195965
948295
826840
-985971
82240
-237536
-390171
-1463577
-354060
920800
1532004
921790
765001
-923547
-427036
-261958
-686148
-1260652
-425964
485334
1183654
563519
-47338
-1024124
-583058
-142823
275622
-102903
127109
160956
794511
478386
266218
-905018
-338620
96852
-117792
-145570
357071
335887
931969
613766
-64514
-1000780
-400200
-281236
62874
102783
69585
545680
1014643
122110
-734113
-1121227
-280178
-569848
-274843
-79975
606904
442665
924459
-170314
-231920
-427376
-327661
-499642
-884869
-505216
601127
311319
618336
-393177
133102
41725
-875111
-991818
-1114118
-580914
1406241
154379
576171
-132974
278882
-106081
-789823
-1103047
-577132
-485806
914715
-128564
458250
204389
644147
-228626
-601538
-586729
-227363
-372504
294694
175232
817635
343291
1004271
-325814
-952055
-786653
-42577
-741525
156521
314377
883782
275126
832735
-610504
-1260856
-1091299
90441
-978405
666568
37767
583446
85448
116615
-1169971
-539835
-268749
351618
-571953
552591
18864
156532
-160334
-128191
-863114
-101757
493235
548263
-520424
-33144
250823
631960
212841
42098
146473
27414
-46822
156501
-1446681
-100236
403154
1031264
345118
137102
-155227
-22675
-661210
-544740
-1630087
-15742
565337
996430
236335
310118
-197482
-157007
-448347
-738094
-1112203
-366265
249331
490151
-15374
377935
-45335
-346459
-448591
-403788
-507708
177085
62666
555559
223613
628329
79649
82187
-452811
-449666
-1113847
247050
-403087
260639
84260
208692
-148416
782789
147584
216389
-553927
-244794
-128353
730411
647823
363731
-60399
8679
-58914
-360621
-702339
-319466
99469
1094394
611966
417189
196284
223363
-603653
-582584
-1171818
-180087
-26190
588567
-202410
217091
-753497
228450
-37778
62938
-496529
828838
-50838
240177
-265008
-143049
-585455
-126310
-223571
343645
-155556
953228
89398
118525
-261420
-170323
-536649
394692
-567353
-391326
351424
836696
177552
300002
-235974
-56059
-353351
38223
-295503
-94777
140475
648327
153374
552509
-17522
515424
-80808
55281
-739575
238397
86496
-84637
67854
555398
171731
436278
361810
514234
-78128
-254150
-420455
-330547
24976
542547
-1174
294942
154070
446132
325261
-357808
-592819
-23319
5018
492217
-566523
379177
251486
-388784
-657746
-138241
443498
519940
-157574
-82891
-822889
568354
413201
-242631
-1000035
-561656
644209
1254658
-322452
-23397
-545409
1249118
714451
-195215
-1342287
-210830
411857
333796
-173213
488609
68992
1920944
1290145
-353142
-1418041
-728600
-615622
-49052
159483
832529
644587
1843665
396176
-808499
-1437874
-692368
-969755
191528
752030
949504
663881
1481771
-140085
-1377460
-1761395
-1009324
-239702
385093
391595
523747
188844
800469
-222324
-1170755
-961473
-95848
562269
323348
143899
515959
299227
849225
-294188
-730969
-546254
178618
269066
-217367
408987
591191
524093
1092043
-349124
-422031
-409274
275126
-330751
-926125
285830
426197
390088
724253
430556
75450
-609392
616511
-682247
-875058
42957
470784
498151
737468
93631
-14217
-162803
467099
-168208
-753942
328330
858161
618758
733626
-237499
-676407
-127719
704730
-169361
-1175428
499792
944413
612297
697658
-242736
-581047
36083
1130174
-616749
-1539917
342775
950648
635553
1187951
-51679
-272187
-88822
121624
-969858
-1364084
296619
719391
659490
1002298
-20350
-266728
8727
-317213
-1651913
-1091333
-382675
-160997
-139557
108743
319727
787757
-103778
-154577
-162179
-35142
-464635
-340195
-815917
-410985
-395615
237742
430971
877140
838525
479621
-375331
-90600
-427474
-155258
-600449
-669881
130094
948199
747054
749610
-411113
-30132
-79624
-25882
-311309
6466
157510
982018
388376
-221853
-372101
85101
-15244
-183770
-522116
44037
493077
972945
277290
-233633
-524733
-132036
8575
354982
102184
542176
150887
280733
224601
81988
-504415
89454
316453
840385
325551
213600
-621939
-259360
-373400
66540
-200717
33533
-311425
241523
-150957
-408032
-641839
220611
469760
752084
-261790
118245
-75988
156280
149366
65079
-473728
223073
207777
7127
-995061
-704935
-633372
-361769
10700
852618
775260
1421563
784104
294552
-729381
-332168
281743
812394
429374
1025676
872760
760421
-649785
-1134287
266628
414950
371907
735548
283808
725244
697543
-185378
-1510902
-1175278
-511086
-104510
328774
709786
596249
1287779
851443
817043
-978274
-1136673
-686180
-609186
-215901
610345
219627
766500
876486
1095766
-1048160
-322861
-328007
-82049
-366209
-343217
-838415
-671786
-735788
1084432
-168723
1607800
-431170
154255
-188585
-1167708
-1805290
-863544
-1310370
1287929
248455
2163620
-510024
696965
254738
-955686
-2107574
-785111
-1065120
872183
-278327
2341988
-788629
462752
283867
-920090
-2066659
-251008
-489302
1083606
305684
1514149
-576813
799745
450199
-657249
-1745084
-481618
-672292
211585
192207
1598698
-521254
1070443
210596
-1394885
-1751815
418858
222476
-412740
-329501
1648263
-608556
912155
523929
-1108545
-1400064
249575
-63286
207442
110394
1041927
-262805
725720
122706
-683147
-1287968
279199
553432
257815
-78035
545001
-308982
1013218
532209
-525693
-1152218
115069
29879
-135463
-236787
484601
-521256
1148865
496886
-602084
-1494446
-45726
201072
120985
433424
817818
-356860
1295376
359101
-776502
-1067309
479434
538705
-122589
-122432
403624
-570608
1290445
848348
-668846
-1152009
368703
-95233
-961350
60039
704184
-919514
891369
822084
-12383
-1101317
-27429
-476389
-340718
576089
1575123
-364323
1319918
320303
155960
-971300
-805131
-781895
-165134
553606
826845
-390665
1323870
356017
-717792
-1168975
-851393
-291880
243900
1137435
985089
-685755
853658
406453
-444178
-1106358
-521301
137162
690830
1109474
561241
-707366
1116369
1286005
1439
-1351420
-143189
990180
279113
463626
-383389
-363329
1565956
1316098
108587
-763855
-224632
439467
-1039020
-115965
-249543
-747844
1314845
1038799
-100247
-838071
-604620
295534
-765327
226077
939459
-871253
1138085
995734
-105926
-747890
-129288
605100
-44249
-8507
507785
-635251
601711
316382
-384216
-1111065
-191026
770102
79656
82475
551892
-281045
566702
55034
-1165153
-1750200
-802318
510243
264173
472025
1089717
-576671
179737
120487
-686764
-775804
-314213
269321
-149272
111401
793122
-583778
31959
146009
-115785
-793168
-1133701
-469518
-309801
496121
1668861
-170287
656482
177372
-363003
-654301
-577012
-828327
-598294
506641
1045659
4123
288590
-696801
-728576
-430980
-536229
-657493
-183836
240467
1344714
-394564
-256810
-863688
-367343
198716
-248650
-607652
383324
584817
710270
-796400
-989099
-1137807
-516388
-349030
613422
702403
295861
88628
1162988
-432746
-825053
-1310289
-619001
-581969
-39307
351042
462695
723328
1291547
-434964
-399656
-849564
-505618
-123077
-323248
-496304
290657
910216
993038
-293105
-395006
-876020
-687246
-390681
-386987
-144471
618363
795515
1025286
-236248
-634806
-1195851
-736902
249395
822316
404252
-17308
32963
369227
-427788
-654862
-1015820
-382029
123940
-32655
-512405
224310
377508
1164686
-139991
-555772
-1048911
-132699
303712
402375
-16703
208061
213840
215585
177593
-421536
-856613
331654
1170605
1281713
155203
-960932
-1397861
-433577
-542410
-582889
-480828
493414
1165413
1528073
-203484
-1319164
-735085
78686
-56812
-78191
-426434
212940
446291
405807
-209185
-854001
-473431
569636
461301
420195
-109452
393233
502590
355300
-493841
-1045828
-773602
-241405
-371335
-237016
-532853
77307
143136
-134564
-695383
-462
829151
799182
-1112941
-923483
-1301971
-802670
-181722
296365
116335
1726694
1610647
886863
-931593
-921674
-764686
577938
530119
1036111
98399
-25173
76867
393951
-114776
-53618
-480735
410136
228967
2786
-406805
-263145
-358006
434057
-371973
-242577
-762607
-263193
-151749
389750
-61592
94075
186034
684650
-664614
-381738
-550002
613079
1138162
901995
312798
-223772
-1271515
-161400
-617534
-516357
-173579
814202
546610
39081
-325983
301430
33223
372594
-477268
-177327
-46498
302927
-272277
356925
765126
1086492
124684
-689779
-653634
-171613
-58013
503928
128947
456800
1119745
993093
106823
-741419
-124525
338877
-198747
40334
219519
46846
204926
479093
-517287
-221932
-165654
20686
-599727
-556692
112949
437725
24545
394927
15267
122455
-580083
-623126
-814099
-580041
-153610
818107
820907
888202
259168
35471
-507903
-221402
-463071
-53856
395529
1193855
813739
718316
-103334
-391869
53589
445856
-68400
577839
994509
677625
-1072611
-414092
-786070
-548887
-263189
106952
122408
366218
-185309
-52851
-775882
10891
248730
356710
-316903
-273043
-614989
-88047
-238152
-88984
100594
728370
681128
319643
-963279
-755075
-709070
61046
466927
653300
25585
1148031
790992
604065
-381168
29246
-12827
71236
-154140
449122
-112865
482571
68498
-213510
-616783
-431724
-454411
-430181
-528941
594976
800346
935052
600713
22777
25346
367626
156865
283620
-172912
-129056
-480401
-156259
15003
76978
-3888
129597
-292953
71794
-184981
-143489
-507155
263831
-258300
322598
-530774
-790748
-1222792
-707912
-685724
156797
500900
1025378
1204976
865806
-82331
-368810
-392715
301262
77863
-292055
-212124
504521
277048
69962
-51946
5923
-42001
217268
28138
695754
-313856
-198311
-290407
-366647
-199812
232715
-68881
569726
270123
213526
-44570
102591
-434820
74115
-219549
294673
207423
469527
137074
268472
-203745
739602
-363687
-788770
-373254
-193149
-234337
219979
-112247
680387
529790
-80338
-585229
-7323
-370292
-116723
-337174
-65029
-757036
-171449
45711
619886
-85421
662726
-147947
-129259
-654399
9275
-324134
-427110
-890685
-73596
566958
1022546
-394372
-277257
-472548
163412
18344
88476
-441321
-44278
385995
725595
-88804
288484
86202
566566
12132
554299
997322
186549
-1331983
-853671
22604
741211
302007
115535
-120072
61330
44538
36693
-564344
-531472
97773
583787
-358254
-699605
-972531
-48429
792731
856455
-649105
-107257
-92767
193967
-835083
-1013846
-1097909
-36747
264030
505073
670696
676628
-1013179
-528805
-1386754
-1220859
-122137
1383886
1285211
1518072
750830
157076
-620456
-270765
-402362
-48419
154671
1113324
762477
643610
-412710
-688736
-255808
100228
-292624
-19928
135945
815757
417002
-249253
-700111
-306145
-506155
-230761
-911297
-542183
7040
697507
384709
162412
213729
634473
-587294
-174466
-512353
-284683
-182579
414267
161650
11083
84229
790696
-12554
279002
-185372
5367
-598422
-931045
-379312
350499
173441
926285
-360552
-221531
-743351
-520884
51797
762778
-84039
317845
41361
193441
-686684
-487399
-568775
150975
470681
692275
-425926
-833207
-314058
1125783
-442158
-407529
-691850
-533519
-308190
288420
-240431
-362528
206457
1525822
-605855
-450619
-840992
-572949
-489001
291198
-198488
384975
730937
1158737
105712
-616724
77757
-209682
-175927
-1081969
-874864
98019
1408505
1133102
297787
-717544
77534
354043
163020
-489910
-324020
-330627
1137386
551370
248862
-738116
47977
483238
204492
-474898
41945
-105621
950022
641378
29170
-900981
-188076
320433
550723
-231335
179195
-476469
331223
988095
79929
-894312
-115997
324708
1078524
307317
327176
-895780
-79780
184109
265133
-778066
-299948
-423535
384472
-90848
118875
-793170
555995
614250
418138
-652532
-74325
-92553
268957
210630
809906
-388492
478224
129001
-196755
-1169229
-523047
-61381
-83747
-262616
1416881
814970
1299043
-4065
9226
-1110931
-595701
430159
682265
-394799
1257100
1287870
1177372
-995531
564613
-173893
171602
424443
719713
-713055
786992
1057301
668002
-1770573
-324533
-839833
150516
259254
399083
-702092
914156
1086835
1667025
-1024928
-857501
-1248011
-86991
-319689
-58445
-1465953
792651
497379
2547668
-582077
-1042403
-815498
826553
-133199
-1218017
-2621254
39938
-1567552
2403018
-181088
-1260152
-1099992
1642516
765638
-2272303
-3543573
349962
-2549373
1987791
-397582
-1448271
-1508229
2329768
1908182
-1926170
-3903542
1066902
-2103155
718901
-1359303
-1615034
-2022993
2291425
2139474
-1708362
-4017644
1689338
-1149072
542345
-1133004
-1561752
-2001026
2477433
2151507
-1640513
-3563206
1662332
-831308
-765952
-798556
-1455594
-1879566
2791875
1995344
-2445130
-3482883
2290796
350354
-1625387
-1282486
-1413897
-1962480
2709150
2327165
-2280020
-3266459
1864275
812778
-1032298
-1099308
-1376454
-1696948
2403145
2048734
-1836752
-3077651
1464108
1108605
-786528
-710014
-1305359
-1586502
2805237
2088867
-1827018
-2802277
1209510
893150
-1215621
-449049
-1718736
-1899660
3103356
2238105
-1898168
-2834902
1030819
723253
-1337648
167122
-1720388
-2178111
3095635
2117652
-2050531
-2486819
1343138
973526
-1630804
183587
-1387353
-2201656
3223658
2585530
-1824267
-2540239
987321
480506
-2057250
212550
-1925261
-2528388
2669135
2457020
-1056993
-2287073
75941
279177
-1367670
760653
-1581985
-2022232
2789591
1638618
-703300
-1856091
-469347
-69247
-779056
392403
-1477741
-1965748
3084682
1742562
-1374978
-1940225
-459751
365025
-595360
731952
-1608583
-2266513
2598072
2450025
-1361458
-2129180
-180725
1107116
-694195
583345
-1527044
-2339466
2441929
3232910
-942013
-2511801
-121441
1859111
-1085933
36079
-1441948
-2102085
2594885
3247806
-743677
-1948814
-409193
1777899
-1898963
-593261
-1509686
-2434813
2170164
2724820
-1162280
-1653962
-882592
1970512
-1699988
-489587
-1261933
-2595232
1794303
2425370
-1158149
-1617061
-686571
2084747
-927648
-760863
-652158
-2321302
1059537
1627260
-1180890
-1807630
-384307
1799400
-188697
-809382
73794
-1678382
997238
1176803
-1721057
-2184262
-1254311
790859
79436
-349610
-67334
-1632018
923447
1180423
-1117469
-941623
-1173699
139742
-199231
-526184
-176353
-1501403
605315
642360
-628663
-250331
-1563321
-738224
-452371
-34689
6935
-992662
919561
13376
-750398
460688
-943204
-1233619
-747017
40510
155913
-801206
624508
-1080686
-1014028
678433
-450293
-887313
-264502
-222363
53282
-891276
69918
-1411642
-648886
859959
-125489
-787992
156029
-31736
85375
-987472
-732322
-1622545
-734277
333457
688714
294650
105574
-168608
544189
-457324
-641628
-1862314
-947482
-230280
-41048
-55078
509703
365310
639754
-272936
-86020
-1514065
-848990
460104
-403917
-1047853
378422
642285
614654
-253548
-156824
-1426659
-862050
742005
-111563
-1156801
-14178
472767
654269
-86850
-500486
-1717747
-902289
1184380
1064345
-525934
-342214
-319961
627559
-40380
-536464
-1562065
-551131
1217579
550980
-823271
-446832
-378397
793683
60878
-563624
-1703568
-152526
1355902
899259
-675524
-805356
-408301
1026205
394265
-264401
-1589707
101416
1826566
1869248
-351439
-1988301
-1419395
423260
-183222
-244803
-1226143
7581
1677154
2182195
-134725
-1952964
-1007706
360872
-207745
-105063
-1302580
-349077
773962
1067135
3156
-1176887
-240977
647610
106344
283264
-953394
-179523
762195
565503
-420472
-759674
-105626
202555
-698044
-229226
-999334
-115094
981339
451696
-784855
161638
1021546
-36973
-1385635
-846224
-1560967
-603597
589062
450570
-476369
1190092
1783476
418496
-1021845
-883885
-1311387
398534
792258
905227
-600137
-171068
123111
681092
-224825
-74015
-1115194
655723
738794
421104
-507966
-452406
-1002091
421843
-519630
-82955
-1199746
-37914
397523
319787
-162611
327431
-742970
257514
-890150
-301335
-771273
660533
1088508
715943
483748
560779
-1694979
279516
-900317
-596561
-493068
753976
632242
240963
260988
1216331
-603738
423309
-562687
-301714
-307816
129720
-240487
317093
665303
1830315
-38356
97986
-753401
-220096
-337145
80940
93353
394366
741660
1842572
317557
351155
-523614
167612
-483185
-482709
516781
156171
-249454
1248835
150563
610729
-633065
63572
-596990
-1164606
509888
891257
-589072
885179
318919
741079
-776951
-312902
-515709
-1093120
191296
1426334
-8128
898569
511817
396432
-692628
-94533
-413399
-532736
289780
1257323
-198656
936869
799603
612180
-252527
515379
-142862
129865
745068
835728
-1621668
126241
407833
443087
-760108
7888
-266232
105129
-99675
605444
-1267414
405896
1076906
334259
-621730
-319998
-652181
99875
-318144
544047
-480381
884746
1421901
-300129
-1085212
-753914
-819736
-128056
143105
956890
-482354
1212783
1550752
418379
-606087
-42337
-5638
-140996
-414146
911331
-734161
415577
485021
554520
-663862
-318412
-297077
-373746
-1011407
680302
228346
876236
827674
670105
-210229
-14909
-167399
207905
-708356
-365111
-556826
335153
783457
654992
-94117
-19009
-364601
543757
-51212
-249559
-725297
200187
-30750
523692
-566916
-794492
-1215753
-151439
-531556
229555
101357
1190204
941655
869777
-185804
-415385
-529091
480146
-76892
-235564
-579440
504782
545300
895649
50710
175161
-51629
474767
293999
473223
-684835
-241920
-345719
107107
-337106
350475
-290181
559132
58757
517111
19649
364882
-625139
-32886
-631091
321303
-145795
552186
-143088
196177
-29909
1016773
-578916
201716
-731382
-138622
-481206
337537
-468072
620905
416972
404560
-692009
273370
-613616
-160116
-641834
103440
-949298
-263603
298005
804000
-265819
499762
-350462
129642
-731564
273444
-469952
-463959
-792591
334889
97828
462516
-435193
234640
-518837
106693
47755
436387
-394723
-318367
-694769
376766
-372019
663805
-57087
-255928
-242901
932539
1375542
454907
-2052361
477737
-446775
1150793
141359
-822943
-440749
406740
885141
892973
-1319617
377355
-822152
808616
-375114
-1728635
-1026567
418866
1277217
1591407
-406992
726226
-909076
621830
-490657
-1756095
-997905
636697
453851
972025
506182
343933
-1483831
138105
-798450
-1759893
-245206
1713366
918272
1080065
613303
612238
-1134426
190644
-337391
-970254
-224261
1492144
631845
515600
-333131
612712
-465132
447845
-389494
-620416
-210335
1014643
219673
-241492
-646686
-7346
-555493
226445
-961265
-1029344
-155774
789997
299564
-52013
15585
-93761
-762117
167280
-788125
-924394
-321863
446173
322355
-5917
-47982
254363
-349251
415708
-455747
-227773
-403470
-409982
-588633
-212123
-32941
106690
-484276
-19275
-850109
-552508
272959
990312
-841751
-296467
48879
-101076
-809487
-447535
-845329
-392556
456284
1631881
-779396
-1212418
-142784
198779
-514399
-333451
-905828
-808651
-264725
1204624
-286691
-873556
-9958
117394
-409232
-236695
-986242
-933457
-480298
776971
-115960
312482
499052
-47184
-461896
74949
-658642
-184997
-25489
475108
-307987
244081
425610
271934
-376219
-125160
-914683
-64371
415575
459833
99347
1211725
424456
-30596
-11807
265140
101520
754901
566920
-388318
-520469
-428253
-436313
82476
-194350
-284620
-144170
58221
285326
590472
70227
110135
-342674
-11
-40945
-31454
-252140
-330267
-314391
543208
375002
52032
-88048
-6254
113251
279047
-484004
-139638
23283
380731
449972
-335938
-661746
36785
159482
181826
-769785
-416329
19258
713558
316563
192578
-681989
-35329
153521
506691
-50947
82005
185198
164241
-119281
328206
-688145
-70870
199993
527727
279967
-134487
-434739
-475937
-179024
90743
-36901
254900
211297
167723
204845
-173768
-786955
-611067
-91575
480789
-53121
131981
270908
146708
-252515
-10343
-535954
-795302
-219661
388884
-201836
-474994
-325103
14706
-511235
95147
331671
226262
312023
407544
138938
-237039
-40044
643106
157970
-41828
279275
279323
-789166
-593767
-502358
387521
439711
488859
182548
267460
221674
405430
-1726038
-819273
-975168
-105100
350650
517879
617101
857936
1041880
1018990
-988461
-722476
-2176325
-35008
-97167
63874
1016027
809885
1318985
1290156
-471310
-783678
-2007632
382817
46961
-478438
-276289
577989
698100
361788
655375
161994
-606768
427684
448936
-467088
-1356011
252687
882010
-140296
736267
327213
293684
390486
917497
-375649
-1591321
-264465
1228812
-121728
446363
99471
936992
179081
834136
-260043
-1424295
-205809
1492217
-252667
542537
455851
473915
404617
1016577
-431367
-1441385
-3705
1289818
-565333
-471232
898820
992785
373647
1236053
-707768
-2051420
385613
1939438
-369396
-1235874
476629
1346654
283618
900234
-414366
-1863198
374053
1502843
-223020
-496805
409562
811297
573005
547609
-601839
-1456838
363386
1515587
328602
-708358
100899
396976
568850
872979
-387175
-1591316
383001
1198077
-98968
-772584
206188
431022
593928
999639
-622410
-1782622
216600
1293943
219270
-458202
713387
517692
732321
1309772
-733526
-2045077
659043
1695778
217875
-888637
321369
47286
385288
1295753
-202314
-2224229
519815
1459061
-30193
-1126015
836218
192296
452884
992023
-118937
-1276333
276315
853763
-53692
-327711
571935
675220
757375
1165564
-867595
-848910
128178
262329
-246355
46491
169017
400551
751414
1130538
-924829
-1724923
159229
402630
88316
108118
523460
536537
431472
770424
-511576
-1832288
-209745
938337
349640
382426
399761
497559
537962
1180282
216624
-1753133
-477746
1502742
657677
-215261
-147016
-21160
888200
1443296
170140
-1640209
121271
843898
258830
-1247680
-9614
502543
540416
1583458
311481
-1501181
296354
352143
549105
-1341466
363404
939268
145242
1419253
463900
-1018070
378470
1154556
758970
-796112
-229586
222611
30984
893408
184604
-1060707
-86574
1267467
722628
-339607
-326659
340436
-67386
878776
-10116
-1626560
-207977
899261
946430
285911
-163602
456835
-343182
636626
218568
-1068093
200488
406389
699292
162510
-112857
492449
-291794
609302
499428
-448988
150126
-539936
226997
277983
605765
622173
80248
1037571
194467
-466452
403923
-561679
-339781
64735
595984
88500
243720
802245
-263341
69359
615734
-947389
-388137
216641
57705
422206
-106166
323147
103388
549055
883113
-516454
-311194
225995
71346
-134611
-480206
-339540
187261
388179
347723
645724
433778
-303192
-182734
422404
-380070
-287472
-142119
318996
273204
74127
284187
476586
260478
69963
-384467
143595
43058
273007
418001
-789468
-413071
679930
682508
-37383
-241237
-27453
-48290
97631
229292
-499594
-144997
786336
600502
59781
-209746
-352473
-128919
73299
767435
-111568
-211471
154696
166142
188753
-452016
-470538
-50484
176131
233590
-1163628
-432664
823357
845578
1023605
-198238
-489350
-190756
446353
158896
-809913
-372528
361414
763728
416745
-113050
-463321
-37747
694301
994293
-25908
-770327
-806610
-99303
347177
-504901
-351529
147157
568748
957699
219102
-933975
-925302
468908
640779
113611
12762
74979
369183
435030
-284720
-361901
-768600
214971
425669
609205
416229
511562
485668
613502
-400309
-747266
-947458
-292018
-742739
63736
280170
353379
81986
414930
-1028608
-489635
377937
837380
-566238
-610505
-294787
-100218
-312344
371739
-378107
178532
1367661
1066249
-412964
-475593
-393039
360960
818676
425424
18454
-249004
-198209
328147
-28507
159122
60196
44900
255498
-1859
-826753
-541961
-176853
265412
477252
6485
73403
-157645
-128490
70403
-300500
-239943
-177189
74853
633227
-272958
-88224
133658
711685
687681
-343971
-174494
-887931
-1016160
535724
-157955
-171456
601656
526527
8725
-538836
-461400
-225670
-310566
181882
-153898
-82251
538678
22843
-363879
313263
409051
205541
-528857
-892312
-110099
55368
536825
370496
109142
47139
581700
102131
-483656
-988404
145277
323067
211006
56514
546035
-465598
-273650
-25119
-619938
-196299
-63912
49864
57735
-435006
619808
-53959
-555026
-155600
-68027
-141718
-550542
-510426
-72881
-632268
303831
400526
387857
152906
355343
-458921
-104510
-49040
24238
-134533
831715
352538
231295
136287
-81578
-1076611
95826
363233
207486
306917
905990
-314138
-1092948
-220192
-366612
-690345
124287
463114
599809
299639
-256458
-352769
-544487
-276380
187840
-684842
-8345
-209174
-62165
130793
-34684
-268311
182897
272029
564080
-774084
-237172
-161033
287676
293118
747970
157913
-379816
447444
160574
-436996
-314460
98762
336147
-225466
155498
569996
-97170
152134
-153861
-620636
-418425
-191338
127971
-423948
-17993
648951
692575
254980
320738
-722994
180491
351926
584180
277239
175519
-388381
-136969
-383733
-104750
-516747
-1773
-10514
106392
129370
-44592
-217090
-46828
108560
-278840
58505
-524244
-739020
-334998
-187425
-326607
101081
638118
634811
808470
15143
-220429
-502953
242611
-7368
81501
-676626
24948
285928
482488
-413160
-59816
-130409
148895
-187985
193259
86437
-330695
-451284
190494
-407888
170072
308269
127075
289000
214355
-445336
54919
-123227
-295226
-76226
65126
373293
441836
193500
304823
25253
29790
145469
-592567
-790117
-170703
-60856
322613
93105
158939
588628
682915
-677797
-440661
-72111
-128806
-65968
134223
-56766
-334699
-179493
499189
363091
-2768
205892
-116779
-309029
-225788
144364
-68379
-648359
-841639
151703
1029682
659863
-278660
-487552
33361
75907
237608
-43158
-467874
-274849
439196
777423
43671
102718
446582
270736
514804
453486
254716
-921120
-1387517
-116728
104837
500937
423132
-168195
708463
81727
-26817
-646054
-890834
-209560
384049
517555
234564
-526521
202187
123013
233350
-598170
-1020264
-61116
-6446
217174
-204992
-835043
257117
83195
-317957
-260872
608835
-67188
-634385
-69552
-404650
-741537
1023084
837957
213810
366781
206139
-442041
-354039
97162
333821
69925
674351
618733
-79628
-153266
-627167
-638623
154013
182965
155952
111485
736137
404580
-249768
-649343
-439904
-259928
-16174
-99172
-319171
-258611
910263
511906
198762
-174712
204884
152207
-76266
157825
76370
29681
278963
-6248
340462
-373305
277743
212810
380997
378135
163843
95712
-318440
-899754
140737
424803
447343
-56849
108897
15271
34999
42506
686939
321120
-539138
171179
256673
-316450
-97490
-60976
369149
543451
792563
226521
-840086
-1009001
410917
631455
24157
-204432
73308
-248507
380674
171175
-470563
-480463
542848
642611
-31245
-150206
-24355
-240903
173810
57056
-510013
-69502
537084
434554
-536510
-602373
-711768
-274051
-677515
-257312
27634
958618
1310650
1201045
-559686
-589628
-637171
-93238
-680265
-572863
-338099
1002087
1719042
1405022
-436558
-494671
-437607
399045
-310901
-523142
-338773
833769
1367041
1144993
-547230
-554368
-456671
632205
-13880
-134062
46120
647209
924634
949741
-626236
-599597
-356761
836253
465174
327738
-17491
289822
261808
696437
-580271
-640191
-517339
582894
480009
503911
-141973
-90637
-4103
921858
-391614
-526964
-467041
553126
453203
660735
70695
-52071
17931
584485
-630776
-717868
-741479
230503
54634
407618
600543
810594
586654
623673
-776069
-931645
-800836
544413
430296
665601
1339357
1735085
637722
-253958
-653298
-684431
-540335
700442
533281
553874
1396354
2142262
477816
-1155765
-588673
-525731
-159429
990251
719484
653498
1308737
2133642
254635
-1603217
-862828
-630650
5696
628127
115875
125562
974812
2037150
457760
-924908
-1353770
-1043384
112367
179028
-977640
-882594
228277
1399967
848217
784892
-1536702
-1056698
562434
-123369
-2361788
-2569053
-566853
547261
803665
2111987
-1725752
-923991
1360777
405380
-3364415
-3826961
-974100
-145696
129516
2588457
-1933065
-1084491
1723133
942699
-3843162
-4312847
-673538
221331
-158914
2440702
-2075986
-1098833
2079501
1360110
-3667973
-4040090
-247565
576712
-875693
1897931
-2036311
-1038761
2241498
1341683
-3887711
-3756239
564422
961343
-1227462
1334587
-1936323
-852662
2429609
1481890
-3797192
-3341210
934421
1142412
-1536197
733724
-1863530
-674065
2414389
1430652
-3707947
-3150535
1229582
1598368
-1266505
393196
-1766691
-521161
2486153
1607808
-3305038
-2740120
972265
1413655
-1025974
370961
-1898604
-416375
2664360
1747403
-3183882
-2694159
780608
1356573
-1029427
477846
-2031113
-524803
2871815
2021897
-3262966
-2516016
811400
1189860
-1199264
573564
-2114225
-580652
2997933
2308148
-3178538
-2544537
652899
884100
-1361169
712091
-2290586
-762041
2865793
2444887
-2828107
-2405849
224865
620986
-1172971
989970
-2252902
-699716
2838158
2454694
-2443868
-2277163
-542566
126861
-832881
1271359
-2350276
-641107
2756338
2276248
-2504293
-2240516
-1002111
199913
-119571
1579256
-2178918
-503389
2786388
2251135
-2532808
-2484916
-787152
577598
315629
1211751
-2262170
-673891
2757543
2738039
-2392612
-2835694
-364437
1333396
343127
711719
-2250580
-628079
2794089
3167868
-1916475
-2660292
-83694
1472141
-139459
-246076
-2257668
-711183
2762970
3314210
-1798335
-2556692
-85334
1299132
-430463
-725159
-2235498
-810848
2467080
3007286
-1875114
-2233524
-91079
1066065
-422765
-857720
-1985131
-1053239
1637588
2284400
-2102227
-2193872
-197327
1335563
22005
-386566
-1333735
-975165
1065986
1504849
-2424530
-2475415
-494525
1190169
432465
178531
-843955
-927334
569823
879014
-2387629
-2346594
-646950
592595
583147
485270
-575830
-959185
348987
580267
-2128941
-1964086
-1228048
-470554
476447
923513
-505352
-975354
265683
274137
-1663083
-988114
-1175964
-1141477
147633
1075885
-295876
-801994
-13939
-402433
-1633431
-450259
-1225636
-1396185
38496
1300142
-233116
-813964
-408005
-971217
-1588353
187612
-705892
-1125481
159891
1403265
-313529
-1143766
-1273856
-1719424
-1467597
429089
-133922
-206376
494754
1260950
-300406
-1274605
-1836464
-2073909
-1346018
386879
51607
241040
796004
1513217
-143806
-1156429
-1942982
-2067221
-1425874
243306
65989
257211
865436
1652704
92038
-862074
-1666279
-1935705
-1390726
329932
-179294
-485604
772166
1877289
182873
-754373
-1598913
-1905447
-1191308
907176
368629
-560617
335880
1362901
212666
-647779
-1683472
-1907008
-831677
1190889
530509
-589306
-89526
878399
279604
-515373
-1770575
-1851538
-451636
1678335
926103
-549452
-564960
391266
459159
-260555
-1573117
-1479706
101719
2264597
999387
-798014
-1471423
-368819
373829
-265965
-1339986
-1124001
492954
2625456
1565404
-647821
-2171474
-858316
259796
-261843
-1042282
-833439
462775
2391044
1447147
-630325
-2276079
-929830
183530
-274579
-750552
-548131
271490
1875230
907321
-816667
-1694623
-328381
77692
-353507
-727713
-565060
60268
1395537
218706
-834569
-738021
570503
-296765
-866480
-1244639
-810499
-269641
1149184
224906
-432370
366899
1609681
-631160
-1406691
-1883055
-1004158
-160824
1316508
377492
-71171
560913
1793533
-540089
-1170136
-1690342
-907571
9141
1432304
287433
138259
258391
1000826
-331123
-804151
-1356716
-652586
238826
1433665
359997
84687
-330428
41059
-336646
-703169
-1015412
-328279
409901
1545349
411404
259431
-210651
-598428
-473696
-925226
-1160669
-103166
560626
1426470
505919
485064
250343
-450206
-479061
-826440
-1007825
120039
691893
1232260
618527
1106366
804236
-520018
-567114
-746407
-904798
190485
420017
794599
619439
1350684
1311521
111000
-440426
-480016
-586301
135199
-114379
651249
813504
1249735
1391248
77852
-302858
-453647
-670624
-182342
-551409
844858
1104323
752183
949815
302696
11221
-404109
-838303
-429911
-884928
829808
1337178
580357
591274
382130
-64583
-561387
-1039518
-493744
-794413
914245
1543161
720807
577059
712391
-4382
-370256
-745970
-114858
-263513
1191201
1192164
237924
143532
663277
-142652
-375341
-527830
182136
27715
1060790
574915
-245115
-90751
1017616
-85678
-290877
-524617
115121
72843
787411
100694
-321526
76124
1226723
-594948
-876775
-1092734
-302061
-151989
398412
205128
329240
859399
1898165
-575852
-791080
-973673
-274573
-239456
284319
493540
605896
807055
1675345
-538283
-885317
-1108307
-283036
-508076
68596
675660
952493
917676
1454103
12183
-362509
-654209
15706
-401689
-252320
85854
613288
569028
951156
124724
-186199
-668799
-172188
-334957
-160927
-281612
366362
517440
857075
166921
-184030
-906779
-490611
-376034
-45225
-436058
254843
559093
1070794
234070
-257793
-1141993
-609270
-238802
132951
-377876
328340
705439
977226
370051
-165677
-983258
-399100
-123455
184393
-71873
260050
380718
752948
184657
7862
-432173
201688
326671
651513
-9785
128031
-158710
-52017
-136194
-95484
-98367
503498
236410
632281
132765
357203
-141364
-315137
-392007
-347468
-222108
275466
194523
480399
104769
730070
-26720
-379527
-285643
-458432
-471348
46973
-150044
46787
-169980
754001
278200
-59812
-110081
-379536
-640126
-306998
-414064
-171939
-420512
477301
62046
344046
-43662
-290126
-578891
-283599
-534954
-51136
-528559
54882
-75055
465194
21513
-90213
-271669
-94747
-519279
190243
201095
514908
-233652
-417928
64185
52031
98768
253420
-793950
154835
696382
1018021
-37278
-1123130
67550
59725
189578
129098
-1499536
-303984
928074
1733181
676098
-1090834
227119
-100574
-48085
-288429
-2166600
-491844
924591
1392207
717260
-62051
-75443
-619295
-802387
-911266
-2518070
-292031
1505432
1974827
1144737
579860
-163229
-837214
-1143485
-831374
-1985452
303727
1909772
1733209
643447
620129
-356534
-809107
-1081850
-695098
-1448009
790616
1940364
1598199
287056
125933
-411303
-540244
-823321
-595581
-1035451
768143
1381373
950672
-173759
-67996
-654905
-525837
-732139
-724160
-1140302
497526
940823
643513
-200633
255577
-664043
-455004
-688133
-686466
-1110223
165468
144628
130256
-48231
795350
-532129
-476953
-749831
-686095
-976449
244367
127845
-108734
-209278
981168
-591635
-597043
-937844
-757096
-627303
544289
362077
-412146
-824239
1074656
-678301
-754495
-1250467
-994010
-888722
582983
949751
-209857
-887695
1080120
-732969
-782544
-1359422
-1085275
-942103
367195
722281
27636
-491597
1277523
-732782
-631995
-1125116
-931656
-973570
199790
434522
266742
173973
1524258
-673769
-548934
-1080095
-848175
-727122
534808
463994
589903
995049
1410278
492085
-111772
355118
-113838
-352114
-1072321
-343247
-362549
631162
472078
551375
19145
661421
373546
638736
-262604
-678660
-1054958
-371388
-53555
533942
-235946
282546
284450
722817
86508
-257867
-960395
-142708
-16961
452335
-481735
-82618
301478
492984
-173094
-315398
-1136950
143186
615247
518906
-498541
-28718
288492
738217
-70937
-286415
-993970
-469786
389463
668295
-407950
-349518
-635497
-39039
-444964
229942
-483724
55605
522042
653633
-346880
-167629
-718807
102315
27660
900262
-349592
255759
-199293
185823
-570097
-34611
-419781
177804
110584
1135926
-18227
224687
-179306
474490
-518101
-57712
64641
174314
-446073
567310
-128238
398174
-131093
1310969
399109
268766
201515
115010
-1192058
-538312
-780282
306398
-547436
428667
-320589
-332080
-484041
-64749
-1312954
-432793
288186
1690920
605095
-219757
-1046208
-501220
-699652
-260080
-1436594
-363158
645098
2160430
1127219
335352
-465964
121225
-710088
-747723
-2275237
-986537
-973961
1760265
1236745
91472
-261664
801213
-20243
-364808
-2309668
-279724
-1921406
1463022
-208919
-301858
-718053
1162493
1748284
478543
-1307971
1122051
-2302524
497251
-2513287
-363623
-1436127
1014826
2557160
1100999
-1193800
1753449
-1828081
516424
-3370101
-219496
-1850080
889191
2463508
1430687
-1601656
1629925
-1556850
234627
-3133566
5748
-1810230
982362
2222115
968994
-1875326
1788448
-1070153
-480388
-2865322
-271858
-2079189
1034542
2406007
710907
-1970152
1484868
322977
-514810
-2549560
-269053
-2193312
1055615
2654733
567001
-2210034
901052
677299
-242761
-2128841
-196796
-1888634
1017029
2337675
360748
-1857863
527271
231710
-505972
-1515191
-570131
-1886272
1138833
2145025
304337
-1949827
171185
386822
-498258
-811580
-566795
-2380579
911214
2008165
251000
-1538750
609830
678017
-777648
-792447
-296387
-2437352
1147592
2237886
393367
-1667166
310863
362592
-1335280
-911025
-578589
-2841150
978504
2268880
382394
-1770987
29801
678799
-918452
-266453
-197074
-2608214
579381
1806145
467247
-1128015
221184
687245
-1114726
-644035
-98458
-2224455
832899
1136658
403542
-689602
364317
233286
-1018521
-1032573
-543257
-2646453
1096151
1225635
771211
-480606
500510
186248
-799755
-847433
-365723
-2564152
955747
2141795
862928
-561743
-129085
412784
-1397195
-871345
-57810
-2200378
507815
2240345
984221
-855262
-689897
233584
-1445269
-758172
-207201
-2736207
-211373
1783583
689413
-1112164
-960665
974378
-858670
-139853
-333435
-2900813
-274629
1605490
186858
-550524
-777111
2072772
-687695
-596877
254866
-2684009
-314353
1349451
179851
-233292
-928693
1959653
-882036
-1001576
776722
-2075237
-91955
956249
29728
-1133378
-1286399
772232
-262474
-593269
573198
-1544090
369282
1487917
754893
-553804
-990077
-27765
-353821
-1214301
429917
-1485123
427494
1646406
832902
277914
-1010630
-363863
-572716
-1269953
701908
-889328
477637
846503
213515
770109
-576316
-283535
-805217
-1344682
520884
-762167
275760
102300
-13362
1327247
263012
27088
-1069246
-1483986
134819
-999744
536548
-48737
-83493
1142561
530280
-22731
-623801
-1034353
131549
-605382
813736
-406928
-161244
950130
742036
-14280
-346152
-1375089
725828
298526
708494
-668939
-542179
-23528
64193
-267624
-172695
-860930
1043586
899909
1066010
-158437
-81421
-469835
-556932
-740329
-337198
-1021727
828581
593482
1162274
-143653
-65856
251920
-10823
-1127046
-784943
-934581
746284
313986
821047
-382055
-330094
983907
744568
-737029
-1021921
-1070546
591855
515267
886254
-193378
-311271
464981
327193
-768954
-701498
-942264
630910
777492
859559
-285807
-697440
210736
341598
-386007
-356399
-922155
882263
932186
871070
-578217
-395995
943795
980934
-298346
-1118301
-1701194
398138
563918
870381
-829932
-556709
184901
1091292
287626
-620797
-790221
343287
372934
527965
-1173006
-1455368
-851373
903909
1200990
424609
-90609
814883
484478
594997
-945579
-1181335
-667592
809321
890894
-68751
-504963
79361
-204673
331192
-780020
-490381
112510
671378
615129
71020
69917
-211379
-678834
-230228
-1078276
-812716
177239
917768
467549
518373
995595
769747
-71297
331098
-489813
-179634
664975
624128
-946955
-1101798
-237347
1442733
778584
1059528
-271359
56344
48978
15399
-1508941
-1214900
-1025499
987944
412685
532911
-1255517
-441854
-580940
370876
-154145
256252
-640515
423218
-246781
448315
-731745
213377
354119
720678
183874
348248
-1222486
600873
-144076
454231
-481688
68525
-88655
118565
35651
908355
-852935
924889
134250
214429
-1142314
-683235
-556749
-105683
422733
1568632
-198801
681652
270
-143227
-742668
-72082
-190113
120646
-243308
979962
159207
693810
-109967
-17475
-407117
8926
-519097
-663637
-1157129
726684
910294
765387
-264865
120380
-551550
-624234
-326380
-472813
-960925
542984
850452
510387
-552344
256500
-166759
-823096
-55407
399500
-347046
781183
227784
578307
-187321
581322
317795
-603757
-376531
397861
-499869
442796
283582
978990
321352
881833
445087
-270082
-580685
-315110
-1362397
-279327
506436
575411
-312294
415750
-300912
-759132
-777641
180985
-989016
345997
1064770
342914
-633812
-40324
-899592
-611269
-338422
1207509
-270725
890675
734648
211551
-626713
-175079
-732752
327252
-9522
1009815
-570732
154376
645116
719531
192453
530971
-112714
85443
-403994
284914
-1290142
-646899
227401
1034167
176843
209208
-195439
-478202
-888255
401104
-999577
65274
7003
820741
-92278
150311
54760
203804
-992633
-151762
-1048358
246651
486115
791108
137094
383096
193250
596142
-466758
-434443
-1092116
-490142
130239
167371
-513731
-369211
-808634
38703
68452
515929
102335
551783
387021
610938
101558
374864
-270867
543761
-149024
34818
-794360
202530
-245301
971641
748357
927468
201702
787441
-29520
-59814
-1319239
-954341
-603703
307769
114690
234365
-265273
89172
157911
381827
-246577
-24152
72076
157284
-410151
201108
-335465
44865
-466495
332473
47974
755171
162724
315684
-640396
1720
-838500
116845
-305189
291532
-201611
770795
-189052
405090
-489235
-120116
-715184
-7297
-806335
-107723
-261267
1075597
158720
622046
-19126
253429
-391276
404653
-835384
-564783
-353027
572330
-232063
518708
-72876
491058
-204078
728468
153382
266172
-670822
-241884
-1047583
449653
-7953
816840
-214520
334999
97570
1288592
289374
-245072
-1723393
555523
-46331
676247
-46368
-187545
-580445
154009
292147
696540
-912635
276701
-839402
182401
-331951
-691461
-1051003
-420406
599347
1860640
305010
339986
-1084896
363193
124840
-565278
-679091
-333728
108579
1204560
388699
137804
-1044116
625362
580407
13027
-371584
37693
-3449
688133
9713
685498
-556166
1193261
920383
-37819
-701435
215525
-431920
-395968
-308468
1337897
70689
1459864
637116
-560272
-1360625
-578450
-1085670
-284488
-183606
680374
-311053
613212
-393761
-714043
-1207862
-35640
-210627
713941
250215
260924
-410149
623989
-264047
-674528
-943683
101945
309494
404721
-180842
676237
50764
1061257
240554
-344385
-771509
-466443
-296397
-356499
-798962
545155
-241963
577783
-267134
80120
90422
241309
-203964
-547518
-830990
77543
-483061
299934
-290594
301904
447326
942118
-533081
-782437
-752369
537172
107164
531889
-186811
-669411
-770964
969565
-262294
-336415
-849165
712914
249390
445172
-464124
-746887
-830645
965348
613429
-105511
-1107712
487395
231583
759638
296220
2914
-353514
570430
-219705
-523566
-1068255
657372
160802
672629
38221
161570
-77631
538946
-461033
-281332
-931686
42672
-14587
-81489
99692
522779
688030
352722
-92502
-858793
-364324
-116920
-335444
-362070
-396487
-472023
-33947
95447
195622
681530
426368
50970
-207340
-255712
-161405
-390188
-331994
-397234
-101302
490184
624538
164255
31524
-118926
-187598
-181065
-369313
207135
312215
181998
257679
-632
51200
-183402
-367312
-432877
-473097
320276
447939
832563
116294
-179261
-57965
89071
172236
311478
197533
240257
19497
-1740
-308148
-111083
-160557
30697
364243
204035
145129
-327305
-323129
-225258
274463
447126
262372
20802
197337
-246994
-429653
-997829
-922924
-56514
498425
301209
307937
-143347
-58573
-244952
-451792
-459298
-423685
155946
545084
-815531
-798714
-793935
-528916
-141724
-304087
320295
799863
1091854
1127766
-45947
-235689
-288118
42745
420097
185163
291748
130663
312332
-429177
470439
764333
481845
605820
723948
198485
396591
-723702
-118574
-1935526
-265526
-17263
-44732
995339
1305148
1250752
1456304
-45852
343846
-2502906
-214193
-543574
-260603
785190
1076195
1534009
1108367
256376
368210
-1948317
-35510
-655668
-126907
34324
454372
38438
286989
-67269
254312
-27128
112717
-467268
14325
-112378
-103965
-1038913
-275138
-308692
-211403
970984
-94789
-400313
170101
223022
-373217
-875840
-513900
468364
-578156
892394
-419233
-606687
59586
463783
-313031
-798385
-783651
889718
-301294
1298352
-157855
-501848
173562
416761
-399061
-522033
-608821
132822
-544416
618307
-148900
-288067
158464
253426
-589701
-717604
-136036
387931
-676984
285229
-300667
-509172
56230
220150
-247677
-586056
47306
494879
-339440
439740
-16301
-510485
61302
-5309
-137618
-258392
213966
587365
-298662
-88029
107450
-298688
344840
347253
-134215
-469039
-88454
276523
-440302
-90958
-295786
-544729
143068
237347
-335838
-314520
131131
582249
-121346
188613
120175
-111152
113469
134674
-417397
-54889
563034
516258
-531027
-642142
-124160
-214006
389489
318673
81909
-349826
331210
70598
-544364
-568996
-525052
-734755
160845
574441
252401
19300
-339253
-54575
-518236
291189
38055
-138726
80889
752065
-445739
134396
-946788
-127510
-689162
600130
-46980
-228332
-167180
358502
-636512
-481082
-614084
3317
37232
839672
-290457
-621724
-225820
55569
-521044
-436164
-323433
981210
330489
766778
-157938
-238946
321965
638965
-105696
-86715
-342053
1167643
-138808
-279433
62720
6580
741371
797843
182577
-245495
-116272
-140047
-294908
-896870
-310023
94717
702193
969733
162574
-655413
12137
-812315
334731
-931240
-729916
-68158
518093
1313911
388430
357534
290581
120557
-16969
-1108907
-344892
-47046
126027
402745
-401161
61912
7207
816516
36607
-383101
-4603
357771
116459
40712
-690289
-558296
100501
557050
75992
-326488
-341345
-145353
32932
135613
-233822
-367160
364132
234821
251642
-228392
-180010
-133147
492935
297168
69153
-594902
-331841
-639814
275793
-122481
208394
440078
642325
394086
-220384
-562231
-225901
-753740
-143860
-283556
469810
656938
412410
346064
-543692
-612365
-588800
-865813
-178875
150095
98597
37272
285510
280040
93740
179194
-13792
-564764
-353728
-121980
-228059
-468754
-270935
-414494
-252968
422155
342727
531840
27559
-163586
-69468
-144524
-283903
-360594
-544111
85058
-68721
376316
241016
304937
2417
75028
-18483
45831
-543138
-518103
-356906
-254242
489174
596223
115446
56241
-90389
-315717
-631049
-244820
-65261
139389
364667
320009
116954
-93353
-115079
-673807
-401847
-218294
543858
378661
156113
217314
-190686
-329206
-339772
-643422
-570214
-724240
-8045
131639
777287
1076752
197817
15402
-430902
-593057
-660944
-170016
33251
290601
356654
452877
293104
159330
-89481
-178918
309505
859211
580361
6302
-926892
-830590
-331276
-414437
-364987
-116007
404484
900872
666255
-6467
-741673
-304573
346169
169354
156652
-79311
-99922
356289
113787
-573077
-598674
-600063
976671
796579
966857
434190
415403
253784
-203299
-1136587
-1160003
-1239052
296907
212670
171631
-198526
-108534
-535198
6836
-393362
388050
199922
-429947
-716708
-778508
-796019
-513661
-352019
273752
655110
1197034
1205226
-208139
-380603
-424362
-103159
230799
709480
98799
264643
-102329
-65398
209040
214891
-36729
-209195
-433708
-72440
-567220
-247435
96310
300053
253879
48343
-316759
-359733
-528137
-89691
-148506
-238480
-187709
342893
-117891
-286902
-406008
246295
381170
700358
156843
-628949
-383870
-161038
1928
-212613
-150986
85258
227753
147371
-515841
-444103
-253726
359655
-77865
-199497
101466
138380
-56611
139864
-119090
691976
415120
-68135
-324596
-198512
150552
383842
64857
245974
247599
417166
646759
-255171
74625
261932
328369
360359
-86152
-181690
8036
-485370
-45824
62838
247468
112512
-111047
-251887
-325981
-349351
225324
-276832
-139077
244175
-144082
-415756
-661825
-822944
-483266
-169984
956491
697061
875391
164720
-68232
-135345
-256984
-232096
156948
374977
975407
295476
111113
-237715
250061
399429
274802
531810
502702
438372
107373
-736988
-1205553
-193286
505187
561293
223087
523286
-146461
-123469
-699355
-646432
-546079
-174112
-17303
-154723
-238938
-139490
-185577
-9087
-76467
20433
591411
401623
-502214
-494758
-291126
-83130
320995
182954
153830
32808
-61774
848151
-162852
-102074
-97619
90938
181999
312873
319812
565662
-387553
55678
-252765
-299767
-365134
-395423
-311456
-109478
377648
833169
740431
225310
370068
516996
677581
567780
412307
-177429
-370757
-864859
-568402
-416302
23034
156381
-4997
-8147
-192156
136324
-88480
1271
-237457
194167
-278930
-563175
-848551
-809834
-810851
-327479
-87549
771769
1117775
1139795
287988
-132707
-269091
-474796
163135
-297880
-83427
-284953
470668
164320
345066
168936
-97888
-143464
148431
55734
120465
-220544
-168734
-326063
-75320
196082
191635
370377
153604
65195
-146727
-43967
-25293
-57195
-10874
152571
312567
494611
526762
393129
120794
9305
-419783
-394857
-103159
-176613
63427
-4554
207655
410642
550154
518893
-159754
-718772
-34803
-186032
-62804
-117308
-308551
-314963
-310709
291169
492619
375945
44053
-257153
-306457
-121024
-332335
-238880
-1248102
-440783
152285
1191734
-122480
-535842
-228795
-130611
40084
153471
-376911
-109749
-41545
424677
3095
58976
492257
667837
565786
381288
-98256
-103368
-367273
-756724
144807
289034
724293
757404
314294
-50536
171683
-351830
-464024
-665166
608517
450884
717478
219165
-607207
-871822
-460121
-281057
85237
-155121
492485
243051
-12953
-317949
-880818
-775337
-261032
20109
394424
359408
-381282
-462301
-840056
-551460
-701649
-131645
899144
1210783
867879
527784
48438
80827
-195498
282314
31050
395015
380107
673778
-363369
-456720
270570
232000
165860
233475
131398
438279
277483
146876
-591792
-743078
-317886
-239470
-312430
-368111
-98373
360676
850223
361415
7572
-215811
-193728
39783
-90459
155657
-381759
-236250
224390
-86643
447182
-244546
377695
490830
332635
213784
-530857
-540585
-432744
-141994
300206
-100384
82908
12866
47375
-3043
-31657
106820
230629
197218
-445766
74261
-128580
-149369
-65092
186379
361525
494657
90010
-613481
-904043
-326981
89411
-107321
-196588
-466548
-229555
-200146
-34285
-182707
-327745
238335
-181477
-133525
-146513
-428808
-486099
-404426
-431933
-275341
-56928
979197
1154936
-636016
1059260
-359423
774425
-897678
-479168
-1717952
573978
-36804
1247229
-627459
860033
-35644
1185831
-736110
-318851
-1684992
200447
-107408
1218669
-1036681
665490
-87673
977976
-728122
-31334
-1376421
500515
-16695
1244307
-1175351
490232
-321696
563079
-685445
315141
-1456408
414708
22468
1314612
-1230484
379142
-823535
643104
-560526
868666
-1342546
249756
56289
1332406
-965145
497647
-1128432
556403
-715280
1046833
-1643382
635192
-162964
1268598
-953434
540231
-1081210
481236
-921687
1160681
-1439606
1206587
-312407
1268623
-975465
529690
-684515
454749
-1404911
754112
-1257808
1566315
-387382
1492834
-988498
188910
-645869
246672
-1816026
168887
-963965
2182762
-312334
1464165
-735112
402451
-431821
352308
-2194068
34193
-728555
2335161
-893951
917499
-1216400
181356
-634377
244642
-2526695
286728
-601554
2665605
-324101
592713
-1351939
436724
-778044
601129
-2681998
597992
-1439151
3011235
-946757
333184
-1031247
1200752
136326
857825
-2724907
1181999
-3361618
2863813
-2901271
-108015
-1097706
1631392
1673103
1415028
-2772436
2495975
-4768138
3084519
-5482157
-482265
-1762318
1821591
2815740
1627923
-2104719
3330818
-4592356
3178015
-7306705
-446869
-2462640
2102752
3017865
1682144
-2368785
3852978
-4272717
2965632
-7220244
-448793
-2861092
2305999
2600394
1480795
-2751091
4134256
-3404554
1796339
-6133094
-418927
-3015572
2705808
2627553
877073
-3175474
3934128
-2248074
900535
-5260881
-587327
-3076478
2588514
2473455
473180
-2803480
3192844
-1197618
131450
-3496141
-610833
-2971764
2594919
2131932
389435
-2480610
2374998
-889973
-123630
-2511363
-490470
-3086148
2457780
1999746
276883
-2226052
1892341
-483308
-550253
-1857028
-660697
-3381481
2437626
1942663
478037
-2312247
1831926
-284125
-1235884
-1217550
-596547
-3820533
2674432
1659269
244897
-2092664
1853228
85044
-1608141
-810032
-335738
-3967723
2700981
1568769
449887
-1927870
1963050
42793
-2074151
-645653
-372401
-4120050
2535281
1069903
713537
-1225080
1497325
-235860
-2199382
-322608
-348258
-3944808
2623909
461480
966712
-609597
1305207
-584363
-1742322
-410925
-201659
-3717784
2696008
521835
1300400
-784954
737152
-385821
-1667021
-641635
-262667
-3862221
2372318
709944
1639037
-1156495
363133
100001
-1466630
-560267
26562
-4024835
1807182
1507752
1297270
-1125365
-423513
1127510
-2111196
25373
14992
-4058749
1451649
1826789
629178
-993807
-452463
1810582
-2380884
-60895
120756
-4227179
1372278
1562836
118606
-605498
-734051
2459975
-2806257
14168
324730
-4030812
1397071
1218386
21967
-190495
-1236368
2941337
-2785371
61611
889545
-3424174
1687197
949887
244689
-328555
-1309854
2463641
-2478137
-339559
1203437
-2815896
1975598
1093062
454808
-550150
-985671
964908
-1713424
-1254722
1051287
-2359784
1949859
1234457
460566
241588
-579614
304063
-1409612
-1974901
794676
-2028353
1876659
759598
407630
1577584
-623606
298877
-1804910
-2177499
579832
-1487994
1984639
129994
54031
1792619
-317643
257592
-1917567
-1756697
342888
-854911
2196146
-547717
42984
1738636
-24556
118915
-1358531
-1839385
400296
-449638
2207567
-1266500
230034
1351594
74440
-393909
-671740
-1739153
808407
224614
1937911
-1343556
632174
217472
-81917
-181438
-341485
-2309983
1154712
770002
1848177
-955841
462434
-358739
-168189
-824881
-468106
-1935832
1336608
710279
2002834
-463974
266919
-94125
150220
-1531247
-858442
-1532357
1152003
481573
2030342
-679098
257969
535179
256406
-1462648
-679702
-1666005
1003981
613329
1891505
-979641
-344049
564350
344589
-690925
-334204
-1612847
1015323
787057
1562243
-1035868
-444174
585145
462589
-639894
-220398
-1776759
1112666
874586
1376648
-1330440
-534495
384187
563232
-376147
-201550
-1514548
1156953
712963
1300789
-1722140
-547925
83908
1201009
654449
-265183
-1542019
1077335
198224
1045113
-1885423
-634427
-694313
1842009
786841
-281195
-836350
884309
-67959
982414
-1813196
-759721
-691814
1382993
592583
-203412
-266978
845266
-76026
1153872
-1566200
-456675
-325640
1151617
805
-278944
113807
796748
-312100
966704
-1526715
-33448
118624
967765
-552579
-432758
483507
1139372
-414513
983716
-1495047
-158125
28857
507903
-1458853
2263
463972
1778723
-47966
1332938
-1694362
307315
-186867
461085
-1431295
-19718
-953731
1781107
12850
1685778
-1749871
700058
-482779
565397
-1274529
392023
-1806623
1567010
-316068
1379488
-1790786
614873
-1116344
820962
-900989
1018961
-1657850
1409887
-627402
1067727
-1977585
604571
-666744
458454
-245703
1617042
-1687867
1480065
-517899
749040
-1759301
610120
-635073
54412
-578094
1622460
-1229509
1523284
-594916
585735
-1377205
497053
-1359913
-501939
-677581
1834544
-213188
1403207
-763608
585384
-846699
211729
-1239692
-383314
-1140183
1764348
194804
1247869
-890135
1000524
-660658
-312024
-865691
-222403
-1486219
1483135
24466
1455044
-838300
1353987
-643338
-779894
-654443
16601
-1265789
1003351
-150241
1496502
-812726
1368530
-576567
-855991
-518557
188266
-1098526
1189403
-206823
1457991
-824317
1477474
-524236
-757322
-607512
465900
-1680811
1096017
230404
1334596
-876258
1448563
-790653
-495607
-409487
1034888
-2130899
850591
334189
1316558
-1001598
1051308
-1268212
149868
-609688
1141306
-2238058
1079035
85908
1115617
-959096
892372
-1459435
549975
-810188
1154305
-2135606
1385140
171306
1289808
-685647
871584
-1032581
555041
-1132330
1304954
-2458263
763177
95953
1432659
-463001
804968
-423544
510068
-1304259
1001873
-2303523
692193
-197781
1630329
-394194
932644
-180968
322368
-1444455
508570
-2161293
1049827
-495887
1188778
-680245
928433
-410298
696816
-1042117
656959
-1928892
722575
-229350
1108340
-468777
1000098
-614133
963907
-552363
597736
-1575415
342136
-465178
1122485
-353526
762353
-1009858
939731
-797290
491065
-1172556
633571
-315738
1411389
-183521
837711
-904423
1136283
-711348
497626
-1549307
586245
-548792
1349396
-307642
926327
-494439
998865
-754648
908443
-1352989
377168
-516539
826780
-929340
743653
-948473
585993
-668798
650852
-641139
1199790
-432021
748780
-1195306
741555
-1186913
764746
-990788
707371
-1038978
1826992
-569167
996141
-923364
775873
-1442462
1133097
-1598876
637716
-589560
1639657
-1375522
1006858
-724721
844515
-1056160
1096228
-1452218
390821
-904551
1397586
-1539636
1038068
-532776
1195738
-930405
1303572
-1183436
831050
-1203301
410089
-1389877
1023809
-630667
1269512
-851687
1185500
-788076
1096323
-803220
435541
-1901707
914842
-981858
1357026
-708020
913632
-1262284
722442
-148230
1664464
-1661312
887034
-1407089
1515539
-233745
182092
-1297567
113244
31684
1705437
-1069295
899620
-1692794
1872882
-146177
-134223
-1549727
-508593
-66965
1663203
-729894
1106523
-1620162
2326737
-105635
-156312
-1259192
-156732
-485083
772384
-519635
1436996
-1385596
2575995
-36472
-363590
-1432823
230001
-945111
396324
-418126
1752192
-1275430
2564657
-415420
-267643
-1442767
470317
-1249148
691933
-501080
1774222
-1011129
2568249
-714084
-257312
-1426260
239678
-1085776
621604
-1075759
1279675
-1003575
2113400
-958373
-300577
-1381172
616775
-678281
492250
-1218301
1139898
-774484
1818972
-823030
-25098
-1008650
387925
-413258
-57465
-1258492
1236909
-554607
1817096
-713014
583773
-347572
229352
-745949
-573274
-1461321
1172598
-526327
1646494
-795498
413322
-570139
1155600
-818248
-564330
-1402259
1112099
-392757
1218494
-931706
181758
-687047
1896578
-698064
-448153
-1993215
1335304
-80806
1332691
-540519
-212236
-914848
1654077
-1109645
-219257
-2076205
1411236
-56522
1475331
-445553
-63348
-999411
1266796
-1256570
-301168
-1271641
1260288
-269943
1522677
-449596
302596
-542773
859210
-1540285
-186437
-1019911
1356074
-182090
1472001
-871614
344015
-472030
368819
-1832222
582244
-342425
-309046
-802317
-41302
-658006
68304
142336
1008842
603685
1078220
-284483
-429714
-700830
-16762
-848728
-360777
-610951
946208
1542229
1457190
-34265
-325261
-660200
551176
-491379
-363651
-648448
602120
1245129
1327579
-475983
-274184
-668699
797002
-173460
-277808
-96322
710239
771608
1218459
-908473
-300514
-631091
893544
122018
86266
-159305
514391
310942
960480
-405785
-425419
-676047
793077
421897
626876
-182004
130488
-333696
894474
-222816
-369081
-653494
698025
292158
821827
-271741
-58199
-351615
937559
-594976
-309965
-774378
480152
-179571
531883
48728
351747
21844
1018778
-621119
-498296
-943861
676573
31809
417447
903261
1372475
269390
387495
-1407638
-680122
-1050129
648397
339162
274122
1009883
2231253
540679
-238638
-1952645
-277944
-517533
937111
701550
557978
799727
2217258
198053
-1317750
-2566492
-178051
-65040
942537
198003
276958
605872
1996678
241963
-1125595
-2365769
-844781
-165170
553235
-458906
-257984
342146
1750178
683332
362145
-1688183
-1040318
391762
178412
-1691194
-1443467
-493828
1057752
392143
1938906
-675581
-1118079
1223443
645495
-2791891
-3197150
-707679
124216
-471668
3102018
487073
-1270891
1562412
1401970
-3301226
-4162798
-576930
547100
-1163940
3110081
875478
-1374795
1803460
1986369
-3279211
-4014916
-412291
1332067
-1710831
2494000
1077959
-1370277
1856069
2069150
-3431758
-3663862
94847
1748051
-2110168
2142144
1571241
-1249775
2166720
2185741
-3635304
-3354364
724145
1834391
-2376430
816270
2208595
-1065222
2117090
2274208
-3682892
-3368977
1121597
2256511
-1979283
291067
1833067
-848824
2027466
2200267
-3141660
-2924995
924929
1985902
-1480861
388619
1485146
-718978
2256582
2161887
-3058496
-2634128
690404
1984606
-1373858
213122
1580166
-801259
2463578
2644670
-3158738
-2564932
669331
1647960
-1560995
293935
1938158
-963438
2533551
2867186
-3296047
-2482212
623551
1573350
-1633269
445217
2313237
-965081
2411426
3135486
-3152474
-2416363
555926
1340413
-1648241
338201
2491947
-995057
2280343
3195362
-2502575
-2308973
-241705
766787
-1393597
645706
2705535
-1005070
2251815
2799207
-2415961
-1781407
-985709
428754
-586262
1135075
2422927
-716820
2393044
2888891
-2898338
-1770401
-1088645
646539
-235844
1149044
1854062
-824908
2157998
3255795
-2722726
-2551518
-498654
1198255
190201
576582
2086503
-923280
2044751
3513172
-2016957
-2766300
-242145
1813576
14401
-276513
1855117
-854689
2152382
3855013
-1717528
-2569703
-251910
1827441
-293281
-1266012
2135548
-921612
2092176
3655960
-1867913
-2222542
-68441
1125026
-236020
-1858898
2722595
-1098063
1370726
3209262
-2033638
-2235453
-109204
1011631
408083
-1580729
2849729
-1020865
718241
2526337
-2152085
-2152640
-293808
1358102
570420
-829415
2114682
-855814
297834
1641340
-2358576
-2238649
-648226
1011367
646457
-135704
2044328
-800024
140174
1317992
-2209702
-2037364
-877724
-146341
675513
205521
2372264
-1010743
17992
882815
-1646516
-1005135
-828369
-998616
461006
414495
2436600
-926035
93014
288365
-1559775
-351128
-966787
-1632589
133519
774775
2619756
-720553
-62061
-224851
-1821358
250480
-513229
-1371202
42005
905193
2016111
-816066
-755746
-980015
-1829509
708933
-272727
-820940
323178
1092496
1589340
-1072244
-1428082
-1449573
-1380259
720716
104617
29873
379839
1125471
1547035
-958921
-1733075
-1770528
-1396924
447647
-26467
572291
657124
1138625
1571168
-652059
-1455129
-1546328
-1585996
623167
-245562
-406995
586329
1749249
1485717
-564360
-1344693
-1329905
-1423901
892575
213741
-906694
289249
1494107
1325471
-400485
-1409637
-1559839
-1183515
1120944
583387
-593468
-92525
910366
1104694
-304568
-1489249
-1661365
-810101
1493959
1003528
-480293
-500239
433342
787717
-143838
-1495359
-1432250
-340935
1949964
827434
-881613
-1040565
145862
855051
101875
-1311213
-1183190
-123648
2487656
1250852
-391701
-1928409
-598609
548248
23709
-1024642
-782935
93220
2513139
1617241
-262657
-2462732
-1155347
497103
-244814
-885620
-505958
-9460
2015661
1077925
-379885
-1985377
-534304
856941
-85591
-563484
-400608
-294704
1560975
241533
-720486
-1011403
80317
717015
-350265
-789708
-381892
-343291
1375911
213201
-716333
-342289
1061564
423862
-995039
-1620486
-645024
-562664
1231430
277464
-420989
378283
2017852
793349
-1015548
-1905786
-766266
-442579
1350273
234521
200892
211356
1586881
622947
-502786
-1462184
-534950
20857
1845422
56941
375821
-612497
147824
106723
-313197
-982208
-169850
-197730
1617391
-40080
145990
-335326
-241014
-209522
-597326
-1182415
-13518
-24408
1489575
233229
458340
49355
-358354
-716376
-597927
-1258368
237292
427725
1640312
360444
714165
575341
-448347
-1539829
-446276
-1090721
311637
339020
856980
139881
1020844
928185
391463
-1572089
-313845
-763272
361329
-129732
603261
313597
1391229
1323390
446290
-1888901
-265494
-720234
207716
-640955
938102
758584
670699
1103369
414058
-1424456
-120834
-753786
96254
-1139498
768102
1253811
105499
424683
596871
-1194964
-222466
-1160868
-110964
-1110853
582490
1524607
534063
161443
952565
-994628
-220719
-1115394
-65802
-686685
822472
1272361
569744
199622
1019160
-1091178
-148607
-670484
328572
-347352
1202206
858657
-123242
-375813
1252625
-1154236
-34098
-597789
532406
-131125
1026745
221717
-422295
-791322
1486963
-958676
-316685
-1051703
148394
-259127
531473
-308329
277019
59946
1954074
-253452
-533131
-1068508
-188811
-450832
496248
205843
534076
517005
2049926
-293586
-709690
-1170702
-26703
-467900
185251
648188
784473
235029
1904395
-544684
-249362
-877637
307839
-440941
-194407
86992
1051163
63445
1255671
-697805
-81806
-872927
17766
-478461
-157670
-405673
744735
391748
1108888
-81584
151585
-685688
-25831
-255082
246345
-631541
9184
77087
831982
-101463
21704
-1141430
-403834
-457738
315674
-539188
455290
376825
1162764
-279015
-35389
-1307372
-476156
-418245
279020
-510861
524134
430658
1297396
-82990
222046
-729986
148831
159703
652946
-98912
130
-229126
324676
-650291
156511
-315444
513500
40924
692686
5355
503156
-436232
-128959
-1030258
-137410
-260096
581688
-67338
800161
-294467
667765
-65461
-14861
-1149891
-260270
-500195
388117
-128408
356532
-256438
923996
-112954
89882
-818473
-265470
-707836
-44113
-427664
113486
-613235
1052896
-8673
50789
-8638
-162501
-640406
-100474
-645872
151628
-904195
194724
-41957
740498
351864
8701
-515184
46287
-782108
498045
-372633
312019
-661211
263082
239077
49590
-240775
371487
-838764
313990
321772
1105255
-130217
-903100
-818748
163385
88874
693709
-1318318
24819
575406
1543038
558319
-1153903
-1628040
42300
-31287
529131
-2094652
-377036
746842
1250419
630327
-313000
-996796
-247073
-561341
-69555
-2590762
-517759
933096
1596598
891237
492605
-479071
-496434
-1145843
-191332
-2481328
24787
1541136
1624361
329914
879886
-92806
-635886
-1455022
-152299
-1950161
527795
1890879
1813005
308797
545423
-527688
-190351
-1044754
4901
-1201211
831336
1197792
1263997
-451193
-41031
-393653
-160179
-691061
-244182
-1323392
702567
876238
808410
-524793
-13853
600485
-286097
-772994
-371288
-1403805
344264
438153
448824
-186142
467127
1291987
-191988
-773039
-202708
-1118940
339970
-131854
562
-142302
656392
1244014
-165747
-739905
-311742
-950894
572563
51928
-386567
-752098
1066409
1192542
-451315
-1134285
-620236
-968460
626538
1010940
60167
-1434554
1120171
1359299
-463018
-1314361
-670468
-900030
580843
750277
170015
-1254354
809496
1805440
-287756
-1136610
-687643
-1127871
138020
393071
344971
-355030
1369275
1339598
-286437
-1020760
-571863
-954095
430334
207287
479203
283752
1584883
501968
32269
-61033
118365
175500
376922
427414
-424345
-914992
74340
-105629
-21581
40876
-372329
-122081
388110
58770
512978
332248
-188310
122248
-141861
19101
-79410
-107259
15534
-378807
237719
556871
130915
-35902
-126510
-127545
110908
-191806
-171310
310247
118510
412092
-143884
-730652
115626
-49875
175164
-258145
-302070
368409
453627
394861
-374048
-281858
6721
5884
193894
-63458
-302310
55861
78478
-131948
142929
246311
-88382
175611
328846
292369
238381
-360920
-21480
-49402
110461
-211419
-173436
-153374
-154382
-198640
185775
-690570
-343068
463052
817196
417600
166978
9996
157580
-208736
368865
130226
-595463
-23743
586337
-255940
-78093
-91701
296553
-31738
-120907
483607
-12540
231222
430817
-316016
-279151
-508080
249700
438485
-36634
113295
318253
10678
-494680
85849
406003
-329069
230321
26643
-194143
41123
-163239
-215213
-1376309
716868
153494
-373187
662519
454576
304297
-206684
10517
-125603
-1722430
221480
-32887
-351789
-114297
857162
738685
-686255
507492
263119
-1382759
-314538
47678
43645
-496662
484708
330906
-116384
-411445
743646
173899
-782829
-90012
158743
-458118
-342143
-332786
330270
-476419
807692
891239
-518619
33620
433084
11554
-513679
-526627
192806
250487
-136110
763354
-887118
-27604
332386
109978
-476684
-577595
-3832
537750
88595
1392041
-1214670
-153701
626218
-7159
-577844
-130250
123988
161564
-639419
979355
333605
-143733
667910
108634
-1281717
-326879
1081133
261531
-1020270
506974
539829
-19216
503141
140836
-649318
-311787
721682
84833
-524631
437675
-40900
-7567
236385
-313019
-284698
-197176
501896
374438
-364563
24234
2268
48264
435779
-121897
-464561
-251243
412151
254672
-368446
147226
-91518
158719
701975
-94764
-621318
-75379
340690
240481
-395004
215162
126838
-91659
467677
-72371
-1169441
50259
1095795
293136
-909476
99187
468577
59592
647706
445947
-907255
-721175
1237470
27116
-1115602
105447
879423
-100794
606504
206233
-323215
-169111
-38347
131425
-475400
745855
493873
107646
611060
-166703
-791275
776749
-695477
34096
-167960
904166
-306615
157787
648538
-115001
-1054215
494150
-94395
-197597
227382
893497
-143982
28156
413760
49200
-610787
-163360
227689
506917
-169391
711041
-505928
27642
476266
305736
-644812
-694823
199222
1069036
-656037
457870
-331327
188582
913475
190751
-699396
-345535
425935
132387
-457153
-358685
805235
242857
864780
451014
-1100995
-401156
319998
-212649
166018
-732080
1764276
310339
808322
763912
-830550
-196503
25953
351196
-549080
-604208
836203
93686
234888
349723
-609416
-175084
439018
1157913
-605411
-344650
170894
187146
49786
373777
-1110821
-724095
579938
702088
-207904
-324659
382073
-37044
118512
509597
-491033
-505430
483652
504505
243149
-684922
329551
-277062
254514
311632
-261823
-758937
-87354
-69327
476795
7763
1064747
-117916
442502
274660
-704474
-150265
172166
-384650
204969
145854
677230
-39328
326691
-192989
-943255
438001
-325630
-600956
768863
387462
139704
-165281
329926
-33264
-105389
356320
-291323
-619356
134479
216045
231457
-246107
-210570
-114759
375170
95134
146221
893985
-537328
-532709
475825
-155007
-260868
-197268
-73075
165984
-157477
502948
80502
161248
85882
-266988
-23986
104780
-341020
237236
-218224
-127592
772120
447544
-89951
-216631
-27225
-71800
-213927
123119
-150341
-59422
224296
377398
88366
-201695
-47573
-324908
-89047
180781
682392
-111942
200859
-35229
-261260
-189896
-116768
-54581
128960
155501
-76686
-364329
851880
280494
-239577
-99531
-526274
-358353
175028
455807
-378809
-39077
453782
324337
-56968
105413
-373810
-215006
358532
517425
74370
-480976
-899068
-92883
223234
-154438
-192652
160066
441586
615403
365658
-382784
-1055453
-45948
627553
-127576
-103668
-378072
40444
318192
-134109
-56116
-438543
-293801
1111299
109301
162875
-359455
61900
26098
-154770
-446448
-424146
-179831
532465
-76191
179207
71855
-66792
214667
263722
-763236
503472
296449
-296805
-412888
-124174
145229
-106740
45690
251797
-99277
650448
961828
-404708
-236751
-473055
-9626
467614
386757
-270803
153781
-408234
352051
225816
101080
-62178
-124377
67626
446602
-218195
39594
-164361
342510
170204
-167125
-10586
-154126
-418909
312587
-71857
-186250
-164837
221254
580901
-149250
-81387
139465
240372
811830
-341494
-336239
-34815
-622078
287834
-239290
-302577
121806
518754
129237
-420228
-57807
-125302
218330
133943
-24657
-3295
231725
301844
-406308
-317608
909845
-147148
-354293
-612162
5655
51495
108084
206897
48867
-391372
664545
566773
-644307
-459320
130620
240587
-3953
-275248
342942
-142507
-350019
590331
-297758
-322615
-141253
-142841
47070
-254913
164200
500864
-384196
44794
-52847
10852
-140995
-348601
102578
2499
-15592
731282
280365
29492
-656474
-70682
-132497
-136865
-165450
-235161
344803
544699
-277543
237047
-5914
-361449
62836
85755
236511
-198815
533201
134288
-912396
-341400
391528
-541479
-179948
-256976
238980
-174672
29443
-533877
146437
-101039
279033
191540
243641
98433
-74013
202784
301665
-401330
-53479
355426
116618
-381336
-177865
-133591
-104118
70620
266607
219920
-436673
266688
993614
-383065
-61513
66650
481566
-14340
-39035
413598
16201
-717557
150901
-725903
-284779
-169956
116629
-239187
-245870
595306
727670
38042
75499
-202836
14815
143163
24256
-205871
-263463
-253357
-364870
208531
198667
274882
173479
129224
135391
31133
332404
-111667
69722
-312136
-163100
-347427
-179538
-400246
-224228
26146
59249
-86460
739687
519644
321775
-145450
-279404
-555463
-38480
447714
-200451
11289
-372511
455806
365980
89636
26295
-289315
43032
29196
45416
236248
-221137
-396278
68973
201756
185916
112371
18328
-161076
250316
-267347
-167442
246869
56023
-459047
51817
160082
268408
7149
16732
-133851
-242005
-147353
153310
-553599
-90828
33472
103693
205854
-118240
317962
606897
-546360
-851382
52089
-126668
-15158
-22734
34405
-132124
-323575
590284
446655
15277
-294933
-90244
-114810
-154479
170524
296894
-689680
-199114
9734
1458403
276936
-89123
-178035
-192319
478069
111606
-419092
-85672
-412587
378332
587194
93100
-32847
1598
178712
-81714
-259083
353719
-105467
-606172
-88098
143635
389670
143160
-163154
57126
-3093
-226726
50313
-821623
-217215
-90526
203670
-305016
-490186
-252938
47447
698284
573506
-621498
-84861
-69923
157623
-39265
-629937
98842
346279
-89460
-119316
219265
128722
-362682
-273621
204647
-713806
413888
959642
214272
99038
226930
-646059
-313958
-440165
387054
-208408
156304
209684
315110
-341099
4579
-672875
4932
-22307
23686
-73725
344760
214162
-33084
-576700
-184349
-176586
98211
3264
-57039
-233591
405581
647344
-193635
-396455
-215606
322496
-47176
-159253
79883
-376295
182364
-56253
454586
506042
-649690
563920
72897
86990
-30044
-238791
22308
-661314
76518
659872
2337
-216405
-16228
83552
-103593
-197820
172049
192594
-288644
-111816
616399
-420945
-170663
-171125
117593
225035
347327
94955
-392743
-775074
177789
1053499
-119386
-187293
-61335
47920
10605
498046
-121286
-555764
283628
608915
26993
-68127
-125117
-262195
-105096
277747
114614
-202931
721173
603767
-974593
79739
-1061672
89645
-982467
359962
388661
1531210
363560
761498
-1116711
76850
-886388
-82706
-1069742
112485
-164622
1595147
815577
1025319
-970405
354821
-714145
318248
-722497
109496
-379652
1192387
562059
823428
-1044191
338449
-656620
698663
-343219
300725
-330483
1185672
449363
701981
-1120769
382389
-488095
1138025
-131130
446141
-673693
1032227
-74445
573739
-1135937
127694
-790226
989720
-122328
711783
-647351
1031041
-435186
871426
-990384
249561
-660180
976673
129641
1101700
-581162
746797
-876568
460248
-1155623
132145
-825086
446732
-218012
1207724
-79694
1158247
-703501
847018
-1275327
77339
-556830
787568
90733
1534372
672641
1420748
-1042430
187626
-1162810
40346
-737668
654183
-25637
1522386
666588
1672143
-962147
112178
-893670
338371
-430386
954419
359261
1845028
526885
1963630
-1222970
-586373
-773576
373669
-382024
865441
-342928
1656230
52810
2496006
-1548115
306069
-855173
-98608
-770724
-63950
-1062349
973826
-805774
3218633
-1162576
2661464
-820910
-33516
-772816
-1204778
-2061148
34792
-1973754
3447493
-1356538
4799639
-760390
459510
-300411
-1213248
-2843740
-1073832
-2678388
2445204
-1869187
5902223
-941411
626692
-268350
-842683
-3215730
-1343098
-2793293
2548364
-1853466
5550687
-983932
784281
-117934
-225407
-2878286
-1206013
-2693593
2176102
-1532550
4439710
-997856
854905
-334285
-334323
-2673642
-763820
-1994781
1826039
-1230318
3700867
-909661
984393
-10672
-60780
-2431094
-825460
-1315078
1547507
-1171662
2193602
-816762
977379
13623
148399
-2564997
-889567
-560730
1716118
-848659
1367021
-844744
1263490
67354
279000
-2173818
-725792
-573694
1253765
-328800
1070346
-831439
1543314
120249
310076
-2218280
-611366
-688614
1262695
136766
812101
-940686
1675723
101437
718129
-2063799
-567590
-630330
854220
149009
561638
-1199042
1711434
263255
954272
-2206033
-770915
-883011
709566
297801
620015
-1269330
1592072
284239
1370141
-2280101
-1105289
-631141
866316
457315
653962
-1150385
1559088
103810
1822060
-2207332
-1256667
-996478
659601
108412
841435
-1461792
1472902
14774
1396278
-2225075
-982745
-964979
323615
778674
1134451
-1298188
1653713
420402
1178339
-2344643
-824749
-736708
121261
978264
884141
-1499975
1726557
709736
1096847
-2173689
-1114677
-127173
-24682
1429266
298413
-1413755
1751032
713357
1249967
-1366450
-1320155
27902
-297105
1441733
-164622
-1567479
1698789
681510
1547616
-1011853
-1602171
335187
-527582
1625321
-511089
-1706358
1584697
594690
1605341
-1100459
-1349367
587492
-814011
1288962
-836467
-1854098
987732
-74844
1280377
-1426570
-1173680
407607
-347661
1288613
-212055
-1587287
764365
-565514
619263
-1679845
-1447322
129126
352710
1276193
743320
-1155273
613434
-827919
228126
-1565201
-1839757
-92297
281414
1209349
1214215
-710777
418308
-874129
330466
-1635240
-2439845
-499014
-423442
1442139
1664511
-533698
126785
-1068951
414600
-1087392
-1686208
-577967
-768101
1163655
1347989
-358583
-208079
-1404345
371781
-1105197
-1230240
-741662
-937588
584550
1799417
-396995
-403350
-1366696
425013
-1254453
-553169
-440234
-524104
284052
1781440
-676845
-896540
-1677067
-276177
-1476633
393378
-33837
-208455
436490
2021271
-797414
-1170290
-2126777
-731282
-1249773
498381
56680
580989
714926
1973568
-792595
-1009758
-2373687
-990108
-1059396
30817
-25872
1172783
929677
1680169
-525050
-750653
-2163715
-818626
-1131646
-168660
-232819
482119
778641
2116142
-406235
-838411
-1999623
-570000
-604894
377340
23294
-125902
248533
1797377
-427991
-777735
-1811682
-524294
-443001
268919
33345
-94294
48217
1658763
-449443
-695625
-1831560
-356822
-271518
879787
346357
-90157
-223028
970476
-335513
-445690
-1674618
60034
218388
1476113
-152538
-1033017
-789972
557194
-375374
-124708
-1396009
242777
495587
2029130
-117915
-723159
-1073872
-70068
-231540
40122
-1257971
378524
415749
1834312
375542
-460999
-1295984
-613796
-308235
-78411
-1176564
489802
250439
1403745
183626
-270284
-1111254
-551227
-490519
457
-1027054
477528
-73313
826992
-281910
66808
-367726
-37759
-872655
-181893
-1362399
362644
-213769
830360
54560
711612
-23835
729095
-1360073
-760102
-1858164
500140
-445299
1163254
-112712
499435
54866
1854659
-1242025
-630905
-2063533
426059
-678674
1135386
-198260
659712
-102323
1929415
-1076546
-273004
-1782600
447584
-299294
1601157
-141832
660612
-839611
1079149
-1022955
23138
-1196208
973394
-122789
1465491
69733
219746
-1238283
560881
-1122441
-211563
-1097153
842512
-236950
1242261
255462
682847
-711213
400593
-1100187
-85189
-1047034
636280
46460
1783413
729010
1187800
-589145
-399331
-1141149
20744
-1099837
573892
242850
1281519
568559
1378862
-206310
37833
-939739
277247
-1105549
513388
197852
684429
480849
1601004
91466
320702
-1104400
184174
-1322025
275620
144911
862669
535402
1307258
159885
476115
-919655
243955
-1272443
153050
-158875
865984
701526
999812
-269675
322144
-824362
226276
-1498044
144619
-242834
851192
689236
1449106
-346539
343332
-635030
388707
-1360986
511972
-93012
769188
27141
1497329
-528538
409012
-919078
338157
-990822
797280
-412701
1047415
-164856
1307980
-616245
834385
-649067
374707
-852882
904942
-383657
1172114
-372802
987618
-879476
601689
-1114947
-166135
-1213498
409287
-292982
946098
-640394
1629727
-132533
1302313
-1099662
-26080
-1040344
28070
-490204
944402
-424613
1584447
-129924
1333532
-1335640
-350255
-1400462
-142310
-615881
945683
232784
1755924
6307
1360103
-589320
203144
-959082
400531
-682672
294911
-353622
1399282
-98210
812166
-567007
137859
-1072847
333473
-843774
140933
-529758
1224511
41314
1031351
-627184
81061
-1047653
289075
-832634
599879
-562480
891655
-41734
897950
-648536
94092
-1072073
212772
-755454
480792
-597528
970948
-18978
813868
-489460
230588
-1206601
-64862
-687268
534482
-715807
899046
-60650
937648
-287284
646317
-871752
727109
-242696
893552
-424667
435344
-869262
497144
-453344
686720
-538740
1002161
-393836
1000039
-286230
902307
-1257342
265482
-869751
275288
-630158
968999
-579465
1420560
-380696
709760
-863063
677032
-768286
128639
-823516
665453
-770767
860580
-375943
1032336
-486652
962968
-650863
111077
-1179562
436181
-1008974
543266
-852622
1193418
-180802
908042
-634940
226110
-1115368
340958
-954560
457928
-1045077
466350
-315345
1363106
-474310
627703
-983628
298179
-827400
970429
-196951
203849
-1355578
752456
-452852
943137
-995534
285185
-559608
779322
260754
577937
-973713
-27654
-521887
969076
-1147062
237481
-843093
684751
871655
1309679
-337617
-266284
-553676
858568
-1395197
150806
-1242607
414756
435390
1210349
162851
162404
-966932
440995
-1983376
-268820
-1320511
532923
675615
1943155
539081
501597
-1014779
329667
-2041669
8419
-1284058
800576
748990
1717244
-200103
838683
-1120565
69371
-2159766
79290
-1078353
1107313
1025601
1628298
-22239
928885
-914835
189410
-1825653
240043
-600612
1119033
557405
1126988
-162529
725375
-1067987
169392
-1471715
113469
-841944
835389
451490
759923
-99653
786730
-1111835
87640
-1427287
73694
-1289204
229603
-41538
630010
236860
1237167
-1042499
-51187
-1439759
33794
-822241
578308
-701511
622722
66847
1325562
-1055863
-104645
-1194512
176907
-472663
726152
-1062129
86429
-271040
1864136
-1179469
-332101
-1537926
-333475
-627187
821755
-219011
601434
-438870
1767835
-1263366
-417695
-1759642
-415754
-628939
813699
-91339
960288
-432390
1265734
-1162806
-121729
-1577280
-174786
-907544
386936
-132483
1043572
-62639
1377551
-1218791
-206878
-1532953
34168
-772899
544400
193027
1426515
21569
980598
291232
459517
613982
148319
366727
-114822
-386365
-627565
-482871
-766749
492822
605724
637264
338864
767815
544077
427276
-793133
-1677506
-1515766
237122
521953
509308
-255059
333621
599914
785229
-357224
-1380554
-1405233
232295
488288
532155
-526068
87640
393084
4634
-494511
-1010460
-1109541
396800
505574
451858
-609179
-146323
143585
12926
-453647
-672051
-881475
486758
632766
536719
-511086
-518428
-437993
-102271
34197
113174
-801137
304103
594064
472602
-560778
-618364
-743554
-32915
326295
210120
-587455
188746
455101
607821
-164168
34281
-189538
69517
97525
-296292
-965444
294446
569841
711729
-427995
-166331
-282704
-842382
-914093
-534283
-343490
815903
1012659
1035529
-253635
-207367
15454
-1116399
-2027939
-1226930
2102
372446
656638
606755
-721630
-885338
-414514
-1066474
-2057186
-781438
1264825
316831
157366
-160629
-832552
-518444
-46787
-816964
-1654188
-518055
1614593
1052730
1011063
79356
-650312
-16048
231318
-811818
-1374847
-1101497
396427
1260875
1252801
-203769
-225307
997617
1409392
-46211
-701170
-1101226
-682075
1439952
1258659
-1073281
-676700
2161349
3149571
582124
583720
-313700
-1761545
1523220
1468244
-1450820
-1349945
2894813
4363567
595507
464857
182975
-1958603
1747011
1604881
-1860687
-1995549
2768261
4311733
393847
-405982
952919
-1288546
1890543
1733787
-1861810
-2069209
2942799
4149166
-136450
-1043500
1100313
-1326558
1750533
1565125
-2189828
-2184988
3016569
3617535
-568334
-1089172
1810139
-377782
1670928
1359295
-2277795
-2165944
3336638
3725080
-1108802
-1844262
1630621
165355
1672845
1263851
-2141710
-2214456
2765298
3151713
-875517
-1566824
1133024
-126689
1658404
1077138
-2252498
-2026451
2565339
2903141
-701535
-1750748
1045468
-1378
1662737
1153534
-2570854
-2536275
2612256
2779413
-638331
-1400745
1375783
-49722
2030855
1402139
-2640416
-2719693
2665979
2770937
-558484
-1300116
1432475
-374002
1905315
1384818
-2554586
-2787257
2633047
2521984
-643565
-1227413
1522576
-190161
1897820
1390410
-2553928
-3003403
1997038
2450991
36496
-497450
1542749
-425459
2352698
1605506
-2296943
-2685061
1710947
1967568
905305
-152872
753553
-1101347
1900696
1120359
-2540440
-2585568
2028602
1945176
1192214
-213955
338798
-1052029
1988280
1273954
-2333989
-2974216
2158906
2669702
855665
-939973
-80726
-902427
2035790
1434142
-2057144
-3207556
1618568
2755022
505160
-1698936
-36095
-143198
2011327
1407820
-2204359
-3736784
1226971
2649978
483925
-2000455
340628
811291
1944052
1311751
-2339138
-3582015
1292571
2142119
308864
-1287109
695702
1547755
1879267
1489381
-1682620
-3073032
1554204
2216510
512945
-1094811
112494
1227625
1523367
1436447
-1136982
-2546600
1602112
2085074
502046
-1345966
-254226
774206
838281
1187701
-552489
-1503497
1945575
2208151
665428
-1142014
-487710
219784
307143
911902
-459055
-1142419
2098362
2194089
1154780
16495
-406769
-141385
427984
1172076
-248626
-763967
1526503
1020063
830747
677272
-165571
-247653
248522
1016125
-258820
-178405
1304975
497360
1224686
1548380
155863
-631657
48930
680159
-311466
251492
1566861
-49451
591175
1446146
295626
-745390
-62832
626629
368274
1185657
1727238
-296067
445782
899484
-183243
-775342
49877
932537
1071776
1590899
1233074
-569402
-22009
334153
-305758
-948337
41273
1012834
1623029
1949272
1362628
-207542
-235936
-622836
-580501
-839673
-229695
622077
1304871
1842898
1556844
-259242
189569
348113
-594309
-1522474
-319762
532907
1076678
1527519
1451360
-634432
-145467
893754
-330905
-1388236
-366565
357363
1164073
1727920
1261861
-815748
-403006
625680
-13988
-832084
-409854
236496
1292426
1959345
1033979
-1228914
-1234855
195716
368941
-224921
-409393
189240
1324698
1712325
522957
-1605460
-857294
732324
812762
-40799
-542044
-23794
1201962
1565593
251783
-2034113
-1393636
239938
1534567
520384
-552460
-112559
831482
1112467
-110069
-2364751
-1924802
92144
2375049
1506149
-118360
391085
826337
751842
-113429
-2028515
-1623859
299709
2067721
763007
-269841
143252
432353
691166
204508
-1402166
-475781
721385
1187266
95411
-342792
148255
385113
511731
168193
-1227856
-360846
889610
627242
-604501
167289
933197
1297625
934238
396286
-1036335
-367238
639710
-309787
-1721349
406772
1255502
1725565
1275748
587990
-936909
-338298
-79796
-791212
-1756966
175595
777365
1435659
951092
-216630
-1548925
-531136
-271282
366487
31139
67852
376132
734643
555498
-40063
-1357698
-124816
-8741
162754
461516
98140
672409
999534
465886
57628
-1070196
-335122
-224395
-176953
323077
260806
789136
1096327
134591
-620572
-1567791
-605830
-666295
-659363
761489
305381
694070
1036178
-21675
-555910
-808489
-173776
-644035
-997841
-362370
258911
494096
557627
-209555
18123
-318975
-376102
-1270540
-1612353
-386988
391860
544974
545758
-29366
420816
-705105
-816775
-852443
-1404570
-417178
-69534
218378
373688
80042
967780
-614155
-1066676
-94280
-649494
-346005
-245729
348169
803103
393966
1143307
-417050
-1481526
-327946
-375667
-780194
-182507
436472
972794
457152
785855
-574830
-1477635
-599464
-564503
-875230
97618
422211
569715
80631
270560
-989745
-1186982
20753
-90898
-1037029
-167644
76830
216322
-281450
-146330
-1092807
-579797
856007
671246
-934068
62608
453992
787293
3011
55664
-252879
121563
269637
-142497
-1610348
321388
565577
844533
390304
279296
-190240
-243272
-240258
-773542
-1866819
645792
1002961
1178830
389317
393968
-119324
-770479
-474948
-721248
-1869105
-83817
387228
602642
-198828
209105
242198
-339085
-631427
-244883
-929603
-77599
340519
779634
282432
480106
422633
72362
-751679
-797614
-1098190
-347300
-121043
350931
94909
41043
5160
552504
334778
-63752
-699820
-283591
812
788648
520310
213212
-214173
363677
-69240
-404963
-757999
-324351
261856
1245691
905435
534697
178835
275367
-480313
-847120
-1430877
-479619
-40374
650348
174161
-307041
-491380
92414
186789
-105386
-331724
-228878
-33905
179722
-289562
-193827
-495502
-319325
-206591
242246
285342
361828
273108
50765
-284285
-252571
-539956
57864
-493904
-175840
319518
192981
373546
226950
-291630
-201488
-237575
86620
-513187
-258082
170516
49640
399782
514594
250464
150056
74837
98394
-930623
-42530
345957
-13595
336185
472745
297441
455318
243089
729829
-123818
-290732
-431184
-145384
155226
317968
257987
524353
-114305
414908
90696
325369
-301242
-88065
229290
133641
-93812
598901
-117656
-332293
-723269
37288
751110
-70493
48152
-352894
-558786
878709
207214
-555788
-1593778
-797329
1383145
-278362
87130
-471845
-504536
1618187
505216
-676470
-998146
-564040
541123
-289621
326972
48156
247830
2412656
1014410
-705337
-1553093
-1215317
-250713
-361510
517006
617565
511673
2326437
535134
-1289058
-1292352
-538009
-828478
222093
985569
1156346
725788
2058356
-142399
-2034635
-1923938
-897938
-640195
77703
486617
768523
291489
1035107
-540866
-1414704
-1263231
54111
276176
292363
302774
365403
410177
1046386
-491691
-1054030
-787346
462100
393055
649766
482331
541045
706175
1262619
-216420
-659491
-410776
161900
-289449
475471
441077
568269
468579
1055957
-49187
-172433
-58249
63910
-411640
249215
203512
406286
453823
730881
-189440
77439
531695
594137
-680977
414707
512572
855408
817954
1002950
-360054
-1184241
80836
1039891
-751583
550514
665682
1131574
849679
709682
-517780
-995736
118164
1303975
-394499
427553
457671
935054
907290
1067171
72927
-528125
-97399
417480
-1050455
572959
458158
855041
891235
1010266
-68855
-274522
-156115
-487075
-1593382
749626
136278
140787
349006
315130
-116612
-564422
-1166728
-706248
322175
671489
54423
13238
382063
351325
-229759
-967349
-1569127
-287184
844333
700265
-180799
-391495
362326
629625
-105305
-1098875
-1471329
-278583
1060433
786376
-148943
-682910
94699
301658
-429701
-309816
-1004604
-372317
1094887
735097
-273974
-788199
-320567
74372
-270236
11484
-481704
-71075
830516
729956
-81301
-515315
-490832
-15117
-17788
404154
-554993
-693977
448501
715544
-233888
-625275
-428512
-141088
14943
585297
-452495
-216586
748514
903696
144754
-349698
-118347
-143650
-828673
-505706
-1024543
-4850
829096
1112617
169235
-807522
-344577
-206346
-1369904
-863855
-414138
1033269
1489426
592948
-148251
-823374
-396160
-121798
-1885877
-1318523
139642
2084833
1498891
648074
-544131
-1174284
-543057
68145
-1651940
-1233690
286012
2577883
1589191
524850
-411559
-271697
1002
533130
-1633331
-1060411
-238644
2183321
416328
431157
-969050
48371
1220750
1074157
-1222193
-103572
-1367024
1028817
-600215
418272
-1520499
412767
2493189
2067311
-1230419
498751
-1797336
211342
-2099432
122537
-2476571
472874
3787320
2840151
-1499721
1059221
-1670520
-787313
-3143645
326692
-3016993
267232
4663775
2993604
-2544263
850696
-1425239
-1164329
-3080510
193379
-3568839
167855
4796932
2789618
-2784600
580610
167446
-1556111
-3520588
120039
-3799437
261265
5163006
2268390
-3715866
185603
1182408
-1315528
-3139832
6421
-3918293
152345
5011429
1849836
-3319970
83190
1511812
-1390299
-3042438
-170924
-3725819
404342
4904332
1446075
-3803458
-320501
2056693
-1089491
-2840975
-230274
-3873103
111330
4624802
1301990
-3142884
-275190
1657010
-1063820
-2067762
-384921
-3962740
126466
4267249
1409533
-2900187
-471356
1827641
-1230482
-2050975
-180243
-4286733
75450
4539613
1085675
-2784289
-262490
2015142
-1517452
-2083886
-256165
-4604454
-185452
4594479
1283767
-2545781
-74438
1979479
-1936912
-2109356
-118920
-4438627
-335229
4066999
1085069
-1870988
-12982
1718290
-2039832
-2326987
-112859
-4373218
-171184
3703549
1344985
-1094508
223915
1088854
-2149057
-2211313
-335519
-4450404
-315341
3694330
1499866
-464434
-459072
346492
-2234450
-1849853
-259035
-4165670
-311775
3654238
1601517
-463851
-1035981
154740
-1679016
-1408599
-113232
-4253748
-954359
4083064
1839419
-1234649
-1810969
690380
-1264277
-1181246
-151393
-4286261
-1438044
3725779
1680432
-1369947
-1811814
1597216
-567608
-1505831
19937
-4316322
-1660708
3866684
1734218
-1303813
-2061438
2222080
-273190
-2187698
126408
-4035294
-1282614
3724401
1394953
-998499
-1595721
2009715
-111440
-2812197
484054
-3167440
-888439
3573795
1319765
-1010385
-1789606
1178666
-123806
-3045404
573273
-2576989
-461772
3755993
1511536
-622305
-1633085
526962
-262927
-2902665
792468
-1877390
-215287
3058721
1111795
-320731
-1093138
345256
-307775
-2734618
968845
-1349159
144489
2667189
818323
467857
-487062
-320821
-977120
-3141721
854912
-1326579
395259
1916371
-47285
864419
552097
-248290
-1099620
-2697257
787255
-830946
1059549
1262229
-256346
1285014
565533
-787162
-1288066
-2831117
808511
-338266
1499901
942531
-847776
960055
893906
-930070
-1426410
-2026561
1197892
731285
1832269
468100
-1056868
188472
6004
-777196
-927645
-2214242
1317511
1161360
1867838
153202
-849897
323491
-62951
-1268883
-1241113
-1722717
1334704
1193793
1563842
137400
-919651
51543
22909
-740246
-1196800
-1770855
1137742
1217634
1641527
131057
-1043645
396372
368523
-1112891
-1430255
-1457001
1041604
1203008
1652430
85083
-1713637
77566
830107
-859445
-1014021
-1028071
963501
1363309
1527773
-285939
-1703614
230229
812500
-579454
-818381
-1374140
908236
1588496
1521686
-895565
-2164360
-333522
1275069
448377
-493259
-1147386
702522
1378769
1151114
-1295736
-2346270
-174177
1530496
1095940
-151697
-1297862
765812
1143364
792775
-1548524
-2530685
-658868
1617345
1825442
-169886
-884846
688090
957533
817165
-1383242
-2229037
-359776
1665903
2143572
-272735
-1432178
561551
394407
440506
-1038998
-1790953
-16317
1916995
1486098
-766720
-876935
713561
382589
597952
-806387
-1422335
490283
1269311
117938
-1182751
-619669
1207956
752645
909022
-414551
-1168074
332175
832659
-1008325
-1543067
-208864
1580173
1080807
645749
-877752
-1118435
121961
712059
-999450
-1394725
-423559
1282446
770387
642022
-989480
-1302810
22252
155602
-803315
-338744
-95608
1143909
676887
297508
-1205360
-1034044
45332
405207
164621
107393
-832361
943454
461016
277476
-1232357
-1160022
281528
-26303
121972
1112143
-534030
1179845
549496
-75613
-1052598
-1003039
-107691
-223212
-505010
739035
54739
1030181
314336
-376132
-984383
-715219
-192966
-703332
-563050
1477521
807581
932462
230839
-500901
-719205
-384686
-231163
-999058
-1242347
699634
1491768
701257
-24913
-35744
96234
-646652
-659168
-900117
-1116357
1076922
1607524
696257
-239
192464
368335
-1154980
-854132
-204820
-859184
719799
1326610
805221
288582
505606
655003
-1337158
-1022720
158133
-854229
387730
1006412
958758
387552
486602
440070
-1484634
-1309630
449588
-909501
-242279
1260956
865755
201892
116897
-148426
-1460459
-970431
988580
-547592
-108435
1429023
750813
-39078
-129960
-377177
-923864
-534070
1041357
-596637
-542544
1329458
599378
135242
128987
-393560
-552779
148460
1165401
-979802
-1032048
1190662
1086273
464418
13850
-122538
-233256
-354023
285341
-1535701
-1445621
727106
944148
397966
104811
2944
-74023
-702861
-23387
-1177070
-869637
1134251
950694
373656
-64506
68924
-155960
-1017032
-266163
-1230531
-758214
1146779
669409
135905
-78339
261409
421265
-345542
-22756
-664503
-654720
662191
573284
297396
65050
-87231
148751
-278600
-240590
-500830
-125097
479425
668542
676976
475836
-46964
352444
43944
-281531
-1012784
-758630
230320
666486
835549
352455
-340480
131069
451087
-100080
-968939
-460043
166349
699730
643866
127966
-396241
-190474
-408498
-129595
-454637
-212227
741561
479652
127888
-169311
-787526
-121580
105467
-27544
-352917
493728
610543
516671
-207471
-284837
-395360
-164830
-252769
184740
-181191
680673
629037
431886
-192109
10383
-506285
47426
-326377
-464138
187317
862739
-64481
571423
-72290
91811
-64438
456807
-28767
-585263
-505148
649052
-147765
628181
147407
402341
-177912
399522
-31534
-108405
179345
-81857
-1015846
598653
54007
372156
89144
177726
7667
-162452
-48881
106547
-1003488
438634
-186879
366087
180265
-122492
-394225
-586749
84399
770167
-242462
410095
-672781
188276
673953
-386556
-724533
-562786
159280
1140584
29955
340601
-745935
529022
1476566
-146754
-1362015
-1532025
145093
2035122
167236
634264
-652100
975212
2083685
-326933
-1295099
-619312
-324475
416920
106432
1115522
-107429
1408807
2121826
-957539
-2243153
-1295578
-507590
499313
181118
1417918
256658
1082131
1497506
-1134739
-2210160
-661985
-294500
-146893
263503
1105913
123641
828168
847304
-1740337
-2162553
-342349
334092
440689
311671
824330
151052
677079
553976
-1248019
-1375595
-52724
566912
214642
-574537
678801
140773
889447
599898
-880398
-873459
24571
596919
-260981
-1455110
408339
136479
896782
386363
-578434
-138759
336159
27232
-846416
-1643158
532251
236321
752980
445917
-788187
-523104
719683
46178
-836109
-1525375
667249
492410
739524
110054
-621977
-342011
827153
268763
-1260254
-1900432
791777
734259
903016
356548
-1012498
-1114993
1146798
453901
-1360830
-1644589
776025
739524
760196
211650
-686786
-681089
931224
113044
-1678475
-1923110
682196
569887
782564
235966
-536465
-568821
389051
-331323
-1541838
-1174239
611968
648331
814651
-42305
-851920
-535821
-208352
-1345224
-800336
568388
-103411
35354
-152458
241872
264014
237598
-908662
-559602
215392
392331
40757
56986
-484548
275215
288950
-6819
210319
107807
-156959
390802
-179216
73284
-313806
225690
-54601
-115901
229257
422394
14678
98776
-213947
21098
-160594
-132074
-66223
347283
119699
453531
-654982
-262917
-34362
9846
-228483
-223920
-93229
682298
447313
151970
-573519
-85588
-33031
197454
35688
27858
-232010
273860
-173662
-235139
-121308
149360
-50927
285657
-60567
246187
-180139
-349812
-77458
284329
91585
356827
-222460
-55053
-417732
106646
-46579
-627375
-274445
832995
694532
419813
-42433
-3395
-418236
-172766
299456
-30326
-522478
759832
830993
-116770
-156149
127886
199615
236558
182042
427884
-236926
709334
227855
-418037
-265024
-255241
190566
399037
-153501
15520
-20256
28053
-373283
367512
-27199
-462420
70493
76628
-266701
-25847
-473906
-229331
-693654
1046978
-187870
-460714
576010
714959
62093
-623590
-195398
-563304
-1552717
439663
-162653
-564479
169551
1559981
81412
-1157560
-80424
-201330
-1733259
359220
-14541
-616695
-227165
1256905
129732
-828819
-606667
1127605
-759641
-210221
-121199
-393941
-339519
585504
139
-454241
-668145
1525123
-569376
299865
-17155
-204959
-144698
339990
-356814
-150099
-78087
929661
-427136
-270199
-51574
-110767
47378
565268
-510005
-439274
-107586
1330236
-67835
-821645
-84189
110735
-250471
341657
-189622
-256096
-173192
375772
323890
234933
-141437
220178
-218750
-239285
68790
526327
-576952
-39993
353132
451797
-57523
45915
-168178
293765
-30996
121477
-295109
317627
6759
-113857
-152044
-388528
-262202
737937
-87785
76103
-170518
126710
-411878
-104108
-144437
-164580
-266589
566922
-273400
-153109
-108265
257695
-84363
-214236
125959
45059
-433149
487914
35560
50742
-53894
200114
-242930
-234107
-217921
-67363
-513587
-16154
340090
749720
-389949
-744608
-85189
67953
-220502
152882
7719
-72642
-275141
994375
-723548
-732339
314486
545744
-98299
195490
-75952
619529
-121173
-310612
-408773
-186788
666564
65229
-6821
56219
-654315
532753
366244
-859774
-370537
479566
615582
-266317
-29459
53496
-821773
371473
663973
-521125
-451765
769838
807648
-662497
-165599
-103479
-260569
498738
60797
-18146
225593
343609
508979
-1226834
-89412
137512
-163974
187881
-378308
264741
317484
-500939
406251
-1196349
120282
347472
-475074
46522
-126080
30718
-300824
-354867
351621
128693
311221
618841
-242044
-425444
-102030
-209398
-202803
-87679
285610
733332
440720
724587
-23227
-153941
-128419
-224532
43413
-845093
-5836
161734
242060
206275
-151666
-154568
-308942
433450
522782
-815956
-89553
-20262
126723
18446
-109235
-703357
-276300
915987
520004
-694498
-399574
16904
2101
136334
205719
-212916
-437745
448875
508341
-362992
-655935
341205
-25825
390220
305353
-271398
-929527
140698
245299
-30243
147750
564134
144507
444730
-172841
-767208
-348626
187294
-62656
84859
190785
357226
131386
343266
-633233
-611713
136038
-448949
-309021
871086
318032
46507
38344
346767
-225625
-1404
-167579
-298258
-263706
175507
-74580
282554
498
-23487
10012
309350
-385800
388846
591387
-889711
-421950
685022
-61123
-15799
-89315
61524
-240696
205947
401419
-137558
-127029
65858
-111659
300202
-18067
-306757
-292902
-305646
336589
827983
148594
-224024
-72096
202427
-229871
-286450
-195977
245322
463784
162137
-35900
-269695
-87928
162156
-265272
-163614
-19771
612179
-47009
267877
-371450
-170332
-76496
162134
-16739
-31611
-193195
-18251
442774
1168261
-128823
-496479
-74776
-296394
-331581
259977
-26180
-65559
514416
703537
-371868
-468377
-126988
-311679
-90008
445438
91624
187469
-463592
-643516
-118443
174014
-114513
66960
198309
405865
171955
206090
-545562
-680327
65555
702119
20490
8573
-428044
158375
-106214
82411
20314
-631912
-178995
1073670
84615
-30727
-576981
13940
-385626
-134567
-482510
-464173
73800
863836
-61449
234306
-334832
-347244
-95528
200330
-360210
956641
225074
-441220
-352451
162435
-5631
85319
50595
537978
104619
647716
244082
-802003
-162535
-74013
72906
559127
-122282
-49279
-197778
-170251
154707
82149
25481
-9956
-440853
66306
-149809
109519
14047
157832
662970
224425
-174688
105497
-517264
-158860
359776
279814
-192467
4406
101564
649301
-186195
70521
-116252
580475
395545
-540139
-549328
-103257
-92472
1163865
-293232
-56564
71024
484305
-388239
-343293
-47477
137402
393603
497704
-143040
102719
146038
304804
-722682
112680
799674
-203450
-410503
-207800
128842
317851
-9864
301544
-491898
-305288
724776
187367
-845124
-147095
212598
355223
-386804
-102407
-39910
-383508
24765
502228
-396833
341015
-224996
-16781
-265188
-85150
23684
272089
-128819
234554
-245555
541560
-313648
-93716
26113
109038
25651
851311
465908
-123211
-856153
218748
-26685
143762
-340979
68171
462756
443437
-523959
-21084
-585149
-111818
-86066
160368
-112564
-41605
206663
-217840
-979230
99442
63003
363029
-278021
646
-184022
-164039
-386611
-358083
127163
187261
30112
570419
64941
-9365
-347272
421125
74252
-209370
18955
566975
-54431
-165239
48564
196424
-43483
302603
151519
-144329
-681412
508299
319226
-145638
-131802
238062
142949
-97323
-79741
542987
-276643
-261363
-194134
-241836
-222599
250560
33086
-154783
-131467
800336
171348
-152821
-183748
-199572
94685
345180
-206441
-257676
-362344
-223589
-496169
246529
63768
404775
111870
206275
-279771
-70517
3748
127970
83533
-117183
-156340
286209
-171134
-109945
-173667
396402
14232
258984
497802
552658
-120423
-219891
-466542
-366757
90315
405389
-314699
210474
-249375
479531
225989
-116393
-220518
-195697
-105082
104265
103822
235793
-423941
-124736
154110
308288
154975
207678
-216216
70577
-80458
-209667
-373541
624890
-20268
-350143
55747
222941
-38078
30172
-143122
-19792
-404264
-10963
-244915
-179467
-90588
188444
31656
191994
-392476
559222
69840
-550497
-807762
364652
-44533
117546
-137091
138924
-335120
-34287
450518
376602
-179607
-153999
-202622
-75553
-229007
598831
-134669
-508446
-381250
725618
1497341
24186
-117273
-109478
-46827
898176
-317753
-376506
-23622
135070
436824
315091
82123
75887
54026
495442
-544229
-415588
-114294
-232039
-234627
427493
192853
441344
-231264
82258
-458665
-371342
-37011
269873
-774569
301220
57028
190836
-614853
-166800
-687547
-141768
677452
333203
-489606
605112
-204198
177912
-574432
-327412
-40125
423468
55158
451303
315130
15028
-389164
133833
-42710
-113916
408944
678001
39430
283336
-231758
-846968
-511786
22792
206244
41670
-212187
177189
33085
-167510
-466912
-467844
-164889
75140
-252082
100922
-34833
143675
-330116
-337547
-139703
-2396
-21644
94393
-176635
57838
329630
595243
-358954
-412820
-328731
241205
-69413
165095
-60266
-79472
-167329
-233328
514761
276418
-726586
563457
-38053
137016
-404375
-223865
-452857
-250657
638523
786627
-432173
-520213
-104540
147356
-254113
37478
74399
48695
-355148
229076
-146852
-278739
-207492
85542
70571
257526
-95202
-115876
-584433
-459648
234544
1172819
-292352
-50463
-167936
56260
-127581
506584
-313101
-211766
393174
629078
-36680
154072
-140518
-158244
-174868
394073
-108914
-73287
627104
937569
-800299
-124689
-522675
-156219
-530951
16727
23165
1193925
900840
395044
-666808
3158
-368372
36991
-492472
92812
518960
1316940
448008
-77596
-768657
214612
-47962
62221
-522705
162513
673883
1379061
228398
-374431
-891769
190268
107987
151788
-205300
491613
176420
975873
32883
-385907
-844117
205622
186092
542802
118871
669921
-125820
418732
-212785
-364428
-749406
176294
66348
611509
-53571
308013
-627173
459412
178207
65069
-684185
256252
14415
535867
-132060
198258
-444074
743152
30356
-30930
-1030731
-130853
-233078
322327
-2838
725911
473741
1460812
43897
-360263
-1207452
-244925
-9314
407277
310048
1293850
825636
1348849
-587827
-966857
-650879
301425
516533
700523
310643
1701503
948981
667336
-1718359
-1403726
-710260
436087
689545
722233
-83328
1469210
824124
351988
-1925294
-1010519
-867153
51741
-18993
165251
-551375
1282661
538295
872066
-1475579
250709
-766345
356256
-56595
-590634
-1386900
481806
-437976
1335668
-1183377
1594792
-610832
695679
-152694
-1345103
-2439693
-191586
-1202154
1675517
-916255
3227444
-446107
1284399
-152184
-2109248
-2828769
-149461
-1590880
2103028
-561492
3790345
-629392
1733227
-91303
-2565642
-2844731
675410
-1381097
2113763
-335439
3711279
-568921
2125306
-55269
-2624602
-2721492
1193008
-1083060
1090680
-50813
3495179
-426256
2407322
-21675
-2759828
-2472163
1665255
-634831
394348
-55524
2672281
-326932
2534776
-100898
-2714928
-2033109
1581880
-391295
-95183
419904
2455976
-265909
2485930
-235386
-2673155
-1518675
1894407
-230943
-426238
485565
2176414
-171643
2550256
46758
-2323819
-1501258
1524701
-78142
-334227
369500
1486486
-217338
2581353
155319
-1932119
-1609906
1329035
-57679
-664804
494875
1483203
-384567
2818633
87005
-2090017
-1531701
1259957
-59920
-684209
836006
1449087
-230411
3083788
175413
-1974469
-1452694
1172526
-216658
-884707
961007
1316538
-543505
2930604
213908
-1682274
-1147244
791398
-651340
-1030301
1308559
1661438
-530515
2943344
220537
-1527080
-1430176
357950
-891021
-581600
1640666
1765511
-236479
3068748
285500
-1316530
-1826031
-286180
-315660
46723
1663678
1470168
-376796
2811796
135692
-1324406
-1777546
-420275
373163
374748
1480776
1019487
-531013
2799121
607341
-1514520
-1537661
50220
997685
115756
1240885
426460
-513923
2958514
1217936
-1313146
-1395900
408981
1123121
-803537
599274
180663
-568428
2987168
1189393
-1547199
-1426906
345219
1148701
-1654952
564565
655536
-656525
2691697
681759
-1591835
-1243229
-41637
989419
-1454320
842224
1408144
-746107
2216598
230442
-1775668
-1280019
22049
1189812
-725654
805775
1723820
-570256
1847499
-114273
-2070207
-1649366
-267340
793263
-461915
680710
1982987
-682261
1291586
-274906
-1801474
-1325143
-308257
492015
-487314
602385
2067577
-840844
833421
-497702
-1590492
-787254
-578143
101232
-409700
821701
2363119
-639360
832355
-500101
-1087587
-433661
-881936
-479981
-500336
847476
2272906
-455357
608067
-1008344
-919308
-465965
-937968
-441879
75385
1045274
2160401
-520582
78434
-1680620
-829821
-5344
-583140
-544510
447322
1053942
1881283
-895512
-791191
-2055833
-534720
201733
-126935
137896
879264
770691
1889365
-979595
-1050817
-1947110
-491494
-97246
-73702
116353
1005991
986604
1806632
-913340
-965651
-1603298
-379864
-59340
170740
-75836
351932
988302
1933644
-793221
-872860
-1629244
-311531
192931
-133854
-229658
614587
964132
1479155
-693951
-823035
-1699420
-430255
619707
85237
-123352
730009
588202
973564
-657624
-1000503
-1636211
-152533
905724
335255
-200170
268274
256211
1051511
-633482
-1078699
-1535040
334438
1280114
615913
-648596
-331984
-32338
1009293
-436092
-801700
-1188313
755121
1424214
814201
-472495
-585774
-552057
487289
-579789
-788881
-927432
1149723
1681898
1246947
-590585
-1246185
-752651
164165
-646493
-673528
-814668
1038147
1409786
802143
-1133609
-1541651
-199507
846027
-359988
-114952
-505305
828790
986996
329397
-1350327
-1127643
333092
677229
-515854
-281973
-809763
646143
723872
50976
-863515
-299286
712722
740871
-1133038
-816379
-1341943
174970
364481
-37784
-596937
838884
1354537
934522
-1423546
-932263
-1314894
389757
527173
367398
-255707
1265336
880124
583951
-1153094
-486233
-889968
880538
766221
722512
-151390
708439
-199609
64353
-951112
-359857
-602361
1023709
308386
389175
-434946
25083
-305393
728269
-909632
-383888
-777119
966831
578540
462478
126639
277113
-701522
425286
-1120784
-412584
-525957
1045458
831244
672562
247098
521573
-638741
205676
-999689
-181462
-96580
1017902
357711
266399
427416
816087
-680411
-26126
-972482
-94624
25342
625188
-7467
502473
879473
1444559
-228225
-736181
-764501
133454
-264138
119654
136513
858564
926616
965081
-699088
-898662
-554658
203607
-566114
-138441
376587
684212
548426
687438
-726838
-523120
-643797
-82829
-995607
-440471
621656
742403
301123
1007372
-367103
-175208
-953662
-233184
-875558
-242411
847394
1156394
59292
1089505
48680
-382469
-808549
70140
-359198
391689
1008782
1199089
-458782
466517
-424616
-679724
-611160
223377
-306232
650931
667377
558755
-1064893
513474
-231714
-417580
-687540
11803
-521340
406677
68251
5627
-1098558
1153339
577899
6691
-1154740
-430854
-634923
43249
-218829
508251
-133372
1579265
1008242
208103
-956675
-381655
-507705
198683
-62832
664120
43417
1419630
408183
-271315
-751330
-107724
-302987
49485
-157038
649103
-61871
1481929
334078
-330211
-614041
64150
-320321
-165553
-486578
459555
-267430
800707
327053
-65474
-432968
93063
-299387
159661
-251072
428591
-227361
370794
-62435
-137455
-536010
-350133
-865638
-99143
-631005
29205
-82878
1050384
529502
453767
-571700
-509826
-821882
150613
-378426
47644
-84994
959607
375186
418666
-518800
-206908
-270722
580567
54232
568049
25522
501844
-209054
-497016
-594168
81912
12141
764427
-3825
350321
-132580
506809
-583130
-475770
-631007
240046
-44696
663795
6489
504559
-347950
424952
-607724
-177420
-454009
221523
-328679
577925
-289710
454555
122185
480876
-874012
121254
-553928
72881
-455239
141289
-656042
270435
23152
593254
-581419
473523
-544808
21161
-584852
167268
-736101
266333
-358776
-48633
-144815
1238683
-498475
87803
-623151
135351
-535192
249853
-121895
239391
-330976
900073
-488010
270825
-473232
264416
-287430
437850
355612
609665
-416389
-28699
-366091
711787
-198555
31371
-228555
634261
604953
293038
-891884
-186740
-305192
781790
-626311
-749677
-617993
701204
1021153
299865
-1126586
129648
-436451
638994
-1252460
-1361144
-620419
685022
717985
723107
-298308
427748
-956003
63450
-1786890
-1458217
-181854
1558368
1272469
1000836
-86451
437251
-1330175
-155502
-1630365
-922161
435848
1858312
912230
1054983
144686
-87446
-1058192
160699
-1049216
-284390
921920
1775622
396865
255267
-713059
-303978
-951567
76457
-897392
-287282
352731
1170688
84649
-139889
-425414
579016
-857030
-111491
-1160833
-366817
126340
690900
-68529
-143192
235427
1306415
-587823
7405
-992048
-119141
86902
224292
-483364
-74227
479476
1464016
-595241
-36243
-921366
-238918
-7478
381197
-408921
36688
309211
1496665
-812347
-441846
-1134950
-208976
108150
635624
-324186
137148
243654
1489533
-903650
-551594
-1119786
-255227
396001
866968
-878642
-57398
482152
1568884
-887216
-484206
-991920
-308833
-34554
463057
-781373
226109
1218051
1981489
-900167
-416341
-991172
-217650
43499
614485
-376541
652120
1128973
1306514
-713711
-332325
-984799
45671
286610
722800
135218
1275804
815303
184158
506832
289177
588855
143860
394781
-392222
-653300
-819901
-311940
-325648
716706
340128
612142
460822
805862
233586
-12506
-1232695
-1239122
-929693
500299
187690
359495
-8692
504639
392795
371022
-827287
-1005741
-803023
484070
154177
253147
-378831
288501
112395
-16231
-831493
-899171
-400594
596963
125973
136956
-581934
147199
67267
123678
-782005
-554210
-440272
708905
325103
291582
-676014
-293780
-415039
81773
-370150
36506
-516095
593763
259959
210084
-682307
-507923
-636555
318838
27026
288331
-230729
451699
167779
360203
-181349
-27602
-464324
213505
-135845
26523
-630236
604897
263598
242808
-405054
-97024
-790652
-652081
-648084
174258
-88196
990897
723511
676439
-234392
-22980
-760563
-1127060
-1465307
-261312
35103
504497
233343
232157
-768531
-628161
-1066101
-1045165
-1501624
465415
1260621
239347
-259404
-185387
-779237
-257319
-857067
-790405
-1454833
860318
1242464
780451
402168
254392
-230200
127042
-766422
-566182
-2022626
50432
-131216
908781
410664
338473
714990
975916
114649
251096
-1844149
-252939
-1510323
942213
-18644
-207078
927401
2235209
1408102
1164344
-613608
-156446
-2917821
1043957
-91575
-566704
679078
3014499
2045657
1266291
-433172
-34098
-2947707
1202969
-169500
-932130
157182
2840124
2047369
1014223
-578971
285097
-2404477
1312630
-75948
-835613
186605
2685483
1680531
471170
-537351
158072
-2295140
1185500
-282583
-1159093
72718
2591666
1413254
57591
-370015
862703
-1486218
1082245
-357993
-1232888
50816
2878208
1378126
-702572
-757262
909618
-882356
1074127
-445352
-1163318
-97087
2376929
1111588
-482578
-665455
365849
-810170
938286
-713879
-1119985
-31659
2205944
1012842
-468119
-831662
200326
-564824
989252
-796441
-1408600
-409069
2117954
975899
-278132
-431825
360123
-581996
1355092
-712451
-1529598
-477046
2266314
1087314
-214038
-421233
157704
-862203
1202763
-723221
-1604053
-679340
2329663
1096038
-472955
-527773
352025
-686242
1228719
-605246
-1569314
-1149122
2013508
1332659
19162
-96216
502927
-924698
1604633
-416067
-1314838
-911839
1709110
1090461
559552
21524
-154941
-1386336
1222526
-823373
-1608542
-635511
1869474
1100133
660475
136290
-446884
-1101509
1343110
-739957
-1714924
-628922
2146540
1380684
190905
-182024
-748454
-1061037
1393593
-582219
-1550214
-946432
1679005
1503837
-150450
-519244
-706358
-612190
1416450
-634179
-1826100
-1485140
1317986
1573959
-435383
-550967
-311136
-5832
1445782
-706208
-1908835
-1464595
1256953
1205855
-408722
31278
245761
390673
1628817
-228631
-1372019
-1218576
1487418
1186505
-149002
-203036
-1136
-86674
1485508
41105
-857508
-793287
1479588
1150570
-268714
-812952
-284848
-360545
959156
72924
-277295
-146474
1702023
1606422
-71032
-783920
-569919
-743190
502970
35331
-165820
-52246
1927581
2017565
484135
-187807
-778130
-1107800
595338
378632
122608
-97104
1167128
1216222
618841
264552
-629451
-985911
477438
452833
310117
-50686
871474
987654
1102166
853761
-296554
-1468275
316252
292801
233700
126983
1004962
405211
735264
788041
-126587
-1329952
335933
556929
740616
816989
1051689
-141487
507772
543104
-391374
-1392411
564176
1018002
1350956
1022969
617786
-446329
42777
-115331
-582506
-1284667
596671
1151131
1867025
1328242
739392
-76034
-302446
-982750
-720145
-1141374
279876
835749
1626836
1278088
854985
104937
189036
-289924
-913889
-1657033
195181
799522
1331751
955545
541232
-292079
320324
370261
-638668
-1563000
133828
705298
1338149
1027291
457806
-324865
59208
166808
-352050
-1256927
112555
674384
1467225
1019568
231169
-887858
-532399
157563
11834
-617961
104094
626332
1429439
678340
-197136
-1093678
166547
851483
266862
-680078
-99243
289022
1228396
571254
-527112
-1573946
-212484
683461
793497
-35846
-195732
121480
969938
238915
-809139
-1934045
-875235
678859
1685812
816503
208300
459863
912065
66948
-644145
-1610370
-697172
646149
1368507
396136
70131
100524
548359
112156
-259185
-838342
70872
438748
708003
59757
99955
33890
492460
-35805
-285619
-821115
12307
295798
361902
-241054
728332
860621
1155372
180662
98057
-736581
118086
117698
-613933
-1588038
906903
1203186
1649823
529321
331518
-695226
-71083
-480586
-879287
-1773214
626935
758239
1354357
143830
-441453
-1246781
-284199
-215106
409142
-446153
417250
244803
679317
-118061
-267451
-879096
28830
107332
649729
-139037
532500
515738
735838
-46637
-28969
-820434
-291127
-272426
299537
60714
651069
601712
766061
-233345
-701077
-1481257
-666381
-657457
331528
892745
601256
488697
733699
-332074
-593800
-778740
-335261
-778040
-217618
147182
522543
256687
541114
-289409
-250070
-345656
-573287
-1446910
-755560
171315
705920
311849
599077
-82404
-231704
-711574
-621262
-1148964
-750078
49587
373346
66042
454444
130796
176859
-773977
-542681
-432942
-194612
109118
204413
221388
836468
358976
411062
-713918
-822435
-632390
-167926
-129383
241273
338845
1001412
249486
283866
-646551
-740597
-1049527
-380559
-251596
446821
181359
505338
-134362
41353
-1027368
-561140
-548699
-97889
-340087
132516
-77032
193654
-499621
-246128
-1035769
29512
277129
477722
-122286
370407
320234
538770
-220151
-29104
-328545
400299
-373183
-275577
-860568
636792
411693
744025
308409
182481
-429193
10643
-770719
-720450
-1176383
995558
810620
994947
295674
229639
-667294
-544733
-818693
-672661
-1125739
282727
274474
489006
-167852
359579
-74081
-305640
-812706
-315384
-409109
273644
355587
708681
119539
612071
223532
-92102
-977708
-650689
-802885
63437
-29778
325152
-192642
184168
-120373
448694
-62085
-27688
-428487
157331
157046
681319
179402
318286
-112067
304690
-475078
-308028
-446609
149683
390730
1153060
639743
526170
77558
251029
-702044
-806628
-1072521
-203195
-88943
624336
-195619
-166515
-391720
239929
-22921
163497
-281383
-31694
-237596
173506
-461890
-18340
-601560
-136831
-247274
659506
238875
494612
2232
62820
-496946
-113944
-690314
51144
-312519
266178
40840
415952
137819
207029
-426940
41825
-450584
-54479
-558829
89766
24408
349148
282976
621713
-29223
334195
-87765
-42872
-886541
71786
-43829
302927
181607
604030
113261
524315
177411
673685
-282409
-219877
-808720
105251
-48749
550264
236575
359491
-266632
363135
365574
591141
-763400
171956
-144815
474129
113438
232162
-423517
-319002
-319579
543070
261632
146950
-388641
137481
-151300
369219
-421049
-883611
-1106692
279494
1118118
120896
-352664
84161
43122
910963
-189600
-577312
-829436
-132848
547469
227412
-105927
593647
639821
1412063
105919
-637561
-1415894
-623949
3139
269544
205534
948337
739583
1438016
-231967
-941242
-1061108
-335074
-730645
693446
729270
1371120
780250
1137544
-869622
-1585190
-1526421
-660526
-641574
349768
352086
949970
188110
327786
-916447
-1044027
-866239
53977
52417
464427
126064
648070
317779
450795
-741240
-798845
-431596
316370
-106681
747451
330096
858045
583192
881828
-328534
-499830
-454663
-158797
-777776
623963
349750
751413
347522
589774
-215527
258915
-266608
-208069
-828773
424680
141387
498750
212047
328190
-129912
723739
278277
-46498
-1243910
659704
510467
961800
615436
433069
-705054
-374753
84762
239991
-1119872
771768
686574
1183201
557432
206486
-759422
-377864
69785
674208
-834717
592544
444636
1071044
657356
722671
-141985
-218624
-270648
16218
-1197849
759013
482119
1006267
520077
645884
-176226
-209566
-558604
-415320
-1092340
180632
473527
492825
174774
265642
-102158
-374307
-469975
-444657
-627102
345658
535758
513591
278973
677125
526486
379712
-535794
-1500855
-1293005
135534
500145
394495
-178960
194250
552653
686390
-264988
-1114978
-1237275
116148
433438
431343
-403521
67765
389026
-61861
-330607
-893315
-906846
280379
503962
382155
-423869
-129491
164591
-31712
-342547
-684822
-728908
336556
551634
373513
-445164
-523738
-367541
-129376
141232
162297
-623900
196345
585466
417960
-401834
-456212
-539160
-47947
332000
62767
-595402
27789
355380
449433
-156686
-31194
-43788
91295
249632
-283447
-693398
203779
548626
652637
-248641
-113591
-112594
-707642
-783346
-604858
-418656
683268
947080
854250
-178456
-231433
109221
-986621
-1684966
-1201536
37518
199787
563419
496977
-590416
-728605
-228329
-867742
-1593626
-783550
1126357
245070
133822
-191952
-702546
-587097
111074
-801575
-1229493
-639521
1614492
906077
940542
32919
-658906
-81512
139368
-835899
-1004839
-1060489
627549
1022090
1160190
-267506
-316753
698360
1288171
-206215
-342344
-1091541
-218554
1235930
1190608
-951312
-639930
1679755
2799589
317255
631518
-380208
-1233271
1252659
1354709
-1337744
-1307337
2333713
3816819
342903
689959
38530
-1330315
1522235
1515528
-1646049
-1799861
2269814
3724098
179977
-345948
816151
-875928
1603097
1645936
-1715487
-1939036
2405654
3704512
-249741
-748384
848582
-865453
1470669
1492332
-1916333
-1949056
2510071
3139133
-580882
-851150
1531100
-174563
1452191
1280364
-2038944
-1944634
2737202
3335286
-1045209
-1533418
1426062
250103
1427505
1306016
-1919488
-1961908
2327647
2727773
-832500
-1336456
986957
-38329
1402414
1079415
-2000722
-1806653
2083313
2576889
-696271
-1445636
967972
110811
1407485
1188794
-2305070
-2230527
2197110
2452490
-574167
-1226979
1251438
-31950
1734578
1422876
-2291749
-2373857
2191893
2407350
-625830
-1117344
1283144
-253835
1564706
1321133
-2264932
-2382239
2150249
2166490
-569550
-1036241
1450256
-46252
1660841
1426264
-2301991
-2530164
1566735
2128546
-91862
-377127
1318088
-313631
1950210
1584170
-2028462
-2400454
1422639
1625558
815433
-166905
883322
-969897
1600654
1108200
-2190481
-2240650
1639052
1717828
998564
-158124
329980
-841147
1652508
1335887
-2026956
-2554892
1739215
2319466
764375
-873791
62633
-833088
1741941
1426520
-1780299
-2755920
1362308
2309574
482415
-1616332
63913
-115444
1630440
1389049
-1942635
-3275040
976753
2234471
492604
-1814118
478231
745385
1601824
1315465
-2037003
-3077826
1045121
1888167
274759
-1120683
616689
1354835
1556182
1368749
-1513424
-2712374
1260198
1892370
491673
-984132
198267
1136676
1267021
1386854
-1063948
-2275613
1290792
1634845
482084
-1251420
-72741
776051
639024
1086901
-540305
-1275453
1663266
1899094
608664
-1008971
-367417
251413
237622
827010
-475945
-1018080
1694697
1749434
942588
-24631
-221975
67405
346574
1101973
-327608
-644882
1315703
823673
691809
579996
-113310
-159177
167005
855372
-379347
-157689
1027339
367394
1064225
1325241
187986
-315669
-3385
557271
-351474
236221
1361593
-68726
478169
1277821
310354
-583376
-142063
470044
169290
980193
1426504
-186675
422857
789556
-87969
-519485
13160
778611
759683
1402788
975033
-565438
-40773
374497
-235511
-664412
-22965
834720
1280991
1678174
1206030
-203560
-187679
-511469
-445553
-651193
-253682
467888
1003358
1561925
1278572
-202929
127324
349308
-463580
-1158864
-323635
394012
792489
1318495
1306870
-483386
-108223
810894
-314514
-1140222
-374973
274125
904443
1532897
1071825
-775604
-374927
505058
25703
-571921
-404266
156338
988544
1747682
906634
-927107
-1115244
205240
297674
-197909
-362472
144882
1082837
1542049
559508
-1329757
-766711
500185
618840
-14640
-556611
-53016
951460
1414344
269819
-1671486
-1261652
210627
1321964
497756
-484467
-95297
630381
1024111
-138671
-2023313
-1676646
5607
2066396
1334235
-120781
362758
677539
718938
-22727
-1694670
-1472787
280692
1702763
602739
-354252
89297
251547
649830
170937
-1197127
-432477
689680
1098029
168999
-394380
93119
194325
461839
101302
-1008352
-304904
887504
587424
-440343
66319
781290
1086146
939002
359220
-755055
-413778
526521
-351336
-1449489
301737
1119379
1370533
1176937
472170
-847004
-260677
-43992
-698057
-1443223
41506
633238
1128573
827398
-201117
-1258191
-495317
-131096
280977
161156
-36759
342978
592022
656220
-1306
-1044158
-47289
-36942
2123
376547
-8510
572094
821123
419747
12959
-907836
-346292
-70159
-150736
337393
179055
725252
886722
168355
-557412
-1243116
-442561
-488310
-669108
620384
143124
601503
819165
65365
-453959
-643996
-75414
-498657
-862927
-319166
197067
488250
413789
-168411
39349
-280332
-334598
-1030640
-1500814
-270826
234635
480965
374127
-37657
384950
-503426
-712594
-603442
-1222712
-369729
-136861
199312
247688
86316
843125
-453010
-864415
-13837
-583031
-324434
-284964
335882
601399
412352
1009615
-304334
-1295072
-161674
-388431
-651876
-175112
455640
800246
475859
716217
-476230
-1387277
-470101
-619195
-743240
-48611
362435
404209
67428
150440
-773737
-1056729
157532
2941
-844497
-161359
75728
133363
-178605
-122470
-903905
-500317
843653
530746
-848278
-103861
365505
581533
7846
81421
-155550
63270
423757
-157765
-1231035
279363
592922
721864
393652
160275
-75994
-311978
-166379
-739508
-1681299
424963
797673
895036
297605
280400
-40741
-588032
-250566
-524829
-1551951
-68086
400254
523606
-93381
149366
185881
-401768
-525288
-294934
-761508
-153107
300346
580406
270516
370584
444958
47462
-529980
-748035
-867833
-384711
-148125
185308
37475
-69280
63128
460134
443062
53781
-575358
-262096
59368
701028
556191
213970
-216592
284921
-104388
-442671
-665970
-326353
264586
995980
797983
417612
270211
155435
-308149
-802455
-1200503
-479943
-12642
499100
263276
-359396
-359071
84846
201883
-137310
-204658
-234131
24182
151382
-239717
-144653
-411175
-315700
-89504
106617
245666
244381
240583
-38547
-180236
-313730
-304839
13330
-428257
-164220
321623
118882
353677
140028
-221300
-250989
-256608
72946
-347588
-281332
288541
-5327
384559
354755
301173
60516
154869
-47639
-744673
-72906
345896
-68963
311393
357929
250092
390616
255870
658988
-123563
-289706
-291363
-159432
219973
209137
272386
380559
8402
415541
122103
149342
-252218
-107010
297846
15688
-61926
493917
-118744
-340477
-586787
-7749
678518
-124126
60919
-431392
-549257
666750
285268
-373164
-1279810
-706280
1266533
-300179
174144
-535322
-414480
1371718
486575
-659054
-789632
-500512
451676
-390745
278739
-146994
179794
2102961
1001018
-442098
-1213038
-1055254
-153805
-360644
520908
474599
491471
1957395
552639
-1185600
-1089608
-557341
-683103
138084
869313
856367
636416
1771563
-61782
-1723000
-1635604
-749339
-528203
-43856
426504
510654
240382
875517
-418723
-1201847
-1007454
71205
362610
170216
305943
220364
388565
859144
-351678
-923322
-654755
381078
411591
534768
443417
402567
659920
1014562
-202029
-652138
-324307
142024
-156144
309356
350211
355685
357076
974974
51692
-188022
69481
26177
-239076
114543
175655
277638
465359
581536
-105606
-11280
368636
582928
-468444
303968
446377
626733
659411
823242
-289785
-1055212
173754
898544
-536511
385221
543106
872327
739622
585582
-394886
-891166
225648
1124664
-222610
282387
427275
723691
855352
894364
125893
-487488
-74473
389565
-880845
433261
362615
641091
756276
874287
-26950
-174169
42623
-459891
-1365853
-80436
-12647
-50119
-19955
-60345
-28601
-105946
69944
150427
111963
-24871
17688
-48449
61422
6538
4769
-9812
44215
1365
21520
-57503
26806
-34055
40303
-20152
18382
99928
120184
-13469
-21169
-80211
24704
-4837
20175
-9895
56474
2741
94294
-49635
-40322
-69625
8149
-23224
16352
18307
117264
20314
17527
-105051
-17954
-41552
29149
2630
57699
5286
78175
-52607
-541
-30080
-9154
-41109
48093
-22683
12374
-76714
-37503
-63250
66179
24912
75511
-73319
3131
-41014
57134
9560
31558
69664
184786
25481
-32297
-127854
-47346
-68717
-4841
15379
47343
28913
209543
63151
-38567
-22913
45241
42826
85702
87323
170059
34890
102895
-116118
-173594
-39537
72507
104447
83849
-40899
78998
8023
16231
-175788
-66855
-101351
-77969
-31491
13602
-65661
77927
4985
55099
-94422
171134
-66717
-22499
17224
-36245
-132555
-44456
-105217
62364
-163326
220572
-51802
10777
47876
32394
-209420
-171189
-145932
14586
-228911
329140
-27270
25756
-17455
-8325
-211493
-146222
-160161
209891
-139249
287962
-51198
68211
-8461
-50544
-147847
8349
-144741
282250
-131266
207683
-45633
96077
-41911
-112277
-182096
60324
-74115
194565
-48033
242577
-17712
138115
5541
-98354
-161892
104986
-48767
109831
-80646
59955
-14101
158526
-27328
-114915
-163638
48393
-12898
106571
35102
107189
-24314
158966
-57818
-134164
-40454
160081
-77367
-31287
75049
174050
-12744
163057
-22115
-122400
-74210
105101
-55247
42649
36215
67925
-12952
129494
-5819
-10614
-95940
81712
-32332
-40061
-14880
65533
-62788
135776
-23685
-50581
-105713
52683
-43774
-14045
42222
91225
-1690
180212
-41081
-57048
-96811
76484
-7513
-12777
44959
33762
-30695
172334
-35654
-36874
-14650
72725
-107935
-123928
44041
91738
-92881
151384
-37268
-87703
-68969
102475
-154771
-93522
168646
166939
12874
224767
16711
-29204
-139676
-10066
-82101
-11932
148698
85142
-34893
163267
-56513
3808
-107466
-121863
8814
79495
160159
33190
-39070
154148
-53722
-39190
-14950
-43349
48206
89217
135248
-59035
-45780
168342
37798
13994
-36614
7279
65686
4487
72201
-126593
-40367
195321
60434
-54414
-94582
65770
95754
-174492
37403
-111451
-40821
160314
-46601
-93048
-93570
-17398
21406
-133105
127070
80348
-22546
164577
-53470
-121530
-71906
-8527
58217
-31011
104284
149789
23424
161750
-70138
-178561
-118795
-41999
39609
-63169
68477
151976
15797
116270
-42926
-114249
-119395
-35756
9793
-152091
42539
143867
-52264
31774
-69543
-128805
-22579
80195
69076
-95833
24049
128247
-25633
56753
-37031
-94015
-34514
-4430
-37273
-125237
-4227
178785
-12976
76620
-34928
-60656
-100658
-16871
38012
-1567
42775
159138
-12829
37635
-148900
-137954
-59902
-4795
-31075
51098
103628
134650
-52127
-47574
-200600
-75508
39200
594
23027
118004
57686
136792
-60688
-53218
-181291
-54814
-28289
-49115
16587
165835
73854
96044
-35989
-26145
-81869
-1485
-57314
27928
-11960
-82202
37013
209855
-43679
-46868
-89185
20380
-6063
29529
32564
-19840
26084
96854
-45109
-17243
-107804
-44816
17309
-12565
17139
93153
21285
26673
-41521
-34374
-119951
-40767
33221
58518
87741
77679
-12481
4553
-46826
-50168
-111323
31323
95512
89015
-73815
-61527
-45447
49178
-26162
-16067
-73327
46955
70763
77385
19314
70477
-76057
-17784
-28542
-34444
-48545
111374
104729
104293
43561
-10925
-130338
-111578
-81085
-93013
-67598
113915
84508
49799
-84310
-114316
-22776
87884
-23883
18258
-177
76366
27652
-9424
-186905
-119000
76109
106440
-16875
7155
-56085
75030
33560
4578
-50492
-56104
42448
124963
-98906
-92691
-171984
-820
-23745
-8389
-62403
28277
124578
187090
-112242
-67089
-146758
-17579
-25339
12285
-39503
174094
114150
68143
-77848
13736
-60088
72308
96507
134949
13736
112184
-97300
-150506
-63207
20944
17356
131884
-12732
27506
-69369
-32535
-12315
20234
-56649
-34531
-93383
65242
-11665
4170
12366
40809
5135
68043
-90146
-19660
-77548
77254
105442
123572
36284
69902
-8003
-3120
-81109
4615
-29848
101111
43113
-46423
-40117
27587
-38544
151098
-69093
17357
27512
85279
-57111
-33464
48285
150962
48966
5211
-81714
9361
-26146
18140
-51427
89998
119534
40324
-61966
-45282
-4494
63529
-21758
16651
-46092
21771
84712
-8975
-141985
-41977
-18260
17757
-118474
-40003
7700
2552
51072
106779
-81192
47786
-68300
-8075
-98673
-20657
60458
76782
-4960
122594
-1533
22522
-101226
1214
-11067
54457
73799
147275
-13499
11602
-95322
2801
-16693
60905
-7512
85751
86380
90349
-114599
-32206
-139086
-44185
-65170
-9144
-89917
16043
1525
-63555
-183535
123234
62650
79949
-96177
-10879
-49594
-29186
-57549
16871
-376
144215
91088
70049
-103052
-65221
-99011
20395
-19080
36251
50828
139115
16105
12960
11625
59040
18309
81807
14717
9462
-74170
132213
-26054
-90095
-55899
16921
-46851
-49002
-70519
36576
-59710
78499
57880
20795
-22718
60639
15782
28610
5330
106129
-51167
-66520
-79781
-44338
-37708
5788
-85301
-32193
-68100
20741
-21887
95688
36497
42562
-34711
-33728
-118224
-38582
-72980
-24278
-14158
106818
52888
123088
-27548
14802
-1480
107052
56792
106899
28906
1983
-73357
-95154
-67954
2559
29103
104837
-31014
34174
12956
92932
-72975
-70076
-103721
-12190
-5609
54240
-3942
72085
-83327
43112
-936
13295
-13559
22933
-46454
56567
-26108
6823
-19919
59756
-51486
25038
-24835
19876
-62191
-18284
-77354
8713
-24630
99309
-71902
-8842
-39993
18025
-40632
22314
-91265
32251
-79570
-81132
-20885
160458
-24883
36788
-44788
21155
-66572
54269
18525
3693
-97520
67382
-47069
13951
-51192
71089
-31045
5870
42861
121741
53667
-57531
-39472
56414
2797
93097
-42351
5864
46264
106940
42532
-44343
-4876
62158
-31909
13715
-108685
8172
53959
-42385
-108004
79534
-25153
54582
-130698
-107373
-123157
-29008
27087
112267
7271
95146
-39477
25871
-179222
-88429
-57523
102187
123394
52923
-103061
110992
-140472
-35148
-193173
-81020
6286
165539
120914
156887
71570
13961
-74827
58700
-62566
23740
140983
169072
-18142
6202
-115845
-114636
-98149
33142
-19258
-4028
3016
83644
-16115
-35558
-87950
-11750
-95687
-10100
-102571
-30900
-32975
29678
-40534
-39234
24021
125421
-36984
7187
-87229
19874
25850
34091
-83033
-24783
21442
103794
-26670
37610
-41934
3520
9407
23751
-53746
-36629
-52505
141004
-65262
-31349
-123457
-46450
-53851
30624
108051
101404
-46229
82193
-79576
-35525
-113594
-9815
48552
81790
-76136
21755
-31054
34918
-58289
1896
-51187
303
-44457
-23048
-110403
13673
122955
212252
-87320
-23414
-72422
-8780
-19239
60882
-57197
40853
132496
165997
-59481
-3193
-62623
29197
29856
108636
-5442
83143
70269
29513
-696825
838537
-836527
687956
-761811
795876
-275543
422422
-717750
287833
-785174
1117485
-879197
490822
-473216
859180
-208341
569333
-1225792
368595
-892478
1279676
-902800
302344
-269467
730253
-360876
763878
-1269508
378961
-917004
1229922
-872429
432308
-427073
842085
-752264
833485
-872985
29614
-791372
1208923
-755351
650920
-725213
821349
-969280
1193496
-1139917
247565
-752909
1124261
-863474
743649
-1039065
738754
-868783
1438939
-1261994
770287
-852636
1179698
-836000
733390
-737531
683285
-800012
1337732
-1395151
578376
-982614
1153249
-822493
431459
-281002
836355
-858216
1271072
-1482493
906385
-895932
1172482
-517347
260074
-213816
1215997
-1173818
706033
-1562565
1274728
-621282
1197742
-474035
311566
-533175
1539310
-1435452
231770
-1422142
1534621
-556150
990719
-707404
470387
-614246
1518509
-1526994
611025
-1600204
1982453
-150671
641872
-953442
498933
-788106
1720121
-1863837
1606731
-2646263
3174129
497757
338115
-1027593
274806
-653330
1641015
-2490177
2911931
-3824082
4618290
827136
347226
-1547937
-123811
247527
1281769
-2756473
4081703
-4615218
5476178
963635
770271
-2245145
-178584
770128
1645976
-3328310
4392568
-4335080
5345876
936586
1061519
-2750996
-75616
803187
2305408
-3882864
4318675
-3450833
4377718
1004569
1213043
-2982320
100854
913563
2156284
-3891399
3562400
-2183968
3039656
1120344
1204572
-3209108
200253
1238054
1830658
-3567058
2538858
-663523
1682467
954287
1283954
-3266402
275541
1566062
1341935
-3237338
1993316
-27203
1180966
809136
1179752
-3031708
277241
1344217
1359242
-2705735
1382964
149980
759125
778499
1224858
-2969887
434259
1059057
1344151
-2538007
1001131
552049
134644
793676
1419990
-3356983
675026
958941
1201101
-2391557
950588
886630
-314101
763088
1568809
-3706665
847305
987522
1147988
-2299202
874060
1178864
-762318
713602
1846541
-3800668
898998
989628
922598
-2261711
794925
1417835
-1089144
614595
1802327
-3620703
867928
662816
854285
-1821774
806058
1366717
-973689
670643
1648637
-3553703
1261695
-235473
1094906
-1278568
730795
783843
-541321
586452
1730082
-3647093
1382351
-356896
1038127
-771883
388064
797199
-661337
397263
1764139
-3434507
713790
503787
759124
-437421
-318200
1409144
-1265547
330883
1953109
-3046395
-8591
972377
995436
-581868
-943031
1920458
-1548364
371906
2084215
-3073486
-79205
1167221
787402
-503417
-1751290
2688976
-1737112
302902
2008845
-3184317
35270
1137158
121984
277058
-2406573
3462020
-1661679
59232
2146199
-3247118
193163
972531
120732
440216
-2259366
3139758
-1206850
-140209
2023801
-2984734
242618
673820
597554
-70296
-1375975
1913675
-190859
-181045
1808797
-2579093
71571
631699
337532
-60617
-976890
1245596
487889
-176928
1583576
-2285571
282221
836477
-231287
589046
-1064420
1060864
429114
45197
1172178
-1914100
527482
392055
-622832
987588
-857033
1095516
329072
300745
886397
-1718881
912590
-21920
-722248
940955
-352109
776596
16425
188262
597325
-1815505
1525397
-472671
-669167
821605
214725
198564
459425
-41344
353914
-1428898
1766524
-816343
-351903
546244
445301
-205174
875190
-284551
216689
-841405
1342837
-756235
193122
122278
464469
-163411
828593
-472476
339544
-630929
1149479
-750781
327054
-310285
550756
-36475
717436
-509903
480715
-745950
1396706
-621226
-146961
104407
602248
-458271
540526
-473280
415370
-792987
1379248
-453541
-588472
485380
630626
-501107
417755
-538351
218643
-550052
1247849
-232926
-484472
180415
664417
-475720
505519
-657493
183855
-285353
1275230
-278779
-720760
34828
604875
-309223
761453
-821748
313888
-280092
1471697
-667903
-390540
-151435
543478
-125110
481848
-878150
424900
-246090
1652229
-821535
-64307
-777981
593904
144017
118684
-826621
473677
-274482
1536736
-610620
-199807
-1160585
724552
585325
-40266
-600732
510535
-527986
1400297
-752416
-310250
-960623
691797
739329
-108488
-452427
529510
-584813
1382880
-851942
-200986
-572910
568787
408601
-322775
-643561
604577
-752781
1297599
-757805
-276779
-231353
1051360
-245748
-181638
-886521
845434
-1060527
1298561
-867204
-121131
-703
1387160
-821846
133733
-983421
1022885
-846768
1560998
-1136465
550228
-582992
1234551
-1135285
573783
-936787
1096099
-688124
1673626
-1503101
831158
-869414
940937
-920804
919543
-899607
968101
-885417
1584263
-1422070
589683
-565916
632688
-743158
1397779
-870003
1013051
-875438
1516872
-1095006
507913
-265575
326405
-986954
1614925
-968266
1108957
-604145
1159388
-1133398
553475
-210533
267744
-944088
1501326
-916351
1166471
-525034
611115
-879498
749511
-331137
522827
-1389730
1069207
-887910
1121248
-776591
673053
-526737
718784
-254250
382990
-1381625
809976
-842852
1145365
-1114152
910109
-258137
53161
42918
205581
-1378221
907176
-916202
1161215
-1305071
990897
132651
-450408
-85202
719896
-1451374
1036879
-1091253
1200401
-1224171
854541
319253
-288447
-518774
1215573
-1378279
656899
-1080888
1219701
-1079638
968600
107522
36787
-824520
1364280
-1391053
360491
-875276
1195526
-1055993
1324190
-349351
19649
-1065802
1714305
-1919920
566377
-927388
1191452
-1062020
1183232
-890176
352078
-1144172
2104970
-1844830
719664
-909548
1039426
-937028
890439
-1024689
860392
-1119500
1935871
-1433601
227765
-905559
784579
-680196
711790
-627260
752574
-868812
1857515
-1563795
347522
-771044
1042864
-676544
556401
-331109
619617
-1123173
1815444
-1898523
621460
-819573
1118995
-847288
477874
-382945
981780
-1223194
1493493
-1348178
426087
-796203
987954
-745688
588690
-640640
883461
-955524
884879
-850418
197252
-830205
829528
-647704
824258
-904558
823793
-577959
794744
-1030315
523062
-1072333
729771
-720529
796049
-1137364
1051509
-637017
1136713
-984507
765594
-1059098
865537
-453061
800063
-941567
870669
-650138
922382
-1020555
334786
-959150
1013394
-460098
727249
-670183
683367
-597613
793407
-1081854
306316
-831617
979994
-844464
1063460
-993962
860622
-903692
979916
-1168445
980869
-671205
915242
-964129
1131144
-1244450
1108450
-919186
896777
-1396735
1515772
-601740
873838
-926079
903643
-1124877
1326891
-1065919
723674
-1173917
1535697
-634908
839510
-860471
824765
-1213248
1354492
-1113723
642138
-671876
1352297
-681451
862935
-976570
1107583
-1272777
1169372
-946620
775653
-828812
1256162
-776185
948564
-1050796
1194978
-1076539
974472
-843055
942032
-847447
989205
-752740
1099034
-1174573
1012326
-595088
849210
-553235
239544
-677295
1221611
-722412
1336064
-1645547
1056640
-236622
572360
-551435
-212319
-605658
1513487
-713044
1314847
-2121410
1096332
-44766
406115
-318971
-72963
-724659
1405092
-866097
1365879
-2216824
1215759
91316
509714
-812543
382013
-594585
921558
-1170813
1541623
-2305773
1462879
314637
503271
-917075
983705
-864901
410823
-1262493
1670124
-1966941
1573350
144926
431830
-1117174
888986
-1040584
738040
-1068043
1477910
-1533092
1444035
-201276
568118
-1271916
606404
-750368
884202
-903143
971213
-1372644
1337095
-362559
306470
-937152
490947
-44037
706120
-882749
884959
-1321903
1286110
-417418
219221
-624266
390662
137979
607364
-765610
940541
-1187870
1283109
-744365
385722
-612904
502624
-37076
581733
-748764
717113
-1020120
1062160
-531029
487506
-878268
1245716
-650956
732552
-849123
661928
-827278
982368
-220914
206291
-1316059
1664638
-559436
838611
-911606
789019
-780881
854880
-299352
277795
-1366312
1453935
8411
450705
-916682
750780
-820304
854651
-311952
300251
-1065756
1463805
-312726
457878
-912652
790434
-887970
1132339
-538501
478005
-749536
1219817
-737047
397303
-922703
794523
-911334
1285942
-741826
511427
-294769
994939
-1072068
181421
514554
-583522
948163
-614633
709638
-316780
965739
-292790
310018
-1220657
420975
-585441
1017484
-749585
394041
-348726
1068097
125523
393459
-1430949
486600
-699237
1279953
-805413
179961
-394510
826712
-46641
476107
-1386828
572735
-713546
1318484
-674647
114116
-333450
770603
-543261
792457
-1258724
575196
-610972
1385943
-580577
265644
-775525
598878
-672732
1039028
-1020050
478089
-620930
1238323
-568013
489478
-1016927
543936
-719149
1365245
-958121
423483
-711671
1265708
-533889
681325
-764530
487857
-800918
1254873
-1400042
502704
-731072
1253796
-603304
483329
-411812
612112
-1002069
954631
-1507485
560624
-626588
1469347
-284937
230316
-168850
894845
-1425450
132824
-1683438
492549
-600555
1261109
-372442
-7000
-441276
1332052
-1584208
-212987
-1512775
376705
-483513
1071607
-483011
143857
-524383
1426751
-1571300
-198198
-1635932
399644
90742
961597
-748082
356558
-585162
1715777
-1750412
382057
-2486781
142275
638357
749634
-981667
256693
-43237
1876766
-1768848
1826564
-3334941
-27375
1069275
514268
-1737193
13713
717548
2258842
-1902388
3426150
-4062767
-120420
1513709
761119
-2585887
-525041
1516766
2424525
-2489751
4143409
-3729196
-73764
1577869
1192882
-3230287
-886080
1791104
2933151
-3288777
4251111
-3153317
-54164
1724903
1476609
-3524206
-724910
1746505
2971279
-3640767
3417069
-1882220
-40161
1696816
1474306
-3845284
-574394
2053001
2848112
-3819799
2772456
-583587
6829
1655965
1480124
-3931516
-416096
2397215
2241903
-3574336
1756808
459425
167789
1529961
1431151
-3844732
-488954
2285772
2304815
-3159161
994881
568434
290959
1381906
1444518
-3693706
-399315
2038072
1999835
-2754005
740316
758916
362762
1523929
1410923
-3966584
-208112
1760375
2026757
-2520105
667289
1123571
468508
1571556
1718899
-4346160
-74868
1877565
1802423
-2438529
558875
1457396
425680
1548760
1961844
-4498592
-68294
1743275
1656294
-2445491
683186
1779518
481414
1490675
2086551
-4416161
-122915
1425912
1543578
-1820380
686159
1804758
653537
1507147
2045994
-4193081
107752
603578
1645020
-1273153
742174
1241394
679119
1371071
1875201
-4167644
342358
386709
1548411
-544351
428466
1083760
720692
1310761
1935556
-4217398
168937
741578
1582372
-495362
-53943
1000031
775834
1198086
2288935
-3961899
-777848
1297395
1683614
-501979
-1000677
1760770
764449
1219307
2273260
-3779145
-1181871
1463380
1554946
-569810
-1664098
2482304
785980
1103504
2358011
-3743653
-1128995
1368467
1201212
-44860
-2224980
3319019
760658
1010745
2485460
-3670313
-791381
1408752
900291
241914
-2436518
3191651
590109
615531
2428542
-3301568
-585329
1294918
999188
209349
-2132550
2428453
296062
209617
2242516
-2880081
-393440
1246593
1112647
225330
-1457389
1493968
-59077
39159
1842192
-2487031
-117944
1208101
808014
616627
-978214
1046748
-265484
168259
1566470
-2101698
3762
732245
-32380
1188281
-542243
1167649
-444370
302307
1235187
-1822077
546942
402091
-494038
1288738
5250
976141
-503897
228475
731907
-1675512
1319799
-63302
-766540
1155263
434798
664911
-480637
68690
596790
-1284413
1827912
-241207
-668170
697011
639672
165625
-402900
-183625
517110
-712636
1855880
-377748
-215413
242113
446643
-110696
-361436
-411940
505822
-257848
1796430
-287453
44538
-189475
524119
-158683
-355263
-628781
421336
-239151
1747620
-208647
62723
153778
552155
-366500
-286159
-637585
362323
-453131
1783967
-263675
-476329
459212
957896
-450878
-255697
-691394
295414
-288733
1774778
76884
-865791
132735
897672
-315508
-149543
-787193
201772
29064
1773889
-95723
-1116881
-104734
796077
-36955
-10354
-920059
177739
135425
1843694
-331330
-858733
-387063
785872
100930
67333
-1057195
222052
191492
1944083
-622173
-1043850
-913153
725507
611738
75178
-1011390
332957
54874
1920190
-702916
-985853
-1615520
865169
1170031
129772
-689215
427252
-151014
1756617
-627269
-876720
-1462428
643243
1211544
37122
-615357
439636
-303832
1570411
-574294
-579345
-1026691
739001
811579
15111
-628361
542180
-498760
1500625
-727779
-630197
-333539
981308
166651
79957
-597795
947989
-467978
1556807
-627354
-448205
-104091
1238827
-804364
136882
-780808
1221599
-209478
1766131
-814352
-96388
-511093
1206016
-998796
247183
-929756
1159267
-334112
1707687
-1263748
120026
-669372
1127433
-653568
308605
-950915
915197
-420998
1738296
-1341991
377883
-780192
709607
-529455
323824
-772600
1087059
-518449
1714242
-1193171
114830
-464996
137599
-796170
309708
-798758
1232682
-307388
1167198
-1212819
119009
-439724
110729
-945531
387925
-811362
1280779
-274259
855660
-926200
481182
-259734
-88734
-1683076
488538
-796131
1169267
-387929
700823
-566740
558918
-345684
-62347
-1769604
564520
-686010
1142911
-744628
797372
-255434
196266
-165814
-484
-1840688
451216
-862491
1097713
-987917
1098674
227848
-364209
-167772
455289
-1537884
316150
-1004143
1189540
-968081
1086523
628123
-569447
-580906
809192
-1552140
317835
-1034745
1254858
-843238
1048349
529143
-304028
-1054983
1076049
-1576218
428704
-927724
1123166
-831914
1105703
-56727
-318158
-1073952
1494501
-1696600
374669
-902055
1136177
-894995
1034425
-629605
-6202
-965411
2062112
-1603042
414508
-776165
1128695
-720619
994075
-714875
410730
-1044821
1964420
-1713917
444584
-786856
1088524
-374792
881250
-611199
639679
-952210
1744950
-1746770
463193
-579507
1118451
-395903
717041
-362736
559766
-1045929
1559561
-1794896
242592
-793508
1062762
-558255
480344
-27267
847804
-1133955
1425324
-1553112
286954
-801795
1057968
-520445
500068
-355798
1011491
-990182
950282
-1240572
342916
-947441
770605
-526629
624424
-747884
947307
-382217
890169
-946295
354657
-999769
727271
-346886
862196
-898735
868808
-422963
904790
-960687
339494
-1086439
850127
-118960
990555
-814912
762161
-433891
793456
-1294167
254779
-1146286
804587
-328153
694648
-825614
721186
-541699
951179
-950845
404014
-870559
814366
-560695
852318
-944237
440080
-698752
775282
-905883
528611
-568915
918368
-755511
791146
-992268
791740
-918016
660917
-1242611
412584
-473932
954341
-814214
947488
-1129415
1151925
-966424
399365
-1149617
261330
-531391
953637
-610952
802254
-941341
1210779
-917614
499927
-960494
271318
-657191
830354
-698989
1057073
-1056571
1393526
-753689
560802
-717426
253892
-726200
837520
-791333
1068159
-946573
883174
-535364
869055
-653716
386869
-704476
953343
-1101522
1072600
-614721
783960
-876284
232908
-527593
397140
-670489
1061876
-1540888
894931
-7963
606309
-884446
-505168
-548828
344203
-635705
1121176
-1943786
988613
404073
787997
-449291
-721026
-1046111
232993
-783783
1332419
-2087006
1247507
835854
660445
-850777
-190820
-921107
143058
-949278
1476857
-2012833
1490536
1006308
611157
-955961
219108
-1152987
339974
-1059560
1723390
-1695050
1620499
718573
374428
-1580438
372279
-1017441
415241
-1075036
1507478
-1516159
1448257
454437
381426
-1467653
355700
-666811
632754
-913381
1099375
-1222036
1465849
89144
304130
-1270125
406670
-205986
725765
-656200
953314
-1106994
1486411
36180
272277
-907134
229869
119239
685625
-594882
865804
-1068901
1317408
-251539
328338
-525716
498560
167222
571568
-692457
765085
-917025
1168469
-220855
346100
-661954
1067554
-204941
567545
-634389
797047
-578877
1295694
-242939
-97623
-1240551
1497170
-5764
584209
-691078
822487
-479762
1069689
112391
42935
-1618072
1692050
191486
613981
-790464
759383
-458298
1170467
113104
259830
-1315497
1324725
7700
754814
-739708
783316
-596081
1186266
-129309
394185
-876209
1079324
-494629
746636
-750607
719533
-614421
1264016
-425400
317283
-462023
980465
-1190094
-761681
-108354
-525395
-7991
-409169
70690
-161129
1003405
696916
549792
-718068
-232993
-577222
-69913
-513714
99819
400709
1396821
778915
338527
-723709
52826
-273444
185131
-687347
-100719
374325
1229953
738509
157550
-868487
-20297
-115446
275778
-145865
342006
83178
1026372
185481
102299
-806876
116798
15568
620908
132354
557032
-13938
507731
-150880
-129840
-803032
-56726
-229524
476675
-50635
371243
-464057
472122
351385
364531
-671669
162351
12056
786735
218680
520374
-340196
480875
-262217
-66050
-1037376
-351431
-531694
272674
-209207
574749
373773
1428052
293593
296609
-976480
-217259
-145765
662040
423850
1100025
748159
1268386
-429614
-971150
-757498
50194
30817
534659
223443
1364706
997396
1293600
-1013432
-1003742
-976034
3079
381905
824846
263808
1421665
1086285
1105159
-1258709
-1112030
-743221
-56
-6540
361140
-483548
1084881
537425
1101109
-1198689
-71732
-942109
140536
79638
-278852
-1087536
158707
-206470
1265861
-717492
1161746
-1006578
149749
-67283
-802539
-2341018
-401793
-842185
1589930
-673762
2743716
-753012
627924
240586
-1242143
-2904717
-991190
-1470741
1587938
-571126
3493207
-1010674
871995
214504
-1787154
-3163846
-763255
-1369773
2047401
-439004
3875819
-879300
1334056
496286
-1555122
-3044930
-342590
-1145248
966821
-502707
3455027
-936286
1503921
429300
-1771411
-3057554
293869
-529947
1102787
-619824
2751748
-799995
1647032
563352
-1458529
-2556686
149201
-360389
423259
-136749
2244063
-648210
1699306
308665
-1662849
-2281661
668012
-14578
210392
-61405
1915603
-649526
1895153
627879
-1288312
-1978301
309941
29410
207238
-72057
1350786
-698316
1737434
707866
-990475
-2142693
336139
96580
80506
108460
1364970
-782002
2011808
728167
-971312
-1971182
291028
154978
-167905
216938
1123274
-726477
2202775
916999
-767086
-2035904
124021
-208871
-315654
350560
1263156
-1085983
1957955
712414
-559750
-1653213
8213
-320910
-447889
760380
1501586
-856133
2244859
823162
-453476
-1775360
-241744
-940274
-412466
821759
1450627
-997423
2106589
931174
-396849
-1960656
-839468
-466147
24937
1453007
1530699
-837873
1975273
748806
-126983
-2082235
-866489
-189614
488235
982014
1211358
-999247
2102779
1016382
-256313
-1923676
-808008
507437
412701
1149569
524786
-971928
2043128
1463395
-119983
-1554062
-522423
717646
-179960
527200
194362
-1167687
2052857
1508153
-285050
-1684732
-419966
844114
-640191
553889
262671
-1040658
1962053
1209140
-217507
-1389250
-510695
646771
-806974
439368
548521
-1087381
1455438
562963
-690892
-1499350
-723369
870700
-448312
856680
1111558
-851433
1371253
223399
-990249
-1845281
-1022121
487223
-264088
809169
1408379
-892731
749620
-95130
-891941
-1528893
-585160
294464
-153045
572392
1500055
-748288
494677
-376674
-1144323
-1424603
-1140804
-312839
-415116
880742
2174898
-661061
510276
-379477
-745091
-744394
-846822
-480958
-641093
613002
1827686
-511185
160731
-832495
-799851
-929849
-988549
-598718
-387929
922449
2204014
-448667
-48995
-1231544
-771566
-381477
-478915
-655230
-94911
899721
1660422
-708271
-778745
-1976899
-881332
-435238
-71899
82891
511593
711205
1891729
-706747
-972652
-1981274
-760383
-485286
-174045
-94926
780511
921314
1845282
-818240
-1112290
-1743991
-817130
-366706
355317
89686
298943
919922
1861420
-621783
-978806
-1797886
-811059
-453138
78604
-206949
440853
955021
1797838
-512965
-809382
-1795030
-794784
139554
319721
54375
454400
530367
1100603
-473755
-865127
-1698292
-577126
257371
284993
-125727
33187
337112
1252939
-397513
-964188
-1744179
-323926
783665
1111899
-110935
-226417
-220461
760797
-220533
-682220
-1324182
113811
1094026
1047388
-59243
-712736
-819423
447021
-480555
-743545
-1202692
510835
1199956
1543568
-43783
-839174
-909117
109280
-296419
-516159
-978185
573196
1073393
1248741
-424748
-1362811
-851092
301087
-302218
-186280
-585838
583788
1038425
1026049
-777648
-1063733
-437302
251307
-511857
-397992
-955028
358991
497439
469674
-557181
-488709
416130
875609
-766428
-705180
-1292543
-17298
163614
355204
-403736
370594
909654
964049
-1120501
-936591
-1347469
233164
457894
672903
-260528
658116
575943
768739
-1083337
-641932
-1321409
254300
389119
670153
62514
850191
239268
498860
-1016847
-675685
-989334
552349
269288
897810
-246088
254866
-265658
723723
-789000
-385284
-851384
897101
566072
903509
191396
183114
-728358
38501
-967360
-529424
-830452
589210
512400
748391
93258
622844
-231244
361256
-881993
-284205
-468628
901348
485585
733419
635355
825711
-552103
-197513
-1045461
-351654
-323825
681479
214176
615649
711367
1303642
174093
-306616
-644587
53438
-336574
128892
-20523
804860
798081
1123331
-295012
-573385
-677409
-34383
-648059
-67978
88845
918507
836453
934985
-176506
-402695
-492808
-76803
-951695
-297561
214899
723377
682922
893722
-198120
-56442
-747784
-205648
-1000302
-248964
430492
1038187
381941
1024096
67627
47694
-599544
-6029
-559965
188779
647517
1182464
-13325
431599
-366187
-287213
-724028
-62401
-584284
387373
374189
821348
-368945
628466
36768
32933
-423109
78182
-532407
495579
284085
320499
-804322
732754
91395
157517
-1170217
-491986
-813630
47154
-199971
527638
-238318
1302668
808724
888857
-671781
-256380
-573620
212142
-301999
553968
-2352
1134300
420513
27893
-987962
-580121
-793901
-138652
-224044
551775
275064
1670560
736000
452406
-397859
125252
-295704
64481
-373696
292717
-437695
703260
64951
212486
-495077
-67346
-604431
-44821
-357045
501806
-58259
720777
149389
174072
-378343
-277093
-911204
-242099
-680943
-13102
-238425
903934
700888
617315
-274706
-212249
-731210
218964
-201051
37089
-308476
544222
95137
492910
-416255
-273262
-730143
140898
-263496
630983
7728
772655
75441
74001
-489972
-17545
-219698
669640
-18894
349009
-89355
491029
-320420
-216170
-463620
206359
-48027
543825
146912
548109
-307454
424088
-556710
-315957
-495573
98643
-427283
617336
-263176
643522
87073
508182
-685109
51986
-501949
56136
-410594
237523
-504826
84445
-118396
801198
-459972
403066
-472680
-41394
-645776
173323
-623734
472305
-428351
77184
-264560
880342
-460340
-35021
-624282
-20356
-605942
201508
-68905
274718
-297350
855560
-364351
241310
-525320
260722
-544629
381153
149621
714661
-363635
-4307
-315527
494259
-266431
118708
-415744
411483
288437
426286
-528955
-131457
-293447
521931
-482153
-475757
-922202
620324
1177550
801183
-730664
-176718
-248272
653407
-870540
-809423
-902220
385843
572143
735253
-215641
185750
-790267
-78445
-1611190
-1312068
-859023
1093066
1625809
1395122
149677
512592
-849943
-96462
-1457802
-813549
-423530
1280038
850628
1102886
182018
157488
-1009096
-125672
-1395791
-560773
214315
1557881
1000645
867023
-212475
-95608
-1005734
-89340
-1077439
-363666
-50751
1175392
504814
426885
-377164
480749
-814709
-93648
-1053218
-301079
-206119
798932
184345
67801
-98503
863325
-617039
-84237
-1005491
-241030
-244440
250087
-354743
-2172
322337
1317430
-774022
-219969
-1086731
-453751
-209876
549608
-77904
124914
177008
1419715
-768333
-350538
-1060172
-144125
-300721
437657
-260767
-175730
57497
1451936
-799517
-524453
-1250642
-560333
-52859
759500
-389368
211623
65803
1452015
-976909
-614636
-1156720
-390948
-179476
576521
-468552
167574
637997
1889824
-920766
-421874
-1075585
-338937
-220103
577372
-255639
387283
806728
1411352
-753522
-467043
-1158763
-362768
-69067
654410
214718
1313329
882822
698756
281272
104832
195735
260348
769381
602105
-304226
-902973
-831931
-382086
242235
-85590
-265398
-100103
136862
88694
183276
-353653
-76204
139450
217804
-66894
-187643
-117416
-62824
-267422
-135393
-261411
-23554
290036
309850
68239
-40796
-381799
-91873
-128663
183747
66989
-391895
-180623
322879
75954
-145237
-702882
-440386
-149343
531074
207286
221554
-130723
190625
131478
223762
-162101
-104
90212
266907
-239750
-54929
-335460
154756
80488
155629
122213
-34363
-327378
-158688
-264344
-48940
208333
543697
282613
26135
49645
-157885
-934890
-955721
-621524
305567
419551
606664
392519
-107077
-363277
-114791
-777943
-1042944
-531688
605982
497111
-284801
-386755
-336692
-551039
-140673
-435125
-360800
260155
1146696
927061
95877
-307369
-104796
-93598
39473
-347926
-225146
-491223
377515
372550
670761
324013
372737
224767
439001
-270517
-213483
-1323469
-207708
-615431
179191
-123374
357493
1089871
1339727
545456
901566
-1025512
-515436
-1973780
221524
-605362
-77562
1675288
1770109
854387
1194152
-576529
-630655
-2384796
413169
-805279
-426498
1049206
1689628
351336
511238
64695
-46619
-1658835
534862
-638833
-463971
524736
1316340
-102594
11184
27438
-109427
-759186
461664
-534506
-327095
483643
870383
-3318
33624
345416
-303438
-797858
216924
-711734
-293075
782922
801716
-264339
-336668
844172
196363
-663230
323827
-576782
-429408
611657
836506
-83139
-502573
-40386
199118
-190830
257412
-383236
-410743
129070
758008
170977
-460576
-205587
-35880
-65798
178755
-706258
-461875
291761
793556
50091
-252608
150900
-25625
-159287
358006
-967120
-628972
332481
863004
201220
23891
179219
-295870
-509298
496394
-759801
-447989
401210
756273
-49807
-198312
123400
-275876
-546455
386781
-819876
-715398
207286
754031
147455
73521
378720
-94124
-386366
571217
-528674
-767775
-255038
798119
777919
292177
-66835
-437160
-870067
380541
-508736
-264865
-254800
733108
793405
195849
-404717
-298584
-645365
185603
-849078
-440184
382166
945722
441501
-129565
-206205
-324006
-284616
569041
-513269
-853576
454853
869812
164422
-642601
-54884
-437619
-244583
580664
-558726
-1154673
-3156
808477
-8981
-716393
150635
95091
7871
321052
-924043
-1044185
-214544
383227
248988
-287129
710867
337083
-114057
475240
-565039
-580098
17140
325708
611078
-175928
559524
2508
-754917
754925
-185990
-342197
95200
662597
372457
-371807
-238913
-155680
-535789
579524
180330
17717
146322
724226
-22208
-301097
-652206
76757
-314326
220472
182446
258126
725899
993105
744572
140719
-494737
-359966
-964040
256200
7760
39683
272801
358981
877425
377615
12114
-346347
-766210
364071
251415
119099
-265176
7253
750817
629277
191584
-487213
-852521
24161
1122
288223
19344
50488
494348
861336
297145
-458469
-643500
12543
175122
763466
248264
988
-12699
265525
-65523
10818
-475157
350182
707762
806866
126872
22822
-147881
42395
-282824
-202143
-635488
631333
1013926
636900
274771
75043
-721109
-540324
-173166
-222030
-542466
348137
712904
885242
643876
380518
-152636
-259122
-493242
-553615
-672686
63520
120548
623406
421467
-18844
425706
552995
-326875
-635120
-457925
76766
234144
474984
269389
-156488
104129
316973
113711
-265372
-502339
41215
530556
703234
309617
-320773
-694256
-122971
264754
244104
-279655
128121
472586
545360
39189
-465177
-359727
102696
302943
221852
-368599
112081
335360
479126
-231206
-351414
-267646
277017
500866
36954
-267197
-166695
80499
367641
-286811
-744398
-1110516
74904
1052469
855177
390529
137408
20836
48809
-249139
-822253
-999866
108035
954121
690896
170738
216842
73655
282619
66908
-46309
-62524
15229
73280
-151589
-369161
-233082
-180380
183310
89732
144799
230167
172335
-100886
-86062
163184
338683
210758
225322
-8608
-207694
-60329
201824
-515763
-452016
380
990791
815767
859876
373989
90403
-178680
-326492
-1119081
-1030540
-841872
613148
728633
625605
-210881
-126880
-649838
-232713
-17603
121512
-629677
-99956
-44575
114661
-533290
-383649
-375030
173940
663202
954494
-751
52265
-95326
246993
179514
26932
-5371
9823
-38725
228441
-207458
455172
312436
150891
-269863
-465799
-503994
-471291
-187982
631655
308905
425982
331709
-102809
-548574
-388144
-372364
-335025
-403358
111765
610998
147789
34091
-33424
201138
319700
-227705
-419949
-887847
-353005
604126
196642
-42221
194852
151511
-103396
-430885
-703924
-797344
-138744
620467
145029
-39808
381968
170645
-451963
-166643
38331
-176218
-72195
-95839
84855
58147
422118
465570
-182200
-357380
275781
19310
-101659
-266825
339839
433521
426388
310705
17266
-678296
-340542
-347746
-301839
125439
277522
192002
246575
-127161
-150764
-485414
-297697
-481848
-272495
324099
-84558
-325353
-116537
-563736
-419251
-105272
721970
151890
199363
173247
135497
-29516
-114630
-313446
259745
132233
490202
68422
-159380
-392332
300247
383136
357380
147541
483029
-25788
-327259
-651477
-771054
-257543
562257
581864
488260
266702
-214156
-498031
-360292
-801550
-597665
-314436
373519
93975
2225
124820
24132
-408502
-67489
-146025
139455
-173727
19280
-23466
130670
169903
486878
-121135
-410392
-224206
-54378
147468
-34997
102693
274961
-2021
278731
434866
95415
-161948
-451869
-355107
-193542
-84565
50199
-370181
-110461
322782
528791
225637
306441
-214668
385832
600506
725478
315741
296723
-279198
-350329
-718175
-509088
-360811
187291
340324
285797
26701
49344
74636
54562
-341030
-436712
-53362
-220437
-397584
-331893
-365367
-445177
-247567
352731
561391
671052
482099
29065
-361078
9253
-297167
-69550
-372835
-144165
-12395
618858
88595
265086
-96039
-47995
-291991
94052
-60854
-110339
-446167
218015
17668
258000
237874
155030
42624
160317
-371806
-267415
16620
148966
-192105
226402
286522
427926
246456
457232
128094
-127607
-272951
-260148
-577705
47632
28886
368710
88766
225216
500864
643451
-195575
-519979
-590588
79716
-37591
184044
13439
-154137
-280637
252539
345151
266795
-191225
42120
-288867
-117407
164623
-51500
-652251
-1072189
-118922
1145423
791185
-70313
-618129
-84165
310023
105893
-292311
-537970
-321265
507101
739423
129503
-137030
489308
797108
527595
-101735
-459196
-644269
-339143
-110086
276974
263916
699624
780969
569469
-283555
-255895
-591127
-785429
-334720
669211
479941
733451
454374
-172003
-862630
-455986
-617338
-507873
-59761
540172
402778
314054
-100875
-215018
-737887
-675262
-388295
318778
105657
-147342
-118394
-32355
-312250
-25698
-174743
111559
493505
513160
-135392
60532
96297
449491
326403
97814
-43300
-23853
104252
-341827
-734811
428541
272751
432464
377851
334418
83397
-160597
-267717
-466671
-827766
89629
-26621
83928
-89235
419607
476482
410312
-60209
-233835
-480075
109614
191002
319299
202369
-93964
-363937
527504
25189
-124137
-378949
558614
574003
467467
167759
-424220
-828668
118631
432342
56132
-859964
361133
338825
417003
233626
160147
-183641
-48218
250367
-191734
-752566
174836
193636
541633
544928
443467
56166
-260737
-799064
-517742
-234894
277314
76770
281953
-64334
34063
-29251
-193734
-497333
-239305
-41906
187998
151215
283162
-217377
-276819
-277665
-458195
-646999
28767
736862
78998
-25592
-19931
143918
592726
846991
360418
-408495
-823279
-538056
-131670
-182569
-399550
-432774
-327294
13368
370295
314220
421080
280573
-28591
-103607
-171765
-279689
-278753
-366232
-275734
153148
289891
407449
110788
68324
-7389
-286465
-271166
-171333
249645
381638
116708
-213157
49103
87024
-18040
-426129
-562359
-324819
356675
588983
675329
-81288
-150477
37543
233252
173808
113031
122793
196988
33991
-19964
-214040
-157086
-61777
155395
400042
221453
-43313
-304326
-221878
-127774
104066
340727
282940
71572
70304
-76568
-594881
-1096887
-757656
114680
431752
320962
346001
47412
-200193
-114092
-224216
-656311
-525958
160718
459447
-758354
-679588
-464280
-493483
-260933
-25238
236832
504373
939909
938186
-62622
-310804
-180338
144758
266639
264764
281853
-114442
-74171
-226518
625641
696258
528152
500977
596026
278977
270185
-763793
-815202
-1456648
-54138
-56880
121159
1007397
1248088
1318695
1250280
63806
-555934
-2017238
1199
-428095
-433286
734131
1394025
1387723
1109583
605855
-230666
-1751676
124044
-279993
-523241
-193608
718142
480034
40851
428613
297194
-187844
254338
-17277
-361483
-569117
-84245
-214880
-481499
-59095
277023
672385
74901
116419
-74479
-357232
-342485
-139022
-444280
351648
-71700
425920
-182130
-122060
-155051
-112255
-216385
-278729
-591720
520149
619463
725573
-20535
76314
-148813
-270542
-87944
118332
-602767
-406343
86490
791191
-38601
250352
-15063
-593748
-406488
114406
-56118
-221207
-296478
473574
-91698
-82131
-130674
-360978
-173304
172516
32258
4130
21709
412349
168069
-45611
-351666
-495815
34911
287549
266758
171912
-48460
-69649
328492
208907
-31959
-263148
-11898
104064
-73580
-53178
-99676
-72547
-36254
90320
-218662
-435554
-67412
186659
152979
158911
234245
221758
276417
423512
-137933
-745885
-219810
624747
552647
39211
-205666
-397031
118496
309729
299023
-361840
-124898
297849
463491
-344726
-272730
-170799
-271551
-163708
-110060
126422
228547
227617
-149009
-191333
-208638
427466
253790
416244
-226352
-112248
89516
117621
-636064
-341232
-126779
294329
202504
299869
-298651
-578870
-269914
-101590
-497262
-145930
386872
724257
-69264
-61492
-334995
-691080
-480434
56583
3355
492604
657308
582873
101750
263876
204921
-98146
-210345
165558
192240
482966
171550
-134913
264559
631816
567688
21989
150805
105638
132106
-531038
-270329
-260710
-101142
670983
696025
147123
83490
-169696
3874
-772743
-77438
-895
-514738
358305
682667
605674
402591
648015
480016
-119249
-346004
-510570
-266264
203630
163957
-141928
-262262
307900
592346
511291
-79533
-130336
63230
490953
225966
-455543
-709241
-253577
473439
491183
-35128
-105470
-301556
4529
175409
-96055
-318592
-222628
584464
478773
112649
-21894
-254565
84729
438371
213790
-1814
-612316
-339875
-200551
285101
225135
94318
576486
588712
251562
-111992
-498384
-296517
-444930
-117299
93236
351178
735316
398882
147243
-166961
-697955
-783824
-423324
-30041
143617
-75590
152430
368001
349812
372343
178681
-233269
-527593
-227151
-28611
-361616
-465307
-267227
-49119
-53826
339302
634903
442985
-187750
-67642
-180997
-171360
-292273
-188208
-192091
-151756
113503
506277
288931
167766
-164372
29773
87488
88124
-236205
-624334
-461872
109923
639726
507459
-50013
-21492
-34125
-153446
-292779
-332638
-241770
235424
469017
337308
-59056
-124883
-117774
-403964
-205520
-189798
338024
450235
247789
191795
-346695
-392537
-273108
-272406
-396624
-785989
-392474
413213
977470
924118
90972
-197361
-438892
-282417
-298214
-469560
-300979
260233
651570
544148
241253
41608
-94689
86349
563148
635368
104498
-320887
-624473
-557947
-380089
-446388
-294791
149012
570094
758053
426195
-367734
-489529
13438
239376
147495
43989
16399
94421
115659
-13411
-534584
-610917
-269083
828377
853752
814548
532288
477005
37485
-372585
-974753
-1093305
-1086844
157486
330117
260868
-64471
29528
-447290
-274763
-50898
436556
-10007
-580207
-663184
-481974
-541486
-461808
-265275
45379
730869
1410936
1022520
-254957
-443424
-351696
202841
363203
358517
155620
34389
12102
93345
186105
221247
-16742
-139351
-180375
-270972
-537462
-274554
154287
469856
128373
117638
-193476
-334271
-367737
-227470
-177162
-393561
-277483
556821
-194994
-241131
-160749
284459
574098
440056
-5569
-535655
-672935
-153647
-56822
-220426
-36129
204674
250398
31619
-459365
-496952
-404581
209674
-92050
-125452
182949
268750
-95094
-57842
222246
516965
114741
-395547
-299460
-111493
151909
415690
269550
-47760
326478
597081
228524
-377088
16994
344761
332288
212288
239699
-183686
-345697
-177902
-180060
-168439
93953
67794
8225
-295598
-120978
-89403
-75489
-264470
-181447
27896
-198297
-456462
-535028
-669037
-385190
36107
789333
733721
538671
-34184
-109054
-106327
-243638
-237389
271848
391552
578957
470505
86558
-439297
167765
422459
403597
386021
551355
483870
-243527
-698092
-840585
-539457
428258
422009
371326
461872
-87461
-301514
-559431
-583242
-410737
-393110
29658
-56386
-152326
-59893
69636
-139571
-164179
237233
509560
135325
-522480
-373684
-211552
-70233
376732
357315
-118871
26891
217134
458396
-240357
-81387
108911
67405
145642
520371
401700
213890
-252302
-373838
-332862
-336225
-229916
-379650
-405923
12721
620296
770199
701777
82586
267266
498860
674565
548685
294936
-237336
-428408
-677237
-559614
-294341
-37946
128287
100107
51381
-63963
162042
4504
-18142
-249003
-124655
-378039
-643098
-721943
-657288
-683995
-462338
192851
844720
1097509
877895
147308
-271417
-252995
-274571
95805
-254970
-317456
-115693
497265
195544
345346
100934
-107174
-47289
40088
126158
68930
-371298
-221641
-121238
-3852
275495
232133
230543
230740
-66430
-184556
36201
-101644
-184355
-30113
207170
402345
474898
449402
438347
35131
-205122
-283566
-493469
-153679
-123713
104943
85473
135631
419620
843136
331692
-460823
-591751
-119385
-141951
-86486
-3922
-301156
-425728
-138558
493848
514825
219999
-28880
-236551
-318171
-96473
-66624
-443361
-1184420
-564028
606821
1293646
-155940
-467814
-333095
-38586
182907
105503
-294269
-462723
-138027
706464
6805
146304
319582
570478
691701
281911
-17398
-219109
-657544
-688222
106150
412035
607916
524808
519431
152966
102448
-391107
-815607
-666117
412174
565216
517982
33295
-362212
-645032
-395269
-98275
-148024
-334085
309372
348237
-4306
-475810
-439850
-465932
-366778
-151379
314709
306139
-508203
-451911
-571246
-698511
-385096
260083
694293
957559
782282
321117
-7057
-71549
-20139
229314
224643
406794
331239
320528
-234901
-597994
277876
217043
146109
212176
405274
441656
197191
-114725
-498355
-663434
-254820
-158766
-286347
-384221
125831
567860
711891
182372
-27157
-42332
-150092
2286
-15148
80602
-257943
-284384
289512
188181
240399
-40609
366220
475651
331513
138204
-233786
-695273
-600054
214392
358559
-144596
46067
75522
105143
46432
133042
172576
-68518
36996
81538
-13076
-161263
-166073
19782
286434
559508
512526
-108122
-812161
-650895
9199
72690
-146811
-168974
-331305
-111863
2676
-80230
-263714
-226590
314408
-137456
-84857
-135549
-335920
-425171
-303099
-361902
-364701
152428
926850
-96783
-309075
-367880
-166162
-481674
-445736
37421
518103
560707
952230
-155294
-549065
-234753
-84223
-340736
-503822
-879914
108962
1220776
1288898
84555
-532984
-414258
436244
-108506
-398353
-756072
-325861
1203999
1234460
22463
-578303
-536901
628072
180148
-508196
-246208
-33238
845346
1454774
-137228
-561696
-521543
612906
442572
-229891
-116797
-99139
292090
1039752
-149263
-718995
-716822
123460
504281
288475
245244
-186544
-39146
732991
43412
-579941
-498480
125569
529897
718821
283208
-513568
-223022
494085
2629
-571195
-552933
58567
-115335
341582
451052
-150148
162261
882901
-50287
-616140
-711331
477092
52453
-189452
891827
674530
602896
301720
-130453
-702047
-1052273
226654
287381
-645916
607668
1545694
1237258
43144
-135391
-543437
-654219
306442
790207
-258045
609904
1991107
1488780
-845372
-391849
-540849
-158370
485338
305846
-500784
455074
1612334
1607992
-869848
-761144
-927746
-158272
161933
-119500
-1183327
301381
686655
2091357
-63223
-1111927
-1147738
553100
312197
-1029935
-1813604
-120962
-448820
1615856
367188
-1278288
-1555500
1493779
1560505
-1610374
-3229585
89239
-1725651
335928
456051
-1406512
-2078047
1689781
2478280
-1675800
-4395991
257038
-1033621
-427177
347284
-1477811
-2377638
1857288
3025131
-1494248
-4567075
222712
-211071
-939188
83569
-1601730
-2428678
1853418
2948282
-1845111
-4229874
564774
779704
-1799475
280268
-1543177
-2465214
2291841
3252784
-2240367
-4156239
982714
1525712
-2074269
-929024
-1425906
-2355193
2182102
3410851
-2438709
-4239707
1042176
2098306
-1583841
-1084611
-1511158
-1971792
2056620
3078643
-1932031
-3746214
778349
1724325
-1288022
-525804
-1586083
-1963741
2357922
2871651
-1946513
-3351411
501093
1882645
-1183698
-380852
-1667005
-2228923
2475575
3300824
-1894439
-3183430
655532
1580368
-1610775
-373952
-1834516
-2509281
2648510
3527306
-2093096
-3163145
460300
1567241
-1869790
-157642
-1759325
-2625443
2411238
3800200
-1990186
-3119224
576999
1583057
-1809933
-192102
-1698220
-2497366
2072618
3607517
-1198281
-2669715
-133369
946714
-1911555
-234444
-2040340
-2502582
2229859
2801039
-1010830
-1896880
-674372
192121
-1054950
213863
-1807708
-2350705
2539577
3194319
-1590585
-1661757
-1040840
388378
-1001520
686767
-1832949
-2328397
2087110
3848929
-1510791
-2538626
-861327
953045
-623062
331261
-1702507
-2430116
1677132
3994007
-760177
-2926887
-935260
1754583
-638050
-103259
-1848253
-2531425
1589053
4147319
-574801
-2627897
-1060470
2404241
-714048
-930946
-1754766
-2582709
1700763
4021825
-882788
-2031986
-831072
2105657
-871336
-1960731
-1473211
-2642456
1101219
3530121
-1012091
-2137851
-810210
1572257
-94373
-1978966
-988090
-2153276
633941
2844351
-1147289
-2352150
-973024
1452997
409960
-1290868
-433870
-1667248
523406
2269228
-1259923
-2088423
-1323082
994977
305769
-914811
-69604
-1402199
395481
1901920
-1338596
-1763122
-1473230
-97390
207759
-585978
-57329
-1326308
203936
1124303
-978253
-515209
-1020149
-825224
-190649
-587835
43639
-1265844
358671
345046
-1061406
176834
-716443
-1508840
-620580
-229770
118001
-959409
577436
-113028
-1364599
455483
-225121
-1333118
-468903
-205459
188599
-727679
55818
-962350
-1676884
746196
74194
-1089878
-93274
102972
408019
-604630
-659672
-1459076
-1393913
287909
181896
-231421
28214
246143
487785
-365582
-797137
-1773902
-1207303
2227
-210213
171522
409645
168546
583029
-241899
-507834
-1545864
-1558301
539478
-234854
-847191
74790
950863
647720
-224966
-549820
-1307675
-1447459
937414
439289
-1227120
-299303
684499
619618
63435
-549361
-1503532
-1468618
753369
670087
-772675
-294858
264214
670292
181214
-666476
-1766579
-1266711
1129674
1170200
-348656
-510987
-274655
773064
307813
-696882
-1823394
-707489
1578071
1300553
-845024
-1178800
-475587
638911
451358
-572544
-1761731
-756150
1806741
1776263
152366
-1592270
-860925
610097
292573
-484304
-1458677
-772670
1617190
2287783
648655
-1896412
-1407485
422679
-65915
-418490
-1113695
-486083
1416181
1651226
415615
-1858756
-1060211
274991
-125061
-134537
-853060
-530248
1285757
771820
-303910
-901589
-219226
307127
-374901
-324042
-848598
-546044
1226866
767625
-674434
-438993
795771
296339
-786105
-871523
-943894
-587169
1015862
564109
-1182030
-225003
1468328
380842
-625317
-1215080
-1305000
-499727
629108
535654
-478169
-31913
1012206
234498
-371714
-921855
-1433307
-110757
1284598
470130
360004
-257193
-360052
134444
-339846
-395503
-668083
-152821
1293445
368289
10504
-74032
-910886
245055
-591881
-700912
-664161
-196200
929181
277623
426239
652535
-758009
229621
-533629
-1023826
-578433
111408
1231647
512345
519261
1193847
-562600
45958
-501484
-954480
-247711
383832
514682
93565
404508
1327920
549736
72064
-454336
-540589
-80241
-6261
126108
-234497
666455
1688119
1014674
-64122
-546041
-354807
-168432
-756810
664090
373418
184387
1562229
686498
298656
-390927
-185912
26572
-1357593
412826
1269649
-294282
820658
528515
560426
-242447
-532063
-88778
-1296609
-77353
1451145
127687
425973
931100
532559
-167734
-516526
-268403
-840055
35254
1102149
-41428
480145
1132673
122895
-435649
-292328
-209160
-656288
607178
1351841
-516995
199580
1331393
364885
-327694
-319620
14806
-98216
646041
1111772
-794361
-539611
1212017
54781
-415151
-755443
-254071
75544
287026
116352
-411787
-24342
1796454
13364
-368493
-563711
-401929
-470250
109929
323666
-520620
354788
1710143
-94565
-798561
-907949
-313678
-489255
-373664
971301
17026
399315
1685906
464261
-304419
-545262
225333
-101130
-793186
51325
354418
159722
1267419
364188
-154416
-559070
-131320
-71442
-466090
-391770
200403
330190
1045668
372132
-54209
-411395
-392003
36798
160215
-208504
-317069
294241
507383
531646
146268
-503186
-530180
-57825
-46335
-361512
-297174
320288
787362
687845
186459
-769395
-737688
-191988
86205
-496962
-157780
258937
1107419
583195
172045
-458806
-271627
189459
407564
312929
-310421
23999
345976
193244
-87320
-34663
-46318
275683
171067
335921
334075
132970
-304401
-216406
-515812
-113824
54346
140710
486319
17205
158582
586877
-160035
41796
-464278
-304551
-43012
187822
-248749
-21231
594895
435379
-27575
220548
-319514
-356988
-315455
67792
-314045
-631208
700515
460969
-465172
264227
-276528
-137142
-421492
-54752
-6856
-512502
-385210
33436
92428
340086
-100709
9991
-252568
-505758
298455
146200
118258
-698102
-476944
274672
-222483
148303
72023
-612218
-220883
129237
1043945
501915
-1116258
145466
-462915
446676
464503
-1064967
-425401
243051
1473098
1476487
-911800
341538
-505018
572764
720461
-1615592
-885822
249429
915824
1211713
-324792
429885
-673184
318260
258330
-1999347
-1118619
574134
1019981
1179371
403141
690274
-642104
-6214
115967
-2281949
-954809
1062027
959339
336574
665888
464037
-724337
-586893
-180994
-1992086
-708414
1471563
1253198
725182
525326
195448
-363844
-480367
-301104
-1219069
-76711
1123218
1215956
124813
-60827
-165528
-318912
-14989
-356005
-1329933
34280
885041
883679
-326640
-452561
-258983
-406445
-42584
-380557
-1313392
-280681
385759
386919
-262295
-249713
-216952
-389303
-270117
-411245
-731522
167712
82016
-182959
-220468
-126650
-163791
-268485
-173387
-343448
-806444
348230
502040
-879782
-735581
269133
-76079
-360254
-548584
-766407
-1149809
-51291
1537676
74329
-1415148
165585
-125192
-368782
-741426
-823472
-991814
37317
1247907
339190
-1325565
-358355
-148161
-171893
-446759
-608552
-963698
-330880
623462
-48462
-580379
375040
-243593
-338524
-399966
-732455
-753061
-34710
388739
45820
-13823
901954
-207579
-399731
-561880
-26027
-670722
-395423
-711617
62082
1143517
1521443
-129310
-233698
-659576
377092
-168524
-443944
-964521
-100711
951846
1656957
-113526
-304436
-722108
651047
200122
-463469
-641109
187366
718643
1555588
-247638
-435321
-836095
734748
137997
-108302
-325212
131692
454698
1206033
-238121
-577033
-813754
607592
417828
501213
-67655
99435
-430644
1003491
-106000
-473244
-853088
297698
223217
658076
19866
-278933
-591869
1220045
-19833
-321189
-796411
213802
64804
479220
230734
-164798
-189601
1033757
-263058
-454567
-988446
192627
73235
-23046
503847
724234
490157
1020321
-339551
-747131
-1258998
223593
301421
-97333
470511
1649992
1214680
711069
-26596
-346042
-814165
540491
526591
-84819
206105
1921240
1311061
-460377
-239795
-524251
-556316
788052
420243
-221884
141966
2096330
1245660
-322036
-593721
-1130408
-456661
486394
69093
-673108
-30554
1952349
1141408
675140
-778542
-1539743
142406
580849
-697280
-1640770
-727966
853382
446528
1790593
-993875
-1736951
758493
1389187
-1063337
-3532439
-775599
-344984
-390769
1916376
-1290716
-2002784
1109308
2768451
-1353359
-4359092
-842027
-401235
-1068994
1140072
-1454968
-2471033
1269946
3640054
-1513870
-4628099
-681303
338589
-1097481
308625
-1588711
-2705401
1423081
3838187
-1525655
-4673775
-218009
1077695
-1641581
-178686
-1459582
-2743346
1765471
3989183
-1970352
-4860119
544343
1588134
-1696282
-1266216
-1544300
-2589678
1810921
4087909
-2131932
-4705866
707563
2253677
-1756874
-1265112
-1632925
-2362907
1860524
3829905
-2058859
-4293294
663210
2295978
-1380976
-1033320
-1536802
-2254196
1919315
3810797
-1995038
-3680542
265418
2183997
-1170631
-986856
-1731975
-2289722
1907104
4157790
-1865678
-3700943
179499
2087813
-1464001
-841418
-1905178
-2652595
1985557
4379626
-2105530
-3467193
256398
2150163
-1698025
-726661
-1795925
-2654946
1964369
4630623
-1963704
-3444199
345871
1866047
-1989332
-820490
-1965343
-2846534
1793015
4461334
-1540512
-2888573
-160833
1300026
-2029265
-383947
-2069170
-2839511
1819106
4074330
-1456772
-2017653
-699146
417627
-1584104
171826
-1981857
-2509548
1897712
4051254
-1594093
-1918365
-1233847
281118
-1009717
374014
-2034177
-2464606
1735380
3967547
-1011344
-2710094
-1077634
564328
-40650
-160403
-1948707
-2626221
1423658
4400434
-542963
-3044480
-1275270
1589632
40873
-543621
-1942792
-2528795
1215850
4896260
-307794
-2937558
-1106354
1875420
19030
-1703848
-1898811
-2696352
1135961
4891132
-576187
-2803586
-786333
1623674
-50309
-2356093
-1858705
-2613841
774546
4433699
-892542
-2391353
-912633
1608411
70300
-2232225
-1353449
-2342051
367855
3641581
-1100752
-2170122
-1277160
1966522
5649
-1413317
-528569
-1870352
291003
2787059
-1355986
-2581244
-1413370
1200404
288948
-868272
-70069
-1530694
156069
2370039
-1330953
-2330883
-1002135
-3517
367576
-925544
81183
-1607172
124947
1832632
-1285405
-1109017
-944900
-905801
-72080
-815049
204550
-1459028
332494
1190690
-1472084
-119283
-688971
-1435265
-706971
-471092
219878
-1006948
381772
499485
-1872236
435623
-398101
-1356132
-888920
-131128
194271
-807111
217538
-463763
-2122746
908164
-107643
-1218375
-514175
391752
254612
-687571
-387086
-1434329
-1701238
719933
25998
-215059
-69460
47734
371774
-347483
-845423
-1802087
-1661922
299867
-182250
102092
260205
325703
608810
-99248
-791091
-1371530
-1847071
165746
66058
-539230
-148940
817234
689720
-49025
-565617
-1261543
-1725763
457636
390324
-1235808
-303157
850767
632964
64434
-488970
-1558435
-1836518
873375
832950
-716192
-413481
437992
585897
268291
-609517
-1718863
-1630193
1078520
1138861
-487700
-595914
-74844
587708
505795
-784408
-1779066
-1493218
1529897
1317007
-465586
-889151
-409710
703518
731317
-688141
-1673272
-1206356
2113611
1557819
277254
-1570712
-1333900
628291
460880
-626680
-1457626
-834566
1917911
2298235
740857
-2031660
-1697056
435456
126066
-629914
-1175901
-899662
1608947
1960841
656731
-1946996
-1341166
469494
137127
-278562
-763879
-941885
1412862
1324611
-148227
-1544237
-595789
322600
-12883
-411657
-686568
-728045
1335146
863894
-494796
-1258347
593027
50150
-476394
-1163450
-919183
-1135915
1115201
660025
-672716
-397348
1928226
108516
-576851
-1522475
-1176601
-1008577
1342020
419962
-293397
-310070
1563374
201433
-208179
-1025622
-1074018
-642325
1681744
190408
15131
-381658
199708
218353
-117718
-851583
-811227
-571809
1201320
427444
-25327
-167420
-310208
141549
-330189
-884338
-709956
-309273
1359352
445037
362890
337724
-585925
28951
-391632
-1139744
-547915
16712
1470122
396138
318310
839612
-305233
25917
-317750
-1104806
-429772
250017
777033
-85940
744315
1232272
443133
-90216
-353052
-1024453
36504
39336
321991
-49626
753497
1638036
1121065
-158963
-287743
-700193
275828
-638751
181763
467893
275761
1552138
1022486
146446
-132527
-557302
184404
-1253750
60816
1020450
72017
661437
1046219
391628
-38729
-743960
-50614
-1489366
19950
1233054
477135
348478
976954
325546
-130700
-808455
-105311
-1373243
190876
1317649
478246
297570
1347366
274322
-88282
-515361
207608
-995018
753806
1269863
-76758
-531691
1528312
233633
-124014
-510116
199333
-547397
857749
774604
-491863
-929698
1660915
96047
-170693
-692770
-205464
-325954
682230
135768
-414181
-287937
1791483
-186318
-543488
-942388
-474292
-348847
173771
376326
-183399
59813
2267077
-138855
-418422
-988618
-200049
-278367
-209190
492974
156370
-154444
2155584
213170
-216342
-963862
103499
-478310
-433785
90332
444878
278747
1496032
302021
-78587
-668409
110160
-356872
-425710
-264663
92880
364021
1170387
370917
214887
-397247
8229
-199754
104862
-440074
-316213
-107950
864569
270065
245705
-789572
-567711
-444903
223317
-532523
57714
146486
1267988
506656
330193
-943213
-755526
-280722
233504
-578652
-52885
335701
1121932
677119
467871
-652865
-224372
70335
285091
47083
-249217
-203963
678619
222672
148677
-466523
192666
2120
707799
-48955
373892
-184088
302947
-154492
-280436
-295066
402537
-131980
730800
-117585
326264
279489
361601
-82337
-358345
-382608
-3842
130809
276451
-270963
783562
339816
-68872
46766
-314409
-543153
-114480
-213006
7942
-739392
736021
647530
-233139
186953
-102186
-449760
-181814
-375252
-108490
-707800
133869
-109150
238939
205131
7745
-376617
-17043
-529551
234961
-415654
69201
-518423
-125548
159468
-20128
-170174
222570
-451532
-69455
187695
733777
397120
-773652
157857
-63324
51533
961758
-908941
-400322
217407
1135522
1040415
-844147
221786
-236996
111071
1113394
-1646996
-1145096
110693
1433384
1429286
-449960
427938
-317227
61990
795666
-2271855
-1281470
124937
1275788
1031046
359260
346375
-411093
-466863
458738
-2625608
-1202488
774948
1690200
663899
749757
275140
-525070
-785106
214924
-2287145
-712673
1394265
1585588
496708
855646
239964
-299222
-440899
82537
-1814120
-107554
1067770
1353595
134757
21878
-105966
-343548
-254905
-135781
-1626017
-85953
1010563
965062
-26980
-486011
-458365
-365314
-319563
-257888
-1624505
-163421
685426
713623
-206426
-312480
-325768
-155489
-247690
-138141
-1261529
111829
-93597
46346
-498395
-68848
-184519
-172057
-232451
-289377
-1122293
185031
254457
-34123
-1078201
289825
-323513
-283241
-620107
-631246
-925938
153979
1046281
349838
-1702211
108519
-311473
-164715
-818937
-660222
-1287396
55380
1244416
256736
-1450313
-325954
-287440
-99088
-782126
-677722
-1323938
-267499
831682
280138
-1082532
412392
-437890
-143462
-590319
-432697
-1206102
12594
442515
71511
-585645
1032759
-361151
-14036
-585423
-467264
-1056511
538831
352884
-72477
413636
1294285
