48339
-27524
-449426
217845
-361847
-257149
-1241205
-585084
543566
1438862
267383
108049
-609286
712598
253348
-314232
-1258127
-931590
68136
1595910
150945
-54649
-888147
771074
416401
-169206
-710236
-450087
42130
1420469
70807
-110152
-966927
520577
162522
-65636
-457919
-110847
-359953
1145377
98250
-327233
-1141733
120539
180363
594378
50237
-74454
-851798
1107045
244511
-69786
-822094
102052
42116
732271
63299
-445437
-1035064
874560
266950
16094
-982179
-117235
-411761
58184
139888
-71336
-257451
1428588
200820
28717
-944990
267357
-32847
-452510
-28428
412593
219111
1154108
85773
-300885
-1509955
-206191
-18999
-798413
-505072
1332097
1593269
1434891
245297
-58533
-923746
345607
466671
-555345
-890559
1521731
1667140
381418
193390
-264983
-734540
378222
55225
-902339
-936980
1345181
1507259
922476
-230006
-1148828
-587771
391462
70439
-962318
-1013714
1117715
1314601
1749116
-219031
-1566038
88565
1088092
81293
-1736731
-987812
-23824
-215049
1632478
-303468
-1873548
654117
2752796
404621
-3121523
-802481
-1051246
-1543661
1078903
-499293
-2631187
496789
4153979
718820
-3565863
-624503
-179650
-1911419
-304899
-559995
-3022806
455663
4971405
1027217
-3802605
-713395
730404
-2204597
-1028611
-659231
-3433801
319351
4904179
685106
-3889471
-258317
1687381
-2085056
-1610746
-573782
-3436100
719684
5329386
261621
-4438206
-168745
2307520
-2052876
-2603220
-710236
-3323925
569106
5156337
-183883
-4406017
126904
2763953
-1686833
-2325683
-912659
-3121719
671356
4854391
25541
-3918748
-516593
2469094
-1060867
-1785694
-876817
-3104037
547143
4711823
-142187
-3498532
-523688
2513070
-1074451
-1744988
-1036375
-3381341
596324
5142408
-129623
-3367000
-594381
2262279
-1601835
-1730244
-1213479
-3713768
510189
5303422
-490052
-3389747
-454614
2465210
-1612347
-1626449
-956846
-3733175
234443
5350069
-279979
-3058932
-93540
2415953
-2048646
-1922437
-1029198
-3754061
121769
4975101
50984
-2258578
-558875
1341682
-2228208
-1628270
-1385465
-3811997
221453
4410624
-55218
-1076753
-922835
610375
-1649857
-816487
-1085158
-3355311
391564
4558303
-87652
-1206583
-1294316
220539
-1304257
-998974
-1212843
-3401222
51998
4569400
410906
-2080069
-1354835
646130
-436262
-1075504
-1102803
-3524373
-637289
4831334
1196536
-2413943
-1863765
1513377
-45958
-1541961
-1149674
-3535094
-685352
5105124
1067010
-2374061
-1561039
1948150
273525
-2610363
-1012070
-3439476
-722178
4914611
702751
-1955286
-1347634
1424807
269063
-3430572
-915073
-3294639
-1063625
4451741
286076
-1826013
-1571440
1513463
601412
-2811216
-355118
-2549088
-874007
3834315
234387
-1712888
-1750839
1560059
410600
-2170387
270440
-1898297
-675288
3332303
132736
-1831509
-1571582
547319
298414
-1905982
653833
-1465662
-410141
2933903
-272507
-1495950
-1096378
-510801
178566
-1859521
590975
-1539074
-230669
2282811
-166961
192342
-299879
-1087092
-599028
-2204488
638877
-1356330
149437
1678550
-888687
532094
27800
-1335150
-1204183
-1490925
602445
-705249
760952
1119538
-1628641
1050991
486211
-1211974
-1231317
-1312662
652874
-363159
593878
-18230
-1974052
1082646
465148
-986019
-890299
-719597
775294
133582
333155
-603169
-1422920
510044
-22370
-189614
-429022
-973645
848392
555171
170691
-788855
-1568611
137810
-72219
-80739
-580910
-716040
1079261
775805
382280
-393634
-1812608
166480
133124
-1139242
-899835
-12743
928224
692217
550975
-286486
-1665021
616452
663050
-1435373
-1120308
-226041
809211
882722
564717
-738589
-2061859
291452
994485
-471501
-848550
-380078
744046
1055363
342705
-1104169
-1990884
807967
1603284
-230989
-903342
-988813
652236
1249004
263299
-1225918
-2012283
896879
1147188
-43506
-963775
-867094
644452
1315888
207785
-1437024
-2093570
1066488
1820586
1383495
-1009686
-1588638
709744
972246
34669
-1263799
-1889223
755339
2360543
1849972
-1538512
-1974171
339356
373447
-46910
-924453
-1779634
720540
1799669
1373425
-1185799
-1358826
461413
451279
158009
-680872
-1662638
618259
1174851
558004
-1019268
-465159
565920
427214
-50541
-469468
-1314546
968692
1150834
-324833
-1417586
371951
490853
102648
-663939
-570110
-1557254
756768
606183
-948788
-1012462
1554644
674464
368770
-844815
-1168987
-1596548
830929
336443
-12445
-669097
811185
610630
590584
-379542
-820365
-998538
1405633
292382
12968
-807250
-538964
599677
602444
-155015
-567986
-1123202
762586
148054
19807
-111914
-550981
479557
161644
-663283
-845062
-1214329
834590
202654
352507
973589
-147886
430805
253971
-961112
-733382
-370066
1195692
125556
144158
816540
-30383
361015
187836
-1013826
-433364
-184292
106103
-832973
-13358
1277969
1615576
280970
169590
-794256
-7389
-554093
-222043
-597003
30595
1420596
1738864
19355
-35817
-561863
399698
-1021936
-113573
136846
-465146
1119580
1584953
468611
335006
-272096
552483
-1607113
-569562
656443
-486853
77031
1285582
629138
420251
-524965
360180
-1635894
-775112
820639
118780
-44194
1422452
524100
297434
-541806
278720
-1529142
-565311
819187
212177
-221420
1715259
239815
156348
-318127
292300
-1338245
266601
1245938
-142389
-925287
1909313
504546
301901
-443244
213840
-629341
590448
571456
-659382
-1576469
1518790
178408
47672
-639907
-222440
-562743
218780
1014
-339125
-801854
1997493
274812
179717
-633809
-383314
-582542
-162719
262942
-466346
-870881
1988961
134306
-81615
-927627
24669
-310331
-388882
291572
-60005
-736782
1960344
769940
507822
-468872
539669
-253397
-805151
-580133
-89871
-583249
1121468
330142
194536
-599885
85249
-248964
-225367
-413301
-37363
-124592
1112176
382290
645864
-111471
121885
-71715
425768
-600386
-718396
-599336
679376
386869
768793
-364489
-348809
-300484
351980
-683737
-258489
-454572
887122
513302
730095
-701473
-740711
-429265
307679
-387484
-256677
-44551
1223194
622925
802446
-345332
92853
82070
354572
-42111
-280119
-594965
568231
124828
205206
-321343
112624
-411923
652292
-54416
375404
-100986
454184
-174661
-272603
-437181
146313
-242813
545065
-367350
262575
485170
827625
183515
-120736
-419500
-30620
-100821
63499
-747178
774054
613722
98270
308093
-17682
-492649
-95303
-151671
100740
-890763
457192
335193
-216361
299719
216546
-165198
40494
-399367
198824
-813175
-37489
-327859
66423
371339
290662
-163527
206277
-446360
361731
-260329
46555
-597811
-400977
134599
-13702
-190346
639315
-462283
-269660
-289834
820473
1030528
-525106
133278
-203621
-43212
1506746
-858289
-757798
-193350
1143129
1536532
-434057
290250
-307587
183216
1855119
-1288620
-1430969
-895438
488593
1563027
362592
477161
-213071
55919
1631217
-1799028
-1686757
-452318
965743
713490
581918
776596
50136
-86272
1567521
-2158200
-1848599
-146955
652135
40793
1031756
486959
-48665
-510238
913929
-1984988
-1223268
528038
1267685
404413
812969
526271
249262
9219
840143
-1537176
-860672
108731
985322
-32507
-254765
63214
154101
240868
466585
-1664124
-683295
345438
764664
-260859
-769140
-181452
10555
-12618
306153
-1578917
-524055
112862
581730
-229299
-687662
-61041
102388
80194
394351
-985324
207520
-153269
23821
-823241
-784553
136608
323229
232580
287749
-1001131
-235035
279106
69966
-1500922
-294146
24669
224657
-288966
-326478
-1237538
-117045
1475616
952029
-1843519
-1020061
33364
397432
-270534
-19431
-1117943
-399195
1011111
671957
-1857935
-1287358
127143
569467
-50152
-23453
-1309353
-690577
506520
320789
-1380554
-240073
-143721
338036
-93133
46527
-1153178
-90581
179937
-43097
-866262
384359
-53316
512294
24763
-45051
-1066536
330266
-27009
-663114
-266492
1271712
-305072
283937
89411
117807
367730
751022
678153
390537
-890252
-1057496
-476439
65627
-70644
-521695
-385270
546111
1006483
1025942
-161645
-909790
-401407
334965
222367
-515606
-662438
127878
479314
678156
-93928
-727905
-341455
438155
456838
-387577
-336064
220832
233958
664089
-48074
-871891
-336852
645361
563521
-161609
-570010
-243504
16121
652026
448660
-815755
-516484
365141
437514
182722
-235832
-141767
-187144
727891
524473
-630409
-531834
383347
624677
541355
172434
112691
-588460
292347
-311538
-794562
-323137
374506
400002
51425
-213640
262918
-639471
-40629
-391259
-272478
-247872
697161
898254
209840
-84275
690781
-313130
-829478
-1376893
-663966
-746925
64226
238812
-391068
-477368
942321
406015
-507145
-1174655
471696
-481159
356372
444154
5393
-49683
1279754
489477
-751977
-1694184
-413006
326265
1246798
396808
134303
-102912
1391868
367761
-856601
-2100612
-963710
137956
1266021
-193353
-274007
347777
2189243
632566
665172
-1139745
-992462
245313
1219853
-966092
-1425777
158080
3254002
368492
1937381
-495096
-73110
657377
1884066
-1125752
-2953930
-247565
3031065
-477391
1601903
204279
1716733
680895
2401579
-1216346
-3954751
-687850
3118484
-858273
1106753
524242
2561781
767595
2925343
-1064402
-3800783
-643506
3247432
-1154990
94274
742619
2670123
543764
2870277
-1432034
-4001848
-236774
3774762
-1219929
-314923
1185228
2959396
725694
2914017
-1289759
-3817940
210140
3531094
-1310288
-1354346
1229378
2530002
865629
2844643
-1436593
-3876328
64443
3524623
-571438
-1556640
744620
2057579
744229
2784900
-1279593
-3655532
283868
3005339
-412525
-1413790
918147
1668364
1023578
2833505
-1453114
-3781360
208274
3036729
-112643
-1271687
1289651
1298745
1146023
3303322
-1357365
-3780364
531984
2841490
-351397
-1618804
1385476
1046744
879632
3390209
-1261292
-3893133
233130
2617660
-515986
-1384062
1970541
1315177
1005673
3525277
-1213663
-3707977
51242
2255152
133431
-860807
1901536
831859
1144710
3571390
-1057824
-3192548
-61765
1404205
224019
-559054
1424208
458597
762769
3049818
-1174924
-3021379
21891
1244642
562555
-233869
1392043
821417
1092316
3243729
-1121629
-2951714
-379394
1662095
407315
-498020
616067
786085
949814
3423898
-677576
-3689033
-829844
1830061
978153
-1243124
893547
994893
863521
3182138
-503164
-3961984
-709577
1853825
1020198
-1471375
862215
1653433
740915
3344910
-129760
-3686237
-504158
1728589
1220291
-1434639
795574
1782981
814696
3441053
171748
-3214190
13101
1470095
1220163
-2056590
316534
1544958
189604
2875049
110808
-2784188
19452
1187608
1379137
-2064418
503817
1599024
-446861
2341394
35017
-2283440
156834
1582173
1442641
-919292
179376
1315902
-649473
1736725
-255204
-2128927
154973
1304605
1171163
133582
118364
1463386
-447558
1736537
-368874
-1978056
-225448
-288029
762781
703688
774812
1834781
-596623
1376075
-561182
-1205585
539869
-581924
494568
888870
1048733
1217387
-564150
772647
-807456
-434837
875011
-1282299
-145011
749666
1194795
1473391
-414318
772053
-616239
370353
1141388
-1175086
-412430
613694
772927
775242
-484690
325341
-599935
754069
750967
-692621
-240735
106295
318309
1239078
-753482
-226810
-394321
1061015
1069162
-204970
-148163
249486
352200
770268
-1141348
-704014
-634032
594655
1093993
148868
214988
973750
499332
388344
-949904
-590196
-857481
488547
856208
-484769
-268890
1414695
848893
569103
-862645
-550645
-678177
867074
1348289
-661799
-853641
694854
805011
632283
-778040
-702668
-492993
995643
1132347
-992248
-1109723
589407
866655
1115955
-744212
-963164
-502014
1064036
1336723
-606000
-793208
338180
679710
830537
-868669
-1051614
-418458
1304475
1231377
-1213759
-1586853
-574190
1116009
1745297
-767701
-728731
-397857
1278726
1073038
-729162
-2011746
-853109
1461674
1565399
-354997
-264377
-264417
1234726
1409912
-246024
-1534109
-1137906
653426
796869
-706772
-382797
-355930
1036152
1415364
-56343
-1149874
-567514
631069
334458
-521838
-103029
-228584
804030
813776
-680264
-939921
105446
827689
-196036
-199462
448845
418861
1007179
1094534
-525479
-722532
456172
105881
-1438218
-715855
100488
423701
1245960
874031
-737378
-659797
365026
532324
-422639
-1048879
-409828
-334509
722199
255926
-927125
-232180
914970
977320
848923
-966135
-439395
-241239
1053599
605024
-58220
-338502
235987
-77845
829992
-536991
228424
148445
1145305
443389
-590167
-473106
-313980
-912293
759088
-581868
121639
278554
657286
-152243
-706084
-290989
-6533
-819091
734187
-669764
82460
391045
819996
262374
319052
520743
-228229
-1759279
-681477
-602392
47746
410724
489835
324625
230907
135510
-15733
-1434728
-809355
-355997
277800
214336
39930
497179
236459
78039
728102
-1250210
-1094007
-778808
56669
-32205
104232
1175700
458930
-175042
815083
-437173
-1023320
-706122
215969
97502
85357
1328867
335004
-696460
187397
-570357
-852480
-657189
174933
-52904
-101457
1175627
367202
-873283
239802
-322726
-1002408
-649463
-30820
-321400
-211317
806427
-8864
-788034
852976
342053
-1204014
-756744
60837
-122003
61913
460525
64542
-379116
1214608
629963
-1223182
-278606
455162
265805
688472
569200
129814
-667849
542203
-305833
-1577695
-404411
350287
402282
669635
134517
195470
-808606
731762
92700
-1311844
-333326
272085
299654
172477
-17579
428517
-522338
685264
329131
-1319802
-1072572
-309526
-10201
-178245
354319
965125
57749
771592
201857
-513970
-584614
172424
280107
101752
39063
632256
-274
503899
-326495
-834115
-763990
-352688
-236967
-89878
-329454
207857
565720
1097611
380059
-402415
-454580
-103097
308174
632710
-29779
-76744
104160
262342
-27730
-648240
-627914
-189559
357477
804998
-16993
-71064
34455
431668
-436550
-624238
-954084
-650474
-336377
-132250
-578368
9239
-15792
928335
633899
52497
-353702
-77369
-60631
211600
-12314
-432171
-204100
71574
-4498
-71362
-36226
460931
65128
111189
-17688
6779
-117116
-61774
-771744
-389619
-313032
465132
58363
528512
-190295
332222
150920
-369301
-812638
311638
-402968
416880
272612
499920
-47966
348801
365463
30696
-781979
230579
-521252
38417
-120391
374377
-47153
556150
540272
200834
-227305
129002
-558435
-1126
-198634
102151
-188315
-102650
62454
387217
272697
797248
-350906
194074
-420476
-98908
-26031
213512
-509767
-518051
-577272
1228182
-437748
273968
-549437
-696076
572531
653209
-288336
-854453
-1072784
1040168
-415234
625361
-494443
-733102
1054000
1416951
704049
-583332
-1839961
-75467
-528277
848410
-407168
-638018
1457049
1300026
74662
-712546
-1056070
-432053
-658705
661763
-479606
-858519
1384223
1284574
21553
-299062
-590297
-554264
-600772
638749
-344992
-585852
1108168
881793
-817981
-605954
-270941
-213541
-1011689
55544
-920969
-601288
1124888
1084282
-6675
4134
164367
378991
-505039
192141
-602926
108409
1228247
926364
-336197
-172984
-143647
442249
-88056
375897
-354236
228924
1163510
754368
-239397
-450385
-137956
422564
-292392
82072
-640344
-93756
652500
241806
164274
188574
609217
790697
-466844
-142
-551581
70969
586139
293415
-305202
248050
990400
557441
-119124
267870
22751
595907
444201
-256569
-1439500
-171457
1387549
990776
-280608
-76593
-148769
178244
857961
534257
-1167156
115966
1188499
1009795
-495029
-298829
-201985
455886
1111860
803291
-902245
-240999
726613
590662
-217782
-110208
-315227
95184
634856
265538
-507108
137577
552587
222179
-346169
-272005
-415152
137698
443190
-122415
-271806
775727
52142
-334604
140984
-453589
773853
-441952
745375
-379503
234399
247794
375862
-861369
299108
-663699
738917
-350757
119222
8227
1222093
229846
560673
-1604940
234871
-528676
1045673
-564124
-235863
-205150
1260908
325006
347829
-1316808
164346
-427564
1142161
-720765
219196
-134232
899100
-205528
150489
-1001526
160235
-303632
1163327
-625066
430399
-330008
723028
-718055
829735
-1424305
194257
-310207
1151502
-502063
435471
-717035
162143
-519045
1483621
-1226383
227789
-382836
1207918
-191233
185145
-588573
168276
-331893
1012975
-1126767
129060
-625039
913280
-131192
-15557
-352421
782094
-89669
964856
-1642457
72418
-451360
1079132
31509
332604
-193131
875935
-493786
-111851
-2117721
148783
-195320
1290506
-298577
330196
31741
1391726
-948907
-958967
-1810834
-159710
-115777
1451501
-332867
-26639
77263
1404116
-1704855
-627064
-1808374
-192203
328134
835462
-700317
130866
-263096
1759901
-2338294
550352
-2576669
-455683
1152532
841425
-859583
-342738
227545
1681117
-2379553
1727502
-3414048
-355704
1127005
834687
-1281166
-1314922
1142601
1885342
-2041265
2627906
-3188974
-89868
1420892
911244
-2680096
-1246068
1293846
2072186
-1280565
2726298
-2017005
-46687
1756169
1000095
-3842546
-1174411
1839128
2381185
-1528124
2728412
-808881
10124
2300485
1045523
-4220394
-1250389
2554936
1960513
-2081502
1809832
751106
-16114
2448231
1108339
-4501868
-1281490
3176565
1872924
-2096866
1130217
1134857
279515
2341915
904356
-4361886
-869271
3189482
1190021
-2571394
1627855
1537199
401361
2426815
433577
-4469278
-193331
3154069
1179638
-2690212
1086309
1768926
397088
2196423
945853
-4345455
-254513
2639298
1272056
-2264204
540504
1619572
437643
2016753
1151962
-4309835
-337636
2455524
1490542
-2508150
594696
1811436
511862
2261154
1281107
-4782776
-197220
2438836
1295079
-2350057
629958
1967779
669532
2331128
1347701
-4722026
-248371
2354760
1131185
-2397895
944464
2086811
524055
2439568
1114902
-4568302
288391
1901693
599347
-1998620
1290510
1917380
610959
2658330
1324384
-4907071
599104
949833
574650
-1394904
1865143
1098237
867262
2327564
1518833
-4298048
-170523
626037
964748
-175056
1014204
1480078
857180
2113179
945636
-3482943
-855095
879431
1276650
297560
-73053
1496173
830450
2046049
1356498
-3672078
-1102197
1181626
1915451
-7010
-731587
1625511
720046
2107200
1938426
-4007109
-1286643
1918631
1497600
-302657
-1722856
2244424
732971
2145242
2096403
-4314528
-1373011
2238542
903726
-303256
-2050435
2906534
953767
1873127
1956434
-4145183
-730163
1414547
1015277
-710243
-1236381
2804511
695322
1668483
1573554
-3821617
-428565
938555
1757270
-1048188
-380968
2030278
330818
1371405
1419814
-3315525
-676751
1413892
1123522
-551445
-537524
1552422
-238060
830599
1188937
-2874163
-323178
1867648
472121
150609
-671663
1547085
-650974
900442
695713
-2777803
304743
1030092
-12427
702866
-212408
1907101
-692447
1009438
739940
-2377555
811744
359162
-277238
512615
406755
1675226
-472265
711976
328622
-2195732
1307819
-463625
-352275
880300
1246248
917827
-393458
461495
-377525
-1465942
1970517
-679276
-545180
701765
1337911
311953
-418380
-180393
-747509
-269576
1717883
-892358
353977
639308
434898
622195
-391710
-509021
-197081
-8008
1630620
-662267
124240
246992
738655
371101
-633847
-810681
261873
-187457
1519557
485405
-342921
-150444
927561
477625
-590252
-759350
-136637
-165247
1524833
71972
-546164
680428
993019
29920
-461882
-570172
-426751
-105897
1734140
-123120
-464419
562713
881787
-308146
-325305
-879564
-386766
184601
1876218
-73532
-1003175
251581
736748
123922
-140241
-1215812
-242220
292599
2469878
-361795
-907778
-432349
492437
579054
-122143
-1154150
-32028
469996
2197702
-789348
-577361
-735184
256420
1002123
-365853
-1218888
114378
770019
1882335
-405926
-899190
-1612636
530504
1224328
-308985
-886221
296733
478365
2012689
-605525
-1644050
-1695809
678962
1639118
-223542
-466421
421847
221280
1806637
-559812
-1596669
-1239302
1275065
1071964
-117940
-758426
269121
-1663
1443414
-660447
-1016816
-722525
1761930
487434
-93901
-920155
563561
-301235
1477557
-825019
-799327
-41002
1880689
-708129
-158928
-818048
651666
17275
1998825
-1280694
163496
78042
1283719
-1364623
-188949
-689293
760004
-29093
2017373
-1138720
215871
222625
668457
-1173924
-237418
-847225
918948
272300
1296257
-892474
-216705
-460280
618041
-369101
-11413
-771010
646557
153472
1430611
-985850
-71123
-53090
16453
-671988
-18171
-751699
668917
331761
1192428
-972003
-9679
-150825
71956
-341506
-27311
-586661
1094424
596108
556827
-1080097
590114
-377631
-274140
-828723
17340
-627069
1348970
-75197
299317
-406012
536270
246150
-233565
-1444527
226511
-451863
1194871
-840602
393668
670975
163630
41607
-591563
-2003539
266769
-602317
962373
-805820
703160
704490
99407
-429446
-7890
-1697182
192639
-815793
573404
-750128
1149697
377884
-97820
-384556
290998
-1034343
-126782
-805166
744446
-835851
1588545
495466
-368339
-642021
895041
-1267751
-144559
-677033
958994
-800449
1700619
383005
-438513
-1223499
1330569
-1921570
104181
-699165
807623
-437635
1456529
-694446
-248150
-739451
1548405
-1692081
120744
-425656
584122
-255000
1060118
-1146909
-317435
-120316
1495068
-1198115
-115583
-499445
680427
-146106
273187
-144102
262627
-240046
1882403
-1651073
141078
-671441
904198
8172
298492
-144883
686472
-481864
1430686
-2211311
31691
-670367
986348
-313474
582640
-135310
586637
32323
854863
-1366080
-18732
-377752
801072
-601589
509880
25709
225999
-289095
422905
-959690
60165
-631985
546099
-570206
731302
-105228
639645
-221683
716959
-1420970
230209
-904365
357066
-359792
528923
-1003924
888022
-99725
1080121
-809959
124981
-1025713
435634
183428
640349
-600049
433287
-671
487216
-653175
-158926
-1118700
704159
53063
398069
-103820
790529
-212867
678278
-1218151
-129988
-763654
1035858
-446751
870800
-1119597
613465
-297969
633972
-1428068
43962
-393918
834926
-531710
815657
-799100
296601
-641666
668399
-1460107
265535
-225992
534044
-275195
526303
-1033554
1217299
-631624
-308363
-721329
97399
-234607
678403
-458268
487680
-834265
875474
-348571
-202640
-614023
76724
-485846
698730
-628105
764950
-394661
880389
-1203487
493234
-7468
73752
-589483
627441
-626225
506935
-430610
969701
-339811
345070
-164836
108110
-585921
719783
-553374
399023
-421706
533859
316194
167438
-793913
119398
-522930
1188767
-1283196
477428
310592
350407
-512236
-441754
-310928
154098
-303222
958770
-1912347
505045
772608
915739
-695972
-1208731
-435417
167773
-367104
715718
-2243346
1051386
815379
910897
-1068336
-444617
-165106
-2466
-823777
663820
-2293622
1333995
1624395
1151338
-1065730
-91678
-498952
-79676
-833654
698204
-1664986
1836860
1155024
410475
-1051501
513196
-1300919
-184927
-444356
614204
-1250598
2163346
931902
271374
-1109621
-322092
-853236
-61554
-323387
595016
-1039005
1468790
666992
-142730
-1038220
-321664
230672
350310
-484775
431461
-858378
1452780
269960
-179876
-894593
131420
557707
432726
-421509
300139
-779382
1671963
-269644
-53147
-652492
757967
563569
229067
-363394
210300
-680460
935185
124443
536347
-1201550
1414999
183732
323978
-580818
186679
-350316
796965
-48459
284456
-1083181
1222564
392490
341610
-717003
360280
-354227
1238647
270301
-529164
-953050
1259078
704482
236602
-664076
534160
-256930
1095711
145615
-548511
-1098724
2080423
728096
338813
-729708
513500
-636588
1404064
54613
-160121
-489181
1560944
41690
465205
-712341
303536
-554964
1395026
-47946
-89310
325636
1316552
-995329
-168048
364288
-197385
349195
-318214
-52807
-1196949
-589104
267118
754762
68340
561465
-417482
639605
558559
299558
-505522
-425793
-994137
430274
-163697
503301
-566110
460665
220798
207164
66887
94611
-611630
252703
-276818
319054
-484774
264912
-4544
479372
-508734
209159
-771217
23281
-52643
282443
-559292
76739
-126547
817958
-84225
180985
-1397691
289804
59100
392570
-509439
15541
-541494
502048
-204816
143802
-659902
521835
-32551
644950
-412785
2595
-494162
-129982
-172743
382538
-418106
537194
-315852
270619
-620403
118035
-21283
-102293
27381
1090399
-47300
695942
-192201
225493
-608564
-125400
45124
-78566
-883240
733105
452979
619773
379375
715201
-130755
302301
100469
448687
-1183780
317737
9195
179175
-121691
237692
-110002
299792
-429807
-129127
-1049205
424407
-206993
1295029
-83999
-759560
-677922
-630
-667649
22716
-1364477
689766
-668912
3037733
397103
-493224
34918
191455
-330336
-886073
-1768962
389774
-1976597
2851270
301752
-459183
-51841
1409259
364924
-1429532
-1261787
271152
-2932291
2249917
399220
-603193
-702281
2109524
913949
-671435
-1265182
1371293
-2163032
577604
221144
-705848
-998276
1987045
1326107
157035
-1350289
2216041
-1701772
-248479
426136
-699040
-1132274
1675860
1109792
-103750
-842220
1455534
-875469
-640873
534949
-616104
-940165
1770725
991359
-289422
-694982
1473647
-599567
-1792736
292664
-514905
-1070003
1776394
952951
-875424
-676658
1570778
55520
-1001495
190083
-560244
-1101600
1387500
1170398
78208
-1178816
588412
330744
-379080
221663
-411774
-1031798
1475359
875493
-213812
-1198851
866033
164512
-924293
125315
-793946
-1245564
2110830
697226
-298865
-1024620
680009
-228365
-837400
-66719
-864743
-1485290
1937633
627250
-411736
-880817
824601
-3374
-981905
353795
-547448
-1545856
1868458
696169
-366913
-761966
862071
-161749
-1274158
70513
-817379
-1589709
1621645
952582
108998
-884482
98374
-211495
-714834
-29187
-738532
-1513978
1314737
142806
983388
-1024366
-85543
-52124
-153734
271612
-263343
-1192063
1482596
207940
167199
-469065
-102187
385397
-875764
-5596
-669918
-1533130
1423816
1083359
-633195
-310502
231870
676962
-1250098
85170
-495686
-1763741
1200557
1649031
-209594
-735534
360714
847580
-1692332
136818
-513429
-1616271
1551097
1363470
-235135
-523218
-169434
1023557
-2102174
36253
-515477
-1651783
1062980
639160
-89838
85874
-922936
1305792
-2038515
84365
-355819
-2070180
899617
467469
-35965
-604074
-267780
1154648
-834059
413085
-84294
-1669410
509659
488204
104751
-784237
355985
514275
101346
783421
331498
-1223568
262204
427361
-530795
-534075
-598556
357647
-679
621435
151209
-818140
903909
565281
-94038
103413
-1347302
99462
-592879
428530
-309341
-689262
501116
374166
856572
645463
-955528
-158855
-714338
554569
13678
-348759
587716
-87519
670074
463222
-657392
-814986
-614919
307829
157742
-177977
731669
-982990
587984
946591
137363
-601614
-63345
230668
178203
-198120
53265
-801392
619478
369610
266996
-190740
-93830
121635
202057
-261045
-154206
-169350
369087
141571
664260
-87418
-287111
250068
711864
-87115
216219
-586154
-366440
-327031
655966
-180097
-321266
370095
821284
430673
860860
-577871
-57631
218640
-1003759
-863335
232891
216190
462636
367968
754940
-441859
144816
706158
-583394
-822831
-283091
59753
582319
374592
212000
-416514
-52386
511260
501370
-628279
-604885
-24731
668709
337780
200101
-636713
-93939
816978
355307
-419100
-508953
-110993
718079
199325
434879
-669802
519598
-60449
64855
-508723
-580916
-9562
847727
414801
320496
-810931
235823
371968
1231684
-420759
-1010946
-120434
431131
217478
394546
-699797
-223412
571060
1387403
-233820
-1092242
-180113
24134
-102281
421138
-1031426
-516803
-53835
507494
345665
24604
81524
513630
329307
420949
-867395
-328624
-496238
110605
262996
141663
-151762
330313
-304524
380431
-642086
-76430
349844
281618
-321707
820847
-307732
94417
-985480
83756
-1064560
-10507
98889
199552
-296710
1260672
4878
629499
-317911
151957
-930927
504660
-502710
647715
-616826
84376
139792
1081767
165378
449972
-491412
788338
-102598
459514
-867290
-1084056
-25925
656432
210582
570938
-874303
-14617
-264638
-47019
13649
203292
-14673
352451
-405893
345851
-665010
116927
189829
179783
266126
430076
-171103
527727
-401164
-71055
-219510
544453
-135864
300547
398885
486548
-24416
664929
-315331
46203
-227008
-385031
-771661
13871
-156942
1510755
-162386
491858
-229616
470814
-549232
-447423
-299051
88378
365364
1002687
-163263
448331
-402532
399373
-709089
-233172
306504
-652868
-494325
809231
122665
683562
-290321
501238
-719091
-617244
289906
-182641
-1087169
563714
46080
589874
-595289
249605
-405409
-620542
21404
662719
-718018
658877
-167939
510459
-397090
487883
-264980
-154215
-406572
585402
-556972
737274
-230191
475987
18070
808809
-399400
306036
-237627
45005
-1578527
879273
-72053
555006
-321103
383371
-408902
422490
-537081
181454
-1291310
539085
-187252
199207
-588331
-90699
-399485
-115904
-875713
663040
-224896
644292
-377401
227330
-260113
-229621
-358262
-90786
63735
576342
-610810
965074
13912
449845
-458975
351759
-183774
-158484
-177458
434238
-1136547
359484
372124
809304
-131629
618914
-53616
-158670
-887421
439182
-414141
-219353
-16723
539859
-147103
121727
-351143
118581
-769999
-251439
-189657
203576
-146671
656832
94214
371050
-103831
936561
-284481
-555531
-1060575
61897
-305254
438411
-488787
-227847
-668909
490209
-367182
617836
-134146
534851
9019
635018
-218167
2194
-258597
39272
-280269
-38483
-434725
474131
-23329
744375
75271
678047
259884
689351
115480
-59319
-1002184
-339503
-466495
170518
-152185
782553
-753365
450472
-188344
789300
-418052
384613
-493804
-69472
-312487
247128
-425895
517077
-709138
303967
30503
915346
85458
196406
-542062
98289
-402670
229941
-665890
414790
59635
470272
70072
362747
-431011
-68281
-600442
31108
-756050
470014
-47366
145679
-48301
497136
-222720
515695
-598430
499758
-750905
-461450
-582410
684570
-66900
540549
-191924
445694
-338295
539034
235840
180963
-850953
-136322
-204969
369976
-358546
775679
-149744
-63679
151892
687270
776644
-299475
-186893
401961
-448745
1238600
-297890
-554571
-388751
429715
999550
402868
-44660
121257
-654486
964061
-702515
-590560
-372619
-259089
133607
1138605
-82878
396084
-824143
747059
-571148
-662355
-890874
527101
23509
721745
-175291
471374
-987217
950468
-282969
-206478
89082
398775
-973717
692924
-344119
507262
-652401
807590
-281982
-19157
-319011
537880
-150453
423030
17887
788163
46018
846790
175867
116990
-905104
-107582
-529076
-509983
-407401
305533
112599
484574
-582655
-363375
-387397
-12738
-105277
-252522
-393333
280398
-304612
494336
-615674
-306184
-475367
-95296
54613
95186
72967
450891
-129088
753414
-209854
234790
-763419
-139122
-417866
-124181
-33038
393941
1029
320047
-8648
174624
-153256
476806
-1276973
280362
-255117
257133
-376055
120924
-537380
-204650
709543
1203095
-880725
-390800
-150719
528760
-295181
256845
-274845
-108106
-266113
778019
-471585
-968540
-86423
617062
91594
504781
-539240
-516190
-507000
513532
-135096
444723
-316035
475727
-33744
707362
-406376
329539
-331947
13867
-200377
299518
-114850
507607
-46697
520005
-300406
537870
15992
36957
-341993
185185
-91540
-387472
204885
-99088
364497
102592
49595
-27177
405389
-285041
-160918
-416876
-83325
-310326
-108311
3277
958955
754066
675494
-407156
-196606
-290754
346560
-283067
-249042
-432649
554042
836239
528005
-287538
-246797
-344878
430729
-269782
-18675
140863
515964
315951
275784
-618823
-125031
-223163
604361
-92992
132686
116485
445270
82602
377989
-771983
-173499
-247667
458749
-86167
35163
-241863
-27979
-131948
813055
-54826
-162105
-199149
637592
407489
387743
-93849
110549
-58005
388721
-644735
-374740
-543404
91429
-124303
47624
-354224
277536
513398
979065
-381530
-135148
-327903
482002
189415
567206
423796
476029
167350
22870
-1291638
-272688
-221124
678696
-15065
79304
540188
1070254
177245
-333982
-1226269
-561762
-505327
669460
380960
154005
568852
1248672
-184931
-575776
-1172819
-115799
54672
506709
-148497
-34204
76386
1033335
-589368
-595124
-1251176
-526648
238753
739140
-99100
-453816
106690
765537
-584954
-74119
-1071120
-561480
155693
306868
-504002
-1001158
-170202
934404
-98685
650140
-747418
-468930
720121
410863
-1342844
-1387545
-149335
295154
162158
1152922
-47560
-548377
916874
488709
-2236300
-2046190
188795
447300
-30342
1731884
726318
-509503
1415938
940139
-2271838
-2028516
595953
592606
-744270
791845
959533
-537529
1389771
980169
-2444103
-2161371
771497
1115241
-597212
1072245
754910
-426979
1536652
857943
-2305300
-1465071
1065772
529201
-1360921
978871
1540489
-346557
1682925
740668
-2775176
-1377092
1395410
978965
-1316177
384383
1447972
-248573
1456704
1110374
-2223731
-1304396
1179328
803118
-1093777
240602
1074580
-294508
1370286
911610
-2097151
-1198689
902902
1026704
-1047735
224513
1188072
-159711
1601662
1137251
-2304393
-1175416
1003659
888065
-1026745
196373
1129416
-146932
1766129
1248771
-2178564
-1044935
769955
646501
-1285652
426515
1399829
-455167
1633854
1078032
-2422526
-692482
957925
369486
-1164387
685399
1543832
-136442
1911177
1558346
-2327906
-906923
452518
186519
-1173614
858049
1285629
-300069
1566527
1361708
-1668311
-1107455
-248766
273666
-133501
882920
1625266
-108228
1615659
945745
-1673512
-790355
-445432
485848
117511
646887
882209
-123440
1555590
1379055
-1825893
-1114064
-118152
797668
312648
304373
1009342
-250555
1539683
1682353
-1754699
-1359678
548938
982396
-132844
-358445
874197
-247030
1450294
1809312
-1758432
-1576443
444789
1025343
-293729
-545253
1272706
-71716
1577743
1705871
-1711429
-1019676
300119
807109
-580038
-640110
1526387
-175888
1311711
1321751
-1958762
-1075466
81387
826239
-277663
-426108
1864878
-192033
1054194
1340769
-1714995
-1200018
121681
575109
-289387
-399000
1437796
-507522
432097
754691
-1627141
-820620
560109
829077
11286
-245500
1145816
-446987
432514
498540
-1856932
-877828
-57424
-33342
90675
49759
1680810
-540641
423588
594408
-1358884
-377119
-17954
-64798
144463
127086
1393343
-493093
291526
14651
-1329207
-128580
-640110
-653593
377627
808026
1471718
-413765
209621
-348992
-1086368
499898
-310049
-645733
140603
774909
1142666
-390596
-284474
-945993
-958657
545481
-570292
-132170
734840
537705
891713
-462351
-479424
-659513
-578332
618986
-244751
-385716
108937
825901
981114
-652307
-944879
-668126
-400379
429601
434973
331846
-27729
464479
983571
-449364
-785573
-881202
-640979
476544
-131513
-77064
464692
867655
693961
-408572
-601845
-783739
-677946
704051
104114
-166122
568611
801732
319426
-317212
-758741
-800087
-391684
892876
106479
-677129
26817
580952
629318
-182387
-854898
-891301
-328414
1230049
540073
-142750
-170642
118671
418223
-146012
-777450
-584024
102318
1245726
249457
-377027
-298338
-149909
349787
-293885
-1051748
-615060
317570
1374139
336987
-322295
-914801
28881
629108
-28691
-594822
-316053
268815
1472268
395221
-899189
-1472916
-271703
666847
-194984
-424401
-52974
354553
1360497
539928
-669617
-1414096
138571
671289
-234993
-606395
-402353
-68506
918996
-27522
-580997
-706013
586559
931108
-166547
-529783
-280908
-227320
701422
-214742
-554248
-125485
921951
201688
-412112
-637307
-236596
-46142
1200983
-49358
-169905
287132
700817
-396497
-627178
-738774
-64372
-176019
834466
-46580
-93970
549895
1025017
-148755
-489081
-959493
-175094
305889
828397
-123842
110771
-326716
345353
175926
-174669
-546876
-84762
209652
1178630
-25361
72700
29364
-100650
-385587
-347698
-581768
-103989
98619
742160
-226609
-11570
-118776
86979
312189
-347197
-496164
374085
507596
786890
-203910
443003
300029
-397172
-642595
-415595
-661929
368702
275630
419419
74571
422192
456248
81523
-653833
-68119
-237125
489391
-158089
-1965
381855
741576
354205
-224821
-1374158
-110952
-408106
151013
-301885
370043
394137
737375
480209
-76251
-887051
-3595
-333923
-41487
-566351
666467
418735
50818
433860
107755
-636531
-328379
-551688
64159
-642455
750400
865028
-19123
-51346
502705
-510944
-165981
-502449
203810
-337941
809034
895721
109902
-388621
269562
-944697
-223034
-544193
-7481
-214571
798186
106638
-178975
97940
795409
-606114
-24808
-85128
253849
-104175
753026
-37174
-603220
-158068
855507
-668363
-455030
-678786
65313
-115320
75374
-74389
196801
53550
1260371
-298421
35531
-340794
228744
115556
272631
-179605
289423
292806
818041
-886107
-475237
-700170
-83287
-342621
193306
252084
231607
661809
1229738
-257313
-114237
-150828
461944
-175937
157412
301669
68608
-355978
298666
-678595
-188811
-507866
-5014
-443760
1716
176025
684713
291691
644507
-545332
50075
-454895
-153817
-331526
-109032
-651219
120932
258651
764505
234442
98988
-451509
21900
155924
456024
-100513
27505
-31243
181588
-426145
-210752
-806737
-98979
-117275
5356
-115947
780853
385143
636304
-397572
-252543
-590827
256984
66193
466265
-338015
-74406
189089
431429
-584547
30391
-244165
312431
67504
338723
-8112
73833
-396938
133955
-620818
25889
-74536
141165
-105801
371097
-396238
579878
114266
-406877
-583276
-119832
-106280
326018
-72987
117537
-296928
97875
-88381
121304
-406173
-106061
-287056
127436
-240059
158335
35392
714322
-633466
-295853
191002
-168593
-366534
7890
-240635
-95811
-350515
533251
304086
171646
-46742
-54227
-260486
143978
-206729
166358
-429841
153027
302839
626498
-227955
-23658
-219625
370603
-407810
62403
175718
272866
-468400
-326556
127452
32880
-7362
255750
-906850
-152321
245897
994447
283374
-779910
-592251
151869
112231
255736
-1240677
93490
521266
642164
-284808
-622988
-147681
-301253
-407289
-272115
-1665871
-104118
934004
1316484
598679
86628
-287573
-187123
-351973
-115587
-1241720
568624
868422
527665
-168023
318516
-439244
-569713
-510574
-90971
-1207167
766626
1294638
778398
59397
6195
-455726
-397291
-532499
17983
-744569
526700
760912
429377
-354871
-95450
-51348
-47208
-351238
-106168
-550994
666928
450391
168702
-489560
-78616
282570
-21319
-232101
-200187
-657680
690816
268589
-107279
-490773
310409
819106
-195079
-434015
-268251
-703316
129890
232389
622657
-215527
426387
724319
-59429
-396685
-245540
-381264
402719
-182643
-124622
-268608
343753
601713
-111771
-473503
-267983
-523032
371425
408539
-317854
-503503
935014
701974
-331121
-671453
-215421
-305102
539364
387772
-329230
-837871
1037884
1295391
-178207
-625362
-194093
-486415
483174
399403
-55004
-295607
811980
751844
-28046
-518251
-399192
-598512
335110
279048
138455
401422
1362163
204220
684659
-412274
419660
8401
348774
-469499
-884458
-1411562
502415
545846
761027
-265599
68191
312935
694363
-418948
-525349
-1305163
174747
607100
670130
-544150
-48961
235584
764316
-591704
-351558
-743568
166691
771981
637009
-668051
-218079
20309
370844
-302593
17103
-858525
46127
404903
749868
-790648
-261926
-419700
386111
44372
506885
-635662
-234884
316499
827870
-507967
-101547
-597642
172828
-80053
556794
-1028217
-114633
492069
764748
-485387
-88811
-468000
68842
-419257
743439
-757030
471417
389507
678188
-518576
-235210
-278478
230687
-1167298
328836
-347488
1117137
328960
875913
-612555
-551158
-424460
295596
-1264983
-289315
103383
1816683
452581
863444
-352514
-87571
-172121
320938
-1346535
-390932
279010
2060510
-330335
417198
-927165
-249326
-56001
100565
-1628789
-243567
248157
2167000
321396
270815
-1177420
-24176
-276577
373597
-1972747
-100004
-403011
2026508
224514
71643
-1266220
858246
745350
353255
-2077871
78631
-1896843
1073384
-691907
-149381
-1586494
1173418
2278229
1031455
-2982841
1140434
-2853859
648905
-2460604
-481120
-2095791
1098689
3404428
1395268
-2763294
1427512
-2193248
562595
-3944943
-459755
-2650444
1168615
3734206
1270881
-2860783
1601709
-1776865
783137
-4201759
-543399
-2911291
1334622
3483074
1013370
-3028468
1915779
-888436
-206148
-3902345
-451535
-3091836
1760256
3693243
395854
-3700777
2139842
-54355
-150050
-4217031
-613369
-3027212
1518600
3587993
258386
-3370210
1536531
506440
-418870
-2759360
-767867
-2779674
1615572
3042733
226353
-2986824
1111938
544158
-552045
-1998631
-644015
-3007589
1650429
3080938
-24107
-2527845
700296
757919
-730265
-1721247
-843559
-3238315
1446263
3277308
197958
-2701825
767965
800783
-1324273
-1398789
-796388
-3617931
1588181
3163372
-154094
-2470328
774549
1174772
-1601242
-1182277
-569734
-3640628
1453840
3223366
141254
-2380888
986984
962722
-1924618
-1199087
-709173
-3736891
1258886
2561258
511186
-1465338
440050
450974
-2064843
-860304
-735987
-3624189
1607016
1978370
407771
-644038
348119
-272920
-1561478
-582972
-605411
-3432680
1583528
2458796
382247
-854456
-232045
-4886
-1549436
-472079
-681601
-3417415
1098277
2387915
1217498
-1682496
-351018
274946
-778704
-963466
-428801
-3617903
691571
2787736
1332459
-1736049
-1098257
1349354
-1059343
-653440
-529284
-3574515
429001
3059726
795141
-1381086
-990090
1783010
-1042896
-1323431
-355350
-3741572
383389
2930741
256982
-1209188
-874603
1871332
-1185822
-1567473
-177213
-3431060
257237
2534096
163950
-942569
-1170383
1984758
-1021146
-1278976
347523
-2721566
445268
2050853
163675
-899613
-1496908
1958769
-1177643
-910489
801219
-2178360
903196
1982695
206182
-999868
-1361722
693379
-931497
-1313532
793319
-1852691
833551
1852692
213276
-396968
-542856
-165350
-720144
-1855536
704143
-1672635
886782
1229253
68571
919183
-388378
-428452
-1252915
-2017661
612147
-1368137
1258711
700258
-507274
1298459
73370
-471318
-1590794
-1579985
442042
-722884
1456796
131737
-768008
1276627
162878
-327052
-1204835
-1524446
457757
-332599
1405994
-642520
-814255
1234213
239811
-682687
-754544
-1003877
808370
223731
1108937
-1073241
-324835
183042
-55777
56440
-421219
-1644855
974612
745962
1147512
-945550
-358886
-89717
-406069
-601379
-325497
-1257589
1100245
665636
1215916
-309068
-712346
183616
259883
-1361083
-1009403
-725136
1010030
556754
1199947
-474637
-572678
416270
596944
-1357809
-872259
-1004714
849993
727756
1236305
-905879
-1109131
435171
712352
-449350
-482938
-1066564
830441
848022
988269
-1038393
-1040199
618256
759059
-402293
-472569
-1298341
866979
1019610
798352
-1317328
-1136466
621370
1008777
-200601
-559465
-1167570
834918
976152
769767
-1473413
-1285900
593715
1372526
1144589
-637630
-1626250
798850
393710
509857
-1494083
-1151662
-124439
1980051
1274322
-662191
-1223079
667011
146836
474549
-1359369
-1075734
-99148
1300240
909815
-647275
-736238
632550
122822
685661
-989028
-921186
242947
1157474
-20101
-528290
-92476
636325
-78023
398743
-1033114
-555698
481947
981751
-506117
-872814
628895
852234
-118171
178350
-1049484
-792651
259669
510064
-1209254
-489952
947157
1258639
243583
272091
-1351697
-392117
283897
407073
-720694
-479186
-304250
1105432
288213
840242
-1340283
-181440
489013
193358
-451820
78572
-1183369
1017070
-22621
576563
-1060478
-230186
-280676
599614
-568835
596909
-1045588
984726
-265125
220194
-1399913
-35852
30064
304995
124945
1291921
-1002676
951619
-132177
-106637
-1235834
90606
113808
49243
-431667
1319709
-322210
911167
-204530
-54113
-906142
244541
-729470
-633533
-269253
1438605
554511
810132
-400174
-54056
-428988
-59542
-680905
-577064
-610046
1489895
990354
676799
-439140
338604
-109178
-761117
-495807
62819
-1104886
1239918
520552
973882
-322724
546164
-8926
-1134897
-739324
557715
-826343
466507
543904
1077261
-172761
442493
-144970
-1065922
-709511
377827
-318307
521211
495384
921099
-283502
588715
-234878
-996613
-468183
517168
-861079
509385
875512
812614
-416161
627965
-263645
-852400
50644
1132436
-1252187
-97137
938161
884938
-481929
245677
-557742
-191274
-151945
855855
-1252823
-188665
830138
645285
-343224
200012
-925946
97645
-167754
409355
-1277027
407962
888807
747990
-398472
201910
-692103
-54617
-656304
849687
-1608860
107033
857458
918435
-212574
89590
-134954
242601
-1071559
671923
-1131289
-97246
713994
1130689
-7027
161061
84104
83714
-1058288
-149628
-986218
446267
347512
749637
-186318
318231
-138418
330123
-489173
68225
-1262855
293782
181403
715667
-31595
461970
-346900
403616
-17830
258506
-1086038
24402
-84464
753669
173588
206085
-703424
245880
-385049
-67787
-690470
143061
502757
994425
300605
186688
-706082
505529
-63032
-62995
-972989
150236
80271
923137
127876
339122
-264253
480822
-333543
771505
-786992
23664
-69265
393818
-474905
223753
-460885
233242
-135371
138063
9074
687457
-39359
348794
-798587
143487
-422092
146130
-148094
161565
-560497
1220579
160162
650076
-502479
188115
-856588
630879
-941248
81718
168900
918770
-671015
653643
-343398
295650
-559349
483451
-639282
-465152
-335603
1090553
-1009332
692492
-175067
591256
-491420
540514
-443644
306134
-853829
-148501
-633384
647019
-212792
556234
-242178
266323
-251894
529914
-118353
-106512
-1321292
524658
-526332
650059
-66874
325057
-969518
190180
410000
1648951
-1139788
504026
-880764
775253
589768
-311034
-976425
-108723
227811
1627141
-431381
599940
-999503
962141
793620
-667121
-1607818
-567639
304089
1507853
-286315
867656
-908377
1284960
676135
-814165
-1346654
-266062
-56815
524500
109333
1035095
-680378
1227763
606878
-1243464
-1519792
132154
85117
194932
74346
1171605
-575771
1070704
202073
-893195
-1378888
429836
-185847
492722
54973
1030817
-383133
1367306
-160937
-832939
-926522
170429
-39117
258930
-636190
639974
-556739
1247980
-325809
-931469
-969621
485086
-56249
214871
-1055639
544095
-437552
963104
-248041
-616304
-786677
269165
-23771
-164393
-1071916
621172
-168909
952732
-230167
-11220
16981
-11283
-536661
-667110
-1046149
643831
-182474
930412
-338849
-401897
-285558
1007347
-375947
-1014634
-831835
620480
-109649
501890
-651956
-317392
-603003
1547811
302766
-1291029
-1459617
726320
197682
601339
-319706
-681656
-662434
1218180
-256327
-695048
-1723209
728682
209059
747202
-212555
-517403
-790803
802818
-669324
-653056
-651408
585950
-43399
778410
-212691
-276259
-245217
506101
-852682
-611509
-241777
700256
163150
682557
-505734
-407305
-8246
154694
-1269889
473323
454493
-389648
284249
-296651
159207
190676
575540
20236
563771
-646255
-207866
-314242
40398
-369701
-21543
-506705
319287
243070
450990
84126
-82633
-320211
282293
-280925
-34595
-595354
230234
180939
351802
-120176
-17990
-304861
530301
-76433
-187055
-226021
83631
134126
663060
-458617
-52895
-422086
538116
-189595
-199793
-399925
59218
76602
465599
236317
-226976
-461173
460209
102429
380913
27409
359058
-283980
432688
-115593
-579806
-398170
381639
-52731
415519
-358365
104343
-695529
415881
-361272
315480
-93583
565204
-32717
478523
-397089
127321
-721451
67318
-523734
49235
-384212
554625
-151846
74167
-292281
101554
-429050
213730
-528639
171730
-862753
-7058
-330811
-154628
-1999
622738
56788
509894
-526708
675430
-275598
546585
158550
81510
-61225
855134
-94093
-354172
-1008721
-106876
-58326
887737
162372
438800
111055
1008409
-12235
-673017
-914411
-658547
-279205
634321
-321090
429647
432914
1588964
488945
323391
-758804
-896127
18695
328732
-481597
140027
-42548
2099214
-151098
1053622
-1016945
353703
414547
312946
-714207
-1005277
-123927
1156370
-674787
1657801
-1025704
2074730
504961
826863
-823168
-1460893
-39265
946592
-1186584
1611571
-1421504
2844216
433322
1086730
-1021219
-1385495
-315876
1435423
-1510448
1618379
-981859
2802684
246379
1161217
-1136258
-1201350
-54394
1743477
-1897782
1418625
-789004
2597478
526497
1191822
-1186492
-1241215
-27311
1582842
-1531511
449170
-47101
1642230
513514
1284452
-1373437
-1224138
336953
1478930
-1365743
121582
97490
1372094
347890
1158193
-1276442
-1270934
421932
1179637
-823559
249341
143493
1082141
583693
1053438
-1096417
-1196166
265054
1437841
-648926
-42036
301575
545315
565366
1401897
-1124707
-1069346
336053
1080106
-824332
-228768
533213
445702
439389
1364898
-1363415
-1152770
148212
1267584
-635416
60398
876438
383585
653538
1760857
-1378518
-987973
228841
1079748
-476164
-137783
761707
-247213
330297
1653381
-1230117
-954342
417456
655170
-556563
9298
958623
-210484
360906
1356865
-1160432
-609092
86101
693787
-419728
80572
603406
200798
583443
1540633
-1389340
-176568
-725428
843689
-522781
191494
58431
602779
416958
1557859
-1419616
-834803
-427688
574812
72646
-288486
689217
301154
247745
1346542
-975875
-1286816
-256441
737997
155699
-81304
769851
414405
313475
1785427
-585994
-1150837
46938
1123017
31182
-538830
615283
-131822
448200
1715198
-533917
-937808
324683
414038
310371
-1467512
1028413
-150993
32693
1716146
-550829
-625837
414204
59029
799607
-1848301
1488335
-277367
-416864
1457340
-736444
-327475
362318
916533
713130
-765818
721511
-155354
-312357
1186980
-726678
-692605
-180491
658072
134350
-12846
403040
626301
-323745
1208870
-784060
-765059
48876
-28780
550100
132333
503006
611151
-412134
821789
-739530
-390454
296484
-535685
454208
-58714
766142
679979
-156959
607429
-374379
42908
320338
-815828
211572
-230550
869350
440639
83365
715977
-632665
383607
232763
-910334
-31947
18080
471086
162142
29617
486414
-667993
954313
-43034
-684679
-108110
-164183
19125
832999
-295041
-92391
-422131
870202
174918
-75106
221974
211163
-142919
410322
-574158
-346870
-420129
253665
11201
438938
-37589
452643
340936
501834
-535959
-159623
-569114
450469
-99992
43824
-154118
758629
270735
485845
-424288
29790
-542381
665335
98203
-752968
-282077
407234
371167
531303
-342677
-150139
-489848
454700
81428
-378326
-71930
558612
256043
459456
-379282
-394981
-322547
445220
431360
-512145
-268640
326220
144377
694619
-580491
-452216
-389529
504013
93917
-936671
-326179
153596
634562
1271842
-375679
-119702
-359896
753780
-86682
-210142
-709748
-42439
367911
544977
-401675
-83129
-173292
906929
565735
285232
-684951
-369163
-1900
108849
-564984
-112966
-345849
658420
479213
120279
-738267
-35241
300634
170891
-42988
230333
-114583
712745
26475
-107457
-458095
-269431
284610
-387895
146019
454187
281262
841904
377017
-191685
-550512
-160816
-254770
-928885
-419442
234021
-187610
490482
-23778
-741430
-135251
631954
477877
-67218
-820312
-164584
-732130
398315
-89783
-237700
108457
1000519
229314
530417
-663504
93504
-209038
893588
-119203
516006
-556469
420005
-317205
386938
-355451
336122
-308485
698762
-604904
-176733
-577336
20898
-283317
864203
-345803
286046
-354342
584327
-293486
43928
-171021
126749
-690528
633077
-583401
165044
-239051
927677
-64893
320584
71517
-478064
-898257
541031
-446260
293281
128755
409353
-251128
199973
-181174
164480
-842614
96920
-484730
239589
-37022
161543
-54851
616100
-25973
694983
-697034
-234468
-524094
346173
-115594
424597
208224
379958
76739
275350
-392064
-388815
-386196
454549
-287810
399526
405000
-160407
-96633
-24964
-653441
203652
-424899
374277
-492749
33498
458356
-138897
-292270
389356
-501815
2020
-752547
91958
-618875
-238567
275175
86830
5395
836309
220753
-273105
-404959
408540
-332120
384566
419327
245776
-136870
660890
-451477
-615599
-297285
549497
-199303
824236
179158
-56458
-667236
609474
-1038950
-138227
-173362
775905
-39915
643456
-427527
262356
-879116
608090
-454278
-476601
-543996
-21225
-338786
210829
-335871
465167
-257163
801934
155876
-256354
-600697
105847
-48924
250190
279348
398876
-298125
802170
-728477
127052
-578655
265360
-301909
-8299
-81501
647135
-218031
1100065
-569554
15915
-541913
165415
-331825
-21520
-256837
390390
-98195
723683
99519
-152699
-152506
427596
206099
639841
-22570
70073
-245485
-75895
-486281
-425303
-520274
51644
-298530
331175
-574604
197945
-91392
640996
-333810
456450
-729560
-240906
-515577
38831
-658392
318731
-283468
834329
309133
378807
-305245
171279
-69353
59869
-142434
-153107
-60704
107136
-130032
-132974
-250537
455812
-202383
182400
-39339
203576
-350658
206817
-514007
-131246
-274667
513354
-169355
778863
-398782
348593
-256549
114720
-640706
465119
-277007
444262
-91086
535226
-91236
589150
38514
335108
-1076661
278028
-417860
153583
-195638
306338
-324773
756314
-74048
297013
-165685
269320
-325050
168254
-324957
211993
-544541
203812
-292004
311894
-8300
886177
-356657
121340
-573967
362933
-556187
238224
-959322
170370
-285319
1043285
-425907
132744
-413910
65459
-21388
507252
-300336
60719
-472021
595089
-283818
627879
-196838
312769
423239
878694
-42922
-635984
-1100706
254456
-305292
765605
-499547
189287
453116
367860
166073
-231028
-678522
60049
-46889
761766
-482602
6367
204364
279079
-297155
-482449
-472457
302090
-475748
552346
-961176
-143993
116299
341236
-415855
354460
131549
66697
-853648
373826
-1224383
112589
484519
473502
34425
681941
-87538
249321
-528260
664281
-624528
539644
405739
728646
-387617
320877
-716619
197535
-221894
458942
-506053
450053
318585
550295
-347046
-15336
-253538
215174
-478100
94932
-757573
174258
225690
279409
223777
312805
293446
353326
-399627
419203
-502210
503468
-102686
-14529
-262473
-100759
580200
326204
-86431
450096
-276813
479680
-453393
-51394
-481134
233066
466508
411912
-325670
54992
-323648
381203
450507
347099
-765731
567487
-225820
648070
-433481
95574
-233974
469054
354521
440179
-812438
3115
120652
399100
-339125
71882
-440537
-50683
71865
101089
-570506
407061
304811
426623
-450661
51245
-379909
178826
-26001
-11283
-581334
519108
-199098
443791
-58779
-251199
-341631
-120137
-57471
558951
480850
-143334
19624
95864
-204803
-46827
-462083
-295846
-343120
-350825
-223424
274979
572271
899348
-103576
-138364
-318331
-88141
36304
-371238
-481692
280922
335335
710533
25432
-35907
-200833
111433
-317905
-177410
20228
403040
536525
-18992
-72494
-198348
-255002
-32178
-417520
-128567
81677
633269
403411
509125
-162805
-126656
-5136
529364
294578
396196
175199
-83272
-560277
240213
-192819
-223972
-297146
161515
126951
-54680
-275942
-224541
37737
619936
269390
233166
-69008
98891
315647
-228353
-720653
-616822
-49527
478229
-54014
-145336
-371345
-346549
-186628
11575
-212089
154864
622647
1020797
-601441
-781354
-598590
-5703
7400
210302
332615
825195
1104566
469809
226505
-174144
-318702
451152
282194
112310
143535
565096
-50700
-368317
320190
61801
240425
647231
579037
222148
239621
585013
-632110
-642368
-116907
-812229
-142852
785019
757157
706209
616907
1219767
-637076
-357171
-125192
-739468
-308959
524779
985586
-318398
228335
815593
-391177
-93935
-324684
-583173
-367464
318430
-26624
-981858
-607761
290797
196989
629949
-257520
-487432
112302
765394
-717350
-1392062
-863379
-275905
124030
236667
-557776
-713272
280663
889584
-851021
-1612600
-338101
544338
91464
-152113
-564084
-890021
413708
1221618
-573475
-1894818
-269607
108729
616452
-196191
-565698
-618610
443096
844912
-813097
-1428011
96130
153380
-464218
24335
-659439
-553445
802258
803873
-1106690
-1366780
441460
349397
-599677
-172676
-563536
-773741
466733
891832
-960040
-962235
277770
604948
-109067
-209267
-350632
-467430
256389
943013
-601648
-1008321
328091
689480
-391871
-578718
-429912
-520481
572195
1205461
-779557
-1084779
-27553
582971
-399584
-262683
-717660
-610809
399746
984389
-727842
-925396
428935
707267
-288852
-210632
-325982
-377947
762911
830202
-956529
-543419
520660
369074
-969588
-436168
-770767
-850805
845111
1264875
-903260
-492696
416479
-83738
-786170
334904
-775831
-753423
430157
1411549
-392594
-410264
-480486
-199921
-621510
401592
-549080
-271967
600310
671640
-74107
-924500
-628888
-441518
337298
6402
-545883
-559313
473097
546544
-327879
-889105
-747373
139255
496753
418764
-733669
-715085
238735
1008841
-521251
-1002974
-181853
750132
870943
-148323
-478688
-490124
668222
1631020
-223002
-1036023
212562
445531
182800
-854086
-605717
-276798
718686
1392869
-324613
-789350
-79747
68659
-267954
-555106
-727124
-251199
880879
1404626
-442985
-561324
-592921
459636
-635638
-105009
-702217
-581838
678021
1228252
-137502
-257554
96245
713278
-447232
-404949
-117655
-319373
258170
483151
-839127
-1157258
238361
401828
155879
-159665
85488
-308270
399181
457017
-1022384
-673423
296271
238268
-51911
-492079
-126106
-701138
230879
478357
-888706
-478883
-46144
61507
-65724
-24547
-138600
-267463
480233
659837
-604651
-262121
-561259
-491908
-379914
215397
61655
58657
545395
67324
-1023509
-18244
-350776
-596225
-444158
497941
213626
230605
467039
-433501
-530611
-4395
-884707
-504849
31480
125284
-194373
-212098
-57798
-473272
-209332
539485
-56883
-212307
-73135
12005
-72512
-355180
-693815
-507102
-694960
-93991
569682
450691
-189622
232992
88860
-139362
-397764
-538319
-510485
-186484
252401
-61405
196901
370827
45854
-95288
3904
-456864
-728719
-246044
-408726
-269094
449508
789781
113715
-25567
-228872
-740754
-663660
247700
333170
99916
114070
196088
29775
63939
-335879
-742439
-771801
261434
467755
46002
65054
88350
-113810
-125520
-558453
-658633
-735250
281061
-176727
385590
509171
253132
477503
155170
-501459
-707244
-226476
374181
350284
209713
-272075
-388256
264297
14810
-365282
-292583
285305
1196955
925993
-53201
-1159201
-951650
-112440
-347811
-456616
-224553
-61454
898367
913853
-335256
-891421
-118711
394116
345005
27763
-184847
-62904
458796
289240
-379230
-1278870
-293438
451627
565728
167639
202260
91678
462523
-23623
-811433
-1115827
-66201
-99124
-85727
-425512
-536143
-648273
231275
-211581
88524
599156
1091480
-422223
-746961
-728460
-589548
-560853
653974
98
291226
821302
1050137
28421
-214442
-544059
-53021
260475
532100
364089
-209592
-189128
-50390
160994
56060
-312145
-560562
-302096
41978
-266423
-199972
202473
545565
19634
-32808
-347024
-371297
-95287
547159
270521
-229659
-240144
-127041
-212922
-391570
-470673
-142191
677175
695066
-190778
-55298
-162453
-124175
56466
-185843
-404458
127210
239341
85044
-240681
-37097
165919
241551
-258988
-279913
-290334
437402
-29176
-208319
554545
637962
793994
40613
-160594
-29716
-103262
367870
54520
-240304
344798
573833
300814
116257
25510
234229
37506
-3741
-252204
59733
-106627
114661
16099
55534
211427
-72298
-277878
-287895
-687400
146586
405078
89875
-5478
224573
-102790
-471823
-677786
-325667
-797686
256126
999703
951578
277116
574085
126608
88306
-140783
12810
12556
792330
471492
52923
-492806
69515
40518
102107
131438
134954
117571
741248
-143336
-750235
-462807
112431
450319
127667
105075
145339
-22290
-294773
-234876
-461218
-277106
291048
-345948
-378395
-660778
-390008
165814
-49010
62156
435130
480519
1285019
-201729
-119395
-309831
106194
101603
339576
-161364
-244824
129977
482327
-201691
-344674
-301428
-32344
-267162
199972
668735
332629
423117
57415
-18350
-153868
-150642
-80825
-477504
-236720
211604
280167
413111
565044
217075
499482
348300
414926
192751
118172
-565518
-537871
-676813
91769
-33469
-8868
-426485
-532827
-365707
110280
-10303
298726
344065
320018
23341
-270485
-710353
-506105
-240891
-486958
736
339775
760601
891544
392442
-28244
-440398
-15049
21855
259093
-361692
-54693
40337
370463
202482
-2455
-233457
212394
-159757
456944
120988
-140827
-252881
240081
-60826
100911
221280
130377
346711
82579
-363913
225281
181423
-179194
-56519
-50841
62941
290482
232307
578769
-6060
-4532
79320
-578985
-117727
-177536
-162521
26008
-147057
-79296
493556
613232
-251989
-321780
-23188
-33324
-273594
41790
-316582
-364213
-545263
304292
332819
227807
17623
-181665
-379326
-183484
93654
-300122
-717426
-770837
433122
1003096
-63626
-218938
-396042
272349
28370
20072
214238
86000
26868
-17998
126261
203665
212922
881193
224441
-203652
-45285
211809
-153350
-849407
69897
133443
361627
488279
-461269
-232622
163049
559659
-57474
-573257
415992
474370
258987
256961
-1063641
-993424
-469423
509450
67331
-159325
45646
-92998
-349585
-458876
-1128323
-382971
494358
617916
491308
766615
-226627
-567070
-371176
-417735
-992570
254447
796561
1038562
666115
295312
185380
-260718
20730
191073
-271331
221502
678543
349511
-42072
-820939
5541
-21942
-53802
-90474
-263300
244186
535678
142329
-259497
-442720
-389714
-241103
-319152
-410074
-542915
539045
680006
338996
-181824
-11162
-43475
-30281
109253
59582
-496816
-382880
-213625
299640
-303950
141355
126337
208865
76347
-288014
-265283
-393706
-291297
516926
-161145
41627
-236568
-88008
-205796
-112697
-208377
348576
383907
-247609
-275104
-138786
-169406
-168252
-313090
-105174
-65312
294496
362052
-491603
-1041081
70169
-83949
-194124
-439088
-422837
-692640
-45609
239594
-43155
-363084
655014
-316583
-35689
-228846
-181912
-688736
-65646
-52197
-548594
9391
1006744
14800
-84183
4279
-76730
-120348
-422139
-573649
-65243
752737
329071
275707
249608
198783
515649
363485
-118086
111687
-352868
-488265
-334812
-13697
116039
213658
149680
370923
311291
507177
179246
-614683
-628418
-73183
64246
139939
-133616
130493
367072
162422
-190939
-625533
-447171
44036
-94031
65454
-78989
349786
634698
60177
-498160
-574951
-297052
247445
256748
266749
-67808
-142024
-96662
-327474
-371645
-156990
-97572
183811
140049
-99193
-365366
-550989
-554526
210099
478940
563978
190886
-182623
-81313
30522
30921
205928
-138797
537592
785458
324474
-735491
-237030
-304659
-174272
-288732
215789
124226
190793
795027
440969
-388887
485176
613220
948740
516407
363182
282066
-255841
-499377
-838760
-1255004
198827
244262
462190
-35041
-551421
-330501
-350022
-813997
-433981
436346
-462831
-627008
-142601
-511116
-397848
-339542
-301931
-254057
258032
1287566
-1499
-115295
321419
-230014
-888897
-985284
-744409
-888589
-675748
1196016
260821
242936
467997
262401
-761959
-1489681
-653006
-902382
-646870
893310
120560
143274
54792
257541
-60809
-196706
-64580
552392
-349285
-461761
120571
306672
-24602
173695
466004
841260
333017
489831
-154859
-814223
159515
253213
-264640
-373271
376380
1229453
645974
276981
104775
-828683
482213
525284
27978
-235967
346429
762649
515347
-222090
138161
-1305146
365506
514868
-468442
-602244
487502
985444
409173
-225178
636218
-276703
221161
462563
-355613
-575040
1039174
1043156
-332908
-434927
796549
26307
418853
279758
-280816
-344161
521643
887151
-67164
-345142
233943
-263046
155845
199050
-162423
-24427
489511
549155
-217118
-746240
-29820
29502
85700
142545
-399401
-433178
215724
548815
-25043
-221697
384115
185275
522681
344404
-552157
-412587
701476
731488
74852
-539370
30393
-229463
150147
233401
-458586
-608937
909932
748590
-817528
-1032825
409390
354570
93381
213577
-347689
-859146
411169
824874
-502262
-428131
1028172
577967
777469
646786
-334522
-378162
-5587
76360
-22045
124297
407999
-236207
276476
199911
-665279
-587810
528284
-240615
670872
471502
672901
-509086
311570
42499
-516892
-370788
969882
383885
415385
473392
29106
-808248
326924
412664
22100
-309400
396257
855869
462853
-385258
-376602
-1057216
499495
372674
-366889
-858451
146856
758472
105448
-1167482
-205961
-217115
355317
111483
-904533
-1150726
41115
296974
-4194
-271027
577369
978621
670828
430166
-674758
-1245581
145145
537043
126626
217488
63970
784231
897908
387051
-490420
-1189706
-88027
272951
-117938
-590674
-99473
665058
533528
264119
-206331
-815215
175937
496811
83831
-941806
-96707
410692
-8720
-58374
-137759
-540336
949069
1373713
278949
-698632
-503285
28852
202247
245854
148888
-400887
179160
476532
39503
-334708
-319124
526571
247239
575005
-2067
-573344
-22502
592664
400766
473517
66402
-183233
33186
26272
-726282
-745285
300653
360919
302839
703500
244274
212431
-152578
-157950
-534191
-142189
786304
-101408
314199
1148901
204038
-339826
-58474
102381
-36896
-22983
97203
-103285
174832
296296
69443
47499
231183
379991
483522
538945
64335
-10694
-161778
-834304
-117001
358198
9467
271531
437055
501840
596466
44824
117127
-267786
-280385
-565129
-27383
243237
178191
-388
277332
-44016
424600
650299
-205611
-684597
-59993
47439
49487
206128
675181
542106
293936
30641
-428704
-728521
-93301
133444
263236
529528
539694
-101507
-553102
-144744
-215937
-12585
52703
243980
385166
542247
320744
183627
337861
678998
-415154
-932268
-94801
-156157
371713
731962
500472
-118962
145117
-146192
-500729
-478145
-462392
-307724
334824
447605
41672
-682151
-1001617
-319095
871074
882305
166531
332957
439206
232281
-299645
-955576
-898080
-256734
1040324
865355
6935
-52469
-58803
165517
70656
-355418
-216476
-65163
515528
650055
-573467
-634993
-639496
-257971
-295895
-534425
-259886
532973
1136595
1005505
-203015
-17507
-227200
-261441
147332
-8683
187586
1117667
127252
-732275
175774
555570
886080
778353
691479
464102
-172291
-315708
-954000
-1542567
284784
444511
692368
489078
-223784
-828599
-302398
-397595
135087
-185085
-60142
-203293
-112992
-81324
87668
-184748
238718
420499
589156
19249
-145783
58575
114383
436484
783359
86914
114879
-66422
-114566
-46854
22356
183523
478462
250655
-233042
-1200383
-546228
187457
526204
917661
63834
234668
459408
-59544
-607624
-314549
347393
367873
167658
-215443
-6588
121813
229850
-46958
-307648
177672
431976
-717168
-534397
-304869
530338
366022
99331
-186434
-272335
-448420
34485
-608945
-1014188
52357
139039
-71445
-337997
-354258
172291
-186103
-139428
361786
-122717
232117
-280240
-184524
132629
27245
423276
267230
-223932
80693
52770
-45920
-132495
189979
633740
482398
574662
493747
-376932
-726870
-694677
-289667
315381
281132
230765
317922
506747
-441990
-1226574
-572485
-525569
-196688
-311319
-226820
-151341
-449997
-372404
-766664
-558062
642448
1061514
489489
-229006
-252473
-125664
-402911
-243457
-136271
644646
376759
516121
-190427
-77632
-165172
79670
298336
339864
-97924
248378
299524
-226880
-517647
680881
718117
637907
301704
-53550
-382164
-653741
-70755
-264072
-981664
-60623
72000
86759
-362861
-72713
224026
-130984
-361505
222477
-249638
242096
432673
492141
184875
335173
275819
-351028
-928702
-513161
-561029
-59564
-158671
-363802
-392192
-213119
-176540
119850
472415
191851
310934
-72989
-275629
-251760
-191125
-3526
116238
328135
189192
354146
79476
113051
266729
849108
961765
683816
167156
348131
-454755
-851414
-1195811
-410276
-77715
526697
236772
-53373
187266
-18456
243827
-177536
-555842
-353294
-231025
34703
133966
-14698
-113178
-208962
-17307
363937
310925
240675
28441
-74374
-281335
-95482
-511193
22891
405069
-92288
-250680
87042
-50467
-179408
-389045
-326575
-127613
-151391
-334420
37015
157572
82358
177104
178609
-112417
-265399
-170696
-164048
-735086
-118124
731216
113545
156680
68099
185035
91876
153023
352092
-49730
-282640
-403719
-145812
-25921
273848
366993
239365
-166234
554023
747867
762444
-877418
77693
196114
457497
413378
-176026
-84872
515779
99388
-22135
-311028
124507
75183
-46862
-326096
-425706
-539029
-355906
-446326
110593
815233
50128
-158073
-574600
-779223
-291161
-91644
243923
172724
-171603
807698
-181082
-251023
-528552
-301553
302004
540320
260785
-219182
-182653
428186
-532133
-244072
-285828
-70045
1135042
904973
340393
176710
25007
-580782
111420
517144
854601
502201
1037453
282115
-860846
-962789
-1052245
-940543
-123679
151452
471208
-118918
69359
-228706
-541012
-879647
-205432
92362
-125600
-184055
-170790
-176025
129659
-356534
-532458
-324231
507544
623752
240632
186924
246743
258985
570172
5786
-656327
-556403
-91370
170325
326954
234633
250467
62380
77389
-278929
146658
-157365
-368450
243229
-125283
-313369
-408130
-376068
315682
429329
788636
568312
-413781
-481836
-37914
12873
108085
291808
353272
-121464
-527312
-275839
250775
-87743
174147
249338
328368
-7285
-221103
-515680
-470190
40365
1085817
651947
-58914
-9570
224061
214291
330192
284075
-181430
212845
612562
-55660
255951
283151
286373
345342
458917
382018
16732
-82011
422897
-351918
-1428684
100073
-1023103
184988
-137156
1273192
10942
1525685
138924
65000
-1346995
60643
-1338678
-177133
-1245926
555940
1320157
2509126
779822
98776
-1493904
619871
-563963
-106569
-1388694
100053
929415
2596486
253654
-145422
-1574992
841758
-31172
-139885
-724120
859373
475895
2334478
-442462
-923972
-1533095
898635
33753
288589
-687002
1030193
168283
1606690
55527
-858539
-1577673
788936
261036
1307059
-235161
916366
-1061264
1128339
26181
-284203
-1490067
826816
78298
1561544
-379243
315698
-1449860
1379212
-487555
304060
-1473807
537974
-514094
881298
-374071
511643
-838763
1964517
-128108
76971
-1815725
479768
-169667
468686
270037
1874981
-13574
1852034
-1104194
-825296
-2179406
121360
199439
524488
171428
3167088
1308958
1814591
-2172035
-727940
-1458834
751928
956001
1389899
-100381
3116935
1141550
208577
-3779687
-1328817
-748315
1196213
385556
960717
-435438
2896375
632455
220049
-3994488
-519653
-1249108
865144
-96880
447534
-813177
2910635
244528
2334460
-3663438
830188
-751966
769523
-1032343
-851383
-2263696
2138335
-1189281
4060547
-3343450
4155863
-88886
1856696
-1523387
-3560765
-3277341
1046248
-3241747
5370006
-2053373
7194020
-221293
3121711
-1509822
-5092033
-4004954
1838007
-3815906
5053963
-1613648
8248690
-278540
4111897
-1297062
-5019963
-4295156
2996689
-3449337
3561453
-1136853
7504423
-390116
4351510
-1361219
-4862458
-3701894
3642711
-3014320
2516858
-15422
5955037
24232
4791231
-1603596
-4929711
-2729168
3655853
-2586433
98266
929437
5460881
47122
4963807
-1799130
-5379440
-1993770
4313379
-1719242
-727944
701472
4701732
52288
4628821
-1308987
-4527862
-1834049
3532225
-1083076
-246137
805253
3187344
332001
4538922
-1396341
-3833903
-1931043
3406995
-604032
-802875
961434
2389971
227314
5386153
-1282874
-3850977
-1842389
2907694
-1010632
-1091927
1635039
2161732
144851
5783847
-1501952
-3869688
-1833841
2907666
-920344
-1074724
2383051
2136887
-42935
6035855
-1426817
-3790249
-1370420
2815374
-1138851
-1671871
2459947
1834114
-310392
5957307
-749252
-3236910
-1944542
1757489
-1569974
-1345143
3019547
2319362
-192599
5543257
-966474
-1996965
-2498061
432959
-993932
-35850
2917891
2628586
168681
5740210
-1625522
-2034752
-2656702
-48960
-385234
405186
2479462
1770481
-184940
5673824
-939816
-3351152
-2307249
454687
932866
-102937
3026665
1029631
-538673
5458472
294146
-3410108
-2324234
1380248
1701104
-1041183
2408563
477106
-436642
6040410
989335
-3235654
-2173667
1554029
2066225
-2858483
1974504
286720
-295740
6004432
502312
-3058600
-1323691
431728
1804041
-4000229
2193220
1637888
-989117
5402676
31267
-3138195
-1421426
81723
2191577
-3119471
2334203
2658769
-1341268
4450236
-376235
-2927688
-1744368
829055
1978367
-1652854
1251042
2596775
-1354278
3125126
-1054235
-3252549
-2075788
461799
1615637
-733487
1112043
3337020
-1308505
2601773
-1322779
-3412315
-1678679
-838487
1229217
-391978
1519463
3836385
-1367127
1951577
-1176472
-1945173
-769312
-1657332
430381
-478856
1699029
3753693
-960628
1544876
-1522402
-1027846
-732356
-2462893
-555394
-35839
2371087
3824125
-618354
1263993
-2557366
-691107
-90784
-1817742
-1001048
418867
1787851
3138096
-989416
-78937
-3337302
-34893
135021
-1318679
-535656
1188860
1122625
3503100
-1712887
-1235642
-2855405
307901
254881
-109186
-129398
1296958
1212818
2972678
-2091131
-1916368
-2821238
-46130
-222420
931810
576344
962568
1237895
3294989
-1729361
-1457651
-3075389
-38527
15216
-368482
-86204
1859988
1682468
2608176
-1542188
-1031691
-2766485
6900
765530
-1009985
-630497
1763842
1597280
2084224
-1350166
-1481450
-2730066
114040
1107040
-178174
-516408
1134109
925973
2143158
-1356828
-1837891
-2599165
648202
1950797
505580
-846016
215928
153897
2046167
-1455796
-1666192
-2169666
1491949
1667862
-128199
-1306259
24543
409283
2164739
-1195843
-1446293
-2008641
2255618
2071915
1104370
-1657098
-1291741
-157247
968832
-1089731
-1019471
-1456168
2487966
2829112
1720671
-2366878
-2794362
-652394
941657
-1296897
-525409
-1165904
2108910
2185402
1183342
-2376552
-2159211
449942
1253960
-702834
-102611
-1417844
1635973
1065504
9472
-1608765
-1042061
703300
953248
-956299
-63593
-1375524
1410626
967761
-267012
-1649712
391800
805207
69722
-2310566
-666873
-1930611
1042064
685669
-241463
-905146
2548065
1765373
656710
-2883526
-1100373
-2137726
1310763
489629
883311
-282936
2673585
1032181
1095301
-2212873
-757445
-1345432
2642989
445552
1193643
-957516
321232
-609385
1609654
-1474517
-19648
-1516894
2009315
220251
341078
-666143
273352
-1072419
1796318
-1903777
-121625
-1326045
1712152
609066
868892
-8090
501261
-1587187
1638357
-2142182
-138228
-449612
2507228
956401
851740
482659
460065
-2439584
587150
-1936372
-12986
56136
1576133
-84718
843320
664162
1826234
-1329545
-560989
-1612536
448903
-316889
683098
-171207
1599087
1716532
2147541
-1725438
-1794761
-1469171
645295
-910664
644520
814662
1007010
1348235
1784875
-1583793
-1256472
-1248423
724218
-1584872
-114977
1469384
626527
-30076
1646732
-1450141
-151154
-1789468
143904
-1721774
-485843
1535686
1589707
-426669
1807756
-627960
-401192
-2007210
-86242
-1430489
82031
1316047
2045436
-116096
1941452
-553325
-1123827
-1388126
647196
-1076402
1146431
1445532
1399921
-1409503
1907594
-924685
-1309570
-1174830
937871
-693167
1504739
649976
438987
-2714710
1779706
-654273
-534628
-1646662
294189
-696704
906501
-841285
660796
-1298080
2447685
684673
-221328
-1720343
-416566
-1173932
577134
-251419
1069706
-369923
3118275
763195
-531979
-2003822
-204046
-769969
309858
300263
1605580
-755912
3070544
166871
-54889
-1584043
438266
-544956
-120628
-703516
1776236
-476701
1958232
-261623
-535840
-1439490
97725
-878226
-48478
-1002891
1262869
202239
1688734
360455
-324155
-800725
339482
-703647
737670
-967141
-54183
-789763
1161489
-67938
383963
-1280452
-392615
-1334369
634148
-1023247
467037
-319704
1830092
-141819
804518
-1729297
-897946
-1377458
506584
-988112
811057
201391
2170607
639225
152345
-1204366
-128
-307644
1181901
-203468
272343
-697386
1051125
-580644
-523658
-935858
757533
-418941
1222584
-176220
1201224
-941106
467715
-1490158
-157143
-842462
1047169
-582371
1618495
-617779
887292
-314663
1013838
-1988888
484164
-1060141
764567
-458194
1038450
-845979
1267371
-248581
1004152
-1834280
513512
-1282583
198203
-966670
714264
-1376410
1542445
93841
200962
-1064008
1759358
-1164756
278373
-1321866
549808
-1621788
285072
-378798
1242652
-294149
2075054
-1103079
408771
-1501834
813727
-892743
330986
-1204024
777002
91375
1802405
-1071685
862402
-1051727
404953
-260392
1291001
262703
-41565
-1575102
1133283
-695994
1825123
-1085545
-167958
-165207
1743817
1444143
-245606
-3126319
97570
-793868
2056327
-1953389
-1258735
-161909
1361925
1029829
546842
-1854144
348040
-1250559
1311800
-2933938
-1959190
-453928
2025735
1418928
1311423
-912944
659021
-2170128
736979
-3330797
-1672270
461634
2644692
529296
1728806
461143
240689
-2756997
370323
-2940397
-819475
1513858
3413274
931618
1683175
-622322
-117423
-1989411
572486
-1788128
284215
907335
2584251
-7937
239323
-1339537
420794
-1290074
444386
-2068969
153366
737787
1751889
-346345
-423676
-263408
1525633
-1423056
129365
-2344266
-180054
461020
1175970
-204671
140404
800003
2452075
-1356779
331896
-1801950
137025
-356669
421422
-434057
356820
735385
2568093
-1024804
168357
-1713408
221966
-399976
147475
-1306110
1018993
731677
2317116
-1586070
-519836
-1872736
18426
967494
1665307
-2145067
595219
729199
2554814
-1862137
-642917
-1603576
324306
661795
1373496
-2098045
-312588
1421469
3493740
-1629356
-584067
-1947309
-410195
-603
1165756
-1183994
1029233
1616971
2649845
-1535689
-374833
-1937654
48256
-70808
993504
-545609
2005114
1265997
1471370
89301
-249913
457853
-351267
412597
-38740
479027
46654
184519
-753389
131205
-238688
493778
-381548
161865
-65965
800362
295587
93400
-1019234
100737
-235558
714322
-495588
-69557
-86516
784068
288336
107500
-1063337
134123
-189629
850032
-485822
-36560
-27805
515497
1095
218096
-1023221
141249
-142882
838393
-412338
27944
-263020
394441
-237141
489037
-807254
108267
-134112
858023
-163361
240777
-455604
142845
-273016
766490
-817884
69765
-187363
782897
-215791
175003
-561768
-11769
-210475
722122
-752218
143482
-231559
769278
-184090
233432
-148637
250372
-292129
428101
-1049097
38931
-232277
873046
-200637
75122
80030
404160
-609037
-89730
-1092642
63313
-204864
875961
-142472
67262
254280
810490
-896627
-646589
-1009669
115186
33102
915643
-185138
-75996
78680
797669
-1225218
-876030
-1019720
123904
232644
587368
-380438
79069
136157
978445
-1252709
-409626
-1262679
29616
643514
381143
-623863
64611
458532
1037938
-866418
396898
-1811147
48683
948031
144031
-1131547
-218063
966624
1066158
-699424
1299305
-1807242
146456
1306809
49707
-2124636
-536388
1461712
997570
-561431
2047771
-1281802
165382
1598053
280788
-2790284
-628476
1943325
1199630
-1038455
2106841
-875408
190511
1820232
340347
-3091054
-642951
2098484
1269070
-1543078
1956556
-67467
206843
1897071
358665
-3232291
-389212
2415610
1090178
-1962665
1633431
429312
292842
1911931
277596
-3350397
-249853
2476168
852026
-2122506
1361955
1002407
372510
1819665
176879
-3308207
-27884
2560395
830018
-2209316
948684
1089681
433421
1692278
252594
-3172201
-38834
2174741
840786
-1792103
723367
910883
545844
1713394
270187
-3145285
-780
1998033
948223
-1842293
649067
990661
535774
1874063
403856
-3448698
98196
1914546
747076
-1787713
781944
1196224
581924
1951418
471049
-3606740
80193
1904346
757525
-1707247
967892
1276736
617074
1993975
595884
-3485616
139627
1619451
609671
-1519436
940909
1243388
559508
1931979
607728
-3351207
146621
995317
656199
-995572
1166859
1022421
762425
1897032
582175
-3140950
137356
611185
832467
-371768
817390
797465
744831
1783136
470175
-3084278
-65103
717239
997952
-213302
374525
742307
726219
1721208
741473
-3212244
-467266
1224179
1250944
-423232
-126236
1024697
671330
1710789
1012833
-3130697
-768926
1433673
1235874
-660149
-599538
1476011
706025
1794926
1189550
-3196211
-756481
1503258
1055327
-773602
-1011497
2001201
695800
1665805
1116881
-3129109
-462441
1201548
782156
-672115
-951863
2322389
479731
1393271
1139968
-2808192
-270842
1081738
1007128
-555193
-788735
1923351
201295
1012175
987876
-2496938
-209465
1184128
1070756
-313452
-638149
1311552
-62049
714752
807560
-2157667
-150510
1059244
719707
41263
-447817
1164181
-322651
628057
605805
-1888110
114786
707581
389033
644160
-151145
1180450
-411540
649535
452227
-1470021
475334
119353
-154170
717649
242739
1130067
-388085
549606
203352
-1124605
862813
-305590
-291713
841104
619717
847337
-330661
366032
-107907
-858114
1258776
-446871
-448679
694384
718409
400820
-382090
-8232
-165642
-195521
1384184
-445438
-140280
400146
401009
371034
-465816
-311259
-29967
161676
1254184
-293276
100253
235945
397782
159972
-492832
-476499
75761
126997
1156279
-24953
37802
114607
456032
196507
-463602
-489252
-23364
46170
1256437
-189464
-275498
566161
709658
-88670
-425425
-451698
-80602
90892
1345631
-254373
-653875
463693
707265
-64502
-335948
-602700
-135851
275318
1350447
-172422
-667328
269032
577137
114145
-276916
-777986
-85196
494213
1532086
-320909
-881861
-201062
528624
351846
-245211
-838512
-9319
570255
1446328
-666699
-898513
-381489
635738
736467
-181569
-752840
94813
620766
1445071
-519467
-984307
-1073060
625499
808941
-221518
-612085
151280
497126
1434141
-425857
-1104282
-1255344
607019
1078034
-206946
-366887
208494
236308
1191185
-512619
-1017289
-841377
842945
805642
-92251
-296687
214778
103037
1049674
-629544
-678855
-268548
846368
200629
-147739
-349248
402113
40969
1082880
-576060
-586993
85294
941605
-531214
-266495
-444133
582651
125512
1099290
-738385
-251629
243724
1048927
-657373
-227623
-519108
555580
205936
1216985
-716823
54141
27939
590229
-557545
-116276
-480928
611063
330528
1042767
-803346
-68105
-444953
342768
-112067
-24989
-392921
496053
72329
912337
-901820
-80880
-240183
-24640
-43704
-92948
-377748
652744
169743
820330
-653661
53480
-154372
-230173
-357940
-71388
-378971
797299
275628
551428
-659807
214489
-260564
-511185
-652426
57344
-317649
879568
31007
250845
-385611
397070
21828
-357996
-1161287
82056
-278381
683139
-370348
442731
92248
318011
83063
-491149
-1357269
114269
-276497
620691
-468380
790729
205526
-164844
-21765
-216325
-1180942
-4916
-433762
492495
-561606
957561
347399
-460465
-151309
120385
-922251
-100543
-520142
544319
-503699
1003748
439161
-445833
-343536
464390
-1071287
-140305
-500984
563679
-422510
961159
187503
-397505
-380848
747678
-1242941
57213
-295278
631860
-294197
913101
-240805
-401279
-375306
946728
-1359539
24727
-324828
543134
-201054
646991
-599403
-297674
-182275
1112552
-1142764
49607
-265119
656809
-79649
370342
-303324
151858
-106620
1081844
-1285051
-27797
-389973
517770
-117360
378371
-22188
277983
-153155
964616
-1347439
-7074
-281572
754725
-133928
418344
180692
245833
-296573
621554
-1266878
-113319
-366232
559981
-402869
169489
77638
480562
-242228
515601
-871989
-17722
-431238
462855
-243268
315540
-162484
510871
-148207
393545
-765794
44060
-510623
395461
-47764
401033
-486751
463171
-55427
461308
-700420
-60896
-724622
333958
32042
359652
-494179
478152
98072
447422
-607792
-156979
-745596
443443
63654
373251
-270607
424886
-90463
497170
-752450
898
-485407
554377
-105594
389910
-579678
230206
-234985
295055
-697475
79878
-218391
504665
-322224
432207
-468762
241156
-456259
207542
-725869
164147
-65699
480625
-214657
403714
-597568
595253
-508172
-55655
-519140
28578
-131977
486615
-255067
307779
-383095
743994
-393832
-130507
-481371
-42374
-292387
409286
-256223
399058
-382365
762609
-535968
226275
-68764
-11855
-306365
363139
-349589
443746
-446078
536643
-216198
390730
-58360
27732
-339387
344630
-457418
538488
-295930
319675
-374394
156229
-64397
39782
-220580
491836
-814366
568656
167065
366014
-489913
-477923
-133741
96348
-65835
489267
-1182983
684326
569482
547158
-649447
-1063054
-344404
-46721
-129287
381066
-1490535
891919
705547
441775
-477551
-406945
-394473
-85499
-265199
434171
-1398890
1156219
1011937
418190
-720067
-266186
-520478
-235749
-476377
522050
-1198939
1306501
930850
168503
-756042
290458
-647200
-129628
-396509
575520
-830281
1445391
743546
35957
-887960
-51466
-554502
79614
-305390
504146
-584046
1161699
374359
-62658
-892119
-45865
-47773
244221
-255355
277543
-571337
1094912
217051
-77517
-712022
167871
405191
264468
-277918
203455
-526157
1019379
-9795
80486
-299675
447959
404484
218270
-227854
287522
-387551
821778
-114749
670
-410795
746399
211223
215128
-297885
244755
-247734
716553
-121988
-138677
-474347
1101115
236643
141696
-425877
296035
-125361
976801
298911
-472848
-830537
1128788
359043
177216
-425797
384136
-73899
852838
160490
-345615
-776586
1171351
472364
246871
-440303
287036
-294817
817105
85296
-53732
-348911
1008271
-5413
264823
-419463
282565
-182996
910091
-100996
24368
1199
615341
-708970
90043
142378
310232
2206
290213
-132713
187743
408830
-647691
-463336
120678
-239934
360939
-74512
-237345
307907
88074
-299600
138886
-700089
235062
-66449
220391
-141726
-277305
142321
128516
-491121
-45430
-162735
197174
105943
168434
-187413
189573
-314194
114588
-340379
-58438
323754
38397
205324
149261
-237069
101448
-535201
-4622
-322005
549266
-383678
44395
14629
108037
-290202
191238
-218415
107923
152312
462348
-660083
123243
-51041
282512
-49466
-76055
244375
-82463
-184431
-188346
-328892
287080
114661
311701
140556
-440741
157382
72518
-552582
-390843
-423050
182378
312356
296716
264108
-240727
-496670
71058
-634861
-721594
-309843
-29256
16007
-184972
-524141
-41508
-554805
95995
-404220
-263659
546950
-50448
270002
123243
-535869
67791
32404
809
-572700
408863
-317163
-14187
750378
93993
-126063
248914
-58896
436038
-1163967
983086
-1520442
-81594
944635
-206371
-275779
230102
774712
661693
-946021
1665795
-1933041
35247
484531
141767
-498372
-187745
2007172
682096
-694799
1371862
-1597401
294904
243411
343155
-851599
289834
1139717
1095605
-773307
209996
-281565
435981
245942
118935
-982697
671666
673744
865383
-644306
-199283
399391
421429
417824
-152388
-833883
662000
954181
-127654
-261599
-520886
1276687
250287
393671
-340881
-983126
572749
1444828
-384143
9303
-958602
1573217
514511
124690
-216914
-609401
467008
1054318
-538510
-19073
-166277
302928
574117
224664
-628773
-401843
699152
474849
-323118
-16010
-138781
282984
327899
263467
-343378
-883151
762946
464910
-167593
-204708
-150011
644729
450163
216109
-79590
-1172407
566078
730252
-62371
-288154
262708
474912
531903
269990
-147306
-1094203
773520
726085
-114500
-414051
28889
366857
399824
78794
-163620
-952309
393066
652218
-198974
-230541
340323
401699
616049
378397
-455290
-598745
537521
116782
16068
399750
423960
-251779
607038
475753
-582090
-999230
1231356
-250920
142626
409152
354221
-1029007
474779
62913
-243264
-1093598
536930
715243
209928
281789
-275710
-79306
561281
147473
-322944
-139056
-553842
1299264
3138
133738
-1104163
597078
524891
255420
-318705
-402063
-446915
656940
454723
-386174
-838168
605014
516862
219918
-359857
-1105430
107083
653008
-277834
108727
-788667
1257774
426497
247935
-260257
-1073832
357712
928900
-654791
711738
-597918
944882
598995
73929
40262
-741559
537024
454903
137160
-198038
65411
-359539
296672
91008
-250099
-288413
671949
93678
705651
-1129345
880856
-1081307
-106810
176777
-321417
-84392
515774
780683
95737
-94335
432089
-598359
-189016
276306
-116508
-113749
540220
857401
-601369
537212
-41825
-75350
-191755
602945
-318368
-80093
675794
-92335
-317042
531909
280695
121400
-157182
469938
-308277
-331931
897563
-32835
52037
113390
612390
-243339
46250
40378
-128817
-228558
1122569
-293766
242289
-66687
488602
-688422
86497
168341
-3929
561132
850159
-546618
195207
-95240
285872
-851631
159097
164741
131586
1057869
40069
-298638
564362
-642461
-405498
33734
221988
25430
331047
618130
397730
-225320
227949
-167600
-118099
-356654
-101122
11961
469325
-9553
524743
305466
-666919
365481
413086
-538302
-101102
50003
205086
294156
167171
176794
-413266
350634
20603
-151330
15365
63693
-11765
641002
343632
-118905
-85161
-366495
-90121
-163595
36255
-9856
236537
532641
204924
-480583
-443590
134138
151900
87059
108568
-223276
366885
243618
490838
-801602
7270
-21430
218303
251594
-43193
-210032
231656
107298
252623
-841462
-22216
-663692
207001
934831
-207534
77923
352552
128401
-329420
-417277
-452845
-282288
611504
766398
-46202
182379
303462
-16644
28277
-503935
-190526
434786
333667
168642
-131338
-30816
57296
-62976
206575
-289574
-217350
561038
392410
-391434
1542
-116324
412078
108186
40531
-188055
-219380
123107
803576
-775740
317387
83432
876907
169844
453414
-198517
60827
-12518
111869
-1308839
319328
97438
562670
425691
458445
-947820
445728
-731640
-168915
-513957
196094
62309
39654
-147315
201692
-992746
168329
114998
-98067
161898
-111052
41651
268315
-149795
-58113
138395
-240351
399008
16170
-160751
26997
103770
419808
278327
-118788
-301547
-296759
-18513
-379665
-247049
268681
29246
263253
237681
-449220
-566514
-170611
25472
46825
-7463
139300
101752
144023
98029
-506256
92717
481463
-511965
-111194
-362279
137430
93533
319621
-266263
62985
118198
-247439
-262599
-530881
-108907
157083
14825
275544
-461283
270696
404082
-962311
77724
-156872
-26832
-113560
-211524
293326
-117928
151511
545802
-403579
-492060
542712
-264017
-35765
-152696
348331
349831
153430
-118052
141172
-729378
18572
-48786
123105
189709
241025
40065
417852
-604905
-136898
-370043
59983
-264597
4070
105998
67669
-435916
371253
-724199
-340247
-254612
942501
-480817
-66445
-159453
179016
-92491
14302
-623635
603531
47728
537089
-284171
146391
158500
39103
338327
184279
-346087
495956
152323
-575703
-289876
173582
425461
224202
372765
-26196
376241
-457550
-179055
-112772
-778964
115423
59100
462617
-17648
-362565
122245
43220
-571878
98807
-661531
-100511
-231025
208865
-143049
186002
-143049
472850
44741
-585201
177237
42716
104350
17418
28650
371297
-183864
-260383
455756
-482779
176035
-28735
-137502
-78362
-133021
325365
-206025
-65796
302181
224310
-381968
63722
-149659
353371
251402
362871
-113092
502023
-378661
46821
-653702
-49454
-34790
366780
392394
4444
-80607
-166006
1761
-320800
-54478
-164612
-125416
118209
-294894
-357688
144386
-256974
-113977
222067
90855
100367
144663
229460
-565558
320659
-657736
457838
-330393
134864
-310462
78732
199790
180213
-313261
155098
-399985
101266
24969
114841
-647036
-53438
-9735
54240
205050
-125154
-21926
425550
-547902
-260994
409511
28211
80797
167599
76811
248690
-135893
266672
153952
-364040
162883
64708
-79726
206572
-163752
471732
97731
-98908
-22602
594194
-304229
34215
-127831
269838
-161586
103137
196275
-15499
-243661
23692
239552
100457
-41641
195567
-188877
-309329
301798
-160320
112517
-986282
-58006
-25312
-186333
286351
-736122
142829
342863
-467839
-87545
-114793
138071
-121508
-111535
232197
-392632
501908
678184
-14191
-346349
-184820
19960
-45239
-137673
315153
37623
816361
252950
51396
-909747
188700
2879
186970
-91418
627686
38088
798306
291687
-359048
-994655
64494
-202307
340633
106922
393751
270514
349165
-460994
-517239
-609227
-119615
-403387
65886
202191
-342585
82755
323555
-595602
-130288
-114756
27689
495873
111899
396036
-197220
92628
403142
86836
-424856
253064
-170631
523285
242638
147653
281694
198580
331247
9041
-150377
117636
-142941
-112919
82433
-19905
51473
79473
333396
-508777
223525
185798
405682
-292094
-34234
88174
-80930
221348
200412
294234
19048
-725203
1022867
-607571
225896
128602
339021
492164
-29291
11530
-189062
-790986
478710
197979
295720
-12612
311894
130752
222012
-173085
-37957
290837
-152382
222238
176949
67990
238426
149881
365459
95802
-88379
165690
234849
-885865
277080
98415
334249
-77481
518674
-416442
-157713
64315
-36522
-556833
123758
-118598
174136
-4939
367869
-366699
-352976
301016
-348103
-665857
444679
-518570
538030
-213896
754536
-215005
-605474
-1009921
530090
15432
620501
-545141
151362
-38345
576271
-401199
279668
-572565
484766
-52354
492811
-667224
311746
-104887
282082
-625575
434787
-148599
495864
-51270
475871
-658940
417859
-422898
202394
-247940
535848
-290238
24539
-411058
558219
-707391
298181
-773726
248762
-8488
977486
-537205
215244
-374415
568626
-472073
616777
-474103
422276
-186438
500246
-1077431
545306
-387518
543632
-458584
523611
-317059
151314
-807645
361541
-706667
910293
-26927
601036
-581035
247282
-168196
207663
-1219089
222368
-292599
1421958
-323280
604301
-648772
106
-469000
311153
-1022042
-31132
-6459
1677069
-561195
355708
-622742
432526
-217948
461342
-643974
513062
205791
1298428
-1080062
223802
-747112
646279
19152
125877
-1013866
652347
-617581
794278
-812173
239914
-705085
594761
-271008
405962
-1240987
769776
-1519529
1055541
-1093422
-254499
-573442
1124134
494151
566819
-1172965
1264544
-2333259
910939
-2556476
-391965
-766453
1112700
1542671
469144
-1546693
1876459
-2830918
1121154
-3478149
-389441
-980465
942418
1270107
304416
-1496581
1693538
-1738905
1838481
-3717494
-391834
-1008589
1182786
686360
91776
-1354852
1835021
-1525615
1793152
-3068903
-436855
-912027
1410544
260115
-342724
-1102826
2244944
-1307345
953872
-2317516
-473181
-939795
1801985
433373
-648626
-1238665
2162395
-683753
666859
-2325947
-412683
-787383
1513708
216266
-613895
-914922
1659969
-919028
558575
-853843
-457720
-570120
1397173
-372509
-239625
-259325
1207802
-1142322
241991
-182893
-360006
-890472
1520482
-125908
-327926
-414560
1129057
-454233
-157575
-313051
-367106
-1277943
1476114
212099
-202576
-531897
1346137
-608722
-797279
-146555
-366661
-1280699
1739387
-80589
-416769
-616621
1145635
-358092
-795002
148627
-123373
-1230949
1581335
-200866
-216886
-394448
1382657
-342950
-864744
239070
-219012
-1183140
1442599
-683538
317348
293223
782386
-1019813
-997063
331258
-418645
-1076590
1904004
-1098967
281006
424108
404460
-1219606
-171067
531749
-148475
-1052788
1912111
-319301
244111
-401113
137906
-371924
-270760
495529
-41292
-1095030
1171418
-66386
443710
-1074877
54465
361019
-304566
210706
71725
-1297214
888989
-30888
396764
-832873
-74518
1101064
-581788
386664
-148666
-1456366
1207044
180816
-307445
-202495
267384
1376125
-1092478
11472
38198
-1266617
1524741
-16600
-752391
361388
160750
1014667
-1733217
-116402
339475
-1086812
1291059
-271689
-418283
78809
-433752
812897
-1459645
661061
538874
-674159
1416699
-531236
-213226
-270582
-246346
704560
-1069456
760959
628758
-517990
1547206
-234338
-171042
23747
-32423
5862
-1005182
-174644
474174
-713971
1255718
-285291
-432253
619575
164838
-166510
-841178
-439170
193191
-644512
1065531
-884120
-236999
1360182
121072
51655
-1088940
-467777
-54845
-457821
1309706
-781568
-226207
1044438
43940
-47465
-1095018
-15355
-67134
-1960
1475103
-946296
-280581
548774
-121495
70446
-175748
-134789
186937
305130
928326
-1505619
168841
417006
-321988
-186631
200415
-344392
423657
345010
309592
-1151776
690636
-525354
-327034
397985
128128
-654521
374362
291740
536788
-613800
585379
-448196
-210448
-171576
14129
-603435
340463
-120755
756275
-334146
100913
441768
411974
-1140194
-342079
49474
306566
-128304
620325
-507882
218678
398277
269883
-546551
21377
-487284
248937
252886
624180
-812583
-45166
-76975
70316
235933
400092
-670468
359142
178688
307955
-878274
12778
442457
306193
32075
188399
-833651
437271
61216
215150
-924913
368657
506357
145725
-209957
-157363
-511151
388253
-29755
321888
-937674
98941
-178272
620069
884430
23227
-422748
472125
-428289
125239
-689477
173906
-305702
1040551
349843
-297799
-408976
292863
-540374
324972
-483213
531756
64356
155106
-660010
-455373
180797
159941
-286060
616768
-457955
512493
172015
-110462
-972844
56591
754568
499084
-274500
314891
-623185
380378
87388
190488
-1085244
-92554
899687
752726
-333394
376641
-690381
254648
-161976
-346558
-1345476
280871
399113
695547
-215194
411571
-1157211
526369
-461535
23098
-76232
824405
-718553
351462
-403554
645406
-1060592
870204
-52216
442263
183514
816484
-1368333
469680
-556795
802885
-357924
692972
-505377
251433
-704037
701424
-886042
709246
-537276
295354
-951290
496470
-579232
35586
-77983
1165898
-665416
574708
-453478
45837
-879602
811637
-197928
9233
-342974
816869
-309527
458184
-563342
328218
-56528
885391
-1010601
-378770
-608524
582745
353181
464151
-659683
649988
-36594
44428
-885742
-185985
-300794
1031812
81828
422375
-609625
848289
-291320
-499105
-25853
569442
-483788
536889
-774456
742507
-410133
931173
-209350
-469462
-219739
682336
-488299
96230
-736048
896667
-334705
559218
-519953
-157111
-377391
145891
-325289
332677
-142925
571306
-639373
597750
-710656
3804
33057
174079
-780916
673397
131205
258732
-869553
704306
-754009
112352
555909
1000949
-1125551
528890
-150227
648978
-574232
489655
-635245
883876
65661
434825
-1276395
411608
-590565
515395
-398568
495555
-643456
841926
-668449
-299295
-1169315
863034
-5013
525475
-356641
552661
-516207
25690
-809027
562412
-1244598
927620
-61087
562252
-640096
174406
-87462
331749
-783107
803212
-712882
968879
-456495
694400
-357851
609032
85854
534096
-695707
-16966
-610715
892055
-530375
357384
-383379
612437
-481536
353188
-80515
336155
-860921
472281
-461197
362900
-321258
577962
-621478
474508
178714
645361
-766212
438734
-684153
736475
-51568
477344
-562540
465269
-793213
57282
-657564
460170
-181290
742000
-297906
152425
-576250
528511
-435981
312775
-594281
425069
-39138
431006
-700365
243782
-188610
452712
-284599
993294
-241889
645294
-427998
184242
-891346
609975
-374455
425730
-566540
308464
-75685
899777
-699444
236598
-789076
482619
-582947
632683
-370430
146329
-790262
1104901
-580445
599149
-326122
445414
-566936
758655
-1173339
394294
-58307
614038
-1031860
501646
-257525
598272
-497338
664550
-748436
198172
-372447
359432
-1280123
391962
-370759
739293
-527481
585853
-297267
825627
-1142797
-156736
-487049
449187
-424956
612066
-512083
305212
-572145
895884
-149960
222235
-837878
335352
-768752
557258
-191515
394353
-1115836
-30070
328581
1792417
-687621
309729
-995863
961748
87177
26600
-665192
135515
53149
1025361
-394248
545939
-743616
1329515
-37398
-171903
-687054
47875
-375802
57484
-524995
709024
-530656
1309443
-559609
-179378
-662533
279756
-283438
-210498
-252320
901823
-597788
1123084
-809301
-562429
-525008
771116
-472540
-208693
1890
670544
-796933
823673
-1123650
-30530
-222314
601653
-361908
942438
-367982
375982
-679764
1047414
-972510
559532
189965
554207
-209407
246767
-1149360
263628
-569523
1247770
-665883
134795
-123241
472507
-534385
-291453
-1049298
507595
-464310
790003
-613866
330475
-167483
100788
-628149
-221074
-549019
521489
-434937
620496
-692152
863440
265943
123747
-658051
-197845
-336554
511812
-234360
776271
-579275
201725
-395899
933958
-686716
-227911
-199473
648088
-195079
374829
-740692
-138157
-673520
1329065
-39643
-149739
-966180
568682
-244276
439661
-406158
303109
-126149
507633
-666921
5322
-934035
509473
-245511
763509
-146065
263731
-368019
99985
-1392417
368994
390174
457829
-478254
592826
-596040
300405
16692
175248
-998097
577558
273828
591406
-272388
555043
-761742
280193
17612
-27997
-876414
1104646
431603
717834
439294
929574
256017
1099073
407894
-71181
-1424181
-1367119
-1442380
704551
380693
633612
-81448
825529
471756
666528
-1001046
-1524637
-1477742
564107
267793
578601
-555531
327786
235488
456944
-788114
-1135474
-1203377
710258
336117
663978
-875601
5811
65473
211199
-651298
-877622
-1259414
834756
408181
564611
-1162949
-521605
-411969
409567
-318575
-29405
-931611
720591
494430
818923
-743086
-393842
-638984
333373
-213966
287487
-1073415
513335
373968
769264
-529034
-259963
-932754
31361
-202890
263594
-757025
830329
538058
877800
-351230
14368
-936231
-769484
-1033161
-35087
-662385
1078887
826924
971159
-708621
-284183
-913269
-1473266
-1988677
-185197
-8344
619784
375428
711843
-886682
-531424
-719968
-1143174
-2118434
16003
948676
593926
146341
352176
-963632
-625392
-860997
-932529
-2421832
-123600
1306841
1131022
593227
348305
-672691
80194
-416649
-656132
-2715157
-504498
265608
1313860
930978
333107
128136
1400219
808553
462700
-2144838
-808923
-2021290
1441622
844747
-379135
585135
2821577
2481201
1473319
-1174773
-449136
-3648979
1657187
775076
-1226365
-297842
3600051
3738387
1536150
-275390
700661
-3930585
1877206
994223
-1496651
-1227817
3738015
4152865
1208887
-750517
1087385
-3286433
2007000
1114280
-1633441
-1718313
3420641
3951524
950288
-1155806
1416091
-2638773
1889741
982998
-1736080
-1646771
3569291
3578135
116452
-1271799
1892126
-1891838
1822049
894833
-2005389
-1873029
3632907
3401577
-496879
-1837252
1947998
-663487
1758123
798496
-1971085
-2113056
3495276
3431587
-759126
-2251429
1401714
-247054
1697388
472498
-2030565
-2059862
3137793
2926705
-530467
-1826701
1083097
-301090
1861367
255154
-2320406
-2170945
3109448
2834351
-225399
-1703664
903463
-407898
2076601
459476
-2363907
-2514791
3135117
2611879
-366009
-1520397
1063766
-464112
2144534
527304
-2527676
-2872546
3130824
2673556
-175863
-1202753
1272243
-441464
2297638
731703
-2422942
-3271311
2863025
2859731
210997
-1100885
1019747
-768651
2286840
747110
-2112363
-3228991
2401846
2624183
861879
-691980
800216
-1007963
2294039
535687
-2182295
-2701282
2627026
2186926
1171300
-403340
158347
-1251248
2301021
503629
-2437362
-2732103
2775463
2273063
810635
-604686
-336379
-1065637
2404668
615624
-2438186
-3281675
2422782
2728953
359651
-1125203
-392791
-367859
2279632
436260
-2385922
-3662547
1627053
2799637
342381
-1165161
-66176
505857
2354689
607020
-2181409
-3745494
1406406
2799914
354492
-1037516
-35122
948314
2462758
879725
-1838063
-3450843
1721110
2453690
109489
-991965
-212286
1319500
2186439
1183882
-940071
-2807533
1975392
2235273
206066
-1304343
-528350
955150
1448145
1050056
-299082
-1754535
2408648
2700039
695682
-1309533
-913083
-109669
882661
815017
-70659
-1244298
2244144
2764937
1027750
-528146
-918873
-525723
639569
940026
110401
-1184138
1854877
2341281
1385658
630954
-820010
-890721
393822
929188
235376
-668188
1533587
1279174
1357028
1387175
-456205
-979575
157688
864784
508411
25433
1589108
438289
1047632
1530456
48346
-1114450
237242
1041841
809322
505987
1780766
-188251
491675
1078336
-77677
-1380060
442100
1392889
1431853
1321459
1783569
-783902
-171697
357934
-379768
-1400405
339067
1396830
2098677
1992663
1729822
-509146
-235009
-451192
-783674
-1605138
90859
953492
2095073
2020965
1613249
-58641
280341
-484044
-1001275
-1659082
-101684
723528
1756678
1724499
1568405
-313123
264289
531957
-613881
-1995824
-208682
761579
1791662
1673959
1308933
-1052132
-489827
760108
-2695
-1474098
-179424
615373
1759172
1678008
952972
-1186148
-654974
606418
332596
-979894
-210044
430983
1779843
1559589
663312
-1548270
-890488
629947
631389
-500133
-447467
81076
1624164
1255835
32467
-2527121
-1038498
1089367
1739956
442501
-279500
-43881
1256187
940795
-309262
-2909084
-1490169
692728
2364818
1022422
-108651
73409
1129412
760558
-51515
-2320425
-1563440
181474
2129476
996711
-230128
55878
893105
508877
175528
-1685085
-916559
331877
1652568
637609
45509
223527
776322
374191
193290
-1428645
-239012
406583
674403
-249397
654881
928642
1533810
717789
537131
-1263013
-467647
-98247
-415966
-1751420
842786
1405012
2162918
722296
509147
-1513566
-506091
51632
-226686
-2168309
482886
871718
1884675
536214
219589
-1610186
-193796
34640
439930
-1188053
384002
434808
1518969
608324
166243
-1639712
-216195
-322528
599188
-216146
567341
558225
1160328
65096
-108543
-1805863
-479188
-376661
563119
446321
639169
782892
1218329
-240139
-331244
-1676927
-587937
-714831
-89714
542660
572355
585558
1192783
-60293
-241402
-1504926
-686780
-1347204
-860463
441315
657928
440481
1142706
-144755
-287578
-1050932
-698895
-1588492
-1151852
-183436
589316
279995
955930
-175990
-9590
-736079
-534809
-1319022
-1321370
-559970
447176
259597
995719
146110
594787
-930216
-836141
-668253
-912116
-707095
236297
338643
1131297
246848
1039075
-912668
-1466550
-667183
-495375
-619502
205225
325553
1305263
191128
883648
-813551
-1591127
-1057644
-391709
-795057
71439
-9818
922661
-248419
318129
-981452
-815399
-473645
98282
-878228
264568
106022
629431
-498347
337537
-1006039
-416099
39046
432634
-1380029
284033
243791
858907
-272966
365404
-876586
-251850
-204411
161778
-1549031
791988
760120
1381357
226803
217446
-748691
-95639
-818394
-568337
-2103260
828669
646374
1115408
275983
431898
-575076
-341619
-780653
-374438
-2008211
564856
622750
1250707
205145
748374
-141793
-673473
-1131288
-393387
-1611931
55016
224562
990918
-128350
581868
376507
136472
-986645
-479336
-1338531
-123449
-61229
808075
-132657
378166
212275
730884
-373840
-173134
-1095525
86406
188991
1192273
396778
561540
-317379
390113
-527621
-439546
-1182360
-13814
162728
1321416
531371
516873
-241492
529537
-596995
-657823
-1216253
-354276
-264885
942844
201370
125849
-434474
489885
-91284
90202
-771630
-138382
-414886
581272
-351522
-163923
-897997
-13021
-182939
604816
-119916
329324
-136203
264366
-707187
-2565
-774755
-32973
-739784
404752
85350
583340
302064
438464
-463675
111655
-881019
29089
-760088
174985
-69239
419568
417099
806599
-105607
459586
-237982
272637
-1020937
-176544
-418390
187573
231226
915296
170779
653702
165544
975198
-793967
-279177
-644026
124544
91786
767242
108563
627992
-289357
870237
40876
328924
-734803
68735
-194219
413845
-24956
708868
-663332
-408649
-590798
974015
494844
9020
-449874
121850
-319263
906139
-336046
-694429
-1271248
199401
1234015
87337
-269989
251748
-202801
1654532
194359
-823617
-1868846
-872152
753907
3906
49778
593109
89976
2363653
466958
-803871
-1641730
-1098658
-222205
333158
509631
1234682
501654
2417480
147984
-1244176
-2085329
-1217552
-754909
426787
690470
1503031
301033
2081852
-346908
-1880569
-2036479
-363021
-755063
328907
445725
1365663
121178
1645825
-568435
-1617525
-1573277
-17898
-447049
472703
262446
1216624
351469
1236055
-697971
-1153646
-1149584
114298
-339529
901484
412165
1022992
545797
1476848
-417959
-875012
-942019
47286
-538226
811634
291180
858902
344119
1499551
62416
10907
-361725
-3575
-824764
648774
331705
970492
430972
1069786
-417267
295294
34881
222274
-990975
863319
603994
1149862
558131
680272
-911848
-211474
386393
981825
-1384302
879956
683953
1446620
851101
1068032
-585919
-891639
-69462
1147137
-1290658
840647
601364
1613935
1095523
1256643
-315614
-742095
-699876
589574
-1056291
901977
417365
1293689
706190
1143139
-128578
-392547
-684642
15756
-1420068
866350
406182
1220521
504902
792737
-607917
-493231
-908416
-521188
-1136345
-17330
130610
-16798
-252359
-613998
-364630
990737
799611
-84233
-237372
-152176
170696
549668
-211865
-189731
-24714
-416917
41905
-204853
-314229
61856
110662
270685
-111456
84469
378430
-283537
-450095
-117907
-316136
102560
77420
103223
309839
21804
-213671
-351501
-380341
616269
301802
-57636
100387
161606
532030
110866
-556873
-734472
-139504
227788
364008
-53321
-114685
-215263
77629
90429
-260407
32934
414323
-54176
16805
-34395
-141355
-124992
-343245
186367
421967
74371
-73052
-193264
-363898
5881
96295
368045
-166073
126405
1072768
413182
-595815
-1021576
-318768
-139351
32860
434286
238085
-374180
408722
663233
-684815
-1076993
169694
295687
133283
-166569
59196
-260598
-218827
-7216
-891042
-703676
410551
336533
466032
-328656
-418766
77618
46311
-195230
216695
39020
-8417
-86822
283374
-308354
-112531
-61083
335515
47030
1018931
344132
-19063
382671
431726
-874739
-1091952
-325050
328070
-424786
1295472
1156899
902382
285431
877278
-448963
-2055946
-307305
930769
-756246
830793
1354971
1013323
88742
922778
13538
-1370184
-364019
1093097
43307
-862054
518632
826622
107852
653743
104885
-468436
16870
842371
280694
-1155806
208221
-92236
117819
305693
-154107
-202104
539675
294836
-116540
-937634
689977
91575
205887
318440
-433616
-512234
822614
628213
-185666
-1469018
69490
853319
110539
60691
-17140
-327656
370421
321750
198871
-220403
-441064
-364472
219212
-245424
40159
508972
-2722
-423850
356304
230035
-206668
-680558
157699
179175
-213196
-60163
147579
-142968
129459
-270067
113803
-110698
188994
647791
-31902
-541935
107145
-39684
-199402
-20463
591527
27465
106199
390000
-166179
-364447
363936
162832
-68093
-206015
380086
80110
-102081
209782
125326
-333004
63507
-19830
-252331
-127084
323614
48394
173798
131727
327356
357156
-473736
-909419
233319
793419
289161
12067
259799
-88001
-489819
599617
10568
-1023161
537849
1071639
-381148
-379521
161649
106155
-356135
-607736
204683
180042
516922
117728
-354965
-511842
-56046
38250
560110
-698758
-256853
973286
515456
-546862
-360627
68119
-70294
160165
685848
-287001
-549637
774906
508486
-1042170
-581898
244815
230742
361509
87584
-256307
142996
-96040
-110551
-903778
-245181
925647
37553
69003
-240842
-98480
601513
-495852
-217800
-41420
34222
1176764
-319734
-255967
19906
39448
96680
9409
240478
476998
-204175
56589
-394899
-697979
-113115
464504
62724
404779
94383
371322
-336277
-620187
-402731
-749049
-433773
17338
116914
-82448
-5871
831335
215991
62619
-195781
-166589
-93605
259949
402403
-767244
-552115
668571
268927
126419
-98420
-140930
-43600
1034973
378679
-1065717
-559282
555703
563593
15638
117259
-107899
-514930
532539
473975
-629968
-710960
401949
699153
-336347
65236
-420005
-664256
527845
801382
21484
-165542
96794
-323321
-396384
-215428
-681151
-63624
909849
284360
-61250
151941
171966
-297917
-278472
-367551
-579149
576187
639719
-145797
857952
362539
-817330
-185513
-17662
-143882
-421950
3368
78047
-103939
355957
429812
37941
-5660
-142589
64485
205633
-147742
-174229
408449
-766013
-647199
976608
466465
-717129
45515
83332
108729
63158
267164
-257004
-481381
89283
63508
-28257
86283
-378194
-36158
414720
383157
450526
-324334
-824715
-380791
264800
-10904
-196143
194333
481299
221480
-217651
-335990
-295431
-118441
311897
-40913
-80740
249813
523575
-139796
-524572
-242107
-243428
362388
111905
92345
-41226
37877
306618
281509
260786
-544868
-1385915
-1877
228900
20872
460180
377712
-79507
144763
222772
-668057
-758504
217142
307544
18570
379864
24760
-324939
-414046
-305113
504819
709625
410140
-84617
195059
113950
-247232
-370249
-428331
-477495
499939
1005101
-88613
-783611
-201998
97760
296911
-39228
-8417
-156425
10371
1042796
168628
-1115514
-500967
-69835
199570
22642
157109
211042
614558
1005713
61743
-487884
-173548
-264420
243513
546580
-167561
224020
210283
-801515
-408004
681149
433893
73337
-11696
369808
-144466
-428149
-122613
-1042901
-736834
837540
194656
327216
-156090
-572881
-8916
-41510
126018
279352
-340977
126617
-225546
90762
384219
120838
53489
85395
190521
-192989
-856275
-97930
-11916
-22609
615724
297842
-330377
-133837
225714
230724
-302408
-847457
164782
90492
66170
-678724
-613052
627629
502842
390296
116535
-1142588
212576
263712
-246721
-460438
288304
416262
311436
-7606
-420939
-647077
81067
51603
-423985
-218041
893927
-305322
-818132
178357
231598
550332
-200581
-143395
-240030
-379334
581145
267520
-1058198
-66786
666939
371228
-411530
-348879
217221
81677
-1024
584904
-71245
-355701
415038
-339204
98808
87273
128743
369951
-111312
-175354
97989
66226
68955
-566004
336400
373845
-27922
294686
-50224
-945297
-857378
297014
432862
-68621
-81517
68215
316503
57326
-740930
-367248
120042
114215
504322
273876
-51991
-284458
-12390
25540
-550762
244318
1120234
221796
84155
-281327
74405
-49693
-20245
73863
522233
436744
-29794
285590
-213781
-310588
-190888
198937
277577
-398104
-101874
481091
-256327
-446741
-236947
270687
-45724
12360
-1089
-276037
-396234
242783
694780
-574439
-408919
-18481
134240
-199340
-259178
189360
-123953
-671640
259685
301321
235363
380912
212117
-68509
-62826
434072
68462
-833280
-468797
81360
-174760
496581
-332280
-431441
-60026
207576
187233
525747
470166
119891
-42428
-357900
-253239
-175721
227310
99227
-71568
-175332
33235
169759
210934
-283018
214782
441303
269024
-126615
164081
-123841
-860623
-630819
-345669
117022
414297
580665
-210266
-111512
18836
154740
217222
-488127
-561253
363427
108520
322872
32505
-26275
-177701
-226043
403026
401135
-416498
-39668
-275318
-208375
101305
-44414
-149326
550755
165136
-612499
145751
457491
-141317
-240729
-200764
-63241
-115010
27965
483917
42126
211010
596392
19382
-51451
-249203
-9374
136021
-643922
-467683
850574
865151
-175531
-8691
33790
18778
-65180
475431
145826
-574456
-552701
121326
253477
127185
311115
136717
-516450
169278
850128
711874
-859762
-1901573
-59753
113033
489249
-192288
-783934
319487
340486
180504
31396
-664005
-515744
-177337
30731
-421106
-601483
416072
454087
43593
329350
418073
-111717
-408022
-378871
-242685
-75151
301603
447693
-140612
159614
957944
-255262
-380891
-167532
209443
366859
896439
314212
-728407
-187528
538423
-455021
-66509
-111569
474845
609942
93926
-113687
-103687
-300447
-599596
86437
500752
13682
103584
508393
-465493
-771169
-325607
-569399
97550
860906
483156
41332
-396324
36112
127940
-344161
-127854
116166
641682
739174
-22651
-8707
31213
-63866
-164936
-187956
263146
450171
344126
311240
949
7775
181171
177651
-636831
-695040
155798
538404
253931
-152187
34812
-133333
-30137
133565
326107
214544
-909350
98659
487290
-409035
-218613
-195622
251938
285352
523982
608199
-771329
-806711
521136
606236
-54016
-102120
126502
43567
-141593
-58008
286783
-198495
145545
422828
160538
-6407
-224280
-291427
-142854
52768
648606
944307
-301085
-1143018
163025
215958
42766
226627
-28189
-432183
344739
409085
-393233
-802546
-43968
-62944
123164
407995
220195
-349997
318180
237260
-1007589
-1149239
276500
-161545
-83695
-222132
-308989
-619349
429423
560566
56951
352613
233787
-300584
410295
65394
-293628
-460214
-845600
-656909
608174
452684
429900
-403824
40119
230360
231826
90447
-730411
-1019328
318553
543806
456752
-298439
-282463
307575
311531
-608521
-120784
-780389
457621
1248331
183380
-405913
-341696
297730
520493
-564891
-350372
-656827
602404
747682
254407
-399726
-352442
-113086
510081
-163978
192547
-303365
-170824
112622
388624
-601852
-498342
-443825
78105
410434
465844
-355312
60737
383039
480547
-196897
27372
15051
-93011
375353
401884
-914002
-423160
-69092
273317
-354753
-416982
159313
-269975
-514299
812357
-18293
123360
494709
289196
-324321
-571291
28886
163433
-1295416
81943
120053
656298
355844
499030
-72475
-685094
-491031
351589
-827237
-157264
538165
1714223
-111208
-287993
-97510
-148413
3794
499801
-859272
246673
540285
2485902
-1163337
-272409
-326728
-456103
-72300
-3847
-772444
373879
-324344
2752201
-795830
-242229
-432491
504437
-170212
-417830
-622854
-30275
-1203222
2457979
-784551
-561171
-1123806
1268354
883348
-160373
-1393535
1053815
-2156026
514485
-803653
-411362
-1553701
1351067
2160710
312143
-2470002
1273930
-2158908
-463746
-964048
-598266
-2100973
1065961
2493157
544448
-2470793
664038
-568424
-818705
-869431
-570486
-2092712
1021756
2526880
332472
-2573737
390586
-165260
-1627276
-84158
-499795
-2382542
1196037
2562042
-251744
-2277764
759157
833435
-1726109
-1485956
-506803
-2356330
1235021
3238212
-349141
-3380921
532751
1780437
-1172549
-1736759
-589685
-2186240
1002773
2611860
-228563
-2681879
581088
1097952
-1071247
-743801
-716783
-1902857
1504542
2018783
-218493
-2369318
88261
1129275
-754693
-612393
-684617
-2267267
1419984
2342948
-292534
-2152335
320327
1147186
-1074633
-464233
-874767
-2705870
1412709
2553795
-330468
-2005654
277761
1067551
-1434369
-529648
-629557
-2536158
1337968
2909134
-549068
-2443713
193399
1497042
-1275142
-808135
-658231
-2627363
842494
2640067
460298
-2332937
308506
1425121
-1347837
-1172370
-699680
-2613964
908801
1862574
228774
-900779
-239752
511321
-1661316
-733131
-782776
-2476796
1409946
2191434
-675212
-155730
-403781
255327
-1558604
196016
-788092
-2594348
1096466
2960127
-527631
-1068713
-433099
337840
-1537862
136671
-637242
-2385282
679904
2586708
92459
-1466298
-980450
1137581
-1320171
228210
-589646
-2523155
276763
2731475
696773
-1437998
-1731664
2039496
-1122733
-162808
-718747
-2856523
538549
2649026
200422
-1260721
-748788
1912332
-491318
-1598552
-529375
-2622146
236241
2782901
178400
-1162650
-554335
998984
47892
-2674880
-394063
-2337002
-114252
2452849
59417
-932191
-997101
1220641
255267
-1777891
506
-1468585
164299
1820877
-69034
-1126302
-1618217
1108646
159396
-1105347
73335
-1025438
216128
2141302
361384
-868523
-1339140
172669
-112778
-1329707
206543
-1021233
37901
1169089
31541
-317862
-744356
-337587
155653
-1085869
423218
-891895
325070
412155
335229
583697
-260729
-1006076
-572941
-1754212
295837
-900385
493023
560044
-356394
339367
418323
-805747
-693754
-1135776
374347
-404654
834265
378472
-983984
546860
439732
-1139713
-506096
-852222
599541
-263406
454491
-528354
-827732
519205
612864
-724589
-480652
-570872
768934
282517
298907
-998024
-559019
-194560
-762414
320452
331602
-929166
664866
418847
544087
-615346
-697721
365664
-502780
-660779
-370343
-283701
759250
170701
268504
-308534
-1010472
594491
423189
-1313059
-636308
-21378
695243
297450
323322
-510520
-811842
607418
362148
-788259
-610155
-445018
699288
461603
519824
-863579
-1018594
-307367
770601
-190509
-188704
-200258
699087
465201
164245
-1152589
-784002
612095
1127864
-826776
-635587
-437442
606544
760254
360273
-1282944
-1034296
737383
1046781
-139079
-888885
-370667
364603
611543
354909
-1327133
-1101492
376848
1582097
1346098
-577596
-943270
510174
163806
-98893
-1189982
-1029276
92241
1520649
1312607
-785616
-981440
450619
41367
502987
-737393
-649262
638152
622130
224127
-348843
-1153191
346773
-194305
560125
-622415
-355148
570450
832459
-151847
-194538
-229762
641537
-277258
-44816
-695413
-433357
181752
1110294
-1120715
-555811
462454
924433
-84781
-109103
-676468
-333698
-84843
300070
-1258501
-756989
599924
766689
314930
-123391
-1400076
-375760
400139
273959
351086
-262967
-669462
297679
-99553
191316
-869872
-453787
628251
164617
145313
140341
-794745
627691
-195510
66867
-243744
-340657
185754
244449
4436
200515
-934880
596351
-209615
-351887
-780851
-719960
465497
294025
125303
1551955
-506281
599457
-7749
-442898
-874881
278
436667
-32137
-156669
537781
167085
368235
-298622
-215519
-341474
282583
30890
-1000407
-34453
1286878
1041716
312887
-386549
-26283
-336363
-477796
271949
-557133
-663357
1385643
863949
303613
-458936
263218
206035
-1014921
123809
673962
-916012
898560
516256
645239
-98058
144393
168057
-944893
-665975
1014188
-461880
323777
454206
698425
141266
-23788
-236645
-561711
-842329
461497
-412014
883860
618086
498133
-204450
172229
-135569
-614299
-552592
890870
-778262
260606
983601
299800
-327245
-43919
-143286
-578641
77642
1658216
-501289
-365156
1056038
586454
-22045
-355762
-98250
87437
307291
244718
-700734
-355295
448759
164661
-218530
77655
-369744
-224480
106266
236763
-969208
47377
1049479
482621
-165340
-78295
-292304
-448049
-651847
745235
-872971
-626834
1024404
477660
-308963
-453182
70786
199884
-761008
278263
288270
-64082
1036718
659688
31110
-139675
50406
306515
-966037
-706438
-216759
202421
596116
408885
-122921
50322
-78195
479792
94260
246530
-645649
-157901
-32153
301659
-34634
-94350
-400774
-68126
162909
-2221
-220332
342553
365816
707237
421372
136725
-408488
-9454
-266547
-718479
-730393
-123407
552970
663736
414414
-48018
-822086
358504
126900
415038
-768865
-12425
87378
329005
41236
-6892
-243729
146740
-402512
561001
232697
295158
-221187
-24291
-432552
134138
-209350
29236
78965
176666
-142573
526406
-12514
182962
-474309
-165643
-160528
320163
-105041
220340
-118745
388811
309429
408160
-214477
40089
-497613
380736
-642662
-487333
705580
909990
-632300
448070
-209827
192748
-271112
357215
48925
-625305
-597018
268626
-209670
392976
-128994
443772
-368956
-232683
448832
202880
-106902
-1111168
-592810
412511
-232182
478173
-399902
-322688
62548
208313
590472
-20316
-1070552
160018
-462718
511319
98211
-245592
-408200
-614115
682759
1690172
-408741
259628
-887533
578153
622696
-627167
-555681
316878
141197
1175611
-44591
566009
-674020
1018400
779982
-648112
-999712
-676747
-328588
1312374
88329
770362
-516652
650636
716630
-922992
-1095420
415799
145187
-71722
1375
905271
-220059
243294
556085
-1447511
-1653858
332119
190635
224170
673058
730601
79453
-89740
-8722
-766476
-656749
215231
612763
215920
340829
271499
-214363
373510
-124454
-807026
-452435
422630
864227
65571
-405834
55618
-214570
500561
-36106
-809216
-695147
460242
346405
-147750
-804058
256065
-74350
212141
119914
-551521
-206170
-25407
-498363
331052
-986854
153848
-186126
275608
-80729
-195508
651330
339141
-974836
-461627
-390325
301830
-112592
321533
-68581
-726171
-532412
1165785
-136354
-1114316
32775
441845
76882
-36046
-583873
-729110
-262713
1182919
575870
-916141
-1538822
374684
113709
233568
-307095
-355164
-696126
572481
255705
-739142
-855247
226085
34265
341721
-170245
-262008
-482673
85621
-372706
-620086
-129017
65081
247431
160677
429174
764240
496444
-580975
-383838
-902548
-419135
105421
-31876
-261757
168989
-128192
476768
594262
-176270
-154590
-437846
-16755
173923
-114666
-68245
-311538
35631
228459
58111
-395575
-3854
-30600
351331
-52332
-478250
23538
142687
317426
110026
-894992
-166504
12598
415643
-67738
-599635
-233378
137467
392027
73133
144582
-707262
-15323
461650
224952
-217176
-247218
9193
-166340
86186
181419
-481989
-11002
346273
222072
383309
-371851
-91646
-214294
290964
-233305
8071
77556
332772
-102656
261012
-520689
-708010
-676998
142636
195172
-18474
245792
632656
-55696
-6188
82145
-429840
-872869
-92341
-194041
-172326
-396519
237353
90605
-485790
-97599
-54861
-351582
88076
-66299
575004
-362595
4788
154744
-153597
-232898
254669
-248113
-915820
-87080
468273
184281
711041
238791
-15617
115621
19393
-196983
-1784001
-187939
-649560
-123914
637283
370941
850222
470847
900680
494269
-1499125
-632320
-1618002
216685
-88603
-5709
1219040
509541
1562457
747202
-288953
-942679
-1397006
586354
-207155
-410408
135250
1187262
1084778
298235
1155692
-1069107
-206831
747478
159851
-832188
-796553
1097854
1002238
-212143
1189642
-885913
1174829
739088
614006
-850038
-860755
700717
1712970
-753349
1173224
-1314170
1253064
544906
563720
-887962
-669616
484533
1530236
-985042
1591697
-588195
880754
792143
559066
-1234273
-608802
976336
1598796
-1442956
131007
500503
931873
705369
855998
-1444698
-1114045
1289433
1513187
-1268625
-130136
265668
911287
573442
431435
-1055718
-869990
1105171
1262298
-801509
-63837
16067
661176
614405
99127
-1103245
-824140
997902
1324686
-472208
-276865
95530
310996
864886
459103
-1133615
-889317
914195
1144413
-557194
-187978
197970
30604
863559
483755
-1440436
-803100
980181
1196514
-513037
-185990
508044
56644
760867
811939
-1761175
-1224155
1301225
1505897
-604646
-344270
695085
-465179
818544
1077554
-1057183
-1505153
1189353
1169860
-423014
-413148
926707
-764053
684194
471190
-1104409
-447239
523147
866617
-233119
244670
250787
54995
927672
668958
-1829359
70749
248545
825241
-358960
402746
-313672
19199
881059
676088
-1759053
-606415
554588
558667
-103019
140054
148947
-50744
616338
534544
-1270634
-1373879
305780
1300967
-91741
150319
105149
-13138
741788
782034
-1039650
-1401672
237067
1538748
-305664
-123133
291350
-255787
1096944
974141
-901425
-1154852
822623
714017
116037
-1202053
916445
-294311
825565
1365268
-854858
-1043459
870392
193748
566963
-1762064
1327982
-287566
345933
1314198
-476316
-273554
763875
1218921
183230
-1223694
291432
-441055
3460
815198
-574579
-551492
592394
1723010
326243
-289071
-107886
-63886
-3374
1069406
-605347
-993595
596969
902612
526952
-146544
-118175
106021
-141726
818340
-165821
-566303
484840
378542
1081381
-6693
148136
46971
46344
672386
33430
-360569
432413
-395968
523107
128695
839485
-316667
245232
870998
-252244
229232
620913
-548452
259022
46459
366530
-362154
404968
840863
-371825
878367
224357
-1120992
113800
387115
-213156
-8394
194687
585808
476468
1007435
469088
-321537
-240864
-340349
-246645
-70247
-277071
-3748
545949
723584
199178
839917
99523
-311638
-230173
4977
-277457
179196
88102
675855
95114
101115
111272
550986
-169076
-310166
-224168
479884
99118
684342
81466
-736866
210008
684038
182478
-380149
-150775
201797
154568
600065
177867
-454625
-308726
415214
171602
-97278
-106411
-12373
273818
314847
460885
-630804
69316
518729
-26651
248590
-391780
-89362
300807
441724
-164045
-1258846
112505
818976
470836
619347
-437945
-298898
24569
680248
-492781
-965539
-409479
467038
785313
688324
-206691
26842
324348
671932
243979
-509334
-1151868
-130374
471613
328000
-398454
-8008
178402
647162
391037
-119694
-722016
-166329
691776
380807
18386
-55452
-31648
429520
-94722
-282191
-324666
-473955
567065
152203
542125
459023
577887
532486
154280
-590388
-560534
-439096
-133283
-969293
260283
733853
358767
343706
448329
-973690
93546
456526
-154651
-1316525
-401030
285156
205907
140246
-72728
-521817
-69451
1002516
462706
-317926
-375589
6725
253944
768714
-321137
-24417
-426923
226920
165515
112248
46052
312864
-25603
443170
-334712
-339951
-522608
217381
285738
282284
75323
403234
-234676
258809
-365923
-558689
-478242
-321707
-128104
1208559
-169870
322195
187641
815344
-200504
-496256
-154579
-688829
-522266
827066
-197392
156675
413604
204938
-356495
-67288
-518481
-367816
-682784
475249
-25903
291643
488679
14990
-533716
488868
-155507
-214296
-854489
-436818
-83111
220839
204390
413769
-153877
-35614
366273
-178717
-543161
-323656
50022
460669
-16193
418970
428920
-692579
-231689
-111253
-607316
269837
-272713
352149
69742
-22987
591818
-367896
-556348
-256578
-399899
176688
-418895
80871
-40056
-328429
355976
68148
85757
-122218
-2664
-450272
-171125
72703
-336160
70209
499567
-411645
-77947
521707
-220876
-455509
-46678
658687
40503
413997
343819
-341228
-690916
356798
-789032
-176313
-17144
607176
163138
471728
-566661
25601
-487807
-73283
-362969
-694044
220243
246395
234257
540314
-123153
-204440
-146811
276934
-187532
-966722
-227465
116719
120312
121136
408025
-81798
-565037
657958
-449856
117535
-272743
488496
220628
9386
397231
774720
-516087
137397
-932123
-393605
-401569
95834
-98071
-321167
-438
614356
304528
425722
202703
-714550
110477
396349
326722
295909
-33747
-423003
-104472
-215965
-250929
-143110
-123439
292964
208535
549243
-20532
409417
-142752
-34536
-749422
-47895
-607796
-314358
-70860
68468
-630675
156828
416177
701480
261419
-43344
-493942
-200725
240118
-260344
48933
-516985
-130071
235248
449742
-342252
-49365
139693
-100870
-22238
-3926
-63156
-367863
-235274
95967
-100994
108428
431799
-158438
300026
-241144
-302303
-21408
235947
-638413
174099
13747
480396
236978
342513
102690
230755
-393917
-129015
-617278
44287
-99716
205856
279427
114052
57754
894926
347127
-525430
-525204
55777
-139696
55112
25356
241339
-448300
138619
326778
564711
-55759
65781
-209482
-68346
-126485
488050
-409642
-340516
-972686
741822
773081
432194
-244911
-303819
38947
177103
-102002
184952
-630298
-489757
25890
1083776
-121964
194011
58744
276088
333388
270661
-307447
-728125
-676828
484868
112267
522122
7000
335836
817848
165081
31576
-1068829
-1112289
380641
171002
435402
-32900
65116
315330
135541
-122292
-656320
-499792
147037
100153
695571
-287809
115553
708400
-136941
-889020
-378234
1403
-453722
-608144
514853
-486691
-20854
736860
178730
-312984
297466
-248510
-108193
-430708
529499
-49254
380060
315582
329146
-621346
16673
-623979
39221
183518
375931
336
585937
604022
182438
-606200
-268554
-314011
-272230
-29133
244376
-233115
221029
847409
290876
-40389
-270715
87510
-36332
-144352
362533
-190115
360377
-201554
-215
729198
-268970
398070
-120476
276331
475158
14018
455127
-271234
-438810
-34876
400332
-4553
-409475
187064
345088
232057
438120
362281
-168280
-775812
624962
46639
-9427
-110371
267123
374969
650173
543961
139631
-915161
-428324
482839
204387
8844
110397
182383
88968
525323
148016
-608232
-5684
99974
-16313
72065
216905
-13129
-3589
32526
-42753
-679456
133233
312649
377311
465082
-682845
772264
-444026
901264
-298709
-108947
-772783
641202
-443122
583535
-773682
481325
-384739
562052
-475444
765609
-175824
718362
-612101
511441
-864880
769347
-401732
157023
-696167
786149
21583
786722
-640399
514557
-863804
911805
-617087
195960
-316774
807308
-290644
372652
-843109
582876
-825238
848766
-811440
342496
-277353
1095513
-672396
636889
-766375
539003
-674620
1023870
-572171
577525
-541661
581778
-1137800
1139930
-734816
529414
-664583
998520
-363938
473779
-917104
444324
-865228
1256704
-646060
566558
-861415
674908
-346999
313994
-1094884
484528
-477160
1639522
-860174
603508
-829127
620112
-391253
408520
-769894
490560
-443824
1381035
-1390739
356691
-795346
885071
-267320
417709
-535534
1183557
-276057
824402
-1682999
188107
-829153
1067675
-87034
235250
-843215
1367924
-1026301
368049
-1591365
256915
-513607
940485
-477751
421847
-1085591
1480692
-1901760
874523
-2086500
-325214
-140903
1267636
-48489
474227
-960342
1926371
-2565304
1514552
-3556781
-528466
-128345
1134016
415868
7850
-927149
2445040
-2961383
2387667
-4328225
-494074
-74997
1181434
-287603
-469687
-699804
2270456
-2317161
3292353
-4193174
-519402
-15029
1557030
-1173894
-816098
-501661
2615258
-2372548
3226380
-3225388
-515196
205938
1912881
-1601108
-1101919
-221574
2987509
-2532931
2192639
-2128000
-579124
211258
2206026
-1631971
-1291321
-54423
2899342
-1990684
1573830
-1596611
-466987
334920
2009334
-1796271
-1131223
334716
2289719
-2248689
1161769
-96518
-394181
466073
1826891
-2267394
-795065
912288
1960334
-2273209
618434
433751
-278298
187438
1970546
-1946956
-741939
572582
1822876
-1527944
152890
332331
-252390
-130970
1976171
-1758420
-609933
412142
2011057
-1578742
-368567
623620
-215998
-41297
2328462
-2150325
-685539
351933
1771047
-1404504
-386142
958169
-29245
2362
2333217
-2292379
-545978
478703
1828290
-1385269
-378958
1215868
-135107
-12034
2224071
-2600982
-68722
878600
1296484
-1719037
-399438
1301702
-188682
153374
2597891
-2830933
28578
566682
877865
-1607874
309577
1190115
1792
64810
2564403
-2200308
97940
-319082
719003
-555864
234075
1096855
167585
-20996
1948810
-1898279
45868
-654823
657336
200707
-194538
885414
242376
-198304
1870299
-1770903
-373523
-251723
754018
762630
-747928
1203072
61673
-364271
2231980
-1534168
-1051597
371693
1031903
902300
-1579921
1186951
181725
-218695
2548807
-1722740
-1395302
875313
754790
776624
-2360999
1418965
464291
-135305
2382962
-1868062
-910471
623407
104586
673903
-2244738
2027185
537827
-51487
2353930
-1995756
-651445
190045
410083
532396
-1617034
1806511
494132
-96107
2291186
-1581849
-585887
403009
580770
19766
-1294355
663450
208200
-447699
1833380
-1462450
-677222
997996
505951
148477
-1030849
325124
-87020
-353793
1501001
-1855272
-431721
1267937
15462
519782
-992055
478603
-373919
-138858
1542768
-1572090
-38088
888463
-258018
431856
-791356
716375
-369105
129174
1427920
-1669304
211638
254520
-529913
455021
235921
541691
-111598
296226
842723
-1944522
920154
121527
-669392
119308
612323
-4627
72967
106096
151616
-1376345
1308469
-643654
-357532
474856
428255
-273715
53214
-97560
338968
-696113
1187248
-550650
-130767
-111072
343809
-266465
-9312
-574914
533738
-537926
806952
351964
378904
-825292
142032
168472
15649
-554756
386152
-764748
865731
269022
-59828
-157570
608892
-291655
10987
-217712
343870
-912918
757423
-3403
-318389
326886
819891
-505000
160088
-330262
53876
-806862
808023
362269
-243239
-24577
573554
-500703
299628
-521993
-28794
-770381
1248868
447769
-290296
-348131
179785
-248631
318665
-620100
146871
-701894
1126900
-316377
80820
194364
228902
52267
345138
-921091
39751
-476471
1154188
-316467
426629
-546875
-20034
225550
250196
-834111
308779
-365511
1382774
3758
-309723
-1434470
-244577
724459
83972
-543391
606204
-427975
1319061
67286
-483407
-1392773
273167
1017140
342901
-565305
346907
-671976
1044679
-159722
-211463
-1154795
445210
935317
572531
-642786
564062
-764582
939432
-343597
-571749
-1142769
918697
77384
471291
-672600
687105
-1020593
1295859
-663280
-62717
-194018
1332887
-940673
218832
-866521
788867
-998792
1545922
-552447
487776
935
1230844
-1319449
349258
-997129
907649
-410894
1395433
-834958
305447
-840352
837764
-855365
599926
-839540
590217
-857177
1220170
-848455
95385
-256156
919097
-898772
466524
-816190
435854
-781189
1261885
-590928
49683
-351099
669782
-616241
411301
-877411
737685
19217
1182572
-1111561
15113
-529929
355566
-458482
421647
-956307
1007501
-83025
365497
-886639
209940
-207093
854354
-759931
497329
-803035
1167108
-561996
-62885
19409
657514
-257621
382396
-1529950
689707
-729843
1165077
-622492
101421
117101
522435
-319242
281260
-1386100
808056
-731754
847031
-886884
371381
80024
5669
-435717
608229
-798898
500737
-1016562
874278
-993481
532604
398187
87311
-951023
1023807
-555071
296666
-1132674
973895
-1001134
695309
608290
712726
-1330523
1079975
-920196
573876
-885771
801747
-878187
1268943
-78254
323933
-1392587
1294650
-1222820
556973
-656283
830959
-732041
1206050
-848481
-169078
-1321967
1535514
-727076
447190
-681337
796265
-565467
373627
-856299
674044
-1234822
1635494
-665771
565477
-827597
542012
-199424
506487
-685756
896914
-887492
1597982
-1199422
500295
-769700
847382
-201326
626685
-515119
437796
-730596
1474879
-1024665
358820
-648050
924322
-614639
466762
-173347
650702
-987629
767564
-869017
353679
-693446
698257
-772428
616849
-91500
930283
-646414
796182
-944392
724096
-516903
589124
-649511
678204
-1065412
381983
-611469
896337
-529800
723677
-755765
386399
-481569
838336
-728687
568047
-612424
700928
-495982
387420
-1150365
405190
-293039
603237
-477125
1098372
-261610
989520
-721385
252076
-1132499
835434
-468959
711901
-838552
465189
-327030
1059739
-1020061
360286
-854952
806876
-764883
945723
-691261
423800
-980153
1110003
-1122754
589429
-456946
720507
-695601
980143
-1345753
835984
-403337
595328
-1367856
451874
-430269
854681
-626435
846857
-1037962
719764
-578100
374722
-1395199
361293
-604526
877867
-712011
854309
-601135
1208507
-1236766
84663
-613064
414408
-688621
782938
-803010
636934
-867365
1126832
-342832
549979
-811603
388036
-917367
786286
-588830
669131
-1116355
295349
13536
1506351
-766729
377911
-1060071
1225081
-595919
340482
-492765
407887
-241392
527133
-605513
551206
-820746
1556857
-967050
152205
-240988
560275
-405566
-392656
-918835
651525
-659326
1549629
-1489388
269715
-124593
624740
-495798
-318203
-616245
707667
-927157
1347307
-1772115
48832
166492
1183588
-653128
-39162
-382871
590019
-1135948
1214751
-1823007
592843
335987
771848
-818410
988136
-738119
323709
-1070290
1259249
-1566516
1140461
576824
826592
-649497
358680
-1267246
320448
-859730
1320369
-1140633
759822
142560
607311
-898350
-167014
-865002
616792
-667084
904132
-1032971
899827
37378
218599
-900106
-124306
-273155
628811
-651738
727771
-1086846
1261769
147794
214159
-758492
106853
-2758
537589
-525186
788060
-952707
663218
-359052
919409
-849696
347068
-33124
672248
-475401
494131
-868571
353470
-579117
1026868
-672854
599936
-594401
609749
-596451
523052
-633676
729024
58516
381741
-1206954
704309
-422551
533501
-656792
784524
-374752
712458
-145557
113524
-1711525
970528
628837
563113
-785414
656419
-824526
738013
44507
262261
-1160432
1112092
218496
696367
-644202
595881
-989686
789221
-96048
131393
-701841
1467391
-12268
-660625
-596882
-681887
-304602
-451423
30143
184992
1029788
1224906
825859
-678050
-580294
-663642
-257989
-725521
-495060
209784
1449947
1665863
1018529
-612385
-422176
-265348
180131
-514784
-489570
60110
1273024
1323965
639551
-690064
-434116
-143367
359564
-172418
37214
303656
998598
787080
317727
-735294
-450603
-50534
649588
276851
408715
172271
473096
390494
263317
-736568
-476828
-121433
691967
439518
437404
-261579
-23948
221415
549601
-569831
-395855
-167749
692230
441072
410338
-148557
134152
204748
342878
-757886
-638953
-513110
255109
94936
327466
380370
943636
708692
303195
-927555
-824367
-467850
452974
478015
969091
1277685
1646717
451861
-698695
-944956
-686084
-138033
701949
490059
1095347
1694505
1946079
-70787
-1470515
-705273
-410988
260923
1070617
608284
1080080
1628293
1548791
-702141
-1886534
-794220
-330580
304322
609570
51991
630996
1209379
1488583
-509554
-1227221
-1379968
-676073
253149
140139
-891070
-239414
624038
1352908
84859
268203
-1462737
-563457
325085
-492197
-2410492
-1747045
-347325
993276
487971
1946622
-1511417
-152196
927004
-804702
-3640255
-2780497
-1139588
631353
503854
2913329
-1717793
29055
1342961
-822056
-4288555
-2972489
-883888
705367
324616
3173336
-1837109
222656
1774702
-531713
-4195022
-2502092
-306260
569812
-240085
2632786
-1826077
342498
1908274
-534412
-4203841
-2136447
379543
665871
-419474
2155159
-1664559
617084
1991954
-533531
-3888569
-1624808
738941
255789
-752529
1874606
-1567530
760710
1984981
-666731
-3687597
-1288232
1084678
582321
-681330
1415586
-1436816
783639
2077975
-229789
-3282776
-1205108
1008311
629861
-546855
1074918
-1490371
855540
2216979
-6116
-3159977
-1235437
909650
508174
-586392
1081063
-1603507
981172
2476700
142676
-3212954
-1212126
835161
329077
-539338
1181651
-1682572
1020279
2569145
312449
-3073749
-1202881
697016
74040
-567050
1361651
-1888190
886938
2538378
411590
-2732213
-1093508
249911
-293320
-370205
1590788
-1881996
930646
2675939
653241
-2553344
-1354083
-512981
-466676
58489
1924513
-1923067
899390
2471203
773945
-2539272
-1828762
-776167
2756
679915
2040468
-1677335
1031219
2378512
639742
-2592923
-2067449
-474607
503696
871921
1560255
-1827139
843637
2525088
874859
-2589162
-2090596
149577
1062652
843171
1079361
-1896515
817851
2878506
1306045
-2366417
-1714195
672115
916384
148061
230319
-1859516
895752
2998443
1451416
-2221456
-1594377
644086
395085
-335935
-20883
-1823919
796636
2646493
1213786
-2053357
-1525837
423265
131249
-399708
335729
-1756945
401969
1901537
605557
-2225070
-1594972
431455
572144
34658
811342
-1323436
174722
1277110
111882
-2495546
-1721218
263095
627289
311655
991692
-975146
-130867
620097
-451776
-2551991
-1667015
30308
415862
537392
1321945
-787829
-265727
359445
-673949
-2205077
-1605969
-728147
-310275
549529
1777755
-802947
-377559
243590
-499035
-1544533
-1108085
-974120
-795646
407483
1942088
-558126
-270594
-138417
-883812
-1398092
-866585
-1322019
-979197
605145
2108737
-406369
-389075
-767434
-1312645
-1051492
-240099
-950680
-699858
610101
1930692
-552630
-984453
-1697919
-1687225
-819598
-13062
-372111
206507
818233
1751671
-703170
-1403483
-2070267
-1734597
-774439
267469
47529
424076
969545
1920229
-615844
-1511162
-2185162
-1783627
-953214
338239
294487
387950
1061378
2065945
-346489
-1154902
-1976560
-1754791
-835900
159097
-247799
60017
1197276
2040965
-228112
-970646
-1855895
-1713722
-544687
523824
17706
12716
824356
1540238
-138253
-996646
-1988525
-1627557
-143649
1022088
197583
-311113
256179
1142590
-69178
-972257
-2029712
-1415275
338557
1525659
391969
-430117
-314101
759718
91139
-769379
-1752217
-910480
792293
1772587
401980
-729098
-984073
181524
105942
-747758
-1541058
-461769
1252199
2320677
824068
-1089154
-1776975
-353814
3650
-597820
-1104422
-169727
1331913
2326791
539037
-1512859
-1944258
-354772
-113155
-459938
-792735
-64744
1000351
1729003
152852
-1384475
-1234837
239020
-62875
-414139
-857353
-229984
551759
1051877
-259779
-1046790
-368858
797612
-438246
-851117
-1214528
-469334
239063
793578
-303912
-340959
711949
1329936
-1020196
-1468210
-1789712
-747745
305853
982369
53985
527068
1145215
1438983
-1053157
-1420722
-1654931
-510683
437657
1218805
234318
519320
688579
918992
-663116
-1019757
-1259968
-48094
657436
1161525
168375
-35583
-283029
282406
-533315
-748006
-1013362
4997
694161
1172847
245098
179445
-270050
-226228
-763561
-952525
-1049624
180532
907580
1192667
440549
425160
-166447
-204776
-793736
-902124
-708581
624017
1010866
987733
631445
991802
174801
-534384
-809476
-790267
-537377
453774
420340
707351
815003
1458183
862171
-371132
-616205
-445115
-338984
172006
-20028
797683
1208786
1472996
784698
-677055
-456805
-372417
-557829
-196410
-99541
910470
1169344
1046231
467572
-312442
-176678
-353580
-836423
-613379
-233405
956167
978162
765928
353810
8150
-388259
-676003
-1020542
-681354
-187689
1266032
1168395
812458
522909
259907
-359643
-528864
-717557
-221440
243346
1513540
994906
435019
196276
33549
-326271
-321006
-479359
215485
581714
1139891
71378
-22613
84885
243114
-253158
-215631
-342546
255567
380090
608529
-461572
-128480
352980
633056
-764498
-839111
-886695
-168082
-142354
277402
68833
631718
1184435
1288505
-766749
-878096
-906440
-155474
-72062
408698
417926
1041382
1178065
974536
-818788
-911882
-879894
-260598
-283267
387430
506317
1197656
1142045
873042
-284004
-384431
-451775
-128438
-419718
155703
228212
707879
615150
414862
-142806
-289335
-591652
-259284
-409617
20146
-14519
573973
673885
516231
60220
-235570
-782374
-343627
-369616
-238115
-455073
395284
606062
822705
-6560
-514818
-1124124
-449175
-226536
67379
-154235
563116
757735
759567
-2968
-563840
-985739
-239164
-154616
140978
123097
652358
627420
482748
-44442
-201735
-276835
360159
337039
511853
-120248
191264
-86406
-308393
-208210
-44086
-10929
539698
349015
593593
61162
212435
-324753
-477014
-415963
-142420
-118859
407962
210389
367288
162295
726186
-305091
-543767
-410659
-329009
-316882
146011
-152481
140079
51922
599738
-86602
-120961
-326045
-388941
-588892
-218737
-501758
-3235
-40369
326642
-156531
527941
-228207
-318650
-629813
-272102
-578613
-221430
-337937
221051
99170
683547
-162806
-140190
-390183
-71029
-399989
67131
18248
421505
36920
-11775
-90256
95114
40790
104176
-574334
351255
831753
700739
-495722
-842049
-5363
327452
167336
-257969
-1143881
130934
1182777
1304036
-213809
-1078587
80828
239870
-224528
-910701
-1692525
6525
1147727
1234348
73036
-183707
-294310
-410304
-1060705
-1583032
-2017842
313861
1721446
1789086
822161
477147
-565689
-758253
-1371338
-1446339
-1272875
1045757
1821552
1588459
741426
392058
-821958
-846074
-1198477
-1055196
-626185
1524049
1931523
1432311
186845
-154942
-666774
-528388
-827625
-676229
-422731
1201753
1255854
561779
-383469
-71808
-693133
-472063
-905192
-805247
-525372
820813
752851
251960
-172048
570825
-736612
-480212
-902396
-836824
-588394
426491
137627
11595
156211
1247227
-612946
-454508
-848799
-740696
-685684
141780
102904
-39782
78216
1403281
-614142
-580564
-1038277
-757719
-391550
466582
49519
-303534
-249921
1285749
-816991
-874284
-1305501
-908947
-323792
866492
332540
-405331
-277655
1491838
-904410
-953657
-1337453
-932573
-456516
618143
200482
-351304
112267
1947523
-843393
-808068
-1246167
-984534
-642144
452578
191402
258706
748538
1781158
-746952
-665213
-1171658
-841996
-408998
590002
353720
772869
1331805
1413574
-267066
344380
-302975
6275
-554604
-499113
-311351
739700
291801
506360
-36409
314086
193982
452298
109625
28569
-454731
-82658
-586284
-59212
-135876
319405
-95806
384749
-36827
671477
128568
-222503
-354658
-440897
-208474
281387
-163670
236582
111061
211637
-294732
-2760
-531199
377678
-235964
259444
-278945
409071
298213
370191
-420039
-362839
-648794
319079
-100786
289623
-300759
83778
-142622
80541
-405506
198058
-257147
-50220
-33706
322442
-420025
-258513
-398382
102641
-36651
560383
-131762
242192
-346673
111473
-151095
165982
-153059
772225
487273
675340
-610712
-147611
-438362
59180
-266392
196008
-170985
328682
351430
606562
-388122
-104093
286444
706748
134084
554216
166288
200076
-511787
-191233
-1173676
-233297
85009
638142
-43845
-220034
-282967
10661
-582243
60409
-408936
641149
-596233
-273586
-494291
-192813
-598096
345802
-732127
752727
298706
1588649
27951
235696
-489058
-635940
-752813
-714060
-1076078
312733
-29440
1855442
120351
579713
-47053
-459389
-1127634
-318577
-1571248
187225
-492180
2252894
180331
197689
20423
75156
-515878
236346
-626011
489530
-993221
1182104
90011
212694
-221190
409689
486335
509645
-340882
996943
-1574804
842888
279566
6382
-641464
316673
613861
595149
-421365
622648
-517468
518126
387217
350873
-710506
245567
686953
761190
-830048
548391
-1291530
595845
320712
149592
-688226
221874
409256
419492
-257864
883033
-488324
-194178
357849
-80373
-784040
735628
769726
264576
-1032159
770305
273356
-215147
312600
304023
-910626
481970
687363
-29373
-583237
452577
-77941
-176346
136139
177704
-437142
497176
326343
186323
-958789
188484
91966
52163
-17864
144104
-854623
430227
394058
61987
-527909
249302
389763
-63405
258732
156778
-800908
476887
423652
252719
-711274
265233
-22866
-372927
66233
-4457
-800597
898249
346573
-271260
-853958
75976
459037
-65161
87085
79319
-1283112
725341
369990
-85070
-878152
763274
423380
-145193
416148
456399
-916065
72858
263217
-100895
-107689
192124
498423
-964775
57328
-61185
-672734
418449
-248912
430656
130549
488333
-8629
-139803
-43610
126213
-836285
789680
287799
401475
225640
-76190
25105
-930636
214054
306663
-531593
619116
568716
63096
4084
-577598
-99834
-697330
56346
323914
-1020121
54661
620238
195242
-475718
-749060
381138
-282721
-85485
-117195
-1266989
55474
230528
42857
-304119
101377
828293
-47286
147968
-124781
-1224391
51071
346731
101434
153986
-73105
929273
-614444
310664
122137
-1416608
-178598
103911
-359310
-134106
-377052
873534
-54538
201429
228525
-762524
214665
262341
-103618
-653329
-434235
395917
147875
-90001
-8753
-705693
556557
847881
242935
-238584
-507927
232045
-30446
187609
307351
-748522
392378
464884
-173140
-317088
-419914
215544
87958
271450
173617
-629993
131748
47600
402226
520015
-125367
18305
-244866
73637
-295593
-840928
154137
135651
96425
445379
446566
88903
-301297
-264002
-377276
-530767
530876
-17351
452295
593230
198579
71844
6430
26697
-90637
-446931
346987
-588440
-92180
566531
459705
-260228
163637
250336
470472
117167
258485
-62377
-296494
-576291
-190451
281950
51972
-11018
289437
216844
478113
-41217
250678
-290906
-168651
-316627
-62440
43571
134416
-188823
380303
27224
161391
388398
63812
-629424
-239251
-52683
142869
-103092
465994
64439
219719
440031
-154291
-515563
-254827
-114162
170226
136571
704155
-13326
-132674
-532368
-17031
-220326
46264
101640
335212
196272
480095
143875
205796
423253
-252874
-556558
-442785
-192249
365097
279977
561853
-81464
319383
15065
-53806
-596011
-370667
-440031
98660
112683
348936
-720577
-445688
-221428
314217
718959
406744
137366
509205
82041
84769
-623180
-807041
-537692
816434
418653
-26651
-220395
148728
-126730
347937
-383812
-116073
-46738
531282
519308
-135108
-711158
-452283
-627956
-4358
-521111
-43668
147983
934639
726157
624933
-306787
-27531
-284707
250629
-376217
283924
193986
482106
-351208
-32535
266012
705281
55001
919611
136763
114507
138971
-564694
-1481564
-558364
70292
724145
176883
109216
-588776
-97150
-499728
369475
-351997
143357
-378109
120014
-177170
428663
-500496
367614
272039
238058
-150448
105309
-257903
190606
13022
561512
106867
295980
13296
520846
-313552
-278976
-18262
424213
-97996
168456
-805353
-215353
-121754
273533
409475
664099
-131721
538196
-77382
-48088
-571027
111224
411286
415935
-31442
-71241
-128885
335750
-338364
-64331
76800
195335
-333233
-193818
-499622
690920
30323
431586
-331425
-153345
-235979
145319
-558650
-372786
-441666
420691
-236470
-4615
-488371
109308
-218275
83617
246314
29831
-81872
448694
-277432
213961
-324025
553435
59692
-127726
7919
513309
-332214
195273
-120779
670492
128192
655623
291612
-172688
-726869
-123072
-621168
173591
-83661
488305
-32361
427797
-234920
-226520
-805331
-132181
-408107
266391
-321702
-149274
-480112
96661
-710736
-497365
169938
1008863
75526
696499
-432012
150596
-542524
-112025
-117632
364557
110684
980538
-292914
380122
-288717
201516
-107614
236115
-280700
556301
-215121
176532
-576536
-83118
249900
575421
162492
216424
-383801
-215343
-80643
142974
-785534
-270447
-29519
241258
-361553
18264
-236253
-169762
-410365
431954
-255456
547360
52032
587869
-20618
474520
187300
127572
-900548
-345145
-783479
165973
-330124
-128603
-562809
-155800
-290596
413437
112198
614980
93166
7569
-271253
26089
-275809
92512
-302010
24766
150903
247676
38916
433992
38758
710121
400199
765006
291637
595578
-695138
-262613
-1128467
-478074
-278375
472686
105611
324054
-425877
468097
228105
-5440
-614241
-10511
-420805
255278
-108983
85593
-15842
-125497
-208766
619136
-204978
278866
-177472
42886
-354176
213770
-629557
453454
-260033
129303
12526
359041
-103449
35843
-556241
-120069
-511625
-49866
64640
210660
-424401
947957
-72713
316277
-281855
195035
-459574
33597
-1077435
211717
315844
595544
-4402
307771
-139069
146225
128023
498323
-157648
-430698
-344307
256968
-183789
378299
-63407
419747
-297828
719333
529727
523366
-804832
-515572
-29288
620485
-58155
273996
-266826
56277
194381
638639
-276038
-508980
-175728
195257
-474471
-205875
-475456
108120
-395013
-130918
431720
1016769
-309111
51979
-1001178
-42785
-379435
-63339
-110875
525230
394195
609214
-407498
-86475
-774931
394310
392012
450403
-38241
-282061
80111
712369
-517733
77212
-449051
683086
341780
589307
-54561
436126
-394387
-181062
190223
683630
-35482
1096873
318870
-400606
-772257
-582100
-741318
-167729
-205686
553289
-387979
247061
-201367
-258312
-581314
-57881
-143245
767179
-377718
161682
-467741
177460
-422116
-177943
-459633
273794
393372
720597
-17817
248100
-23436
634556
-264409
-389087
-539824
111563
-34055
59486
-34230
319903
-232774
324923
153354
-11387
-536808
94135
-141578
124102
-441061
-109135
-473832
194273
-159717
889851
313614
-124078
-72154
-9281
-215685
86221
-214604
330681
-9823
-161053
-272270
340749
-487581
360507
-17980
346300
-133082
12958
-572525
-320652
-188828
1030172
321326
20725
-252130
361886
-102470
459871
-58230
49398
-186297
565989
239227
-391181
-82646
266699
50098
508716
286234
148363
78713
500763
-634505
-469751
608747
251456
514886
129065
559008
-45022
-109167
-716727
-1046669
-454189
632153
-31424
421730
60514
316483
124607
-486438
-1327900
-449396
-278461
717758
-108156
51391
-61084
254954
47893
-359872
-1353115
-371025
172258
786811
50482
-29189
-243083
227113
-512266
-108804
-843518
-276257
420507
650884
38675
-195623
-671308
-121467
-692887
147369
-472898
287933
115956
615232
10945
29577
-551433
166247
-192641
512356
-297978
-78002
-571549
595340
-88596
49937
-517222
-172352
-173857
121589
-599831
-124133
99069
1033331
350928
344509
-43433
-248040
-510837
-437929
-1387258
-371620
42647
954578
426051
1576
-311759
-507186
-1424246
-825949
-1232203
234866
819370
458600
-170207
-565402
-796758
-155838
-1506763
-880044
-661388
1182057
1476352
621831
27897
-379514
-846391
-18097
-1162953
-910158
-751300
1514317
763655
648811
333050
12233
-133575
548066
-926652
-372034
-1459466
1575556
-671283
601241
210798
-133137
406749
1332107
137430
597146
-1571280
1496374
-2194809
603122
-287921
188282
1125981
1972739
1308089
1132656
-1775845
903602
-3220205
685573
-989787
79187
1423205
2597489
791306
1665426
-1731483
187115
-2962119
913723
-1240382
-84838
1689402
3021973
47902
1285925
-1567589
-348583
-2644359
844452
-1480804
-410567
1681272
2774187
-162945
589441
-522541
-412059
-1919918
653333
-1656299
-463848
1815148
2619563
-246221
-79000
11554
-699965
-1313262
733076
-1881208
-400435
1876453
2070141
-525564
-196693
365343
-418878
-1833869
673781
-1797062
-551909
1965927
2004234
-942537
-413780
337396
-321672
-1469659
451060
-1841332
-642208
1355442
1947679
-762353
-313122
333910
-290044
-862797
610244
-1967109
-529428
1059664
1875312
-427883
-225806
383313
-290945
-1051945
692318
-2109128
-558992
1190243
1895204
-508155
-300012
367234
-555443
-1014112
583714
-2388289
-742717
1086660
1607117
-345878
-48261
743276
-475354
-1027967
1012201
-2018058
-875863
1080856
1513994
-324247
325136
926607
-826970
-1693960
767009
-2087025
-977270
644657
2064831
-88928
549447
640682
-901450
-1994931
678464
-2271001
-737165
514675
1937376
830676
206415
68116
-1374689
-1414931
769913
-2089871
-774929
1123285
1232231
1081046
-405993
-140058
-1677441
-593280
863499
-2038531
-1259283
981470
1300696
433785
-632003
-258350
-1253900
-245808
810411
-2215660
-1617681
465443
1413559
149748
-1078696
763877
-671534
251235
847543
-2076603
-1432260
586541
1532431
544321
-1271670
1441319
-648101
-422771
1013054
-1984777
-994244
751218
1445836
383001
-828208
779495
-322362
-1390728
910298
-1491924
-651613
1210958
1630080
122169
-570116
-264419
116631
-2009463
529885
-1148856
-427558
1538695
1832409
826452
-492736
127646
-187151
-2003005
614335
-650208
-51517
1348019
1386953
799504
-757305
412307
-452558
-1684731
593897
-224004
24849
1177030
1199615
762302
40264
522721
-545885
-1986106
458172
-304195
82837
684621
937978
751245
508143
328101
-391136
-1923810
444389
-282545
786101
746443
948995
647156
731759
-112625
-582615
-2153874
562831
222457
1240697
943267
391850
128070
608989
-316713
-631264
-2051212
863621
884863
1643362
1174370
-43247
-114587
170342
-1001432
-859393
-1483673
900140
954057
1702209
932039
295624
-141673
129628
-681500
-971682
-1774241
702693
919526
1646278
494781
249153
56433
-316548
-238603
-653059
-1740145
550548
817639
1519996
675608
-76894
277039
50086
-334063
-883405
-1339345
524938
846842
1432741
870855
-349811
-347900
28807
-643292
-550795
-931320
516856
920500
1473134
500365
-685983
-541579
170732
85306
-183803
-965452
496983
816032
1505131
44739
-758881
-1011447
366732
261127
104114
-656031
234723
594792
1133652
-436767
-1139306
-1315517
391076
438200
681998
185937
352542
783974
1003579
-660084
-1650123
-1348781
253365
1073313
893740
78483
345784
566249
832274
-597747
-1153246
-978370
710533
1492685
422575
-524223
140532
142246
484329
-574970
-795614
-591133
681883
1235538
148484
-608460
479178
331105
921157
-266727
-642209
-214626
559261
264668
-163823
-1015442
1083332
773256
1501729
106678
-115351
-146327
398694
-755354
-1091817
-1406556
1261637
918452
1306645
-92150
-407505
-985576
356543
-1113220
-627174
-714385
968518
565344
701783
-645287
-474369
-1010119
283922
-296125
-98970
-230079
676547
523371
794866
-633992
-400280
-231043
38854
182129
205760
-700012
735301
459030
768072
-560284
-832218
-700276
-364788
-213101
471875
-179673
1007570
481734
493238
-626864
-891207
-704987
-278363
-333790
458062
-153856
805941
307095
89840
-605195
-580789
-294896
-299890
-1133633
367515
294137
848746
294730
242041
-522241
-166205
-506773
-929745
-1258398
-146510
673167
580777
-43774
327407
-279777
-79455
-390846
-1195854
-743425
317463
785182
405681
-68852
658428
190590
-322855
-334406
-660330
-939821
579969
241881
496390
138712
889515
616188
-433204
-832810
-200706
-1183791
70533
283823
796206
402400
720899
266525
-417980
-1360617
-237754
-941186
-148494
259034
451488
33145
273675
-506818
-618649
-1303678
192774
-381251
728989
392745
487186
-42085
362530
-425819
-413944
-661941
1034951
-456895
91075
22902
551537
134782
322958
-53961
7481
-363302
858844
-668172
-913484
-26594
1041644
813981
667843
206732
24834
-248797
-262599
-1226363
-1011991
-610135
671661
283658
475405
-138879
-210102
-406267
11870
-1270504
-324752
-91518
659638
213804
507042
129934
333469
-622740
59480
-1118500
-908941
157257
399080
64894
161523
62427
489146
-364779
4748
-179084
-539121
195414
282136
31757
269490
-123611
390535
-262854
20995
-270605
-32046
-169609
439323
375625
931199
312406
691295
15168
256885
-1055144
-573994
-838087
340805
418158
712387
14804
88914
-120202
682
-584280
-464028
-107001
243170
172464
285221
-448811
-197321
-218277
-205983
-441923
166598
378159
456959
63746
162249
-806683
36467
-619200
386493
-486418
426798
163496
396590
-61791
80941
-686156
40307
-541732
161869
-263913
546134
-106242
350359
-68739
242113
-212657
75420
-376894
-30371
-643715
544423
248500
468108
97268
379652
-50331
589836
-191005
110615
-274409
16963
-327137
411626
25031
570459
-125922
707367
-41176
101633
-39451
404551
-1000515
409492
-14724
614755
-117888
387071
8005
73914
-337979
146007
-463660
366625
-223646
356358
-143173
-5087
-194064
-505602
-331460
-74524
103097
190436
-626999
250657
-197422
245170
-352604
-777978
-92936
801589
251607
177634
-570988
618084
638271
787083
-161719
-991817
-766001
591020
155714
267525
-456857
999563
1190613
909058
-533413
-636813
-967449
302345
-217092
954765
123626
1652444
1361001
615768
-1142078
-1361823
-1581391
-220459
-250793
1081391
248941
1266309
904300
-155441
-1653485
-1037241
-988276
-56688
-75755
812780
173745
574862
482819
-326791
-1688284
-599965
-265971
438452
355508
740524
355136
667466
468414
-29997
-865602
-468061
200814
31508
-290134
744024
272093
998777
502786
46015
-550103
-192678
111048
-263925
-1027280
476767
29674
720018
276413
177125
-376077
464176
202216
-177016
-1360224
482027
273910
741269
504345
160524
-229096
169083
-475619
197994
-1478848
776102
539994
1018421
467537
-291987
-543298
351622
-259502
37673
-1178475
827058
501322
1017517
431569
-53886
-729211
524031
339351
-657783
-1289193
810214
583621
1001027
501399
192654
-409218
346039
-65607
-823119
-1977309
814823
467433
951774
197113
197138
-696089
66056
-431139
-809373
-1233974
580448
309430
926476
119359
-6275
-706736
-438150
-885645
-983389
-454398
824268
-495010
1452360
-625050
730450
-863455
840066
-363817
78129
-1405915
805989
-594626
1570080
-547073
579689
-27261
778090
-819585
77500
-2146976
923988
-708812
1544208
-838905
425712
-267103
882467
-804213
37210
-1451050
914038
-720655
1386721
-662950
471772
-583494
606569
-1397536
792311
-904918
865360
-579768
1485615
-721102
563825
-1181629
406511
-1255937
1050488
-1277576
886503
-694284
1131603
-1095470
505374
-1296503
774464
-712856
1595945
-1185343
812814
-776439
1440518
-927302
493601
-604284
726221
-1130363
1108526
-1732094
845091
-722088
1486828
-665923
280094
-298534
1191133
-1401511
633762
-1963494
892553
-515068
1691534
-146742
78486
-872386
884588
-2068402
-326071
-1711529
1196412
-260329
1228010
-829439
-9435
-1294151
912435
-2470447
-243462
-1174911
545520
-275027
1087498
-1079337
1360
-1066282
910605
-2024124
838576
-1422215
384685
205445
645025
-1199049
411428
-1309600
1773526
-2474549
1925693
-2749100
462463
1207392
613748
-1575123
28899
-193198
1538472
-2790664
3515437
-3802523
286023
1319000
949033
-2061150
68692
1339312
2623316
-3222905
4539864
-5209108
210209
1503092
1217595
-2345674
440845
2034055
3663816
-3850153
4068051
-4938399
358856
1198434
1380723
-2724900
640383
2374481
4155869
-4362900
4283850
-4720665
398556
1356538
1313144
-3066164
905201
2225142
3327066
-4294580
3038557
-2316918
459299
1245233
1285294
-3616433
801993
2764589
3288491
-4403085
2053747
-1190791
539850
890629
1364502
-3256019
757342
2499234
2199971
-3289585
1699171
-716403
677133
819521
974659
-3011040
841487
1969874
2354949
-3090416
893093
-167615
648702
768740
1340718
-3467392
703388
1969508
1771798
-2879590
633501
450651
709076
931207
1348286
-3865488
776118
1681468
1932280
-2673697
810018
922896
822523
703258
1505837
-4313915
1043195
2054337
1712652
-2481544
326912
1240841
839269
607058
1811002
-4262121
738735
1679982
1527123
-2478272
641455
1421720
1001235
634279
1655558
-3933396
896425
935977
1429795
-1121241
649924
1247802
1216009
699127
1363061
-4366641
1526639
265403
1908700
-796350
647273
-13656
1309382
511338
1660169
-4509220
962951
1131643
1866383
-210067
-374300
568711
1088833
332640
1657225
-3844350
509401
1618448
1938267
-519250
-1060449
678044
1284576
316611
2065906
-3667414
-268565
1810719
1960135
-769542
-2187231
1663729
1363885
535479
1666579
-3870493
-226366
1880106
821603
-550414
-2643824
2927392
1269601
108214
1636147
-3970662
-300105
1788143
434730
658922
-2787804
3773553
1291697
-114968
1898098
-3748902
-49508
1667045
768975
640305
-2353003
2479543
1100224
-346833
1678782
-3036702
253291
1582913
1023864
154765
-1871934
1312027
745053
-430136
1754431
-2743913
259473
1636130
499585
528751
-1346867
944739
206178
-244686
1774680
-1896371
1000399
1691673
20174
718715
-1219272
375794
-123441
51738
1362739
-1415672
1123362
965474
-411371
1428686
-561296
557993
-96298
325538
1172282
-1733958
1466149
940093
-536479
1208133
49199
-39295
-170484
-18245
687390
-1557107
2275062
317060
-204348
1391583
154001
-678068
-352819
-122224
875417
-647429
2357118
-77863
-207699
716614
551783
-953501
-176494
-224723
1131755
69785
1909351
-110621
636332
-201448
-214960
-757963
142181
-56532
1243903
16054
2039194
-535594
37452
-249596
478202
-1108712
29540
13892
1473947
20735
2144271
-197263
-738794
36017
452290
-1308165
34951
-214878
1164180
63855
2000758
-153116
-535758
172046
426408
-1175527
54372
-395477
851976
266601
2004724
365394
-655129
-456852
285151
-1092374
94148
-453409
1034456
562047
1810787
-502021
-1342782
-46284
608608
-460788
294456
-635959
1018498
435777
1910980
-990160
-684025
-702778
826960
-197049
320151
-667538
946102
250658
1785656
-941418
-883848
-1311999
482551
563500
32906
-585301
1203301
-40749
1301157
-1239822
-985376
-1465629
1391980
1298318
219651
-368603
891278
-574417
1058921
-1734272
-740919
-307513
1264176
1354133
275162
-372725
838051
-619294
1020467
-1257144
-541738
-257052
1304963
250437
29335
-722872
1114633
-630212
1299400
-996964
-494242
225114
1608922
-387600
198065
-694535
1501688
-709673
1489805
-812974
81240
170720
1363116
-1410398
758261
-529654
1877733
119139
1900347
-1410233
402966
-1539538
439307
-1429786
1080865
-279207
1844674
-527540
1781904
-1917513
49923
-988178
399802
-1197726
631214
-586137
1516282
-855711
1336313
-1569321
371211
-678080
922815
-921056
591311
-690699
1667320
-537008
1671601
-1549552
136085
-386700
-107738
-1358462
797694
-676786
1702689
-297095
663682
-1702141
70986
-472197
720574
-1218262
899439
-491701
1553543
-838968
126529
-1177384
685599
-562003
245670
-1939362
961762
-590111
1416884
-865023
734964
-703712
179299
-724621
-174881
-1594928
963409
-633575
1296651
-1239626
942302
-256566
-882143
-816492
107603
-1427443
720691
-1032696
1413515
-1165979
943566
283514
-853370
-1134057
895089
-1297150
488697
-1228775
1571802
-677015
915539
308770
-440918
-1155783
904908
-1490855
672371
-792288
1754659
-635214
1194958
-214301
-512541
-1540863
1282470
-1733740
800502
-654594
1593159
-840883
1192219
-959994
-925935
-1817949
1939686
-1789375
589047
-1064413
1526288
-989364
581596
-1481422
586038
-1234016
2315940
-1334827
643773
-824603
1041620
-901163
842642
-1086894
1060482
-917684
1872475
-1753957
707295
-642957
1381358
-382290
963251
-303639
656270
-1375023
1663768
-2243176
860008
-360094
1717547
-506515
488891
-615746
761938
-2033001
1046129
-2157986
734658
-671634
1374484
-592525
529106
-457287
1160474
-1500170
800718
-1599633
645374
-658044
1142590
-472656
829425
-946889
583496
-1192051
788278
-986373
658504
-945091
1002322
-449369
1146956
-984765
787588
-795515
650708
-1351131
361210
-1265798
888559
-422719
1087908
-820770
1563375
-635225
1065620
-1258701
528742
-957836
1373878
99115
1158650
-971523
438962
-682965
511856
-1482178
513797
-788612
1418315
-428667
837243
-662452
669066
-1432017
604574
-1283854
590394
-635227
1075336
-1013499
1115293
-1513053
917108
-824088
740387
-1063601
569121
-629769
1099423
-1057463
661276
-1320875
863052
-911133
1132710
-1497499
564574
-714070
952070
-1052124
943642
-1344899
1615520
-1587036
402695
-611194
485000
-576062
1034322
-892900
890619
-1322922
1155844
-761488
824350
-947660
603486
-660842
1123394
-919965
1624199
-1341634
1081877
-1157049
1250906
-915085
466136
-727942
1284828
-852100
1359966
-568207
1011072
-911001
496740
-978039
657016
-668406
1431446
-1330346
1086844
-413654
1309047
-696381
-597370
-1372190
547031
-774251
1486139
-2056211
1037435
-15918
105871
-949765
29235
-553163
360722
-1040801
1185474
-2191956
1196641
399800
612179
-633394
-261162
-757200
292886
-1353501
1665092
-1900837
1809460
703677
266506
-1671332
604519
-584685
330880
-1268453
2198137
-1486509
2357645
1125277
113781
-1733375
151543
-1474045
844682
-1083705
2514265
-871366
1977293
-130624
-75539
-2350633
62894
-1354710
1065832
-661692
1959444
-1060215
1614763
-538330
-335936
-2163205
130691
-289838
1048403
-706109
1352576
-1187266
1514746
-444843
-216613
-1252116
685439
181037
1014471
-678998
1518734
-944824
1472418
-521475
145146
-782272
318298
-91232
1101031
-459635
1345899
-749386
1494397
-1000283
189716
-515888
711775
-499370
832255
-649743
1064202
-725741
1425524
252702
344071
-1380125
1491550
-1135316
815487
-673711
1284471
-237900
1491523
-313296
162361
-1703161
1349071
-78930
1068264
-514383
1352801
-383360
972796
-323743
332364
-1372165
1568532
-406499
1112386
-455433
1258718
-363750
1202544
-288419
474924
-862019
1512812
-1338883
1227644
-463122
1498960
-363547
1634354
-651547
453143
-942093
649686
-1341299
1125376
-666326
1182738
-363411
1603739
-640076
221812
-480329
467780
-2424634
-205514
2333
-151970
-389141
-472819
-406424
520218
1066825
213836
159085
-41583
-82821
364451
-16118
-296090
-157741
-588107
-111059
248041
-80919
88658
-66589
86718
53816
-123709
323072
29536
-361972
102220
-147180
71719
92658
87380
207500
46023
-347803
-119712
-83440
359067
458289
-198662
619
-82804
196895
178476
-382199
-308455
-248086
312432
356334
-103329
-98666
-38076
250111
516631
123770
33073
83966
-107352
-505258
-9969
-160406
-212030
-380196
-195453
147230
-265786
-108321
48012
270621
226466
172681
326530
254462
-27926
832553
381447
-508698
-838339
-467511
-381420
-170477
-80911
81870
-529071
-122479
674028
61993
-334287
237010
-33609
-163629
-371834
114911
284360
-102673
312590
-63496
-425801
72364
370515
695779
97893
-277721
108652
5090
-86252
29933
-94753
-637695
-387546
208615
-127767
132383
189979
326150
417434
325452
872908
-702952
-159545
316171
-725563
-705906
-96193
366187
225261
597050
1575306
-380994
-107367
540576
69462
-1100247
-749841
777460
-484053
-210035
1294261
378588
-84444
228327
352622
-916257
-877493
104522
247638
-802182
391691
989940
-35606
215356
557760
-175017
-135128
-156325
315484
-732693
-567165
441112
-143566
-74528
43166
-128591
-33715
-200872
-74219
-62591
33117
1112699
-105152
94301
10826
-172119
275917
395649
-474185
-543128
-1038735
1435728
29364
-111620
260777
-148959
-453932
-12801
212203
439998
-825566
-115862
71963
-258012
57361
619240
-86346
-511799
-44995
419142
-279083
-115760
-59170
49038
-83775
-121578
30706
-403433
99003
340929
-156742
249540
101533
257691
418267
-238285
-123315
-115047
-110696
91579
45430
139648
-169822
80129
302456
-97927
34139
-212069
-152756
-36429
29552
416152
-224194
-127482
308095
-150590
-328327
-26721
35534
270022
41710
171706
193302
114114
441403
638093
-400022
-869800
60614
518683
-158243
-162327
-284347
-260121
-303143
434081
399983
-967582
-2892
805554
35446
-273092
87291
37849
115767
-363136
118637
96737
-64272
109911
-321628
-283320
-117605
-74409
520217
177326
-1005628
546150
-212
43889
-584696
641907
-190706
-91743
319479
311146
-771214
179647
393498
-330739
-541800
401560
-60110
-11746
231527
229164
-111142
-369826
-157773
185221
-429183
799756
-102493
117907
267287
233192
353347
-17454
-499756
360720
-615997
445050
-282756
-382892
218779
229183
-44191
-246624
-71364
274535
-10443
-250318
-398100
-519986
46215
701901
145688
-166461
343951
-141392
443456
-1088226
-444132
-524681
-513325
231437
27294
-13966
148189
660274
526069
-430086
-68879
24514
-73277
202843
-265151
-685240
-1009285
498908
329392
222983
-291014
-22231
-202327
694024
358378
-529284
-386839
442976
406701
-77881
-122945
-67082
-510612
184430
464620
-586854
-789449
-192688
656768
85753
74819
-179947
-161671
242464
634460
-27549
-471
-436110
-52176
-406801
33735
-294277
-211368
307056
83430
-293491
57568
-84394
89233
-435822
-127435
-359694
92272
638003
-158985
457525
346839
-894288
-171169
260539
-78730
-547324
-367828
4778
-165066
127072
751010
380816
-100789
-198651
86141
33634
-159452
-520488
18834
-308292
-787323
578323
683157
-135439
6452
-21698
27930
-11888
-53394
205013
-487539
-57773
113289
220676
108213
-179108
-242026
241106
27680
102961
-281943
-713518
-181997
353702
97504
-118864
-148110
35633
-61460
111896
264909
66235
-150960
20811
52274
-206179
45741
145795
83470
-432589
-261729
-399640
155872
319453
92897
-147354
-191941
-144389
174983
29410
22842
-900624
-21383
617718
184188
464571
226441
-123085
-29833
512951
-44642
-551992
-411182
-126026
-188754
44381
-25087
-144750
-78718
204901
622216
436709
-137433
-108511
32216
44896
-211520
-403176
-284134
-304869
27002
727802
10706
-430408
145149
225996
421846
87369
-27703
84979
-39005
319240
194681
-1031612
-187881
-218331
243376
28182
246662
254468
269844
246180
182279
-392654
-179232
-470112
-132620
1200
-329053
-346253
371158
-374850
403444
801652
222613
-160594
-446992
50416
287413
-191782
340059
-415605
-826730
305838
105020
369186
103410
-306409
10233
337729
-217281
258140
-366353
-245589
-149870
-37252
110457
-19403
-418082
-76512
-74158
-76265
-421840
113779
24823
-138692
184104
338113
-20275
309020
328492
402605
-263778
-986325
4949
-96882
-228635
-154074
-375777
447403
304022
-126640
246847
-283891
188583
233919
15003
-255597
-34683
133523
172820
316866
-86053
-364655
-151344
-158213
-271623
-292034
555835
304000
-603690
501475
376919
422073
-89232
-27926
47457
-223025
129224
538449
-662026
-407504
550311
20171
-168342
-282126
40216
99085
-251915
308568
349675
-557827
198376
109531
180507
23447
-182552
99393
-77360
-339137
348635
181512
137368
-200504
-72593
90268
-179285
-116358
76239
-549892
-226890
261505
823551
63217
109711
216976
378120
221880
-105258
-23489
298116
-461069
-19098
-123154
-65279
-263161
-231654
260852
-270262
-242761
609636
221684
-223577
299824
179431
308582
-47342
119722
122278
370045
-285125
249993
-38005
-179539
-538726
-375105
-197307
-415858
-347030
559358
189117
-230210
326165
452429
145287
75128
266743
126942
-74403
-45869
526141
-313694
-838696
-61813
-48908
-264032
-516690
-148077
-191675
-514499
185328
980381
257240
688905
211778
117264
-5184
269250
241829
-508812
-672323
-128589
-146900
229016
-52308
-144426
81518
254646
365574
381243
331951
-217941
-150843
-631637
-219863
-336631
-296415
-264291
-490943
-309614
47340
544134
465365
572083
150427
219914
55589
-37908
129135
209497
-805275
-502001
-135860
147051
382882
469516
55006
-199870
100205
-36768
532314
-438529
-489908
-150608
-147317
224024
87581
-123943
103996
-157025
169951
409604
-126245
-382947
-219733
-121028
95561
306520
-126120
321181
119195
-472427
129592
408829
-72492
-171710
-252230
-63936
15926
52564
595629
412027
-393724
223237
-31902
-132948
-157001
-133843
49648
-432001
-616116
557478
970160
-3901
95614
15835
33474
-196607
192716
220005
-547217
-663885
-23809
575059
70345
40958
-5177
-279768
-192953
673873
267889
-321593
-1512722
-61877
6890
199164
115970
-494443
78664
334573
209827
717395
-235717
-852657
-52713
90514
156709
-195851
188856
548663
-70257
-162936
57730
-80598
-263317
-291501
-125950
-169921
-135704
-12800
183081
338558
967362
-87877
153857
-61501
287404
169764
311679
65611
-519775
-700978
221353
136623
-174282
-405189
-101265
87152
-322760
-13687
405874
329380
136175
110062
284936
47857
-309352
468023
-80449
-549663
-6087
-99751
-59609
408377
266656
351485
-283549
120822
121311
23678
-114160
249316
-135025
394974
-126017
-8427
-75326
-161174
-292041
-17150
134203
368799
148400
368851
-153016
-186779
-96486
55707
-392789
-543095
292932
545225
325589
-142708
41048
143254
-674
286448
196356
20607
-898188
-558960
623702
-271637
-99720
-110602
11054
99540
-153403
538293
39591
-670000
405772
494519
-121901
-290355
-109955
52837
128194
155382
297930
-68789
-612656
379198
129862
27773
-171221
-231895
-243467
-40514
307553
593310
-162692
-718851
40908
60459
-91604
-189803
-115800
-465094
105961
395399
127896
-206747
-170749
-126722
97220
228943
275083
-201981
-55380
226116
-760275
-607797
-86339
57092
-219743
-23109
-369905
412894
500576
-336657
114489
-109030
-282213
468484
-201995
-243923
161885
-101149
-40144
471757
-515716
358274
-265471
291726
-104354
-145146
231531
-18309
-230682
414399
-184705
-90699
-146385
123625
-8649
184378
-371184
276233
-301010
358787
355154
-628707
-31072
80389
57746
280132
-472167
132602
-296677
654644
-387597
369517
-134669
87908
-71655
383418
-295416
120284
-6431
273589
-516837
523072
-274505
169811
-137816
23481
223165
-129820
-141779
101697
-75261
-32468
-198688
222863
19297
-266512
540820
216968
-388389
-9725
-261438
399296
-138526
55871
207493
-289689
-58482
725714
-311075
-265344
-55072
620016
-31710
-27908
22082
257675
-358920
690251
-251757
-274545
12159
227938
194343
16062
-250897
356765
-82614
244201
-198731
393330
-857402
468954
413214
-223969
-122312
200443
-210887
610820
-521685
1303489
-1834926
1503925
614698
-516726
-272265
-102570
159899
287322
-714403
1953438
-1989375
2090145
424718
132122
-845012
-546925
1020514
-420423
-734859
1836429
-1421981
1693979
175712
659938
-1094071
-322380
256235
538799
-1294325
932828
14549
754140
69710
658943
-796654
-70940
-270903
941737
-1225626
410941
576738
-340440
86165
440217
-556159
-87328
-78492
182341
-352038
-135048
1287785
-1100794
212827
340001
-587606
-76361
340980
-114346
-146500
-899971
1860002
-1007438
-108690
575885
-455265
-373482
294353
2951
108258
-530011
517574
-77117
-112013
302277
34853
-330757
-339083
417449
296413
-544058
297071
-226314
79199
387156
-407438
-43024
-290377
443923
-57136
-371845
665437
-497415
151181
696469
-846965
47485
-42303
187173
-99057
-28667
445292
-479086
54717
635469
-736019
74784
-46657
201452
-188453
-121093
577543
-375514
-40816
797844
-588442
-211201
59096
109237
-83639
-88168
510573
-321538
38912
534985
-82525
-313386
-488368
327971
312573
-195753
79841
124708
21326
227276
-240923
459692
-1154689
532231
412198
-190752
-381020
828502
-47130
618900
-623224
110026
-99664
33059
251292
-459188
343228
-108436
-88572
667681
-82043
-1111371
964795
-321877
275872
-856093
1219012
-727626
-47629
659918
52660
-1050893
448794
402253
-213862
-664059
997315
-321619
24174
623238
-311188
-243095
96596
-102697
374735
-1004647
1354312
-492536
19803
538834
-273445
36680
38168
-643616
1090951
-1227318
1133968
-182710
-310888
768356
-292661
-106389
-234492
140150
268079
-297192
-116609
685506
-280608
414329
145416
-174867
-397318
681532
-575482
763751
-1224474
1403851
-120610
112353
182514
-406922
8539
-116815
351426
249710
-558760
895519
70955
150623
336
-204185
-30455
-817555
959967
-278383
86364
270234
238305
-191044
272272
96092
-592669
-348009
653078
57541
94866
18110
172826
-221240
-26357
396864
-542375
-259043
15646
549305
-197403
50838
-171890
-30355
-247018
746772
-535178
-18690
-245895
495103
-569452
814406
-250930
-94949
182548
197136
-540048
253723
-244083
352053
-424268
835546
-326880
-39446
422241
-497606
162675
515069
-731954
184627
298593
83710
-461208
-2917
-85076
-88322
23666
350761
-254241
210502
86865
150336
-162500
58850
-529492
391334
1234
-717373
680197
366512
-430724
50580
-88524
-57289
-189621
80659
233080
-571093
356241
81003
96469
62648
-226810
-262279
175788
-19263
198974
-45288
-495073
199224
170241
395769
-263412
-95950
45311
77803
51074
-153769
-5106
78430
125242
288498
-373783
105265
-167728
391452
-444650
307048
-303995
102191
235530
-153833
-263995
-8476
-169187
451941
-111350
346764
-968277
208374
507408
-284858
73859
56026
-186201
124263
460918
-113356
-547803
78824
314254
-230188
63833
-16179
-344390
236287
69646
163305
109882
-251334
65680
-163769
-27354
-69935
-233887
236010
-110242
57767
277975
-259700
-292171
77896
-181413
305458
-228027
129574
122980
-192283
87869
485940
-844029
143402
-394003
402334
-462074
315373
-84287
125958
36298
403234
-614231
466668
-458352
113682
-71430
257028
-531099
774401
-808588
380638
88026
787288
-281334
-74998
-42218
421178
-480416
509218
-372957
-182522
306950
565112
-22642
37694
-345615
271070
230923
-250758
314685
-315912
-131918
467507
-128432
181580
-96562
21344
134857
-105375
134328
-319106
-213348
669026
-331065
183875
191612
-139839
27331
222239
151216
-59622
-365465
-73892
-195900
45215
-164
-347201
441416
319727
-302525
413942
-635069
-302403
-92891
103305
-334412
266053
226789
-54887
157151
-67399
-178039
-229305
-191958
112825
-435896
520003
239049
-784325
650773
102682
-84282
49300
-206379
233509
-333462
175187
527373
-590155
-162572
779758
-458237
159160
-326530
248197
-43179
-187438
262910
296992
-658079
630037
-148802
-428312
-147962
33524
-86383
131207
-262949
494652
-290846
383806
-243116
-294074
-22288
-18379
-237678
490875
-475999
143794
-209716
887320
-737017
281508
-155729
275106
-42221
60740
-358005
620818
-511199
484916
-286634
-6724
-170986
-59229
146707
-154561
-208765
667957
-291581
-127201
345330
-550751
-31150
-180406
154235
-88117
365109
-320068
104666
277032
-248474
144974
-213233
233978
-280322
-193238
385997
59728
-403265
528454
-244988
549523
-193167
255646
-192342
67877
-128305
644762
-326826
-310038
446654
-425634
-156912
-138606
22496
135554
-444328
102580
483748
-332622
546146
-415882
-145612
-27735
59675
320679
-504920
-68161
224926
50531
-237505
544264
-344155
129186
-42565
193852
-229028
436945
-369692
344021
-342259
202372
-232028
58218
-5929
-144155
-53228
-69060
163601
126952
170093
-383500
-44615
134264
-173073
66313
231776
-339847
-55436
123823
-51261
146517
75535
66439
-469016
624983
-435612
562369
-550505
193901
-349470
700052
49921
51792
-204942
300968
-393713
400532
11316
16093
-557663
722768
-88626
118571
78287
-123775
100439
338031
-470274
56985
207219
-41617
-147086
25960
-64426
100337
-242724
356846
-8567
-179686
324512
-78073
-203634
104554
-302061
392718
-381084
-197649
254197
498059
-428402
79164
-208109
215643
-282645
240080
51124
-237386
-227105
214763
127577
22773
-116170
235972
-344043
-109447
540183
-32999
141170
-1014622
209884
737832
-87114
415915
-751754
297747
346663
-142416
280641
-328930
-263362
233286
-48405
297371
-608664
260410
287139
-141807
123615
135543
-311741
-145851
-302305
284668
-388241
76798
-16211
268149
-409964
705651
-149213
-433524
-425877
497802
-463900
227732
112288
-85877
-331719
761769
-316777
-368298
-436075
208569
-108444
-65108
-107107
354205
-36394
120024
-230128
617788
-90083
-210908
237479
-60134
-322922
506667
-154015
-104688
297756
82798
90597
-380052
46007
122875
48915
-109900
280634
-273772
541068
-390453
-164219
57151
-199375
-20568
-8946
68551
230418
-145786
172199
101629
-118931
87227
-105206
6484
-458030
415648
18168
188379
-208222
256359
-12429
-110192
102438
-40558
192329
-165746
-603939
1039553
-742902
442554
-209976
62170
28556
-117856
399813
-179648
-715013
697457
180502
191348
-323007
118484
-147769
25134
-29339
293368
-154173
-307640
661826
-194646
-161707
-41287
-231899
62214
31829
149577
130705
49070
-498464
301396
-151883
64934
-304479
327526
-439592
261557
181207
-12635
-237292
218050
-215048
105657
-123740
330858
-286200
96692
378358
-267572
-304368
78573
-55943
57864
-481263
290680
-255016
16201
-362524
136723
-248415
857337
-159467
-221671
-583176
185419
-445312
-119209
-883110
-193237
722579
1384623
7549
-140993
-789243
536221
-144642
-216017
-1034997
-441544
577367
1574279
-29681
-107210
-942267
534593
120251
-320154
-376834
-2849
142398
1584204
-149921
-108200
-926123
419645
111484
-38637
-207934
179483
62884
985152
-174556
-213381
-941448
128520
104491
478533
46542
112196
-500946
824122
-24067
-165004
-769066
381313
132042
835521
99428
-138331
-742745
829619
22087
-35565
-866128
247412
-420363
30374
-272916
-68677
-180226
1303347
106815
44764
-1037870
413877
-39554
-372070
-71135
650608
333795
994501
-346303
-332064
-1329169
-23745
36991
-698290
-268928
1616027
1352866
1130681
-249942
-398985
-1072258
229025
523030
-134508
-236815
1757179
1598620
312066
-164368
-112102
-352561
623279
306991
-399846
-397307
1171306
1237602
-219176
-523188
-794010
-275175
936170
240619
-527215
-147520
539572
922899
294901
-626098
-1442452
170945
1396568
-82201
-982597
-378491
174271
-39131
655314
-682587
-1985478
724044
2413407
-75306
-2535327
-435318
-385664
-1458257
1012655
-682117
-2380624
573042
3170245
-187114
-3802879
-712724
262928
-1953999
1230294
-789516
-2585256
652715
3760904
-201493
-3788499
-1028903
1293147
-2396576
519477
-978908
-2734785
592877
3902105
-648968
-3890965
-808432
2355857
-2386290
305198
-892662
-2767075
826720
4179857
-841638
-3786770
-531413
2386803
-2127276
-925316
-905986
-2514650
789161
4094449
-1100678
-4042449
-313424
2828268
-1663234
-1173629
-1060795
-2372464
754060
3858671
-799012
-3482027
-328355
2300197
-1331454
-709728
-1134067
-2441959
898384
3638420
-829056
-3064528
-459918
2410804
-1153332
-861857
-1057215
-2586265
913580
4154158
-895850
-2962887
-296407
2177531
-1519437
-1086687
-1280843
-2858143
851185
4421070
-1005836
-2923143
-383657
2140793
-1660705
-952429
-1213718
-2782717
526802
4351579
-942554
-2584983
-152682
2039791
-1608967
-1254942
-1130242
-2604075
566756
4106808
-405335
-2054188
-531019
1199117
-1806644
-1246243
-1608538
-2871468
596174
3820865
-464832
-1274371
-1067322
468189
-1296228
-392153
-1297093
-2520339
669141
4163363
-853294
-1155233
-1540363
438662
-1117195
-37410
-1320853
-2484911
217266
4404039
-501119
-2233533
-1507519
856266
-315558
-371616
-1318299
-2621899
-127528
4128020
111513
-2393091
-1526670
1676223
69341
-915951
-1363628
-2636176
-175839
4383877
296139
-2195329
-1564416
2171093
322757
-1991070
-1176055
-2478092
89724
4370683
117835
-1874348
-1007688
1386271
347534
-3039215
-1005289
-2191186
-280301
3941407
-96656
-2050108
-1027495
689752
895628
-2822801
-747802
-1688976
-355892
3615589
-205774
-1767551
-1259991
783846
738596
-2033212
-275682
-1301465
-394981
2781972
-466222
-1452962
-1206350
673875
457308
-1477406
195759
-907389
-326125
2226864
-761781
-1403470
-1017085
-425343
199678
-1240324
173585
-1045957
-224882
1585071
-782851
-343769
-114007
-906073
-171658
-1226891
298274
-985585
152472
949488
-1018545
115802
-140608
-1530838
-524443
-940765
405181
-531380
480577
738042
-1503760
335574
247987
-1392815
-741570
-597922
586816
-73744
188713
-66176
-1992189
330608
95561
-987914
-462073
-241544
658890
46345
-100900
-623486
-1531982
351917
-37225
-571844
-405321
-43019
531962
57326
-370281
-989135
-1477620
316322
-89092
65990
-143820
-155724
596860
257995
-264660
-805170
-1834527
466531
54914
-665247
-477276
526514
636931
337643
-201419
-603701
-1859025
450708
723257
-940230
-557686
417759
593313
529521
-146310
-925240
-1845580
381998
705964
-540699
-479347
93791
597978
650477
-214844
-1405312
-1775433
604001
1450443
158406
-631025
-304521
494871
697917
-337349
-1450809
-1591147
902008
1416426
-21028
-863729
-449331
416294
724493
-429835
-1403532
-1737566
1084903
1590567
989914
-1039830
-745643
527135
681573
-272555
-1095285
-1370382
1201895
1893332
1292873
-1523446
-1646525
243552
147484
-401334
-687359
-972453
1284417
1665261
843183
-1606932
-1174469
295046
134876
-182047
-496588
-1101037
1165252
864867
-180824
-1053824
-394503
619792
307207
-78197
-312390
-955627
986548
705517
-743322
-1164619
277910
524317
115475
-739422
-563263
-978410
735814
586865
-867415
-913786
939601
239412
-35911
-1120721
-1011831
-1282887
616613
270204
23627
-96588
1149761
113290
61853
-968860
-924276
-858617
1399858
248736
639364
-357701
-124082
162002
208403
-551511
-382285
-877904
1283263
28367
200056
60433
-413815
308573
47575
-944870
-495157
-921625
771430
-38995
183779
471785
205632
151055
-784
-1141429
-310462
-361455
1164953
157497
197374
887439
255724
-33334
-61936
-1089697
-154225
5675
612256
-468744
-5588
756108
1312808
462
-21249
-628133
222702
-445396
147934
-488920
354141
1187288
1420613
-183858
-124780
-557977
392236
-1007330
261716
435430
119730
1079782
1133997
206654
229932
-362330
601421
-1354365
-224822
979222
-218810
258495
1026794
382025
342117
-641059
261418
-1360280
-544392
1047084
138252
-199632
1361816
315671
219616
-802477
-100873
-1157719
-187954
1089839
298374
-51658
1412214
-12437
-75325
-742119
45704
-894556
389697
1242410
169559
-537803
1598603
239247
292127
-479913
338496
-355228
798252
771301
-384884
-1522698
1408696
113815
198875
-806128
139233
-382994
381261
-276714
-351477
-985957
1669521
124971
124809
-608736
-31722
-587362
2609
-71800
-172174
-445099
1730808
-190842
-329686
-1074471
-111184
-428775
-347244
289037
354118
-352868
2085378
268909
193167
-653106
448034
-83
-263230
-377763
475579
-614842
1243518
94709
167465
-740838
-67187
-307092
-68487
-432466
493772
132483
987090
290223
506308
-289082
-5309
-174026
271991
-508591
-384080
-331576
679852
328178
703974
-424778
-159490
-294795
488916
-602633
-281065
-390577
845072
310933
455301
-890716
-623186
-702241
176690
-492351
266250
74092
1365464
274762
375138
-635798
-296188
-86564
431850
-37181
-37892
31546
633627
140994
177423
-419714
161706
-132366
388113
-14769
396584
-62961
245774
-218021
-113863
-397571
294242
-232974
614233
-408719
489915
194154
310524
12966
-34355
-380829
333708
33742
260221
-626639
536361
151337
288352
136075
38655
-387285
1653
-146415
374016
-682044
749899
-37731
-375889
129152
22181
-320621
49246
-495618
284935
-656228
137522
-154932
138826
147336
114646
-283956
254688
-826525
253965
-616168
432328
-321366
77766
64619
-164414
-268060
583938
-766224
-146291
-425861
738105
587229
-169735
-16084
-179275
17956
1260648
-871014
-522647
-372254
1123186
1420045
-308343
298011
-51779
230982
1708924
-1233834
-947852
-115573
444624
614390
75207
465162
-36242
61277
1219197
-1951649
-1489048
-135503
850370
818320
557411
728968
203215
-376834
939904
-2159911
-1441704
170218
917796
13829
745327
163553
-82750
-982234
387087
-2141292
-986860
880297
1615865
547922
815647
-5403
156071
-676815
386084
-1435424
-189167
575548
1454398
-85207
-35638
-131353
130771
-136259
405904
-1335721
-37119
461035
990918
-486116
-785276
-381994
-8451
-243724
145415
-1264633
-48405
324729
421462
-439012
-516239
-335335
26647
-412146
164716
-1146424
137220
318127
85343
-422233
-367796
-83759
264113
-169072
153231
-1085409
85414
256781
-134389
-1156164
-162731
-45357
199252
-398566
-224654
-1283819
-310337
1073172
815770
-1650796
-139991
-221817
136971
-588531
-228438
-951442
33814
778119
532105
-1630081
-643952
-202386
229378
-405820
-198095
-1001516
-277824
252365
194024
-1135588
172808
-308006
143465
-433177
-369362
-1154575
-70518
-52754
-10020
-381624
1246657
-661092
572561
-600115
381363
-617190
293684
-347874
702937
-230568
405826
-598887
582851
-549881
358814
-331475
590422
-171985
587509
-632765
186607
-664510
789651
-602895
316327
-417073
541607
392
588400
-545118
137112
-758351
748184
-525899
361009
-211868
544702
-495892
722005
-578399
205564
-696227
804723
-480964
558469
-296037
611975
-594712
665725
-837324
147265
-643775
654758
-626563
486540
-580977
548447
-633998
993664
-564464
375189
-631857
805763
-484827
534681
-446605
568262
-608293
905442
-945494
313024
-839684
583744
-601265
385160
-342499
828275
-218959
1189695
-939906
565670
-828617
661482
-353154
419445
-115264
872294
-422838
754825
-1116796
376010
-450268
833195
-337740
336471
-172680
1182165
-674485
435594
-1300449
654468
-574862
762609
-231995
356538
-304325
1201794
-707513
630932
-1254850
867576
-404976
347815
-663265
330209
-708272
1330783
-1026895
1170418
-1578013
2005501
43451
428085
-689700
-161882
-721647
834281
-1615351
1869344
-2029687
2995099
181864
425144
-835107
-367581
-741416
850153
-1994527
2515639
-2737634
4001938
443722
623728
-1117571
-386463
-413260
818907
-2201346
2762852
-2765425
4044552
324684
827541
-1504858
-476679
-97761
1251384
-2477819
3174493
-2492230
3609777
478416
1032500
-1713075
-332388
-15335
1279498
-2571421
2316047
-1506752
2923487
492207
1156858
-1897527
-401138
159872
1522063
-2377760
1901647
-1093685
1996781
463001
1151479
-1812129
-166757
323448
901550
-2010803
1555485
-213465
1154397
462688
1059213
-1916027
-105448
441229
1099088
-1827928
964109
128586
941807
364711
1304896
-1767454
-111995
394326
834784
-1613223
741691
260238
467094
372203
1248794
-1799431
135812
126089
910229
-1537089
592201
552476
248790
262357
1406144
-2099370
226216
285913
795133
-1390302
427749
765854
-117072
331414
1602970
-2070037
313141
129805
667286
-1515214
464546
909633
-321168
185538
1501845
-2102030
554061
117158
404208
-1236420
423353
1064333
-225886
236853
1545768
-2214739
628626
-291698
549860
-1209079
508191
752127
-123655
218414
1615655
-1983582
473352
-505264
466583
-543052
233531
978776
-251833
98637
1438330
-1907538
544513
-418193
467628
-326234
107943
825188
-299584
-5952
1692082
-1742184
103952
60514
498985
-96242
-476902
1284112
-887662
94859
1720712
-1573097
-1755
464035
313048
-174203
-1068758
1522144
-891485
-98050
1722576
-1651206
-166584
373278
177659
204054
-1519792
2060855
-874036
-160392
1655710
-1799444
6909
298746
53752
281496
-1438847
2002004
-657952
-269704
1436957
-1849574
-42119
191913
157714
307910
-1068663
1673449
-116515
-238003
1449777
-1780316
-286363
-1224
-120458
100683
-728454
1226356
510405
-278463
1178878
-1466460
51095
210193
-172008
120444
-717043
799329
593255
-201156
838092
-1393239
106984
100095
-558823
401321
-608346
953246
744359
23480
781202
-1299035
339354
82535
-593221
306940
-492666
653376
409516
24996
392292
-1351291
671009
-388274
-557698
542180
-42592
379565
741058
-92122
179981
-1241775
854003
-425080
-367145
233602
301540
229539
635289
-370030
-125509
-1097073
752483
-535431
203369
330157
280058
45769
1000366
-370030
-40768
-974227
629226
-630060
-42932
-41870
726360
133662
791961
-437223
123018
-731481
619582
-368737
-9131
-156722
338803
89527
733677
-433447
25082
-802966
727260
-415700
-147300
118654
423620
-122329
707134
-417988
-29685
-806404
676846
-20393
-160885
169391
436972
-312788
455431
-491731
-39897
-570032
725043
-135308
-417856
107529
400520
-145380
693312
-564877
-61678
-540021
931068
-101166
21189
-267019
199082
-169966
441793
-511223
128509
-387030
1029028
-99371
121984
-337444
4326
-241689
266191
-657956
201090
-336093
1110877
-145791
295041
-650959
262034
43806
-45144
-509695
159551
-516942
1018437
-350262
-39521
-629550
175004
361246
136031
-328942
367671
-410875
928870
-295792
-55954
-762423
311144
240369
-206749
-555875
268914
-624427
934811
-386013
-81758
-283895
593241
221847
37506
-783947
190525
-969212
736386
-514698
29268
-54536
1008169
-78687
319978
-831487
330733
-770302
1065480
-588808
384050
-373353
781457
-553385
501967
-682816
653536
-772971
1118102
-646592
481145
-316152
729541
-823432
435635
-798925
534973
-623107
1021446
-858816
620683
-562903
581531
-538233
958129
-755611
514501
-674886
1269704
-638994
518778
-71812
227031
-853193
892796
-799261
521597
-531992
887490
-561801
526749
-135251
534172
-539249
817357
-705977
706500
-477644
627600
-582102
596672
17888
409362
-911800
718819
-784285
669291
-474765
575793
-352695
502382
62241
607403
-723900
412284
-646256
721936
-757092
434867
-115088
338081
-8784
387727
-988025
578581
-709308
712545
-883644
500676
11784
158079
-3005
465435
-871739
464674
-768254
636810
-981168
496961
150688
-4710
33145
781920
-884313
457471
-798244
732821
-934708
621026
238072
117710
-402053
1132085
-832129
264385
-692165
819261
-691279
857337
76873
160782
-818653
993410
-1179726
282113
-755249
737679
-704116
815992
-470871
375552
-728856
1267959
-1040150
396053
-626121
569696
-806776
720444
-559823
342395
-767681
1508779
-901016
272306
-901869
452937
-654036
418946
-415893
679491
-644301
1592376
-759260
498821
-645929
573978
-523747
402241
-468873
639988
-646344
1199448
-1061493
225316
-659201
545550
-609195
317036
-284453
596549
-517465
1340590
-812800
287454
-520845
673671
-567427
355556
-477089
427758
-856403
871326
-583327
371831
-609930
569800
-528173
536100
-475264
682293
-547340
567661
-757123
316405
-768106
295402
-711383
350492
-829471
709183
-308263
959553
-281485
412831
-688450
469277
-438768
576025
-655357
368459
-467534
680539
-617041
485493
-650585
648682
-384909
557160
-409871
819384
-548228
558947
-818840
111118
-634777
656387
-468621
815952
-668694
541688
-321103
661480
-865243
455736
-619988
628180
-512527
680467
-594352
682200
-680144
780200
-918628
682046
-509623
503296
-726611
785554
-867791
1043566
-586448
404965
-800225
1059254
-479414
528616
-694838
481266
-887417
654950
-569782
772336
-702796
1038334
-511466
535264
-750137
721336
-899523
833411
-993206
440964
-343217
1012128
-540832
586162
-706390
625126
-701403
774613
-458884
388307
-702462
905863
-527881
759349
-807234
720205
-624117
787106
-144637
482518
-823735
522330
-513418
976452
-970832
613483
-268632
403082
-349430
242149
-374451
692091
-528702
849457
-1351265
433129
-339744
565024
87656
30081
-579337
1012742
-630581
945436
-1620108
507751
-170901
321356
-437684
429963
-189056
671474
-885322
822275
-1779970
593399
163921
700306
-68290
645283
-558937
556987
-969538
929434
-1507826
853947
-27161
596020
-507273
804990
-585483
414575
-776978
978535
-1325155
914900
121752
543538
-633000
422301
-590240
451337
-828013
714895
-1143408
722185
-199517
434765
-568456
461188
-215785
727434
-778159
550964
-1051606
714109
-383335
303260
-435610
285558
69775
697227
-553220
540217
-932325
829986
-498425
97020
-552344
362716
118159
606661
-645929
435831
-908167
566148
-180608
518198
-687827
603350
-245601
725560
-735941
299286
-779084
654257
-362174
365433
-646307
705773
-205039
893719
-704814
323523
-807249
380979
-139613
312164
-881582
1065469
-210252
628585
-733058
361822
-731148
442297
-306634
226165
-796804
1132525
63764
629166
-771214
452035
-736503
654126
-319529
356482
-575822
835131
-110249
468642
-722841
334027
-764566
719927
-285467
456208
-137203
1090062
-622794
58505
-156165
345627
-70554
-29386
-596672
-364231
25573
380135
320025
-14257
-18801
720345
414465
389541
322394
218042
-47651
-90228
-1256968
-720229
-197428
602506
249479
44838
298461
773929
397871
80681
-1060296
-1049583
-224356
468363
158321
80779
-16822
511072
-295601
-154088
-501306
-553537
-123523
404425
155446
336298
90399
426572
-609426
-215236
-845419
-143568
32424
512905
8612
70624
-472591
-168240
-462658
358217
-341709
-34193
-74438
488234
-161869
-412761
-506102
-208423
-16316
720760
41957
-206329
-437941
307308
201680
-80602
229643
773179
507873
700004
-728646
-690188
-459050
177677
294006
-87463
-110949
738038
108036
106683
-829147
-139129
597215
1076999
820307
522685
-95782
637935
-743668
-1351121
-1815172
-474452
252471
828008
201998
-263013
-701147
135499
-857928
-724342
-1141759
1031659
-338168
-205573
-544461
-536292
-791409
515744
-866554
618658
-738727
2377664
646498
485591
-483978
-1071291
-1052645
-205939
-1673407
713705
-1258054
2927150
817062
1222092
-435919
-1319079
-533600
-2030
-1712189
864118
-1176261
2710252
698630
1374760
-825249
-1020814
185152
1766204
-860334
1165979
-856961
1069025
649664
1465852
-1011355
-802100
954853
2933822
-477618
975733
-539444
-53814
832101
1307761
-1417387
-1170013
1236616
2732984
-342909
176020
613374
-223426
1171540
1576518
-1453217
-1315579
1557192
2574103
-513388
-881958
549926
-360551
908098
1428464
-1595960
-1481744
1510602
2249198
-326295
-287506
802703
-78364
864672
1057788
-1438193
-973545
1661475
2094855
-840265
-562809
1061144
-14813
985168
1262744
-1543274
-1033452
1241189
1845160
-707409
-749525
788676
-210397
809488
1435634
-1487079
-935745
1087977
1570925
-954008
-895623
900676
85607
671350
1334794
-1898142
-1247297
1117041
1611741
-661592
-616414
1278978
82187
981795
1555919
-1790562
-1295932
1295303
1566989
-749862
-763457
1013513
-342370
758926
1292155
-1501880
-1018994
1001479
980840
-940347
-620527
1310381
277348
840322
1158501
-1944044
-898225
431777
1027445
-363645
245118
1131015
307050
1340069
1728216
-1803761
-1301949
384684
802724
457906
60959
809743
-847429
704178
1160000
-1441297
-1715553
853653
994372
1091084
-160750
936665
-831958
710947
1267247
-1119564
-1527091
1054364
1719093
789783
-807854
334731
-1044991
969220
1677686
-991727
-1385879
925932
1419284
518622
-1888303
345741
-647343
887118
1451838
-1544389
-1865874
832648
928316
451500
-2220731
882484
500854
484709
1088975
-1867363
-1911729
427808
908541
384451
-791311
1045014
1225145
637401
933385
-1526755
-1672678
483164
1444808
296509
-104223
127748
947381
748451
810419
-1399087
-1841076
385988
617406
202488
-567887
255668
1175471
403806
847090
-794824
-957262
931142
352698
238117
-915566
209095
728232
-1936
366923
-613945
-157842
1331322
738225
451597
-381809
176409
337595
355254
682553
-662300
-51142
717308
25896
-48441
166548
271657
327829
224123
587129
-962529
137621
523015
384234
628264
946122
-51768
272
-196292
-149642
-1028426
298866
610717
148032
461577
1214113
107279
219188
-567382
-344873
-279887
652034
860824
502171
497118
803771
130155
-93241
-346879
66630
-105171
645901
159991
-1580
281189
611826
41828
55774
13167
685021
331554
1110037
585416
-661533
-416268
-51615
-21069
-100087
-216552
369640
403973
1122143
953141
-351719
-43115
134109
-305163
-566066
-266572
6297
143222
837446
911063
10916
36508
484773
-499900
-495830
-390444
-44419
252787
1150593
977458
-127397
-91396
135394
-372261
-254578
-483363
83836
430322
1614879
520637
-573986
-1069962
-78794
147260
94757
-239863
214277
491803
1491576
574141
-33597
-630049
-85691
-69084
-549969
-433365
156949
628589
1327351
648323
-437255
-1015076
-404007
267103
-46616
-625302
-14342
231807
848247
-298937
-1299904
-1202964
97601
1677024
1069533
85317
511626
230043
538792
-530679
-1516707
-1042259
468503
1272121
375709
-446590
169077
-57529
613453
41599
-810290
-378289
1029467
734522
-11622
-1164746
-349083
-699773
254890
-251783
-575821
24083
1646945
943228
534071
-589113
200562
81325
796369
-114131
180398
-180019
879932
-384977
-341734
187101
971802
858007
1603104
305958
66334
-456174
-665439
-1483738
-877212
77274
851439
514702
672549
-409102
-931802
-408523
-75783
-182593
393457
-448131
190919
102239
615935
-22679
-280973
288564
183509
-345545
476394
-442962
395412
584472
858462
264160
-121191
79898
201884
-557167
-156832
-93184
628514
553684
-10611
-753740
-699756
-311386
432982
-181723
358261
-60602
717145
257359
-43484
-479249
-61281
490662
276166
-648619
-588245
-124999
516415
-238086
31048
311170
-205596
-82725
-619515
-1088906
138945
92227
597016
-279953
-193415
390263
-415458
-827179
-337972
-1137863
273606
-478112
48210
-347831
-102872
530359
132411
-565802
447853
-327726
-110948
-531516
225557
74187
566259
612592
180265
-716561
463590
-344852
-565734
-173246
731073
466236
1037082
576302
-214809
-1505130
-45597
-993809
-383242
-102917
624374
251464
527998
-191267
-536367
-1539476
189564
-426318
-167638
-535693
-152826
-263362
-200748
-818770
-474186
-240715
1288876
846825
-141358
-459024
-29037
-84354
-154946
108612
217107
327432
1124233
-41648
-535246
-299673
411025
249797
217937
205005
380573
-355400
397851
-888458
-637491
351519
987215
529802
249447
-290203
170085
-496362
-111695
-679220
-1255329
-180164
238661
-49945
-53085
-306097
13103
-221451
-109145
140763
-228507
23143
525813
366043
684427
147887
71629
-598752
-609909
-976372
-206848
-660765
-311421
-474757
-31364
-380251
468623
325376
942158
8137
17763
-534289
-141553
49554
251452
-150257
12689
269926
411194
89141
-289628
-113637
728578
946395
1081538
659406
300938
-338226
-564682
-1326800
-1153433
-413150
451344
195023
584947
-438678
399341
-91061
205985
-804875
10766
-440489
214547
-94814
271861
-399592
-67982
-220635
409046
-334550
635802
-70336
156450
-205973
-93045
-491086
215619
-155350
-40196
-233841
444994
-157234
100728
-410075
-228927
-702010
95594
23888
-170719
-82584
849486
-132177
405359
-181018
309945
-452877
-226518
-616579
-69718
156135
869620
-156977
444121
-96850
410043
275556
434643
-11590
-216971
-390794
16320
-275248
501857
36626
258137
335706
577019
937422
33284
-631152
-444396
-82241
897865
-215402
81537
207413
177883
345613
-124542
-598681
-37672
-218601
408187
-946078
-616572
91595
95946
-281969
-503790
-163136
1210092
-541339
81863
-1301958
-622202
354441
524965
-313046
241776
116970
688604
-856080
144954
-969676
212133
1488288
1123899
-401791
-277719
-389214
91372
-936485
246794
-252471
654973
1527784
1084187
-352630
-142753
-732866
-366085
140883
894428
631509
1085969
1064656
62659
-1575269
-1468991
-1068938
-250830
-76517
382032
-45837
224840
375599
-377060
-954477
-850735
291534
744603
-316876
128496
-401683
153531
193004
-357910
-624889
-160817
751822
1011224
163949
461156
117104
735330
162772
-318918
-777572
-83633
109541
257396
157762
298419
21121
366325
556135
42683
-773156
394507
-219971
215541
-450809
-193877
-304787
193945
715822
704377
-223024
425396
183322
142097
-242761
208354
77382
559690
410819
-56704
-883596
-29572
682423
182911
77692
429848
123081
205677
-120721
-361345
-487381
959885
937320
72010
-130448
386020
130011
825741
343182
195194
-229854
597796
302232
-588007
47201
399224
224348
992957
611723
234322
191676
366966
-615167
-1297765
3332
19791
97826
228671
223366
-400441
-1029021
-103305
353854
350692
211789
-72390
5122
526700
236667
154072
383683
-196457
-142587
-354026
-39629
15934
73239
273340
-7144
148201
469542
150221
-215938
-288015
-186676
-51586
-37200
-177117
304884
338723
242717
-151603
-850277
48645
-20728
-1182
1635
-74102
501819
637729
249128
-561509
-466576
-538281
120657
178700
41203
-383274
-286995
-166988
-360700
-243997
362153
21046
163158
177420
81639
92771
-315887
-115850
342063
460148
181023
-92826
-407319
-361593
-332249
74469
-316286
-357100
549890
1159514
716532
-306507
-52368
-91919
-205111
213426
517005
-20329
137884
828939
188953
-1001069
305627
677551
742862
256389
276451
1953
-161538
47650
-709102
-1038645
-419883
-165364
354565
-31307
-311570
-93450
35869
-421866
124780
337604
-542776
-388511
-89570
-504975
-482697
-505001
-214360
-696601
679932
616892
-404723
212314
649016
61835
-936077
-1155888
-469408
-1750026
-75877
321654
-208454
-58200
695854
772670
-1322750
-1102801
-160386
-1157223
-367759
262162
-75548
-267017
596388
691053
-289984
-540481
259533
466581
-760937
-470178
-123189
-183733
134414
34750
101221
-16554
501581
993814
-536482
348107
61914
134007
127848
-212367
-21746
730491
317737
444109
-963410
251490
132023
347596
248118
-239051
-507105
508303
395220
1050801
-933489
-288273
182572
262216
-166901
-136649
68345
627709
-94281
245826
343381
246694
144559
427399
-385344
-505336
613068
739187
-563348
121192
445686
426340
180143
283481
50651
-137083
300662
426337
-203187
-36924
-244983
181617
-172858
-150324
218645
53861
72391
315752
-228118
-347316
-238069
500929
-22075
-4902
-27316
-269548
-75051
357330
118989
6378
-43639
226513
376966
156919
-103298
27442
296218
370133
-199002
-395405
-288746
103357
-260820
-17302
-526082
-316986
818688
561000
-910589
-712007
551560
476958
140167
523667
-59784
-839585
487638
554965
-889516
-393222
933731
92236
304339
372254
76823
-147701
-255513
-225454
-162415
348715
584038
76890
131385
-6456
-600350
362330
-132761
-219215
217718
951286
36444
-37515
117934
47086
-473909
475423
412494
-159415
289186
855025
-143861
-633749
110285
251771
189279
8847
136898
640709
197792
51275
-786918
-819332
102255
157823
-229110
-655798
-269923
734475
-330845
-315595
-230926
-190445
336655
55395
-542260
-664029
28042
165219
-99335
-137569
617636
291577
618738
394512
-725705
-1058194
69874
-129654
402658
-324146
900562
183013
758175
665846
-406423
-721020
-363093
-118516
-367434
-990366
376181
284134
150189
164449
-272905
-444414
165947
1072119
-96124
-723315
-114755
158441
-117469
152680
-370281
-745425
640231
1043645
-235936
-859012
-317086
439931
33060
482105
124375
-558695
194043
593694
297689
-592152
-278393
445810
177353
440262
-120201
-1014427
-178770
292675
405445
127162
564311
-59268
74768
100628
-774362
-729792
466752
177888
297774
306811
502061
-366
-14091
-124474
-1050145
-155709
297477
-477408
651655
1134508
149407
-82989
223751
210178
-182740
5750
-122731
-434112
-96125
32130
142453
405896
111848
101298
441979
280062
303
580629
-206598
-996799
35828
489202
-36465
101481
98337
194799
108261
336414
-6932
-131880
-207841
-180959
2683
275232
-225833
-156330
77148
122595
840119
692542
-239347
-732223
-16315
49665
-193092
106459
421465
364627
30508
-165454
-285193
-389769
71163
17258
-28864
95305
628899
191500
-86983
58463
-448062
-7039
161120
217633
286685
246265
396175
125980
866033
459687
-870874
-756849
-369525
-419412
71381
592626
163052
44016
417418
41280
-473447
-56974
-300400
-197725
275023
310866
-64856
-563932
-1070877
-364460
594903
797711
100169
315037
440671
316253
89411
-402592
-897526
-305332
726448
614657
-171940
-425162
-351382
77934
-50970
-76060
-235829
-388541
949571
984575
-288121
-716510
-584100
-391280
-383651
-445523
-286271
270488
1241189
791758
49536
38412
-239694
-120357
628962
-32409
389316
679916
-354261
-1266150
85174
559854
577578
397555
567177
104299
-20310
122831
-568645
-1381141
-53720
46695
373924
310555
-391957
-359706
-375318
18787
248030
-52634
-103510
-228953
-210301
266322
235597
315503
240250
543931
455659
-540186
-104902
-49990
-267739
338659
467496
-132889
-244100
32646
263548
599649
19598
216799
295523
576939
-359241
-994393
-137324
175410
550968
875767
-237140
-9216
334916
33967
-509752
-48047
226631
345500
277195
167036
111677
207002
399339
-203953
-590214
547321
141918
-640271
-645199
-305878
337654
131573
12605
-167192
-582719
42040
463539
-494590
-652948
-12754
219783
-72020
-441355
-137246
46249
-290891
331680
273179
-102753
394655
-353657
-98481
7792
19610
521318
161910
-85895
-13642
27884
324264
-79991
280277
563733
254480
747995
582550
-214079
-1111165
-643928
-376952
15691
-84528
-194959
132590
459308
-576041
-734376
-211480
-69651
121759
-145588
34476
-246174
-202682
-52407
-730895
-464017
681764
519411
585156
-559257
-292091
-433931
-263894
-443049
130042
451837
366173
499189
206060
295407
79925
285451
636181
-6981
-184096
172257
110249
-310454
-964225
264324
173214
155750
13708
-84615
-544940
-342643
669152
62172
-161730
75448
392555
230615
-118189
257015
295975
-716964
-405927
-475672
-86868
21733
292321
91434
-140726
350466
591866
-161004
-380377
-228674
-673960
36697
-220797
-555154
-606115
-403378
-472638
133767
526731
627606
534458
148565
26619
-66108
277100
282882
284209
2797
-233137
-233154
59915
-40854
100619
521497
685531
164398
458406
489989
19326
-659473
-921234
-646369
-229588
509805
50760
61397
-55027
82564
338767
205406
-633217
-296032
-177645
75798
45318
202015
-191771
-303600
-9730
461965
-56887
171006
5121
-331641
-122052
-269155
-397795
214539
530396
-350635
-224134
70713
67792
-119073
-236061
-260221
-389475
-436441
-108422
-81998
378551
110100
189177
184298
-136851
-122174
371625
-278980
-953306
-308542
609836
51906
2950
71738
81274
-118679
281298
631462
137957
-366362
-389794
-134132
-10477
289998
559264
-269037
-166525
293552
1477438
791815
-1094272
49446
-5053
575450
364021
-488642
-91030
21990
38522
133754
54363
11804
-109798
9415
-430593
-819304
-371777
-84588
-39897
287436
819469
242544
11611
-387970
-482238
-276353
-134382
284451
-330475
-457985
928335
-218468
-503770
-632055
-508088
-72775
651243
966498
27394
62653
611355
-129513
9453
-289126
79350
882160
589181
18091
33766
-86424
-798169
-124766
533816
258151
221967
875405
249170
-400944
-442473
-907572
-797068
-496052
211955
68119
-240369
-143834
20130
-458188
-351711
-386930
423906
-116981
-100578
-194995
23604
88151
-151521
-582204
-190254
159711
368945
219267
222114
119892
248478
677432
-58438
-771814
-706022
-64721
235646
-1109
109243
-203281
-144524
-150455
106182
853507
-322178
-98494
251693
-139263
-244172
-514669
-111988
-52702
344841
831907
95022
-562136
-396262
93103
53792
-38509
64887
62921
-298401
-457214
243296
-1992
194770
-46180
117873
182398
17663
-177229
-327774
-590561
9826
1165207
837481
-166269
-31934
185249
132435
488973
362567
-340473
76434
544010
6833
244847
132812
-12103
-100809
335756
391340
-87211
395333
812282
33939
-213733
-90072
-352988
-123062
212244
760458
600535
301500
-385995
-265937
-270236
-111917
-396237
-361843
-555649
-203937
123658
514807
569478
438073
-190126
-56192
-209022
-209073
-346043
-128593
-133398
361956
262928
233951
-41321
225324
28809
-183664
-387816
-171612
270563
667344
181999
-233681
-231624
93637
-127133
-284076
-538708
-207632
226040
627537
706840
145335
-344416
131400
323315
608355
397725
371335
16506
38936
-333530
-474601
-319127
-60385
-114501
241463
-72270
-168494
-607955
5353
77521
554423
301500
473907
187681
326904
64154
-141892
-1000967
-706524
-291133
91878
-199505
141841
-192112
-326173
-373082
19357
-255408
52522
223413
673244
-996887
-750300
-471484
-116178
38147
448101
517167
714741
446046
571059
164151
209074
21976
255950
196795
490456
250758
-166538
-777002
-603638
256072
673851
505049
686159
628898
766738
439306
-339203
-937637
-1432451
-275879
-116376
-254399
779241
1023044
1584073
1259145
790777
-607846
-1630548
-66023
-135506
-482416
249251
758186
1327696
414110
921245
-281956
-622469
20875
-55487
-617200
-873172
-186602
315824
-466163
866275
261554
1149596
164129
428165
-213233
-868070
-627428
-191191
-901252
209503
-269356
1546352
-131102
372502
-224157
-786350
-916484
12336
-684969
920136
6754
1346568
-263283
328911
-198602
-398940
-449241
11799
-1102901
410212
311751
1585051
-52482
541090
-231240
-841120
-679983
419684
-519425
-201516
-206261
1183291
-110542
607119
-48978
-740389
-632154
277286
-286699
-103505
-223434
805702
-126072
325370
-340157
-701241
-433296
325085
40577
228348
90805
668202
208385
519929
-278869
-707245
-245215
480037
111399
91885
-44490
69244
144540
738107
-23439
-466676
-342335
135843
-285740
-91805
161938
340696
-172060
592488
-319134
-759943
-386344
472024
205246
231808
414977
363487
319670
1076637
23868
-720094
-585197
544402
330742
-157016
-166024
-271939
-275347
602165
133654
-287264
-303168
116902
206274
-175479
167505
306357
-196272
488073
-195184
508
-27955
161007
-414754
-195105
-31575
468916
133752
966213
-156210
-292757
-535352
44974
-614407
-235710
206068
631945
2719
711393
-291637
-709083
-653849
-49860
-265580
-156024
626690
804202
-255095
446715
-100096
-670108
-786187
-38668
270890
490776
849733
575694
25504
978583
478506
-105653
-231006
243189
264641
-7738
72770
-214266
-11548
1015135
573175
-154540
-118308
-96281
212420
-816889
49586
48502
-404110
1010654
734767
169677
-82152
-199187
256305
-888758
196530
-18369
-771639
488563
334954
349442
168945
681670
798760
45369
-77219
-337020
-265270
534222
-2242
-515944
-834520
-244037
322115
466680
251765
457133
-197004
597003
54199
-449798
-655992
-323584
586133
487819
144564
99156
-464562
43246
-141647
-136961
-358732
-723644
156711
249966
493032
620111
-267188
279400
312830
264363
27832
-698493
-422296
-423935
381015
454616
75334
541160
86241
73204
-282405
-698576
-361769
-319109
47948
415320
148319
519059
47721
284397
-92645
-562401
-839750
-508592
133844
553506
-398101
-316634
-200233
255929
228173
372696
268115
-112714
-205327
222972
-449498
-593099
-709939
-281534
-247166
155486
403436
689642
223880
397430
-331786
-270966
-538582
-177390
-151298
-110544
-70257
542430
484839
468784
-265958
-126097
-262025
83508
-253000
-759639
-660619
81075
745066
920936
-135415
-224966
-464888
-259185
-168862
13684
111157
390182
335930
351318
-220052
-343369
-373021
-236938
-32206
-296860
-33825
245597
289169
581226
-454606
-584520
-629618
-170999
-211163
-609003
-448120
273291
1017288
1170672
187790
-82633
-548014
-46063
48242
21589
-350158
-168505
89567
244527
-83126
-150843
-252223
368003
867793
1050481
133554
-545101
-757633
-471474
-458345
-435417
-515342
158267
487784
589810
137671
-335234
-357184
207602
349238
375983
86495
251630
178299
163956
-180844
-564265
-658258
-580593
495612
653187
562164
669355
596781
112019
-501596
-788527
-811881
-865037
-325986
-39887
-228597
-218708
-277659
-506750
-208560
508161
1085191
591287
-812774
-872463
-855062
-190083
-171910
103109
171718
658795
904260
1058435
-293424
-184136
-353797
459662
421191
493581
-80533
16637
-297169
70769
-51433
151226
-261733
-132877
-476492
-298445
-602045
-218624
99986
926284
-132721
48966
-274948
73581
-16061
259344
126401
-168610
-764055
75237
-469738
-351467
-312926
509186
578798
543375
-79212
-471046
-628624
80451
-125478
-36273
-1859
257967
39954
94029
-174203
359
-460103
-98007
-431599
-191856
-39738
320105
98740
226121
426230
952265
154287
-394799
-358616
100153
57823
383567
358338
103614
153765
555014
44733
-427030
-168264
310531
59796
102816
229423
44023
-257452
-135043
-241909
-26059
-45780
-3177
-329621
-323077
-90613
59784
119526
129574
-193572
-65514
-522620
-459536
-752568
-591376
-248497
206669
786639
1140332
686927
-14135
-48038
251315
-106972
125530
534768
645737
193579
204930
-360419
-700197
-108115
283211
192546
554999
320579
326230
-410791
-362143
-742084
-199143
386942
564224
223399
491334
-169797
-194877
-657129
-116949
-295376
-433136
-598609
-460177
-579978
-229341
33798
289050
-39108
700953
823108
540285
-457261
-94897
4564
182232
338462
470942
-195942
25365
-271116
154316
-514245
-270770
-301249
-163252
-180621
554264
644958
927981
80571
-111100
-286698
-115593
-188954
-153611
-415200
-110877
156347
605289
540612
212222
176757
544247
586980
733203
361069
-20622
-488340
-615428
-785883
-476548
-346474
-206774
-439208
-276536
-558693
94867
183206
623809
258496
405727
-414490
-561251
-734593
-371991
-499000
-339696
-178336
751510
939803
799407
196355
-36055
-211165
-122780
44305
-13102
-220687
-201379
76417
13429
89953
233288
-167033
116636
48637
241046
31599
-106335
-437377
-115977
-157082
360750
259382
506242
129455
95004
-316998
112393
-149566
-90944
-173314
149189
135706
486858
293974
719405
329523
-24949
-685023
-366324
-325474
-143732
-96777
88487
-177956
241576
547888
648822
-166658
-231948
-153050
-38016
-280358
20626
-379032
-344953
-524764
285667
500154
686650
-167625
-211109
-512548
-65504
-136085
-145792
-1143609
-663727
175902
1456235
-247932
-211298
-373026
5875
144070
367445
157804
36986
-487379
170902
-16449
486417
311323
578033
670572
508183
-85751
-436493
-920582
-631104
-112312
468015
166155
159947
140174
185868
430664
199097
-560893
-585304
388236
721963
200225
-89054
-434432
-503725
-576774
-271020
-149808
-28498
-238750
82041
-620944
-759701
-496316
101785
184838
498845
567700
429858
-642791
-376495
-815322
-413579
-200183
478001
690516
990173
502487
235886
-59409
160880
-196888
346657
319307
638039
279125
242329
-524128
-531002
5901
197945
-226571
40415
260612
566230
186635
-24204
-304547
-156976
-517692
-252107
-575628
-378034
-48004
566606
797485
415545
109718
208392
-158382
198178
-78699
291561
-267176
-505180
-326656
47413
368842
252258
160334
376568
6941
-18218
-330469
-273366
-517407
303264
507454
166899
-296916
-158703
-190584
167013
376353
488779
-211957
-136387
-184597
416526
-272746
-173583
-231774
150636
351093
524650
-203726
-600398
-542261
276881
-142617
-214567
-501312
-488139
-305924
-14119
-129009
140120
158912
621030
-399142
-87766
-233239
-111062
-310061
-196667
-416752
-229628
-39024
938450
29120
-4881
-88555
75597
479945
993045
456419
-549287
-750454
-512855
-167519
-34270
-479408
-500090
-210114
-49327
208299
351381
234073
465948
-63345
-26232
-262154
-311957
-206304
-389338
-292348
227121
248338
405067
114506
127842
9307
-231144
-418885
-145646
128415
562058
233067
-440716
60241
98948
-62827
-454646
-786282
-305289
351463
823904
506100
118438
-164157
58864
248780
347777
133807
289177
281983
49463
-270471
-201007
-220314
12401
98022
315814
213325
-210274
-490184
-295547
-112283
257785
427061
444302
132752
55369
127601
-561698
-1282868
-890771
-25169
581006
263173
340964
30066
-413513
-270886
-200724
-876600
-603881
371838
855585
-785838
-808461
-600466
-445061
-275445
206311
129597
522856
1145660
1093337
116570
-195102
-169613
269786
244275
246600
130506
-29525
-403467
-172453
808716
572273
501466
655755
603974
503206
113455
-455575
-1399625
-951841
177815
-297926
-7341
1010365
1535653
1475942
1130398
708782
-1177398
-1578567
143457
-444758
-664819
783016
1955679
1307078
947172
975643
-815176
-1439588
238674
-211478
-944811
-108871
913643
552752
-335427
622397
358795
-90908
330519
77558
-604868
-378274
51044
10165
-909108
73532
347881
286126
133052
97481
-329475
-252606
-259236
-221201
-508265
397985
437267
-2382
-100730
-158733
-357225
58050
84524
-337817
-714777
245446
1138509
260556
-24595
140577
-283779
-250501
-6177
-53076
-505709
-424427
195816
583781
-55334
216588
-44992
-547522
-402193
247980
-23629
-477491
-181571
389647
-71980
-62721
-347352
-346024
-141760
254046
-29389
6812
277681
188081
303094
21199
-673977
-324914
125781
347608
251687
198912
5271
-370355
331856
237837
-297244
-84073
87955
65742
-209271
-83856
32709
-236913
-30876
171647
-488946
-449809
-26728
217912
212468
299057
386555
15869
433090
495685
-193975
-718868
-298762
737042
747223
-38031
-396186
-536617
41365
162876
111566
-162594
-358475
574685
575531
-459291
-442018
82841
-231822
-65588
-305084
185059
371520
346342
-136499
-457583
-137016
292033
272597
509457
-297621
-340515
450028
-34589
-668576
-630572
224700
73156
240254
378681
-472990
-894079
-4022
-1009
-656600
-332314
752703
608719
-35990
-72761
-602619
-649034
-338143
-90009
62700
384998
1196277
399073
149714
349416
117599
27738
-118250
65320
569719
146413
436998
-439843
221845
774973
410241
59455
113723
176931
83097
-639887
-367617
-129397
-156572
744041
773586
231048
75393
45231
-254631
-547727
-475415
389952
-530378
359612
709958
545196
566057
677102
679004
13498
-541232
-375959
-118005
279727
204822
-116310
-327083
-21243
824385
352112
-80146
-130429
180523
389165
326655
-390233
-895474
-198762
861648
588718
-60353
-305481
-237369
-118217
158650
38997
-445466
-241779
560408
606000
-47571
-83447
-306310
87087
547597
592076
-199510
-562710
-310618
-104374
-15622
447755
88893
662010
795657
252513
-388620
-425578
-410704
-361887
-247227
218519
325950
845223
650552
2743
-66525
-505872
-1108585
-514004
28375
150414
-195745
199606
354667
369420
423213
215094
-242271
-296780
-286638
-200186
-363410
-376686
-351840
79528
-100144
89528
862807
480883
-387120
-54168
-179734
-172749
-240981
-91801
-165099
-251763
294315
444495
269623
157705
-220246
22581
262983
127682
-219719
-760361
-738653
136536
715130
629052
-100496
47578
52898
-192347
-425571
-412385
-31000
433005
530077
304100
-169730
-46757
-112014
-290892
-403953
-85318
175681
423789
329634
84579
-444312
-375720
-305814
-229014
-552311
-819706
-709705
646783
1294712
963210
216499
-65567
-443753
-308544
-264628
-573492
-368343
475978
731101
281768
248623
-35105
-219224
192511
581014
739918
321315
-363663
-714676
-678817
-425799
-489380
-334636
181401
492145
756877
445647
-447388
-582103
65770
287392
378136
92899
99968
112016
51699
75419
-444586
-1012855
-285975
818313
1066148
745166
690764
473811
119315
-392501
-1071737
-1468569
-964676
55425
383845
277582
-80087
-338953
-353646
-637033
75089
692840
417405
-651761
-704664
-578809
-519845
-575064
-79504
63659
810639
1494459
1079292
-232913
-358032
-327439
333362
474660
334214
208834
-116274
-28552
128692
222851
310496
-32970
-202757
-326841
-492075
-574484
-460845
171558
838665
80584
203581
-144445
-478906
-352568
-45446
-85397
-350031
-346053
378475
-244208
-243871
-248608
169331
823942
539464
-222932
-627714
-957913
-51861
-10844
-148746
-80224
363615
280738
-181928
-519038
-551937
-379660
231435
-196559
-152961
33200
444828
-47363
-319894
456906
604155
161217
-309274
-334608
19326
170800
550961
379285
-254822
264090
763557
51728
-423669
-22851
477882
373561
180994
242976
-186925
-544508
-68712
-318254
-253637
155910
109357
-52036
-283017
-269858
-50817
-186913
-116771
-271785
-16857
-285151
-559016
-653851
-602633
-639381
56940
844312
1122376
398213
193448
-85313
65279
-158597
-215836
219747
776382
540454
455522
-175225
-593292
154930
377533
428882
372064
563674
605915
-447094
-836007
-837292
-688836
547693
527784
546001
436874
19074
-502054
-631715
-568974
-556068
-337204
-123834
-93466
-387801
-216264
130698
-115630
-205794
378637
539860
445650
-479614
-221746
-153732
118694
465219
532906
-270557
-179644
224044
192345
-314785
-176862
61266
33500
-65679
505192
604785
251156
22125
-444696
-372975
-302541
-134287
-266446
-535361
54617
672473
672531
548275
251491
206571
658675
798211
679771
319541
-21296
-583857
-708287
-780046
-427006
-96108
141845
31615
-138202
-210352
-13780
73493
101184
-120840
-52123
-376950
-616695
-839479
-658591
-559890
-506289
137362
842606
1145327
984991
249788
-258337
-384790
-45782
-104036
-129027
-396185
-50876
357869
407533
315185
78099
-150118
-32824
-53563
287498
14629
-372426
-342260
80862
1340
327657
299545
260474
307406
13608
-413636
-45054
89646
-155041
-26109
245638
393449
489453
428208
548655
122814
-137417
-306946
-717122
-226240
-106313
38004
238036
16281
346551
889324
468080
-535561
-607843
-145368
-39129
-131270
30471
-287566
-503004
-214811
465761
509885
305400
-48834
-218382
-493419
-127821
105457
-506580
-1228758
-978705
729948
1634745
-214796
-401861
-587182
140675
346166
-29035
-252961
-378306
13816
704689
39281
227745
262399
861893
857368
273710
-35663
-403694
-903389
-739769
5834
513940
568112
627678
486678
79732
-127122
-64648
-759527
-885020
461919
850702
505753
215537
-354647
-843496
-615383
-74927
-491871
-377965
169995
354194
-65135
-586123
-671719
-439182
-324792
-22748
434544
642584
-496848
-539400
-515954
-700076
-417850
403521
643869
974141
951719
260978
61397
-141359
121352
345434
277842
371275
436456
249649
-178696
-930276
230615
268401
142303
199487
355911
466327
269749
-217405
-501712
-682605
-290221
-187482
-342271
-389243
-20294
738551
801756
329173
-98101
-62499
-100886
46718
138912
142818
-96121
-397331
-68588
420620
-58975
62442
375170
576988
404095
80941
-281479
-884277
-647545
526965
471765
-142772
-43150
109994
50921
72291
214796
334015
-53122
-39334
106230
-303767
-149262
-121700
32239
387335
572490
500453
-97444
-874349
-939897
48768
55027
-108412
-246392
-267104
-334010
25441
-48240
-355214
-245093
484144
-226829
-52067
-96129
-204873
-507186
-279287
-308634
-567909
-76665
989621
29300
534384
-232282
632024
154600
439883
-864587
-570439
-967099
333241
40431
336892
-590089
446338
-10542
434506
-533616
-605082
-549682
650881
-3773
422700
-793754
394378
-71427
136824
-603603
-450185
-490872
933721
-17972
482868
-805678
127916
82
88834
-423957
50176
-839266
732765
13395
487908
-870944
-149142
-369028
246298
-93366
337632
-546184
407732
-7380
475515
-663744
-34366
-424343
488531
-95916
325211
-722170
343275
-9545
519065
-562250
309504
-426966
327937
-242054
244404
-906598
729294
116030
607432
-690741
296294
-505723
-367453
-860205
114333
-447541
1125548
280474
781185
-791300
23169
-207123
-588297
-1329096
141269
51914
1238171
-190551
328712
-931866
-318312
-212315
-366997
-1328953
697458
813586
1743565
-160515
74858
-792043
-29780
-129082
-113430
-1222369
449961
748844
1545305
277494
217918
-453472
377963
-6474
-80671
-1336114
-77900
25870
1222097
243162
-211474
-219527
1125040
680945
244634
-748501
-50240
-1047685
682808
344138
-909951
-310884
2067264
1305982
429265
-459407
437367
-2224432
475636
547836
-1386080
-661838
2398069
1979970
-232283
-716789
1149746
-2612551
530290
619371
-1460364
-1130125
2415890
2100590
-713705
-1346373
1733686
-2600252
819855
632775
-1449855
-1256995
2589147
1781164
-693420
-1654593
2087093
-2353654
223164
444984
-1589538
-1311073
2859439
1508073
-1033226
-1810528
2721189
-1677702
-388288
464999
-1594029
-1367646
2983876
1474146
-1301332
-1787656
2123852
-841990
-802138
341480
-1392621
-1416993
2614016
1393797
-1197173
-1767875
1767783
-581963
-702535
159932
-1459492
-1356259
2517059
1308646
-1115419
-1515738
1609895
-468774
-725495
186529
-1759380
-1467171
2593934
1170101
-835366
-1329742
1569173
-470439
-1081105
285525
-1698582
-1611050
2838735
1086708
-975392
-1255327
1500241
-518666
-1425815
257387
-1739103
-1868371
2886973
1009378
-884986
-1123549
1644844
-457397
-1491367
295722
-1560097
-2111629
2540768
1072769
-364767
-795418
1263173
-563891
-1841147
244872
-1418177
-1785402
2255599
923850
190380
-774294
681121
-714026
-1677256
-13353
-1656797
-1687707
2569973
777356
325140
-796366
293075
-632757
-1157859
168850
-1458131
-1986232
2849995
800880
101859
-1220764
237665
-610670
-988665
184946
-1318767
-2364524
2413977
1322897
-467039
-1415390
225706
291896
-1215544
80211
-1529171
-2420094
1975182
1396622
-444901
-1343610
616659
918265
-1477230
81892
-1366882
-2289973
2021105
1243101
-227199
-1089653
545391
1316797
-2272534
322817
-1046405
-2088580
2143049
1268377
-364520
-842834
-148820
1384549
-2456311
324452
-533949
-1835186
2012163
1189270
-589799
-817823
-605262
1404334
-1972102
217655
-137437
-1397638
2211656
1218623
-110991
-792935
-531667
674463
-1704448
295002
-114895
-1164910
1884213
884581
219290
-377949
-357988
237563
-1442489
513881
62361
-952586
1292584
437791
185728
302307
-550776
-20516
-1469563
448293
-94861
-588777
1183903
65575
340778
983199
-487659
-347592
-1460806
429356
-89672
-26753
1207795
-469561
192665
874775
-558763
-327277
-1166017
555123
363870
288677
1151229
-786066
132538
640789
-523452
-591403
-957920
728948
814711
353865
908649
-1015717
-181521
68670
-314623
-619206
-609217
660525
962090
646693
814555
-740140
-47992
-274065
-336070
-761514
-654255
391541
734112
606748
665940
-825631
394576
131522
-388186
-870851
-529516
323822
729608
435753
694514
-1059842
234785
475272
-243865
-979968
-398666
272749
900855
546675
647249
-1136798
-399454
569481
-13030
-640716
-364690
230023
941564
610759
329841
-1322738
-410933
562480
200849
-387913
-354979
164253
929753
568519
-28229
-1347963
-208243
736180
588832
-432028
-415735
-70189
867087
467820
-172089
-1700966
-553377
708135
1125237
60707
-220426
-47243
729828
151411
-164970
-1943396
-577775
556777
1725768
271180
-420915
121901
636927
146221
25668
-1440717
-208569
453566
1319239
-88962
-867283
-86324
374123
38716
198340
-1022125
203953
477927
880534
-297137
-578092
133266
445693
-51152
255061
-1148021
238020
563810
132735
-612666
-208118
636824
916099
191133
470960
-960063
137507
233140
-482549
-1389334
-307734
585945
1166709
39324
215419
-1029168
-58571
17178
-68493
-1110408
-188180
101788
865737
-267468
-121023
-1341564
167449
-22175
661093
-247706
210066
-45040
627023
-196178
213184
-1205705
624350
-218010
533468
-175647
139217
187643
756312
-309523
208891
-1307200
311619
-330085
168947
247630
438968
265105
805420
-597653
-205757
-1198582
166946
-420172
-38628
210724
1036310
82986
701983
-634374
105072
-623361
263118
-503034
-498774
-100139
1310232
-32983
538706
-510361
172353
-487170
25635
-920272
-568805
-160803
1543707
-38032
487475
-353155
411361
-747561
-59104
-502240
-362787
-166740
1212891
-136729
510812
-312172
834795
-804742
-408013
185773
-145925
-250787
864218
74865
847608
-276928
915351
-641800
-953356
77367
-54040
-651372
993740
71216
869766
-357649
580057
-653547
-894247
-183701
111334
-841983
1112235
-126406
521365
-530656
196231
-899829
-394768
351112
435951
-777193
1065904
-126798
441789
-695491
236305
-684376
88930
440578
671395
-1138275
840590
44494
740113
-416911
448761
-350723
301695
-192778
271096
-1722016
747062
139463
885497
-250184
399495
-610379
122602
-578593
-71839
-1571902
679709
244095
663059
-343558
387769
-471831
-160953
-449818
153635
-1165637
651286
-15679
493770
-492268
364322
4792
-204681
-689838
415708
-1006533
1029265
-31947
679893
-320788
410502
54403
339775
-752639
247204
-1074694
507275
-276872
511325
-378916
92905
-296660
628259
-217218
312177
-437538
298901
8960
886959
68248
352055
-307928
360833
-529680
-208266
-778091
278870
-1148
1012578
-1267
302406
-382304
533406
-502253
-207696
-1011663
504525
-243516
577660
-460023
-51213
-704748
374605
-210628
484473
-315379
753643
-233111
337141
-415018
10953
-541601
158148
-260645
374248
-10412
638357
-83483
280298
-532332
134333
-456700
382342
-524414
247189
-130180
740438
-16705
377478
-507834
387234
-529162
393563
-746574
401140
-131510
714716
73006
529534
-238232
453178
-170382
473709
-878173
317090
-330277
325715
-11432
471931
-144126
463006
-294627
951139
-502893
185697
-561554
-69513
-48219
421004
-218156
490967
-592918
499016
-231612
467299
-434063
67276
-124451
296787
-469114
743005
-661024
7086
-997873
527280
402617
564320
-222687
-13343
-605922
976100
-410510
-243365
-961441
153479
759664
963308
-148552
122895
-423694
1548987
-162951
-326979
-875190
-189623
435486
762471
60036
504363
-260628
1913076
-52090
-666445
-792950
-252597
-287347
443114
323275
766129
-204467
1739641
-590711
-1089501
-807214
-66820
-467335
520242
376348
1031424
-439939
1359707
-853506
-1208281
-1050583
267599
-280238
499246
-116595
747371
-707214
886519
-824291
-781740
-493401
878306
64720
436634
-226835
673075
-296812
968086
-799196
-341800
-433718
811400
-296433
-146436
-18024
617361
-77148
1054635
-616535
-167835
-383355
392127
-413961
-728389
-154965
450962
-233212
758914
-420148
221597
-48914
225632
-439309
-659066
-198620
535048
-176148
725348
-637069
57213
248480
336423
-637909
-459421
105504
782357
27562
655122
-934948
-423440
126970
850589
-876945
-700111
101648
787567
28563
512575
-600366
-437002
-28750
1279510
-1072737
-821753
-81977
741510
116135
728981
-359388
-158357
-281675
453993
-1064135
-624437
-93588
651117
10528
520693
-480557
-61191
-364665
138583
-1010946
-173968
-138546
620002
-62376
315626
-823714
-35629
-491871
-138324
-764814
768099
-83873
-95401
184145
-165026
346951
-316580
-252967
626838
-16184
-4921
179664
-529897
224413
66704
-228726
52876
105659
-186763
638542
-460949
189832
-319698
170070
26066
-411575
19995
483752
-211976
353542
-152061
86168
-85512
232973
-242722
241005
-326529
382856
-53443
-181525
357230
-91450
-51805
82977
-360022
336487
-225753
399990
-507644
530645
-419327
-9675
-110735
289632
-186461
507081
-15310
52119
-244783
603834
-887179
141098
-162902
279402
-49754
-209393
-17967
-158038
-172320
207567
27730
247052
-139559
213161
357915
-460754
-46013
331322
-130826
139219
-584283
-77976
-112550
-58591
210392
-114822
-654077
425476
219117
50189
-707636
-200512
-202950
-48355
-241660
460413
-328592
614298
337038
-195780
-369489
-136652
221641
577140
-279227
139774
4785
458796
-544091
215352
-1029709
-408383
370772
293992
-51455
278538
-159659
866555
-1414907
1355597
-1900011
-674435
676043
153889
-109068
46400
210541
1123473
-1578081
1953154
-2596918
-512422
199766
722459
107099
-1101849
1024129
832235
-1630449
1538890
-1782910
-147203
-225039
916257
-534536
-784972
-151544
1208608
-840018
517178
-317566
-68562
-45623
818150
-902074
-212233
-475522
1093978
-371827
-306625
725064
-106471
199341
510778
-953840
-472257
249334
358677
31284
-665016
1773748
-270478
360868
550026
-962865
-621084
904416
-9674
489496
-1558617
1781171
119269
175560
511882
-741139
-769808
616431
11808
181490
-335277
637592
168296
373604
-58342
-658863
28011
388952
-212841
-43750
-81974
824823
-47773
354850
311055
-1046211
98449
159377
198783
77385
-393017
947256
51836
54724
834525
-1016600
-179325
488983
300629
-360624
-249682
797885
4252
188757
790679
-1054689
-77694
302886
227254
-392890
-278238
841614
81302
37913
643070
-931968
-349942
493344
267675
-189423
-79033
773164
188219
393585
276343
-581698
203548
83275
-47576
-187762
111551
192137
-72925
514707
262109
-1258021
991551
-280148
-340196
-40989
728673
-358205
150616
234152
748083
-1037661
62976
166543
-164485
214172
59373
394057
227775
161671
253309
279826
-1332939
492098
-205475
738578
-995392
1191933
135855
163013
66567
48765
-881747
-100794
534754
438725
-726466
751334
40706
81501
540052
-594735
-480073
259368
23211
908236
-1147112
1046564
37648
360385
762539
-829276
-335372
1044672
-623650
907091
-1295094
582107
343892
34167
704844
-678655
-46743
133788
-47836
-100838
-103298
-79804
160719
203493
295260
-433302
230340
-464184
933108
-1095501
1155757
-862083
-101869
344297
199
-275699
-114865
408624
226427
-235596
554836
-520711
-161522
269204
173175
-422843
-343457
788041
-807302
324016
-48128
260170
-426857
475228
-196040
-637190
356199
320462
-378646
258453
71094
435830
-414507
432299
-64605
-797444
615480
18160
-216537
-409327
424078
479501
-37548
202359
275225
-860223
673471
-260413
129617
-441341
756018
-239913
151946
294306
-262228
-431326
685645
-566229
-35926
-216705
713378
-591190
155953
47651
-576289
473557
135093
-555872
531304
-337397
-116307
380511
171294
-266140
-263585
154677
265627
-436228
436125
153018
19059
-20276
-105961
-323079
225714
-504450
214966
638373
-656521
-129278
708883
245724
-153180
-225560
-52233
-106196
-24501
561144
-460524
150068
252785
239271
11435
31219
-399860
70285
145258
-156030
65769
-125109
157022
-66671
96459
-139303
-311425
-95708
174991
63618
12136
197167
130887
-79341
186318
-459388
-90238
-239659
854809
-314902
-74335
-220678
-34612
395224
80904
-373756
-101402
-330621
530779
-572287
551555
-388788
-147239
881780
-80657
-183705
43556
64824
-2722
167831
219477
-384592
-251069
338268
-200472
-255487
168038
61919
497860
72444
-195863
-227127
-179933
339320
-161963
-107266
114503
-123654
536280
-41508
-663284
-3105
370693
111155
183705
-218927
288341
60899
207575
89405
-310617
-600286
908376
-252014
334989
-404698
523947
-111853
496632
-126989
-273575
-495994
676598
-662135
167001
-369377
55190
-200002
581643
-1028180
549348
-223053
582945
-462713
-1933
-261949
-252686
-373262
813599
-610312
545310
424295
-118818
-468345
-172935
-150951
395309
-38745
157220
313615
-430306
254686
71058
-430157
17761
-245809
109052
108878
-98004
-198095
-265055
127441
53120
-352093
170094
-302973
-124715
231758
197504
-133291
-45355
213454
142968
-202110
-6401
-211957
-10830
547315
-125434
-191481
377895
-590993
210692
189451
8800
-141110
518761
-73249
-138597
-77792
-35042
235984
47493
-110780
1944
-232029
454542
-543761
-18449
889157
-464832
318103
-6747
-359946
54818
-226459
467121
-202177
-227303
811682
95408
-616036
403370
-624859
205829
-289383
97011
70241
-25807
-107417
592202
-669897
47941
187365
102808
-126885
-18580
-289452
489072
-357129
219076
-218876
295353
-1781
-234912
-194980
117603
-671210
662699
-44853
191354
-554473
1066410
-493389
83312
-198432
218740
-35724
660350
-290054
489502
-562738
356258
-553380
117984
-22802
-99160
322477
453259
-770524
52978
109661
-283493
227325
34719
300953
32754
170212
-260098
257760
-332450
-98629
459287
-404692
-108842
-487846
112884
26935
-422793
161041
477345
-347204
713173
-639314
46829
-337901
366028
47482
317725
-414778
434426
329687
-417076
50513
-26961
-32150
-66802
-284732
294438
-87313
-267808
715137
-282060
326624
29057
-56032
-8530
-318486
487738
67417
-175833
30116
298329
-589476
296769
-146541
204229
-25443
376886
-380589
384807
-398165
322647
-610298
83990
-309291
-119575
36331
-121389
-222201
-38130
178876
72093
524168
-97654
-380220
20822
-103133
-185903
393083
-50679
-12909
313272
-120510
-5083
-110474
510362
-507974
429540
-660570
677552
-255714
254221
-829697
-134163
-14894
313997
-360646
529940
-383464
-17900
-7203
419131
-973270
11346
-62682
52005
326217
-28545
-281349
490481
-274392
-199703
35009
71420
-9450
110245
-66929
300114
-324354
383309
348124
-659362
-117207
47123
-205183
262004
-349973
346263
141444
-179892
-403455
578464
-44486
132967
-241384
267052
-364946
-28527
136686
189479
-357378
-40797
336065
59614
-300862
193667
-17516
-493950
85052
-203051
707720
-423123
-400163
-20372
-390094
686949
-477660
-142510
249306
-161055
478231
126246
-383145
31028
-149503
735832
-403128
-22516
581967
127589
-439295
-320433
-38048
147555
-145759
373088
-455815
147850
-89746
511081
-529559
147895
154122
441267
-327837
465965
-602937
106735
320835
381695
-1006705
42593
342525
171405
-366756
-62507
-452642
109674
16088
232694
-8196
499802
-516106
-99743
40238
-462276
-178347
707072
-120918
343382
128266
-177844
-169560
-152151
388073
-68382
-165401
342275
431538
-194964
189981
-714151
280574
82059
-45807
110521
-150638
215566
183895
-178268
-23592
-200973
119300
8244
-245957
-100192
-182719
562371
-341480
152662
-23226
408560
-31085
-34878
122571
-110864
24710
114661
119758
214182
-1147778
985722
-200724
193767
-59538
-42716
78142
-433714
131511
610273
-799568
333756
148873
180040
-327773
-7825
-78588
399068
38207
17788
138981
-560683
400207
83922
-115008
159944
-49353
187764
11269
-287102
-219819
621428
-43680
83642
-199854
143078
-495555
463575
-255085
-249776
-18875
642671
79077
61311
-293725
66874
-341358
494638
-100415
-418511
374705
272594
-128351
