609653
-381624
474230
-276754
1885
-482711
517045
-540523
155920
-131276
414954
-304236
530483
-278747
250624
-382504
-461249
-751791
364530
111374
624141
-538727
343666
-151493
571270
-436188
-534330
-855564
365985
399568
672665
-638972
104041
158306
256981
-575636
-103008
-965909
951391
410211
603990
-656809
191349
3733
299154
-747375
-59904
-478497
490947
370274
576267
-705787
-71008
-445026
347104
-420509
659989
-489075
181166
322534
544547
-718295
122571
-517284
540773
66059
668452
-952312
285421
-308592
655589
-460394
303678
-468980
329017
-190589
459822
-1176417
244282
-39045
739074
-500157
239765
-105343
-16513
-670798
413731
-927696
465644
291035
733938
-558696
-246732
-348805
-85328
-1325931
159222
-520134
1364087
131619
528758
-621220
-403232
-353943
374561
-1119662
163302
365721
1815062
-323817
381323
-419391
32477
-233840
518855
-1279672
518756
221336
1738608
-980164
299177
-543940
93473
-259294
326986
-902440
429643
-453637
2203331
-954927
-34319
-529401
508485
-233426
801178
-1029952
1059677
-1504416
2421277
-2227267
-455607
-669651
991178
901324
628683
-1081877
1574474
-2896838
1753856
-2817926
-394861
-1327995
1258796
1740495
392100
-1640636
1834570
-3082008
1791900
-3474994
-512253
-1710659
1391823
1901659
662171
-2274406
1688273
-2129304
930091
-2888292
-460402
-1980486
1430198
1742276
424509
-2412920
1958650
-1829916
585294
-2242141
-599366
-2094607
1685775
1895486
60703
-2269937
1609818
-480802
-487568
-2065237
-578906
-2095024
1806185
2054585
-492215
-2634075
1826062
120807
-732769
-1861193
-542421
-2007525
1658682
1683632
-401178
-1958230
1122477
-59786
-427832
-1099255
-574764
-1705909
1515863
1301495
-133260
-2034596
1014118
363617
-444178
-806243
-522521
-2166917
1716444
1424435
-134647
-1625417
957960
377143
-1010086
-569119
-707880
-2387840
1913848
1490072
-245894
-1828068
939657
301671
-1107619
-383495
-475317
-2472992
1917896
1504381
-436245
-1799463
1106987
942493
-1393028
-352043
-358017
-2565147
1620933
1411291
35545
-1499459
1240894
404930
-1682918
-598807
-588414
-2500365
1562293
863614
290271
-525278
464663
-17178
-1592523
-217179
-610382
-2309358
1972431
672874
522785
-480269
199951
-500716
-1006945
-300085
-416789
-2402413
1866389
1235209
3869
-755460
-288340
48999
-1417974
429749
-316018
-2305849
999321
1499587
187394
-1155673
-685485
760227
-1143128
548762
-332551
-2700104
885606
1811249
239500
-1415316
-577695
1828720
-1238232
424709
-432021
-2591287
1199736
1697831
-61744
-661023
-429626
1948691
-1593082
-654006
-249662
-2560860
1104193
1730700
-134667
-384878
-922702
1777956
-1670069
-866787
-33270
-2326168
1144992
1411576
52524
-683043
-821494
1478758
-892928
-807091
187988
-1642822
1050888
1339216
264860
-897239
-610466
871996
-496661
-1189277
382750
-1323305
1056957
1428329
-133220
-549102
-833346
554798
-463631
-1222858
359425
-1206841
853567
672078
-137493
378467
-566198
299729
-543459
-1355136
174138
-1033012
764401
318588
226774
681166
-418476
-121376
-1063175
-1204160
46909
-769664
1378184
174719
-239993
716426
8062
-571917
-768037
-827063
314690
-270388
1524996
-529190
-323206
678814
21106
-867836
-435203
-1110428
534029
75784
963573
-843385
-20482
267445
-122234
-650163
-70087
-1007711
678924
296356
604269
-678773
7925
-413981
-157046
76323
-268254
-1185258
734006
216644
781389
-684682
-109415
-13605
-2297
-755036
-265556
-608142
657877
-1549
836303
-550448
-360766
716155
-14683
-1155474
-315051
-344240
611153
252955
838071
-597757
-487699
158582
-70801
-574083
-118461
-430001
663871
442883
642387
-893935
-792162
83912
728199
-377884
75792
-716239
679973
371840
422327
-1088732
-514409
578508
288436
-563274
-222152
-634195
681910
424093
513580
-1484128
-497872
58025
778980
51824
-21323
-275267
740480
360885
297447
-1507541
-665973
-55425
1525184
990131
-494475
-751695
569256
-116498
209490
-1159505
-556316
194934
1550969
469844
-741514
-779095
353726
-134566
611963
-1016531
-108772
288504
686767
271686
-602207
-507948
506177
-32983
675222
-805305
-39886
430464
836055
-419163
-500110
-138323
889261
-203415
602199
-619431
-67534
264439
424326
-1608992
-455044
383065
1064042
-215261
515761
-1147941
-185491
-245303
47364
-1084210
210760
257228
853884
-210319
157624
-1468408
272513
-179884
806259
-297449
305695
-724258
666711
-257044
652412
-1104277
417413
-37735
296715
-246058
167874
-1012641
802976
-336437
523106
-916581
-201928
-256079
226094
-311038
831167
-970546
832626
-377058
98744
-1335677
59727
198344
210897
53701
983394
-1182922
823668
-417725
-191578
-735839
584070
-126135
-223447
-620774
744203
-7794
664959
-502531
90486
-339392
329381
-687824
-574948
-439490
1387858
433560
481186
-695705
380025
-401702
-97952
-189764
-320390
-426768
1328893
391167
522216
-568132
823168
-152868
-627705
113391
161057
-661100
927618
-284024
908142
-333285
735038
-161738
-791571
-379424
537129
-860213
688506
-64995
999585
-346415
406216
-343600
-686919
-746836
390849
-658576
813657
396761
579228
-641711
522208
-654035
-636361
-354572
1191020
-797097
806873
638817
623714
-511911
436225
-687156
12893
304018
1373651
-1292526
422170
-45570
791730
-490058
382973
-392850
577507
-237539
550518
-1394266
172800
126222
659164
-119758
449460
-597345
200421
-554265
380016
-1417620
182114
661967
580373
-455797
34094
-405169
-124952
-444511
771139
-1316054
498618
384443
719395
-500216
223911
57080
290963
-953162
539799
-840114
562010
210002
690900
-471082
257369
-151093
307572
-917499
232712
-462962
361188
309651
436565
-327725
371812
-298900
552544
-78148
395144
-704485
169915
-51563
658627
-46503
523140
-440235
537916
-291648
-33846
-729108
334237
-470992
864365
39713
275366
-755561
345535
-662077
76298
-986634
353438
303445
836740
-101015
-41129
-657063
467987
-238488
271200
-545477
355723
239967
605980
-414558
274761
-451721
89979
-363987
678090
-357209
614299
-247790
284152
-637069
451059
-773319
658864
-397059
447315
-577558
830751
-348968
387809
-549063
349979
-427902
565829
-528456
221159
-325454
1169415
-632840
561285
-399713
357446
-523103
818540
-979726
349428
84792
619650
-995056
474513
-367112
531980
-424395
655917
-363863
-17283
-470301
305580
-826987
618473
-325727
687998
-817732
527029
-238570
589281
-769446
-283642
-678018
518558
-537276
502533
-597749
217767
-398335
40818
-110383
596010
-657424
359015
-854880
650549
-99931
132943
-681897
-52660
661359
1263777
-933012
420036
-1077963
1300549
277639
-97434
-456284
-158113
-177101
1078680
-566410
585417
-747537
1544951
354244
-236668
-926920
-382086
-4002
737200
-740765
1091922
-662527
1543185
217172
-709981
-1313962
304901
-695654
21671
121628
1123310
-735500
1084439
-338351
-1153130
-1168507
379360
-285356
721316
405191
1010341
-700849
690376
-459074
-378472
-824682
606026
108373
818151
-377798
583861
-454411
981630
-431022
-325314
-582594
717437
259378
-12187
-810460
474752
-317477
896616
-426402
-427541
-493225
443352
47172
-177957
-867573
492685
-501333
720226
-401599
9013
7535
197305
-287722
-55106
-1015356
464431
-277015
841692
-329081
359812
-244991
230699
-738857
-248860
-421143
605384
-97955
648151
-451331
-581234
-439141
1337593
-627781
-87613
-862699
680143
-149675
367933
-524242
-172360
-301145
1334325
-173844
-833114
-1492423
713901
-87470
646649
-264501
-128708
-609617
814470
-568766
-803037
-746331
528366
-188904
572788
-371650
-138092
-451803
412875
-871085
-186503
-521526
85986
-126838
175011
11947
379869
212749
-559106
-832260
283276
5500
222323
42390
-184111
67355
478068
-53015
293825
-122987
-244833
-5330
34449
-41856
4326
-69681
162104
-258833
424666
332946
-88083
-193769
37878
-86364
205666
-276332
-94825
206020
202414
230730
-302207
-754740
202322
-137985
118596
-493024
-192113
370967
555883
96047
-370866
-296355
198423
53668
379884
-64484
-62000
114329
119489
-409842
3694
-145985
96894
126689
259697
-52750
-115329
-673994
-85988
-93927
404744
99535
127359
-34886
42217
-51947
240641
-756279
-198955
266629
727658
-13461
136136
-137930
-18461
-461657
171244
-281138
-557943
153856
953178
-78875
82217
-102417
386035
446
173283
315326
-69430
81332
445602
-540712
57583
-216014
489485
264253
-197367
-252261
46520
-499155
-425761
8817
271378
-450966
236430
-65406
-46516
-202085
-70025
-706799
-723233
604953
136653
-386412
631081
408802
351957
-321448
147935
-694874
-1256187
-271857
88312
-311251
216474
1125968
737382
-824029
564099
-688790
-1131912
-842209
157940
-184591
-356957
684089
548262
-255749
21728
391600
283089
-1334484
97821
1842
-232780
44538
317941
390287
-20348
453742
660080
-1288890
127512
145020
-77077
-387966
-43699
410346
648471
-12665
727244
-1175567
159808
148997
197878
-199664
-15226
201869
628519
-90390
1043174
-1621120
85767
390387
-73962
-490190
119395
266217
395653
-514300
921571
-120463
9377
439920
-19272
-1020462
339712
1122186
102508
-1108927
643798
367550
134738
198231
3638
-636223
162075
784716
87751
-430428
424789
-176065
186279
-78572
-255539
-131848
251158
566930
359899
-567226
-149410
-184602
111415
26499
-127705
-409583
97840
381552
167880
-392090
95542
-32821
354084
261363
-272017
-642918
290095
527543
444424
-324406
120666
-75595
241500
220891
-174278
-1077306
554323
1140194
139055
-1070486
-131152
180487
16691
178235
218715
-1107591
-41157
1328765
-38954
-1110859
373351
728358
309023
375224
153093
-410227
182544
206364
25906
-434899
474840
220150
311218
270778
-369187
-664154
867472
-606879
104022
14875
703475
-346409
380452
178913
-457161
-957140
871894
28441
-115052
407901
561454
-253683
207568
32480
-123834
-556182
127657
416495
429681
171724
363965
-619290
338552
238316
193416
-718593
-353999
658744
780879
-615669
-78517
-539862
455243
471982
-116435
-912989
-126476
483275
-67848
-426448
-253711
812124
538677
669837
272092
-1100347
-17775
412897
-181007
101253
-579988
1417068
589343
613094
513960
-883632
116377
373989
320332
-518794
-620827
523862
430963
246614
344632
-663516
-101396
560910
778353
-763858
-411827
84452
200013
-11404
339462
-1030885
-143621
1212890
842565
-202873
-584570
-63199
33331
79896
541542
-573990
-208859
675019
412460
58268
-751023
268370
-106965
410292
621705
-294501
-464143
207772
197586
442529
-87283
504264
54628
543081
264662
-873771
-43820
207890
-221996
298236
193612
283241
113504
439779
-53781
-676422
713408
-374779
-471425
727349
247033
-150596
-51961
383222
158034
-5584
483317
-337041
-319259
274319
45181
-211776
-22834
43817
316833
448317
82177
164406
615270
-796034
-532516
369017
-47246
-56376
237656
194624
324058
10072
491254
-128173
-41836
-282719
-154021
208450
391675
-186447
206840
-390186
-117879
716709
346618
-369239
-89278
137848
144418
-189590
163804
33106
264644
406269
190602
-420713
-109715
66606
26866
15411
295257
359087
-286259
31514
-56786
-267974
-128974
-10318
179304
71512
39301
-317347
-137025
1128624
356592
-256733
66943
-328809
-15539
220809
311995
-531493
173833
513862
132756
-358539
-55584
-469879
28986
385964
469547
-143590
-485035
-707235
69355
364078
-109469
-109220
354871
294243
348302
-78371
-622449
-898463
368079
822252
127960
49057
-44102
73267
267216
-236860
-40327
-531626
-194566
901356
189665
55164
-173343
12612
47016
-301659
-488400
-580815
-9659
505802
52890
179774
140707
-345577
57334
-182206
-544268
683667
603435
-391846
-185680
8594
400699
-89997
369427
271473
48393
569360
505376
-1007289
18041
-155864
487231
524252
316216
-463556
-15170
-547749
374860
-152486
249240
-98041
-30687
-186722
146865
-573350
-60052
-83156
663938
270599
10427
30164
-46053
-341900
504471
5192
-52287
-180809
222361
227879
-27312
-75121
225657
244870
691434
-748488
-588012
-368100
-333231
736140
30223
-148342
417894
385489
-144198
-705602
-146485
-115932
303341
143897
-12175
-104013
361031
167041
-459725
-164211
808660
-328316
-282630
-576929
290438
165486
394651
182286
-131405
-486369
514902
15344
-776972
-512175
309115
192627
72929
-287492
235677
-361936
-323714
324430
-334971
-116788
13663
-168879
156678
-300739
209233
239376
-382182
-76229
32207
22156
-214682
-407557
287832
-97502
65081
633129
342487
-188790
-406176
-56967
184411
27163
141034
-131507
599561
383877
-348682
-321506
-322565
-609031
55495
-33912
188893
-284759
453554
-323979
-964235
-299593
509670
-248273
86374
-43671
400397
-239034
-88845
-617738
196339
-258178
343408
-86847
117272
-186969
-132861
109362
303016
-419206
230966
219676
255298
-359900
286583
189608
375031
342269
421462
-69456
-597372
-65467
468602
-779531
-76044
-32874
376173
-276455
-46546
344188
94907
-518736
305892
-610943
-76705
10726
400245
-188633
25025
555918
479396
-447609
-87601
-455609
154630
214814
206861
-170735
-28258
-265102
-236124
-32123
38437
-10620
174224
-41059
-9006
-246415
125492
-223277
201130
-108304
103423
-34581
-60878
-332059
80355
233118
309681
-28129
714486
152488
176794
-430732
-195949
-516929
243473
295703
-128112
-129664
-135706
359474
304142
-228624
-85942
-389116
111607
-100396
108407
108218
-253375
-420900
357275
124561
324687
98143
122645
-180496
299155
-561079
-132903
155881
169866
-439982
183061
121859
257318
-159517
94021
-160416
-92385
-158583
-4001
-737642
1554
11448
287967
60369
-48677
134869
513262
-761895
-567958
116875
44012
22047
143388
-2818
-50606
-256316
588995
210874
-67866
-336171
-48820
-263645
-22700
193438
332872
-747141
-167581
132417
1523705
43550
-47224
-296152
112408
512590
120219
-439588
28342
-119355
602147
263036
219320
-78433
320502
278438
-599
-356121
21954
-592940
-604496
100820
196850
172609
218703
-301953
25478
-244060
-137841
43302
-587859
-25667
242833
190725
3034
-364197
-102944
-80704
386314
-81787
-800482
89765
-108189
-85962
-23025
-676636
271095
330317
102313
-41244
488210
-6852
-151273
-109841
500461
-435763
774465
716830
-93437
-186085
-50953
-910658
-144346
-228249
725029
-124873
245356
66600
66996
-565980
-245199
-809148
82633
-66627
163817
-143140
344053
15437
-195436
-646033
-75704
-102401
201818
-46199
84814
-173540
621119
530934
-164448
-416583
-178026
79560
207565
55120
389162
-164603
260340
-262718
304465
61028
-572566
321881
230246
76497
26848
-352707
-66535
-602097
590969
759113
-56752
-507743
88967
53737
77159
-15494
410704
144194
-275713
-215853
329882
-697530
91285
20412
421972
273328
281415
-183720
-470540
-823973
357492
812610
32247
-163549
158957
-29095
103723
328656
-168791
-518330
477182
501105
160686
29923
188236
-110207
112765
256981
-65988
-449508
591862
378858
-436924
99181
-419215
-145666
-995738
-510291
459089
1357555
389015
521045
-455765
85072
95033
93609
-530277
85964
-614947
364824
258551
187728
-278497
184283
-149018
256974
-182801
362509
-286447
21580
116567
275246
-386257
131582
-330875
645472
82667
-58470
-463426
-1225
519351
898615
-535074
157907
-226000
941731
339702
-89020
-846055
17432
-76229
506306
-423397
-91194
-676133
319926
50562
159988
-280072
650567
-174764
454004
-312459
-14181
-461589
74304
15541
888296
-68599
256194
-548024
45468
-537579
-20633
-253084
163603
-146884
1353791
745680
384134
-965276
44413
-716142
-92193
-162260
664782
-160311
702858
962219
496343
-1123119
65509
-11432
325656
-450492
380769
34014
277262
194891
200361
-975504
61790
-220053
532324
-359070
52127
166169
634575
-41962
1143733
-19109
-279532
-724465
99832
-617347
136826
-298904
572070
62955
1798879
488192
304566
-275999
275415
-897757
-993954
-1164077
54944
-1012067
1800575
1054086
2061404
-323491
454986
-186011
-1772639
-1786587
47703
-1566214
1289304
630114
3001846
-418308
479596
402662
-880883
-1695163
-445000
-848660
30504
-839613
3071375
-503539
196716
332520
45527
-1203608
-613634
-637295
297391
-1105403
2128677
-484135
41757
49378
443677
-691820
-794189
-1137054
423009
-818631
2139475
-369337
143266
-153772
113107
-633645
-249973
-755623
93570
-1426397
1959590
-369724
-97308
245104
558560
-901740
-740844
-323137
1170172
-1151136
192627
-274317
-242923
85491
1241188
-925610
-1315916
-50150
1385303
-671633
-125417
-373881
257074
156732
691405
-770777
-976029
-253300
742636
-360293
229718
-444299
594754
438137
468779
-935467
-841381
-526474
757846
214226
341270
-601058
342305
215213
709884
-690276
-583063
-313697
560073
-21431
252051
-700787
240042
491681
1001773
-1009638
-835326
-600694
467250
-42349
117391
-648215
103877
429910
1756947
-1121012
-1714516
-419260
1221873
180032
188982
-525595
41191
-293353
1666066
-602653
-1653554
-387244
1234901
-229122
-219715
-571801
211320
57070
637660
-982161
-437616
-236429
456427
-145549
33929
-826600
66241
685899
935294
-1478854
121837
17928
34920
-173337
404992
-881786
211947
853538
1262538
-1273170
-325071
315897
-360632
-202232
45036
-583910
493842
467518
1210550
-228651
-912851
-432535
-401310
-72116
293638
-837733
148362
90727
1201137
83830
-1174546
-485202
149112
424381
315221
-1082187
-260323
93185
1284968
-366801
-885780
187476
341589
637757
-861465
-1057316
-676128
-483896
1363351
-485963
-562583
204744
309866
740218
-1157333
-779074
-541761
-858978
570340
-800435
-1069251
-427184
843416
997943
117334
-533388
-107239
-511325
758459
-306147
-1411367
-1006187
444270
728493
363476
-405182
-181102
-604579
1251076
-123239
-1704079
-973235
-58074
999141
560672
-23491
-117930
-851572
630889
10994
-947636
-931885
-543362
895808
130117
75093
-526027
-1092641
414166
57294
-261844
-198708
-524713
-65986
74055
-232224
-846030
-780790
746871
-429863
-75555
105249
-221034
-13120
267019
-481790
-1022590
-527889
342693
-948974
935168
736087
-645627
-120660
748740
-197276
-785767
-1010530
-491363
-888445
301477
374588
424278
383273
619027
-49231
-84923
-875942
-703313
-370267
-381296
-868578
853110
790037
251648
-4953
-146675
-711545
-306450
-521866
-3918
-446933
-80034
137489
850529
84889
-488809
-934547
-65328
-192522
763888
163752
-828923
-505179
666703
-26977
-334571
-604355
5244
-206783
127056
-14110
-308549
-307904
707923
-22827
-227920
-538630
66132
-241812
111807
162878
-452092
-91287
381997
164095
53960
-569034
32863
198128
1137645
91487
-1490358
-939660
60802
-139203
429083
-144547
-55630
51666
1311796
-11949
-720502
-709231
-139173
-113482
322444
-459158
-290421
-489364
406415
691941
693381
-289868
-286977
175159
239635
-518774
-220149
-518607
157872
358178
787458
-427370
-941267
-336643
-36339
-183557
87413
-229476
384278
-4922
783175
232146
-706533
-819221
-484231
-660004
-152327
-271375
568811
676886
1094283
381981
331609
-549027
-614185
-808760
481579
-341054
655853
436628
-555025
-548810
1238039
88602
79058
-816456
327551
-261569
305294
-95871
-512874
-1146046
916979
-226790
271105
-722304
-401144
-457518
776285
-59368
549641
-554431
348495
-563848
-28625
-285404
490232
-86672
884458
306426
172939
-1113332
-200697
-395747
-176117
-162367
629994
-344013
596820
308651
615562
-140504
-548284
-218546
121887
-489552
-287625
-716646
1072613
717066
847007
277276
-738397
-280008
233906
-651584
-195504
176270
838825
434457
785689
-54096
-189625
-274554
160399
-798324
-127832
559434
320394
-634988
590366
355897
807587
-448990
-44214
-732507
-236984
59627
699178
-435641
52793
649242
689515
-542043
-264667
-553351
175744
-402455
659711
666192
112618
227137
213975
-207022
195824
-607113
388531
-226660
60930
542610
682113
32780
-716
54287
587289
-436772
530320
8206
-364943
-665628
372980
31543
284671
-349527
151210
-172877
476276
-811373
-17750
160756
354487
-50515
912520
-290679
-115260
-656759
317457
-690388
431504
747194
801788
-289992
560563
-544258
-182837
-741162
83433
98831
932083
-167796
936467
-75257
653115
-542050
81696
-230766
-223976
-479178
682554
-134620
124824
-440486
831599
-338485
-77911
-598631
-193082
-632394
233008
676289
505507
-529008
731182
647
56104
-709773
279337
-331681
-599312
-345980
834503
63545
987124
79994
160345
-480947
487403
-62011
-442415
-831718
272936
-320131
666287
-475530
-384985
-743828
13452
-316615
643762
286454
561825
196305
307554
-312033
-26567
-392520
130343
-391414
71452
-439223
495234
118618
431270
132743
664671
-127602
15631
-47136
453186
-909123
-430209
-627666
259381
124942
791715
-380475
167634
-8303
427248
223636
-64231
-857274
276620
-273068
439061
-167503
390274
-284336
251634
67692
808313
-545069
-3651
-532339
-173183
-363392
355831
-437252
945455
108515
-110755
-289326
789980
-353802
-173243
-654040
59529
-517637
165339
4559
743094
34323
922506
-127080
32520
-665867
50553
-285585
-266068
-1121596
813166
776846
457424
-165429
141560
-383213
71381
-100714
586957
-780358
-361770
-399724
661785
-44834
512635
-164160
-134325
-426943
1129336
745405
40869
-2118008
-418948
-48707
759248
-272661
-362954
-252076
514408
149607
610456
-500847
-637616
-317961
273027
-744054
-337764
-516168
423557
377540
932442
562953
54955
-424574
-132839
-823956
31539
-667973
180608
67319
608288
1197937
302992
-620512
-220065
-757666
247977
-105192
502364
-1323
679936
686975
148960
-385615
-93374
-588874
730767
-609394
84045
438431
668888
-496513
294638
93334
279848
-812665
673695
-778895
-339797
68350
195293
-253411
936413
-80601
232354
-1068230
70236
-447085
102950
27874
686003
312992
1030422
-554632
-24163
-588982
-12353
-798373
5696
311758
789293
249724
630000
-380942
90978
-401459
316817
-1043412
-685796
-161297
557571
300100
286053
-390344
-73293
-664171
116188
-218483
636137
-839688
-58927
354564
129767
-665157
-325459
-464582
256932
-8424
908203
-478800
-661632
-172339
1237270
-470876
-226165
-628625
-186808
-568706
167894
312648
321255
-481585
921521
-345435
-63956
-893598
-488657
-681335
121488
472394
1366823
-214967
-410243
-388284
159646
-523017
95937
-380972
-245503
180286
802459
-325918
-16800
-489385
-103599
-547799
312026
-113615
127406
311494
944757
-677149
-618122
-976849
789268
-789301
619969
-436094
988306
-294646
762289
-661907
9246
-984634
839875
-956189
261330
-583609
964487
510503
1319166
-900612
-75557
-1135112
1199135
-719698
127233
-782032
658919
292253
1381044
-867900
-156124
-1194829
1207398
-466206
132262
-527363
971591
-359438
1410626
-979503
-488033
-1041520
1314497
-359927
470711
-773518
928486
-563346
1316063
-915770
-344714
-1063975
1143701
-428067
800877
-950453
698513
-992344
1485148
-614122
237316
-1102957
1273290
-335536
1054456
-602295
533057
-1081643
1459661
-1195053
186803
-1266260
980150
-655852
539925
-436519
789539
-864785
1693999
-1071727
601141
-1177724
1169181
-143318
420223
-41075
1520313
-950814
834818
-1731652
227874
-1087099
1080303
-86370
317867
-420942
2210882
-686293
464289
-2106450
847369
-990764
1010133
-3427
658001
-539704
2193675
-668354
213705
-2684178
1066004
-285810
963740
-514631
521225
-920746
2349540
-1223577
851363
-3506476
2280628
76105
909774
-695749
118222
-686768
2166279
-1697355
2525780
-4074883
3392495
424319
887425
-1542608
-561660
-589544
2225167
-2266034
4236981
-4486564
5054119
911251
1573664
-2242510
-1684218
-417993
2347135
-3314810
4996944
-3640610
5897847
799376
2261065
-2739486
-2519167
-504950
3180545
-3897499
5032962
-2866426
5897505
978310
2836676
-2815919
-2405343
-528042
3459959
-3853842
3432684
-1611307
4772102
940471
2959249
-3104674
-2405386
-99085
3649108
-3609798
2559112
-341350
3479387
968616
3117669
-3175338
-2265033
552925
3087982
-3298744
1123444
684412
2950132
948934
3039235
-3206169
-2465255
669097
3488006
-2729331
249858
721059
2436850
872592
3061369
-2948213
-2028209
572219
2884908
-2292278
188687
890577
1392287
983066
2994488
-3220715
-1626431
319840
2822056
-1987890
-2356
1239756
870949
954369
3510839
-3494809
-1595784
498108
2532985
-1981603
-226713
1726021
328012
958101
3892582
-3554548
-1592825
418007
2340901
-2087841
-187591
2168738
162436
732136
3861731
-3487041
-1539003
354235
2184875
-1673147
-338519
2309741
153774
823673
3904565
-3215001
-1077116
-566089
1918577
-1510636
-77881
1916056
412784
712716
3737960
-3231904
-656812
-758467
1187085
-581782
141764
2060992
284482
740337
3682092
-3345369
-905336
-380299
1041704
-245539
-60087
1824232
-218830
545387
3955887
-2841806
-1935161
29331
1439316
192037
-950916
2455770
-791787
503724
3887075
-2326206
-2116893
163095
1563024
481025
-2027526
2675091
-816554
362293
4055673
-2187336
-2158058
70655
1243990
1112969
-3033710
3199480
-635288
323536
4143052
-2350702
-1830584
358842
822277
1019230
-3210577
2907752
188555
-93862
3747646
-2280140
-1799596
184134
857938
988007
-2435442
2274359
1177672
-361050
3339670
-2085925
-1668629
50307
830492
913053
-1692526
1394750
1497709
-570577
2511783
-2019686
-1334084
198086
622042
1173388
-1153676
1018276
1598484
-422202
2019312
-1895549
-1276429
-79273
-416121
1255434
-670984
1337721
1851253
-282105
1699029
-1721517
-322881
79619
-912979
955982
-199623
1140577
1384422
-264514
1146354
-1941605
513896
-354416
-1351879
589017
432199
1165885
1855992
-290640
851241
-1966426
972674
-115682
-1001326
53461
762305
684064
1552062
-640383
219352
-1846847
1096338
-132965
-412951
10702
889085
351230
1841761
-933657
-40827
-1380137
1307718
-178255
-85734
-284546
953919
355013
1526621
-1187758
-264713
-1283599
1288724
-82134
220685
265255
659976
122844
1414841
-1079505
-243023
-1504312
1218880
-29557
-519056
239701
1284279
261352
1094439
-1050837
-202898
-1300256
1167516
543170
-776334
-151678
1320141
211239
861369
-1071336
-391422
-1045038
1309440
478194
-857598
-344182
893453
243877
1308601
-1168258
-510516
-1001822
1658550
565282
-193150
-729428
566350
56157
1010583
-1208169
-367618
-731336
2036522
363436
-491485
-1206165
351924
383903
1001153
-1215375
-307077
-775482
2212875
460839
-129000
-1771797
55052
737578
615686
-889124
-62042
-780822
2132948
510779
-62501
-1935479
-689555
765252
641497
-845815
230255
-665222
1914064
419515
-27589
-1681425
-327120
747146
333212
-882570
316675
-1049508
1643459
-40499
-468521
-883478
490801
492466
337345
-1031873
554089
-1161546
1515436
-156543
-388907
-708217
1300326
-77088
-67016
-1489814
609546
-921923
1775612
-298445
139025
-914806
1761843
-243824
191990
-1646315
576345
-1019833
1870200
-698115
476063
-651540
1640361
-284002
757981
-1516100
407690
-889092
2176773
-768602
597328
-883232
636560
-646395
1661776
-1186575
759117
-969315
2073142
-580001
293393
-402267
236166
-1168190
1739999
-1382656
797392
-697985
1456404
-576740
377431
-333745
452341
-1218793
1752527
-1361097
909139
-331317
1442898
-359070
609500
-22825
394430
-2101993
978132
-1368913
837334
-320499
1115676
-430771
657821
107588
778613
-1629364
223348
-1081679
1074595
-739511
778226
-187156
556010
513320
754533
-2028686
-117890
-1196810
1074515
-1132183
849429
527449
113927
249115
1122529
-1768716
28119
-1256929
1095397
-1317673
571171
992375
-3336
-507628
1373793
-1575709
224514
-1476059
956800
-1234353
604668
937193
546521
-1043746
1563300
-1291688
-68069
-1354519
901830
-1044825
996590
495722
622709
-1159219
1731971
-1633415
-272741
-1273524
1045091
-1071839
1133981
-60146
611613
-1468616
2256541
-1329894
-241343
-1029370
1064252
-825296
1183375
-367481
511991
-1804875
2154368
-1151497
-383861
-1345969
715897
-608921
837085
-646370
736739
-1112781
2334752
-850342
-60310
-1003824
790097
-642393
740295
-371733
856515
-1058043
2250390
-1140257
-390109
-1339885
697696
-728310
420925
-88887
1269394
-1078241
2187331
-798810
-35132
-1095548
967848
-498360
404156
-609537
1255457
-999631
1178932
-875199
-247039
-1219234
604847
-710124
551730
-894616
1188562
-241947
1200477
-707345
56910
-1132595
515530
-728866
765922
-1165247
683941
-592855
1362919
-519255
440804
-1212981
498025
-520305
1043703
-855769
628300
-482547
1135558
-968832
291863
-1411055
357068
-673163
802010
-802328
908992
-353716
1411806
-641230
44475
-1156376
608848
-582906
1242003
-881281
561616
-785872
1064355
-966951
460035
-829001
934751
-712263
1067180
-822171
1012760
-1036477
781670
-1513979
898146
-699592
1016154
-881654
1211652
-1120436
1255411
-811307
684520
-1531457
1265547
-805151
955812
-687837
912781
-1169276
1187605
-749873
771629
-1282430
1257991
-957345
747949
-949178
1130553
-1322725
1494659
-667838
447958
-982966
1500023
-1000462
776653
-1089279
987313
-1173921
806893
-447644
1012388
-708239
1414479
-950836
972042
-1312045
1051645
-714465
758191
-714519
500518
-495028
1452847
-916629
1290408
-1527896
773478
-125787
792308
-458736
-300922
-1019976
1639843
-813465
1518737
-1937454
410236
48681
1151311
350791
-391723
-1848978
1290191
-966527
1795659
-2317317
263067
419637
1026986
-383333
223949
-1271117
748927
-1415076
1535411
-2695859
200545
622399
1433037
2668
855916
-1156372
506634
-1674997
1576584
-2351302
538505
705941
1428428
-978176
870508
-726263
392072
-1735536
1281441
-2034442
725653
880936
1636259
-813527
658218
-794736
436637
-1436772
951650
-1570095
1003760
351450
1114978
-879310
268918
-502532
828796
-1033488
876601
-1604300
1033593
237802
809752
-778228
-58928
15553
1065497
-894642
769708
-1577673
943516
-78984
616156
-666989
328706
321156
1307018
-1017885
626010
-1372459
758779
-134296
573381
-751929
1049537
-90698
1433242
-949732
567330
-1111204
946789
-218903
173795
-1441302
1353559
215997
1364858
-1101769
433739
-1108313
666948
353510
719711
-1961041
1320903
502698
1222604
-1259366
327316
-969848
887488
235030
692417
-1720872
945361
586941
1605729
-1170729
426315
-1162256
841151
-103748
816890
-1085369
1099686
256179
994456
-1089290
400161
-1219665
961159
-263914
664456
-401327
1568104
-371233
352645
747321
-13164
702593
118683
1175400
283297
-519163
-1505929
-893926
-565363
839976
-260588
183794
-38022
591006
-42059
-16669
-1310610
-211099
-191461
793393
-371223
92935
-200448
280269
-394267
-19625
-1009904
-121671
142532
894066
-180506
212199
-624865
139824
-466198
308945
-581129
-441272
-214690
865979
-226683
-29020
-1264161
-288298
-491747
886208
-382453
367438
-241023
774273
-73601
523962
-627742
284460
-140505
702684
-835062
128007
-816405
703943
-170343
398491
-435002
-122139
-793429
86752
-828667
373158
181117
1269658
189767
413948
-71240
-93590
-1472367
-793230
-1377486
588923
39617
1212275
220256
-18845
-723365
-272337
-1812830
-1239621
-1117921
1310251
583049
282643
-602481
-267017
-921920
36272
-1386122
-562032
-276391
1949247
935727
604241
-435733
90010
-568525
-5710
-1389217
-460694
-1226907
1333664
356933
959848
82205
527130
-89752
780258
-1240953
-30471
-2507503
1132964
-1166341
444420
-185185
654308
1118842
1935916
-12188
1476038
-2642211
779685
-3684583
432336
-804532
530790
2403604
2649021
699511
2279331
-2713532
492450
-5034024
603495
-1413076
52397
1965424
2889617
244923
2069001
-1672686
956446
-4581730
824370
-1421384
71526
1494087
2837660
-272078
1585472
-1576918
617411
-3635680
708551
-1461602
28233
1185255
2180136
-244209
1434875
-690852
187951
-2814768
451984
-1679669
225299
1557837
1976816
-541546
715033
54424
236513
-2405618
578974
-1643492
8022
1321774
1657353
-469993
320186
-370412
319041
-1598638
462877
-1397545
-101518
813103
1780351
-213139
-34081
-690003
55530
-937653
342835
-1802836
-150142
665328
1674687
-291978
128516
-63222
-114141
-757397
573722
-2204558
-234339
724343
1746938
-95532
480340
-120343
-633762
-1035394
681185
-2158707
-19400
666045
1581707
-370404
163278
-16317
-723339
-849923
684591
-2310445
-394385
373116
1510116
-24121
664785
405569
-572958
-763172
1041616
-1864007
-506270
-143153
1713485
690785
720802
-122755
-1131684
-1406716
609124
-1913319
-49184
-573546
1913228
890464
673600
-536453
-650147
-1274829
649020
-2158985
-13478
155803
1968457
768854
159703
-315905
-1074738
-830681
948176
-1883355
-648812
611938
1661073
353831
-516879
-19795
-1281815
-492443
1071523
-1994348
-1239624
194997
1636888
94026
-791092
357423
-881385
1396
762125
-2394247
-1209898
-94019
1026686
374451
-607976
1401809
-597334
69992
993480
-1969843
-623136
25255
839314
1094617
-657330
1431083
-1148617
-742761
1374511
-1603087
-362475
33656
1143436
669605
-870793
512635
-917927
-653952
1274395
-882616
214801
285894
1414207
150146
-609720
-315239
-445196
-825788
836574
-662147
576994
998041
1753260
1184966
-109884
-303294
-878505
-1752246
826753
-569944
556378
640950
930943
1417340
-25730
64125
-906216
-1600366
688515
-190941
578013
-16412
724803
1742595
657598
485486
-1173345
-1936396
278871
-315444
828697
-28487
560993
1286103
912972
432059
-1036154
-1504872
239121
50827
1641444
180650
516986
646954
614109
63415
-429594
-1621426
635714
804284
1655050
-73290
400061
157059
244048
-321396
-384423
-1755413
1088031
1388719
1564372
397774
520930
-786504
-434547
-449626
-580543
-1547257
874298
1191940
1870470
779992
820983
-402339
-171548
-720817
-928144
-1831280
590840
621438
1792699
557353
275623
458075
373745
-894194
-997228
-1310166
478775
599967
1564362
483531
110559
363044
395850
-341487
-695321
-1437066
400682
974580
1668006
445772
-303552
-777035
-113015
-17238
44702
-1089200
505615
931721
1426773
21942
-579087
-391374
307932
360627
137122
-1253176
504043
719609
1368457
-382802
-408801
-630661
321468
366970
69319
-783723
145416
368046
1113398
-726948
-1057636
-1691847
420883
1438023
1096406
200744
500695
276301
757008
-730421
-1336248
-1727166
562130
1399061
941494
-34557
416147
82303
856144
-408379
-390467
-714437
357906
575346
90482
-348577
-21739
-160439
728184
-422359
-134264
-277007
315301
176321
229268
201097
734483
255793
882879
-374579
-280363
-245891
495965
-635385
-404928
-190372
1582029
857131
1629510
57185
161333
-368604
-192609
-1738239
-1158800
-1215723
1417471
954594
1429662
-677491
-93974
-1304465
-4414
-582383
181695
-1193541
653445
162926
892115
-1101288
-56091
-872052
450697
357280
893825
-890607
660817
55988
1116604
-296314
134256
-501822
109912
-316157
607211
-956463
1055710
246572
727007
-927099
-573834
-1169751
-533208
-304791
1244045
-88532
1115670
336166
329799
-1083330
-348711
-778873
-356476
-638574
657546
131760
766365
-24822
265473
-240445
293673
-899811
-704750
-1582880
155455
791451
870981
-99834
662993
-203603
-181665
-1076830
-1092443
-1415216
213633
767670
609499
-317685
856208
-175898
-545875
-387565
-369092
-824564
282395
-28994
663371
-128692
1143078
329807
-450472
-614399
42593
-806279
169787
-435370
905893
234518
1084174
299222
-214920
-1131396
-394582
-1049445
-73217
130317
890273
75538
904942
-253628
-253619
-1093752
-373739
-1219401
26558
322073
276502
-601499
458116
-979679
-537801
-586404
952019
-609171
774563
209749
698883
-239559
443108
-714830
394775
-281346
1001925
-836784
70972
-659939
721089
133539
673132
-256429
700397
-609352
46675
-1305886
-548194
-281356
1250551
735295
1062313
55225
-97732
-894522
-128471
-1785882
-538950
-751573
851039
-80621
369021
-55585
98460
-865681
337234
-1125537
343964
-455319
780768
56013
790118
296237
813820
-730320
-334448
-1156500
-224425
-279213
331638
-85022
578729
-237625
599208
64575
264348
-614781
-319363
-425241
203780
-157385
547721
-558939
393356
155890
662158
-453471
317019
-630270
814732
598415
1293135
173736
835955
-513748
-29170
-1378289
-510256
-891327
611640
285777
686732
-260324
294916
-265963
232004
-769426
-317929
-145103
168247
-479807
149043
-508507
-118774
-432463
590156
-55852
796199
224873
358726
-609909
426289
-793740
144652
-888381
266850
-308221
1023927
-198151
482451
-471523
248527
-862740
344629
-530160
64991
-832954
968586
-277838
676145
-1884
482489
-370216
511405
-1054944
-26175
-437685
694701
-436665
658758
148316
793331
-121154
933046
-347803
114023
-544883
-25797
-1204401
435710
-120068
944809
-234302
818142
130986
900949
-727578
-171334
-1146959
491165
-192540
782766
-267614
293961
-446574
642516
-53204
348554
-781640
375793
-674188
385257
-67213
228825
-1077613
-983418
-194781
1571885
299960
188437
-1200188
522290
128801
304829
-700611
-715596
-278007
1263563
475564
446086
-724279
1273851
861044
836532
-453541
-890806
-1210445
7568
-154438
620885
-324815
1595850
860073
928925
-755419
-447253
-1090939
-463620
-452343
1400779
184342
1962093
717694
173335
-1402994
-837815
-1668081
-700181
-221063
1205318
45963
1326333
-91758
-77097
-1457299
-801053
-1046512
620719
-161879
551369
-238534
896422
-331993
234467
-956174
-173679
-76314
640541
-478717
616066
31598
1348069
210799
224734
-606771
-158889
-198374
-343293
-1177000
956156
136166
1243115
255566
490182
-368627
-230195
-486383
-509517
-1334168
604914
-182743
776184
-188265
865794
232502
577663
-232213
-323679
-1260126
641590
221289
1074742
209256
224264
-593008
779776
-576812
-82381
-1197510
1135707
613366
1100854
37421
-438549
-1200641
890906
218100
63943
-1715584
978087
416934
1117186
285932
335744
-573314
403060
3907
-402096
-1743251
861476
396841
1368462
643305
590324
-405485
-5699
-1227262
-557707
-1123582
892475
116820
1056648
-155273
328943
-410457
-40597
-1036022
-296912
-639267
752586
184701
1047678
-327899
24715
-578376
-588968
-1392975
-91987
296733
824313
-286483
232546
-219475
136243
-429792
398380
-624571
-83276
17424
717000
-136077
568829
43147
242014
-735742
-787546
-1334436
133774
467007
810100
-521807
231116
41852
824500
-92933
-872439
-1398426
-61752
384570
979958
-442012
-110176
-5982
272282
-637878
12787
-1211889
313407
646948
798212
-684879
-238379
-243719
318245
-626293
-40926
-807156
573589
750036
823490
-396680
34466
-347663
462431
-395662
498779
-893245
-444082
71344
806008
-744299
-415959
-876045
48778
-310838
772342
-642382
579289
467046
1086414
-121716
323694
-300354
336903
-492052
-38588
-1607251
14707
-172698
966577
-429288
-331361
-559028
-277367
-1046085
173172
-614031
1062162
1026298
717180
-522437
-228941
-139827
44884
-1861873
-411934
-545156
1625566
455013
1133543
-446384
-779241
-695264
136979
-1813882
-584450
-250266
2194180
585891
365247
-468947
96348
-222711
792834
-1655565
-98246
-158269
2519154
-761720
334843
-933651
-39761
501667
805730
-1215213
643657
-1215770
2096927
-1368157
374372
-849749
568951
910262
1464233
-1412818
766359
-2201631
2238682
-2698748
-222395
-1615150
912357
1995074
1711335
-1224799
1733107
-2767591
1290112
-3709135
43461
-2074503
1186907
3314337
1876941
-2122914
1989519
-3324150
596761
-4066755
-240107
-2891251
1018640
3314295
1916717
-2396919
1904760
-1332696
177053
-4129910
-113624
-3011360
1175456
3633231
1740284
-3304317
1348217
-1093862
-98144
-2983879
-240535
-3162461
1059568
3149542
1088036
-2464751
1480875
-73644
-1067602
-2800201
-391208
-3157370
1524139
3615985
705290
-3458682
946551
1027131
-822461
-2808175
-291441
-3330501
968791
3251769
568602
-2622842
918750
636504
-808269
-1778521
-439891
-2987339
1180953
2667422
871704
-2561832
420178
797907
-964408
-1585918
-321541
-3446969
1228887
2844153
505153
-2357800
552037
1106314
-1169563
-1192122
-471867
-3867333
1046802
2794238
835381
-2032575
829800
989416
-1732972
-1281367
-161839
-3663649
1264466
2591245
360614
-1873068
588767
1021981
-1893920
-1384588
-315187
-3947541
1041876
2536831
937572
-1569277
1026814
943903
-1822598
-1249434
-208824
-3746795
694167
2171643
1249266
-672493
72081
216597
-2283086
-1351219
-336066
-3496310
1137604
1706707
1163538
-368206
-174835
-133523
-1448176
-801486
-212291
-3827347
705692
2600189
1015923
-807500
-902869
408449
-1756838
-275523
-183159
-3623259
180940
2522488
780081
-1100366
-966004
1272084
-1322060
-402000
127469
-3703635
-187907
2791841
1269557
-1260167
-1620472
1988815
-1426594
-594417
-96556
-3771296
100789
2472203
706565
-890584
-1100174
2330668
-1117624
-1199031
241123
-3162415
442707
2634709
700862
-575337
-1354404
1732865
-1268974
-2175634
342280
-2993536
426314
2657774
952283
-332202
-1114538
1194363
-855891
-2132388
699659
-1985917
582129
1891081
526767
-737128
-1070969
869024
-416513
-1870843
658731
-1513401
905890
2232049
795212
323097
-736027
227956
-1082369
-2611637
597072
-1493502
790375
1390176
-40967
440259
-246878
219296
-721885
-1864940
610408
-815301
1223958
669014
356333
1301201
-122624
-517447
-1229000
-2572847
515030
-705259
1417187
368426
-323776
867779
582828
-612667
-1280682
-1590864
794513
219786
2017873
144998
-358621
374902
-149466
-841736
-612629
-2116594
878902
426225
1710057
-348268
-350927
672860
414166
-1273237
-959177
-1531517
1224909
804659
1253104
-385728
-408106
-410192
-186796
-234334
-560887
-1735081
1024375
907075
1602847
-309614
-234554
177096
-81872
-989303
-836010
-1458316
978600
652018
1518625
-245719
-1090604
256469
333224
-1104659
-615173
-722410
928666
772235
1284225
-497233
-822427
689922
522933
-812156
-714710
-1355622
868210
1073313
1425387
-869095
-1466047
-580974
764222
56651
-87656
-801461
784525
817414
914100
-1271230
-1418496
119605
1060784
280073
36406
-1132493
1019636
875287
864678
-1609892
-1353029
-308936
1218534
488225
-434884
-647419
599738
654892
899475
-1569206
-1350416
-164422
1592574
1515829
-184350
-1028691
687345
136864
350455
-1424755
-1398037
-359555
1947656
1231853
-569597
-554653
842575
254207
891752
-1072298
-733973
327746
968641
125972
-994596
-1006898
861956
246898
1096651
-694906
-449462
247357
767986
-690687
-754021
-267622
1246935
292658
693672
-1222682
-628757
42873
932386
-946329
-522564
-161226
1362466
84597
925747
-874263
-449252
-93942
167628
-1668587
-343414
-15865
1461561
467879
519932
-1523544
-210935
-492126
605373
-235785
95770
-1119170
903477
-12288
586342
-1715385
-498297
-40747
114837
-101
1086262
-699686
1150251
53931
507264
-870489
-184037
-212384
209531
-624479
322176
-985858
1075980
-235213
93821
-1240465
-428342
-368872
-457748
-295705
1838971
-169360
1209313
-23849
-152417
-1102510
-130148
-197838
-375003
-977582
698982
292075
757506
-444894
169649
-182374
40999
-702118
-701692
-858209
1445574
915033
906824
-333581
461949
-242755
-520780
-712221
-654566
-924191
1057481
906726
772088
-341815
848958
46806
-977989
-345982
-27202
-1078637
1008299
382264
1053235
-244866
849620
64089
-1234594
-856126
715092
-1138930
351759
428838
1039715
-176792
446104
-358476
-1011000
-968261
860118
-708374
731916
763277
1064690
-226578
514247
-500167
-471578
-757456
722457
-1293293
143279
731200
558533
-453329
527270
-741331
-544287
-57677
1640774
-1312678
134584
822225
1335264
-12918
265562
-353733
225343
-488392
724634
-1702492
-542241
-6540
664997
-200348
317179
-434385
365386
-513284
310074
-1367035
44150
1001692
1164981
211356
484090
-162203
-203172
-932988
197977
-2019047
-434016
397195
675550
-519588
-6531
-106698
368978
-623908
860705
-666554
205706
405931
951023
-7754
418514
-67741
378294
-1090160
-290951
-841370
240842
410158
766621
141478
643445
-93204
824302
-148610
88986
-1159650
-568737
-139154
586325
2170
281240
-767984
240243
164238
432475
-679865
493161
-133284
986315
310465
567782
-383178
355765
-941569
-214605
-982933
32289
324158
867940
34013
127667
-1025599
326470
71064
148915
-900916
435413
188593
684947
-347781
32455
-512960
114144
-631020
738180
-352710
748437
190179
463362
-457570
533537
-833859
465516
-662612
-5806
-129343
1093918
-604130
553489
-546051
255856
-374742
694158
-156302
206567
-973726
890109
-350846
689996
-226986
553321
-606581
650656
-954423
313378
375665
530432
-1142505
741035
-243465
551877
-241429
711342
-432772
-303611
-491415
635698
-1061140
577709
-462571
761740
-472443
440370
-328685
4681
-624711
289911
-458695
645417
-702142
655683
-117277
-40153
-443185
326949
87809
371325
-891050
505942
-797763
965465
496643
235729
-1216519
-1289247
158513
1960617
-478283
581794
-1197667
1254758
844489
-262799
-848620
85526
-76653
770429
-295533
1090323
-601251
1910049
1196844
-496294
-1814321
-1331009
-791719
1075071
-258925
1198570
-574789
1523421
637910
-532679
-1516831
150192
-457383
69791
-68206
1382680
-441732
1528452
453369
-1420657
-2016710
-92085
-346415
418913
166443
1293130
-236853
988979
11266
-704004
-1331171
192829
-59364
449455
-515926
821962
-303967
1039440
-156254
-483052
-879825
349487
468810
137545
-1007597
491764
-233496
1191467
-159793
-417557
-357868
635980
19649
-574862
-1411417
848875
-46235
1085638
137748
-460241
-874723
347313
-233438
-279692
-1490588
702643
-28370
864365
-400947
131358
117858
664678
-346625
-610287
-1636694
759143
180315
1096868
185123
-570403
-891167
1290114
-656933
-747574
-1071685
1010754
308087
771678
-364621
-507751
-621136
1366154
-156686
-1193574
-1958724
902458
153158
845170
-196945
-283909
-722734
778578
-268045
-995298
-1343207
771561
320392
1071646
-132299
-311423
-717834
69578
-1569253
-561971
-27834
1081857
105658
777633
96247
446425
-528264
-283531
-1524292
-774822
-87552
996457
-164340
635750
32963
886417
-218451
-1158511
-1993203
-470982
307578
1188357
-468740
21615
129350
771509
-310439
-944784
-2148084
60078
720157
1259904
-550655
-226009
79291
470716
-826589
-462932
-1513019
237004
1006497
1195536
-514798
-340939
-507126
154388
-953337
128964
-849679
32452
809359
1114226
-580887
-388997
-1005190
208657
-378368
1032175
-742227
-83186
135921
1078356
-491493
-56067
-893875
363852
-86769
783627
-1325047
-87676
10418
1381926
-170086
175695
-508983
-17215
-746908
-24757
-1831664
55868
697341
1641515
15239
-104536
-333813
-388545
-1977885
-740664
-1689514
1046269
1161468
1269155
-445972
-947772
-854330
-235306
-2617911
-1227280
-662420
2613483
1646673
937410
-709487
-957587
-977178
316212
-2314321
-993472
206766
3230357
1082104
969833
-587199
-216109
-291974
599738
-2104385
-652139
-594871
2836651
-25554
948222
-711945
77142
358566
1592113
-1633642
289244
-1823786
2662267
-1737670
450835
-1159013
624285
1772337
2734933
-721242
1499455
-3004380
1908612
-4190631
226358
-2155352
911213
3640078
3273273
-946337
2454579
-3990012
1036759
-5572994
333349
-3116730
825263
4521710
3607428
-2150475
2375069
-3331565
515793
-5837263
367474
-3735123
749805
4659925
3541646
-3111238
1960342
-2068572
122275
-5220611
161269
-4082545
732010
4643227
3011472
-3360321
1532622
-677192
-618989
-4162487
-24504
-4342030
1087030
4870964
2157012
-3665210
1247471
716685
-1120424
-4199539
-17221
-4316927
1044667
4867409
1519370
-3800972
827401
1003812
-970549
-3507351
-204199
-4058360
713241
4109810
1637209
-3304126
376270
868926
-827995
-2411225
-192449
-4248886
689905
3661557
1643832
-2898899
302116
1352944
-1023147
-2155616
-100393
-4760136
736220
3890660
1674799
-2717851
424306
1281266
-1685140
-2117916
-183044
-5130929
806041
3815496
1354881
-2665479
486130
1618410
-1975645
-1913381
187933
-5131164
580438
3663224
1129962
-2245616
1125699
1859280
-2390154
-2177517
219716
-5014898
252395
3135189
1734865
-1257291
1086364
1059853
-2880556
-2462398
-184466
-4992927
544101
2320553
2290218
-156369
429394
-109129
-2448150
-2131835
-70658
-4875927
817013
2767164
2051583
36047
-597096
-331010
-2414985
-1274502
185539
-4710823
-47852
3303432
1827038
-784597
-1436016
150758
-2083528
-708209
317456
-4947645
-1072877
3211799
1990175
-1559335
-1872135
1543080
-1311726
-333906
185002
-5129745
-1117032
3295574
1794960
-1235326
-1821956
2997167
-1191541
-1088750
367630
-4808173
-510105
3323552
1361279
-421501
-1751508
2956788
-1643602
-2418321
705860
-4242137
-104662
3361787
1462779
-549084
-1934784
1837703
-1283689
-2804686
771534
-3330815
262894
3342631
1849879
-628596
-1511765
1150641
-761811
-2905594
975073
-2407688
675928
3310202
1633577
-214902
-1276405
723522
-867963
-3219078
1181422
-1838557
833424
2838038
848358
460848
-694092
483622
-1083696
-3420502
1001854
-1549800
780162
1761392
530871
1369984
112207
304270
-1467119
-3477600
679086
-1338346
1484171
1292730
301402
1624815
622383
-403288
-1856467
-3021891
717918
-542762
2546453
911175
-313368
1178238
697078
-858164
-1484805
-2872335
1188827
652913
2830085
242201
-628432
743455
132096
-1499671
-1106066
-2638442
1586165
1324357
2395466
108356
-291544
-119846
-121091
-1090607
-1239137
-2622256
1566213
1447201
2231505
19633
-117884
-368743
-162410
-744655
-1257619
-2676273
1372481
1130388
2315619
35356
-659436
486411
280240
-1380124
-1429616
-1824831
1223757
1063327
2266045
160241
-1067350
436118
378315
-1460913
-1143328
-1449512
1128933
1481514
2242004
-215511
-1667346
-304236
595499
-575316
-480534
-1519123
1133455
1589622
1994965
-870343
-2018071
-279769
1083899
101023
-184975
-1734492
1010975
1354121
1621408
-1584470
-1965980
-468845
1117346
394068
90559
-1070006
976142
1303847
1344093
-2117937
-2464453
-1138243
1525163
1867825
479455
-732768
1075949
923477
983200
-1958881
-2407122
-974002
2369593
2435669
-106396
-1356522
765426
268529
801114
-1576299
-1599403
-279674
2102671
1743938
-872313
-1310370
679904
275557
1133481
-1190436
-1126968
228096
1488880
517486
-992206
-864098
1454468
706801
1513592
-750835
-794853
448164
1222816
-1171318
-1688436
-662432
2132277
928212
1666158
-763352
-893529
-115450
435190
-2369597
-1396752
-327996
2032445
757690
1056227
-1627981
-948637
-880217
486316
-1253011
-130199
-356130
1458250
454212
821348
-2004084
-472891
-278296
714432
20253
472141
-1218101
1328052
325649
1096997
-1453999
-702163
-317110
158478
-424846
849251
-1138758
1660269
300334
653659
-1747189
-1105853
-628513
-239857
-347745
1467427
-819701
1620293
170325
-124826
-1784203
-527273
-162690
-409950
-944183
1391088
-120506
1427504
-17014
-229776
-922575
146860
-780237
-1114330
-1797248
1017623
1171391
1188409
-335547
198034
-371941
-158541
-1224415
-1483661
-1368843
1458983
1704046
872079
-481974
782524
-25333
-867750
-665222
-742710
-1153504
1468034
879270
1065319
-165000
1342960
530369
-1387934
-885439
142349
-1495770
791876
347367
1588634
226024
1123012
383119
-1494401
-1674049
290455
-1421425
197596
773621
1395247
-78407
632798
-463743
-1528083
-1724617
651783
-1033484
598576
1333223
911967
-502914
531474
-1030379
-1255622
-599249
1928370
-1137986
504725
1030057
1142650
-335630
506428
-741784
-107650
-71703
1911498
-1744136
-640804
354262
1482678
323413
681636
-368617
469516
-593907
378385
-2214209
-1184410
458717
1436615
458207
635330
-435809
-170213
-926567
166627
-2454060
-589895
710249
1239914
-78082
259195
-97688
57239
-1179052
553667
-2096475
-242246
678478
1181098
-156175
364157
275574
610048
-1242266
155691
-1199987
-244231
586023
811905
-135789
396498
-175381
558543
-626455
119000
-800346
-126433
406809
774364
243777
908239
-267234
819455
116044
291002
-1341242
-276922
-537828
1103183
752721
1101966
-381035
633210
-401390
-49980
-1567676
-396821
-321477
1111037
519979
373756
-897420
181124
-478885
-183636
-1121782
46573
695764
999629
-65005
-34505
-988862
-8562
-432914
547540
-709707
704592
706241
809465
-498115
213957
-1086726
148112
-727107
522568
-411523
1091747
53063
619793
-641657
359146
-896642
442871
-490958
-35757
-861951
1579641
-130222
870906
-302366
482534
-467794
874568
-848240
24813
-402512
1066354
-709321
918091
-119766
733241
-335204
1122598
-626711
-15977
-24691
561770
-1755469
846398
-181542
990747
-437138
929822
-202601
269259
-755963
190446
-1343085
865917
-359459
805208
-474489
313073
-433409
90425
-653620
166637
-672134
652008
-976408
473011
-49215
169972
-1171059
-877996
143528
1794262
-327466
500200
-1443066
998586
961928
302186
-1131161
-1171935
20188
2126288
-241706
697612
-1220808
1888375
1918073
278858
-1376935
-1185087
-638434
1210061
-585484
1388657
-529965
2554643
2041374
-105814
-2256118
-1281046
-1149033
271141
-412929
2076008
-160269
2482762
1409353
-1272904
-2836740
-874844
-1285791
-124018
277967
1897452
-363858
1543655
437640
-1602193
-2762908
-319730
-403885
1085740
372300
1397897
-280953
1252045
137451
-856243
-1821735
176023
463869
750274
-735117
1079901
-27712
1719825
279831
-705732
-1115422
324201
384655
-339956
-1806183
952376
-129060
1540948
150615
-495096
-650850
502527
156717
-711215
-2177028
835655
-133760
1294070
68524
143137
-233494
456903
-260440
-632486
-2146520
1020744
378467
1544302
159537
-400157
-747447
974305
-645600
-564594
-1907575
1321959
621697
1367280
-27644
-902087
-1261037
1835859
131891
-1132142
-2409289
1328770
597625
1262087
135628
-365646
-869798
1510192
-6040
-1877408
-2914916
1252190
581798
1419303
252540
-271695
-991014
745328
-1085514
-1605081
-1780137
1020940
288687
1365844
-245518
-377246
-903229
108796
-1633640
-1221598
-457431
-937954
779216
-1029944
521912
-933872
488678
-134352
1388221
-484156
484052
-916721
852471
-748408
536056
-860295
749098
-217720
851648
-700263
273979
-988448
1144488
-815895
418157
-585252
939504
-207481
800539
-964963
231993
-1067089
1211928
-829807
479371
-318197
723363
-583460
921429
-858753
456286
-1090416
1193350
-760317
869656
-377476
784921
-1046288
906260
-797282
232297
-983024
1069991
-846647
862979
-743832
720889
-1086850
1467107
-1010037
464940
-940921
1042956
-918935
764462
-815810
916193
-841939
1533522
-1304083
648958
-1157216
1003093
-797983
669843
-523160
1310189
-475430
1453166
-1650311
520918
-1272379
995374
-627461
582913
-249621
1399544
-388299
1218294
-1878819
741126
-863591
1197782
-440371
542083
-262925
1598555
-878780
541120
-2116703
1057891
-691936
1245896
-534360
384344
-487036
1817228
-1121987
660203
-1750230
1326604
-731430
848199
-889311
513252
-783274
1953200
-1369604
1628594
-1920408
2227722
-102389
713335
-1218734
-47662
-1144357
1643885
-2105410
2730697
-2644247
4023348
380745
692708
-1285718
-798818
-1261771
1594217
-3040562
3869884
-3494582
5879707
615332
906588
-1580031
-1050135
-635804
1386731
-3164068
4222614
-4167909
6430845
603067
1324565
-2116391
-827742
-176700
1771698
-3571768
4284372
-3957349
5931900
652542
1497313
-2547355
-535135
7834
2110448
-3978446
3751043
-2696892
4731080
747585
1696442
-2837670
-491192
324632
2143112
-3850339
2838667
-1846445
3590177
784453
1625184
-2865824
-337229
582280
1689103
-3200706
2209326
-603283
1970044
704331
1537415
-2843716
33850
758367
1241390
-2846793
1864998
-38320
1279990
592559
1697099
-2695056
-2154
587688
1173107
-2324778
1213394
183776
832817
552533
1887336
-2600629
81358
303233
1248572
-2402130
918790
808511
401210
492971
2102608
-3068565
309058
390503
1142791
-2164822
803721
1163886
-58098
446617
2243236
-3166826
518710
344177
1037796
-2274965
693250
1318005
-455353
319920
2308719
-3120424
876892
145069
453273
-2071121
820999
1651380
-522685
361921
2228931
-3258385
1087171
-211551
351239
-1666164
1118483
1263689
-446499
392523
2216894
-3170807
981098
-795638
667155
-956375
673922
998793
-379762
172065
2150522
-2921817
890889
-881976
959646
-480008
208519
1021663
-340338
-28222
2335230
-2539830
369563
-129698
804889
-101567
-740333
1596289
-1111245
74060
2563911
-2254748
-85720
491463
665730
-307695
-1526466
2023594
-1152114
-23393
2574090
-2535727
-128800
803272
238352
-172138
-2119398
2890874
-1095909
-250080
2325972
-2661931
91497
625101
-162550
545443
-2191612
3279378
-1123402
-486381
2131097
-2799163
222393
404405
115687
614720
-1832687
2748731
-822796
-565679
1912676
-2796157
-22962
69692
128295
63176
-957401
1882490
406333
-525866
1724666
-2366108
-13361
263006
-320288
-64157
-688173
1367915
974437
-415704
1403046
-2155016
421221
454675
-1025482
381991
-855222
1425706
972670
-37253
1112116
-2023985
654863
137415
-1245478
448613
-698951
1400833
715660
151867
649307
-2092000
981383
-191389
-921314
613541
-252167
770744
576059
-85707
162639
-2084423
1567323
-528923
-728133
528910
345959
207092
925671
-480850
-198144
-1562122
1591027
-928236
104002
529879
297424
-38903
1364807
-591274
-250895
-1285090
1007161
-994474
348875
197629
654302
73325
1276330
-645293
101771
-1164466
794697
-659332
34618
-441118
874946
355885
956007
-650116
177554
-1214479
1063533
-567716
-314923
-57893
796497
-153471
930723
-562002
-29153
-1261601
1115555
-228174
-336999
313934
492463
-442305
843013
-666420
-159857
-914488
1150883
-64457
-374233
27006
412953
-396302
998926
-792968
-112808
-671070
1352097
-197556
-483596
-265714
391242
-180020
982653
-795126
116925
-636726
1542817
-278392
139361
-380583
-152202
-288186
498343
-923903
358058
-479413
1655378
-305693
530813
-1099340
-23973
-52592
163864
-837278
424726
-589591
1434119
-464285
75759
-1040835
447740
577120
81165
-483424
538397
-785738
1274991
-621724
-174397
-826239
744021
429993
-356063
-668261
433023
-815607
1353863
-656455
-60012
-503259
872437
332794
-472053
-1127214
333877
-1145405
1173729
-662125
-33906
-69906
1616734
-54418
69523
-1274030
481603
-1266769
1480744
-825933
402395
-77808
1315467
-846319
635683
-1060330
824466
-1120498
1813491
-1043782
721746
-611654
779318
-1358675
1062764
-1056799
933601
-1030752
1471287
-1392137
918982
-852346
955519
-984893
1359212
-1171146
788439
-1040215
1697104
-1099445
883839
-245758
524890
-1206453
1393135
-1143741
816418
-764467
1633007
-870333
727554
-107605
559325
-1227065
1216243
-1091112
991514
-642404
989207
-1156986
921695
92019
688850
-1017399
935877
-1077475
1089118
-733663
547020
-637840
1103118
144689
921946
-1391422
443003
-989152
1069725
-1117684
638407
-49366
697735
-191412
671758
-1345837
823347
-1031728
1054119
-1406627
704481
103559
227255
-182537
575433
-1129644
922727
-1219859
904085
-1472163
805122
259669
50040
-15109
986502
-1152702
818593
-1245568
1064402
-1355028
915655
321963
111462
-401064
1541947
-1240481
336121
-1018163
1292546
-1144491
1189144
149634
90343
-1121270
1568087
-1420761
263432
-1005037
1169183
-1072240
1366986
-620257
172189
-1215043
1896648
-1608151
666470
-1055939
927426
-1145091
1156201
-1110999
569390
-833040
2332036
-1458643
647431
-1163557
757619
-1088844
793803
-751113
1168417
-955539
2290223
-1234208
371160
-1103394
733091
-729334
583971
-584310
1073757
-978679
1908034
-1502076
501998
-974672
917383
-838594
355950
-546149
866587
-805887
1843725
-1631104
657854
-887091
919753
-1035027
482717
-625120
807331
-1036798
1574971
-979994
633767
-789364
885299
-851153
814662
-729000
635413
-1039381
957365
-883122
507287
-1058997
474480
-972867
746869
-1073894
957208
-446571
1220374
-731530
650005
-1202819
543446
-794020
821211
-1129129
913773
-594546
1246776
-772940
734919
-993004
968723
-471949
832734
-759890
934616
-984186
817151
-1164528
256399
-871895
1147768
-667019
872538
-771194
861811
-582287
723242
-1308872
559615
-824259
1095036
-881800
1148435
-956818
920066
-827632
1185049
-1468379
1034480
-813534
819080
-994283
1189444
-1337099
1498814
-822152
773411
-1395680
1559546
-785193
710040
-1069542
835801
-1259786
1318067
-817589
840132
-1091806
1801945
-755179
764032
-1107071
907183
-1332784
1136404
-1358310
982051
-363296
1471917
-779350
828279
-1140027
1028296
-1099968
1121969
-1056990
668267
-794176
1410137
-814474
1093385
-1130670
1012837
-990554
1303262
-444174
669671
-1483350
933085
-720981
1448613
-1343634
714231
-484102
969330
-271023
231462
-1131897
934773
-807619
1433193
-1972921
582995
-317888
827705
-184107
94177
-638932
1398750
-938840
1295201
-2456687
746652
-206688
657930
-213576
498973
-359546
1108952
-1263536
1206014
-2510951
975702
209861
938708
-580367
792403
-319160
767265
-1472031
1374173
-2350210
1378128
193890
875670
-680174
1272773
-954874
427653
-1202238
1516432
-2017064
1559141
-66622
540289
-952081
727546
-1033473
961390
-1081863
1236431
-1857148
1196455
-323066
651967
-987471
693440
-387810
1304504
-1074922
806142
-1642205
1099744
-511213
420872
-645396
658892
219791
1071188
-969985
808865
-1403389
1214671
-782042
82679
-592184
602599
230278
867850
-915379
742655
-1389783
1054651
-650595
528060
-977193
779980
6210
885311
-1068873
425521
-1193690
975720
-359612
866556
-1222232
979224
-371429
1259501
-1088684
446048
-1058162
788235
-218848
376865
-1384359
1441652
-360335
1369960
-1077111
562389
-1153663
534786
-495640
425893
-1078742
1760906
87075
642318
-1100362
645538
-1139570
832741
-429710
401498
-809159
1622331
-302745
456763
-1076326
602950
-1116543
1154498
-491621
511943
-363704
1539547
-968072
138419
-151858
-252347
261031
-480999
342566
199830
1131495
667331
71053
-1031582
-217562
-343272
473370
-742870
-201638
-147778
1089650
1067597
419482
-1072994
-144942
-248615
812477
-664162
-429249
-22053
829955
623408
458504
-1331881
-48173
-139334
1037692
-515905
-230933
-47935
644060
422382
513640
-1178232
-127995
-36206
1045268
-222393
-108968
-442153
309053
37832
919099
-816782
-259064
-151198
1012388
133843
370620
-496732
28220
-19671
959220
-1019256
-237465
-237403
883629
-6245
428464
-414522
-229806
-88384
727076
-960838
-50522
-215302
952090
-153118
240446
265460
59235
-422252
191451
-1143343
-239837
-190986
1166498
-44248
-4360
650093
806468
-724883
-597422
-1406614
-436954
-442287
872445
-39173
-53403
706414
1395182
-797151
-1177038
-1046134
-3521
157662
994487
-96307
119227
689332
1353237
-1143139
-1670499
-1602696
80983
684870
847931
-164006
117767
899232
1383937
-972444
-1182384
-2058716
-170832
956839
123737
-837124
145266
1218424
1596528
-38769
348118
-2233768
-139640
1474203
-295324
-2188581
-660232
1988251
971627
382080
1781305
-1396759
28018
2069554
-115236
-3713694
-1573462
2207288
630366
-176690
2671288
-58705
27908
2590383
275918
-4462239
-1861352
2401972
846424
-980497
2424620
688026
45853
2849551
433524
-4557174
-1736505
2602337
952481
-1713420
2516082
1229962
-29430
2982174
259663
-4771142
-1197772
3208932
640877
-2311641
2010133
2286049
145786
3025710
352352
-4938402
-1030203
3420638
767272
-2753889
1385230
2274887
340423
2823982
297755
-4635044
-943351
3311207
947335
-2525967
996536
1872550
382374
2790275
207123
-4424089
-663868
2776798
1115951
-2187978
892130
1687745
593238
2959075
358276
-4607606
-636633
2731761
1094964
-2148770
1031038
1662170
591292
3302553
561900
-4789620
-402742
2537913
871463
-2333591
1250779
1846102
438289
3306017
724074
-5016926
-503937
2549830
759808
-2154296
1496076
2086074
580309
3380491
990213
-4628517
-701481
1950352
889379
-1790499
1506844
1878554
555858
3266327
852530
-4053276
-496221
863027
798873
-956223
1488712
1599994
582677
3095556
674598
-4165719
-183202
504754
994565
-494582
1386091
1267716
750646
3087480
891615
-4215581
-868015
1092606
1070364
-376327
617514
1510732
593754
3054101
1267682
-4310006
-1545600
1567656
1689329
-865888
230840
1731297
569345
2945048
1619274
-4236075
-1656755
1579928
1850788
-1106279
-352936
2391181
558228
3154747
1850816
-4110728
-1269230
1607361
1503821
-1131565
-933930
2934273
472424
2918457
1910217
-3913103
-923636
1369179
1257922
-1084871
-1182109
3094453
42681
2257892
1794911
-3463208
-752003
1175285
1592352
-1044256
-772591
2433030
-416228
1577963
1259175
-3102674
-616518
1337540
1777404
-315934
-487321
1817307
-547933
1174013
898568
-2969089
-721095
923621
993181
498609
-210099
1991614
-672745
1107381
663709
-2451345
-415163
22744
339940
1020541
290788
2108643
-829963
959022
206239
-1792349
383730
-603656
-413064
1069074
875363
1967494
-712747
672962
-137838
-1354244
1045553
-901141
-786877
785284
1120642
1725062
-576161
383421
-441133
-880455
1531183
-975535
-788551
777534
988704
968457
-738849
-186820
-523023
-150011
1460648
-542407
-397138
205398
744975
1110443
-935105
-857815
-588845
227369
1396514
-129586
335495
295645
549015
846657
-981779
-1070766
-713088
-193586
1422909
-143825
108539
836578
1045617
557007
-868480
-930313
-683695
-258484
1428986
-341277
-657888
1135320
1354091
536208
-738805
-950080
-698038
79571
1715515
-356258
-1090301
515056
1155022
652005
-608660
-1119258
-741217
308296
1739093
-221968
-1009348
224617
895850
772895
-550901
-1347707
-629488
616660
1965253
-358218
-1208695
-115946
819481
863551
-491227
-1452697
-561873
796138
2111645
-735224
-1431366
-1074920
958128
1488732
-324234
-1059459
-355152
850525
2141053
-188809
-1648369
-1857402
684021
1377626
-337555
-746713
-124339
794358
2153031
99027
-1310772
-1950827
452754
1188859
-440844
-614782
-194714
401444
1843673
-260038
-1146900
-1019451
637348
855562
-253287
-341156
36388
277088
1439884
-631417
-1039091
-305388
976950
-73839
-350838
-348813
450181
327039
1612815
-502792
-835550
298819
1106236
-931249
-782006
-828760
435853
366294
1390231
-707492
-408741
403599
1569554
-341418
-743999
-1107946
14166
445060
1387653
-929276
120949
34810
993580
277329
-468540
-783570
196598
462775
1511271
-609327
-129768
-272507
101639
224455
-370011
-459483
418586
368365
1139895
-804572
-169884
-413259
-457885
209431
-435788
-570916
690312
455021
989240
-669171
103367
-21968
-819506
-464333
-421910
-623594
772520
589417
770371
-179980
604790
-82715
-945884
-1261787
-243593
-428148
842356
153683
470764
-48544
785069
276558
-754852
-1793327
-150981
-327479
611658
-341918
880780
238412
469772
801652
-649291
-1753692
-286758
-374957
460367
-603835
1361256
639403
-325004
560574
-49940
-1565165
-365324
-540374
462476
-686498
1348197
879345
-544232
-132079
214571
-1302531
-353034
-669427
339871
-611109
1248171
811473
-365462
-106985
449700
-1478401
-352489
-600831
251768
-571271
1244341
283024
-495934
170555
1125720
-1660678
-243828
-302974
575439
-271751
1124543
-4180
-559136
-48913
1387600
-1782442
-121336
-341921
673642
123816
787393
-398023
-234502
-109282
1097359
-1579154
-132882
-288499
583091
142109
547751
-178607
-105015
306704
1247248
-1541378
-388261
-511850
443943
-201793
376135
431750
79543
216498
1482696
-1491660
-572266
-610609
625812
-342993
368078
639368
579969
-95872
859322
-1269418
-362104
-541101
482997
-386617
57809
218913
810090
240156
579552
-976055
-248783
-633519
227177
-254566
99061
-391752
544073
426273
723805
-554911
-91520
-654911
411260
193583
471848
-480464
414910
34460
481664
-959588
-353924
-1020252
220211
145632
267906
-543934
667343
399229
632415
-698027
-422031
-1065696
119819
-75893
160293
-382622
106582
352679
861762
-489882
31074
-453783
427797
-43251
430746
-487474
177497
-465766
204615
-690564
121853
34129
537450
-244234
592593
-504079
408506
-347641
-282623
-1001749
-104748
28914
586525
59791
347652
-265065
631885
-584038
-222857
-614191
-227615
-162166
488890
-31756
327355
-191211
1178653
-409068
-490934
-243645
-303922
-404688
195744
-193807
278285
-377591
894074
9395
316621
-87616
-216405
-412948
159201
-455616
455315
-640301
287236
-234384
765999
458690
-100782
-294001
134433
-645782
489737
-2750
170968
-811687
-434314
538277
-68451
-42618
266813
-1223002
720185
542105
639158
-567175
-1311460
-235326
-60980
232853
402128
-1640632
977727
1223123
919501
-541845
-1587050
-711111
-297508
133271
198543
-1926076
1071356
1269526
814417
-287229
-643218
-812168
-380808
-170750
208006
-1975375
1334336
1440269
548874
-618838
-4485
-644209
-566294
-507647
268728
-1708884
1393892
1521683
295311
-640546
278573
-624127
-523583
-697537
54357
-1165431
1502867
1183580
509978
-665846
179905
-313531
-68424
-339695
36058
-681182
1547923
863019
134354
-819333
-96597
223352
110251
-219081
-38231
-729368
1370584
682729
79601
-681725
163155
734271
-27030
-433201
-131430
-779856
932529
71345
348243
-55711
687618
894194
-32284
-348022
-52960
-489899
946023
-180386
-322006
-217819
1249345
616557
24530
-352522
103716
-195136
866528
145252
-829245
-901322
1816264
824153
-146848
-710628
32612
-207082
1228359
642674
-701259
-1056818
1433645
1259352
-125088
-785109
-20227
-229103
1096951
634019
-384397
-799765
1245085
846588
47775
-631513
-127735
-498401
829932
175503
-63610
-145811
1347785
192150
-10137
-682303
-18117
-291271
1025114
-211872
76709
372275
639326
-590114
-308771
-7771
-179102
-89385
-909440
-807683
-504091
500596
1135955
873913
-116218
275258
94636
498034
221476
90418
-456723
-28097
-327416
27755
-221714
231516
-64028
388521
241184
266425
229757
274080
-235615
-58200
-424234
-33113
-211503
542324
204491
341038
-428706
-114896
41988
290235
-294671
-44639
-112190
726948
531262
586351
-509773
-263799
-979336
186465
-65822
-44346
-521556
22790
-259645
129508
-308652
213389
-147365
682093
-74615
175131
-294841
-140114
-201950
292078
198294
343512
-130353
-661
-706340
-309135
-400386
-15711
116423
778774
1229707
1296878
-110769
-108749
-651539
-403549
-228664
367033
257463
578653
679149
986806
-252404
-348015
648700
779000
317961
658039
282139
514267
-187225
-63432
-1011935
-1060427
-237411
300277
124196
256682
-239395
155734
-229452
779170
-150486
155168
-794641
-874308
-764609
-334668
-789931
-26952
-343112
1566471
296846
2077812
-62196
-163599
-166058
-1057483
-1713068
-1327870
-1869598
840858
-95416
3351575
-195959
213845
345577
-819545
-1823237
-2003663
-1648255
201266
-606517
3269526
-345680
319666
391730
339999
-1298543
-1160684
-864189
261921
-1012110
1581672
-574884
-16161
228520
765862
-693148
-197987
-356605
906273
-572053
231615
-384409
-49519
41217
618693
-357677
-387207
-214741
217743
-279161
327788
-61874
146760
165601
308017
-513650
-180713
420213
-115876
-682390
-625580
-286420
36918
214773
616825
-504690
-745776
365557
947653
-176100
-580486
-278683
-110153
77130
781745
-232541
-441912
103132
528982
130334
-216266
-187046
279986
326985
634301
-473108
-409184
-251644
324419
-9097
-382248
-462559
287106
351440
983522
-638412
-662315
-368367
181055
42797
98340
-693618
-23125
53223
773066
-571238
-371633
-73956
369801
29315
55343
-304883
225906
314905
1026089
-549514
-629473
-325695
55255
-204170
-256938
-712139
-246002
212737
1318690
-271544
-968011
-739367
179664
170273
577141
-512432
-139263
-196432
942714
-597926
-443515
-735346
266399
209598
507822
-148981
424878
244060
502318
-1012421
-448525
-125247
224718
379913
-9468
-717793
-162716
328322
574821
-388548
-717402
530286
289188
651004
-398439
-633651
-27645
539824
927696
22967
-367876
366778
269214
106933
-864507
-350050
377747
468494
1304944
341700
-504398
-119952
-566082
-134962
-1000904
-578451
-87524
-33533
744584
-127091
-766872
120599
-728686
408843
-310341
-767789
-368975
-535652
562011
-502512
-525139
11083
320243
645640
-46923
-358683
-536879
-813681
225925
-552982
-81502
-142864
1043284
153113
295591
284143
-204546
-733337
-546509
-949898
-1212180
-655016
295562
504684
966344
87665
-130292
-311323
346973
-57523
-915851
-470575
-749313
295156
332986
-142321
-589238
-404181
554078
189727
-265465
-476852
-760071
332452
475911
304058
-91322
-295012
196064
-103684
57287
-688273
-812483
-103705
228120
182428
-205960
-762608
-40931
-556152
412729
245229
125312
-378624
331242
-228831
-698517
-843664
-252163
-461598
608552
150091
327397
156399
517374
-526324
-1018307
-822966
-544407
-211024
944873
800624
573833
105682
330764
-95882
-322743
-919613
-771049
-701568
-147539
-21990
850686
601615
438145
217020
325818
-272929
-100036
-321463
-340782
-541550
-395482
170546
603144
139060
-9517
-241543
10285
-129407
54226
99592
-592600
-216201
339717
83248
-209652
-507154
-378147
64374
850851
543210
-88802
-645069
-197826
-53253
-103197
-332803
-83197
100075
367858
315985
-155572
-465764
30536
-42012
56141
-378274
259034
57342
680249
-144191
-618470
-400751
-137792
300928
442879
-101777
276010
342730
1425947
323135
-439144
-1356946
-1097002
-180013
169666
124064
312360
427996
985911
458031
-197611
-922772
-838064
-237742
-88974
-320120
-42909
-539810
-271003
40575
280775
239574
404968
369060
463921
98376
23291
-612951
-339450
-415489
58471
233627
-131661
-407552
-175943
-361037
67268
-111607
92658
32844
587290
398785
601891
-1123724
-952028
-1434274
-566503
-705005
196777
472533
1150896
1039226
1669410
-474134
-488421
-817277
185991
-227485
912778
97814
143591
-551932
603778
325513
655031
74312
550762
241357
816300
-222636
-400851
-1451646
-821578
-17625
349784
-62089
-29347
-508503
10832
-83472
-48605
-90442
181146
-378001
-250215
-327698
373090
281001
610254
655111
353316
-457540
-385331
-427097
-168048
-140980
424183
311978
653154
277588
559024
406990
-389355
-60687
276118
-107116
-275224
-435145
-65375
85020
931727
458984
137737
-230324
184872
-279499
37484
-124984
154937
509296
890323
559624
-4215
-135481
208897
-513493
-82652
-7739
114193
67589
-301077
-34990
493090
89416
177985
-499516
-278506
-359124
85552
30452
-294205
-339285
574925
-182820
-239195
-725726
-228160
-341552
307150
532612
685587
5200
250350
-280956
11634
-385225
304549
19097
386942
165679
687508
157662
120728
72106
532042
269447
950242
259942
314136
-807571
-460700
-975829
287894
-105381
160762
-8146
451681
-483599
-8817
-586660
-130349
-429422
817345
-315439
-337943
-710362
-321492
-616760
-103430
-92570
929549
789339
692493
-788132
-619636
-635858
-499246
11221
488059
516262
951315
498757
930745
-232057
91602
-155668
53249
-147249
164496
149702
169400
-743898
322588
288158
345286
-217592
114817
-507546
-121871
40056
508712
-37195
-186396
152911
188819
-289491
46006
-379526
-510160
-638759
-141908
401541
515831
215887
376545
42327
489769
186176
195048
-628598
-659921
-841316
116517
-480263
-481037
-1056822
-620291
-665543
438739
282093
1040164
654046
764252
-22408
-3717
-358743
-43988
-63394
-96146
-324846
197843
202317
304392
332307
786261
460483
676022
656897
669811
-114317
-781475
-1214181
-779495
-263356
381921
-2625
635282
-191282
483023
150319
487888
-754968
-11799
-526918
-68644
-36568
378023
-283078
315196
-258743
546762
25171
340975
-145109
-256571
-458642
-101694
-280385
351055
96951
172876
-112964
417900
-120524
-160667
-623073
-406270
-743748
-301692
-366168
603431
426330
525111
33009
175736
-408366
58892
-405636
-306814
-1058134
-314507
285042
956931
-46899
255379
-187637
152871
-12491
611305
12424
-284593
-844081
-42942
-65966
423248
76974
200372
-31036
531663
1337663
709867
-667056
-1337504
36927
725590
58785
298278
-330715
-72432
275141
582730
280701
-602315
-94998
34160
-722109
-368784
-1092544
-354948
381413
646822
575330
658298
-197274
-225391
-968372
-468332
-986963
-199432
-202489
753170
975138
829462
-699377
-452229
-1154933
-67102
-96910
784534
741168
912294
39373
407323
-570486
-274462
-534594
524926
12233
583919
641225
611826
-341164
30698
271352
512714
172647
661181
127652
201474
-527790
-593843
-843381
-197738
-254872
-30488
-288003
-225887
-497373
-189401
-122129
-95026
322980
590941
-606011
-242946
-476557
-209286
-726013
-345837
-38688
209427
476888
816848
48626
239885
-55202
434867
-464739
-461377
-906069
-137828
32795
360004
-90637
-66857
-280547
-161487
62457
613133
-414637
3263
-546871
449305
-655621
-550409
-650551
-183472
138908
662261
502023
106658
-720809
669331
-344111
-103871
-556041
-243296
-404520
68784
72322
156334
-94911
108104
-160036
98648
-445780
-372532
-779700
-428897
69728
1022962
574842
439690
-391108
116486
-185233
368575
-176702
162108
69647
396181
124487
232697
-163171
55062
-293563
376546
152751
629391
509434
682419
-10292
-740001
-635597
255923
-681351
-24867
-802051
398108
800316
1093602
-69087
95555
-782471
385820
-359851
-203865
-642654
141468
-189298
1053060
-32188
377127
-641764
489358
-342188
12669
-389132
349447
-263850
645662
-35842
97140
-599557
496704
-256253
432768
-400232
223535
-388581
771951
374337
73522
-695596
494272
-192408
745822
-390843
68315
-725408
850712
-77303
458752
-745496
280121
-403520
796659
-148414
406906
-403993
927299
-531805
333258
-722282
321761
-431521
404965
17428
590203
-596260
543826
-625130
178886
-617883
477559
-173447
212587
57787
1158962
-305436
293285
-1130452
360449
-860966
313412
-21460
304012
-300089
1199567
229152
301190
-1164581
529896
-700494
122693
-469383
381079
-266174
1170414
128474
335318
-1022953
580215
-224613
663533
-330270
402057
62554
1261328
-76417
871899
-1396988
-26030
-225497
530179
-318825
564442
-258373
1572620
-252937
1793562
-1751855
687424
8289
202988
-992614
-422310
-381581
1353466
-744087
2957032
-1298808
2237068
38672
630630
-1112302
-1614807
-566471
1110463
-1657163
3083432
-1178903
3519724
34211
1084883
-983850
-1701169
-1248907
844534
-2026737
1862198
-1069373
4115797
-43317
1270849
-845858
-1219310
-1367119
820099
-2147184
1524673
-1103655
3298724
-76084
1185559
-919886
-868977
-1036038
497716
-2004207
1193259
-154955
2588019
-39140
1228574
-1177458
-959559
-496854
822897
-1837075
287117
28628
2507531
-82241
1285059
-842762
-938182
-630165
603734
-1092859
524803
-414426
1389890
-14741
1045789
-666137
-432453
-930648
411766
-607734
575789
-190034
767311
-30901
1340228
-913031
-537346
-685880
466806
-627970
321804
332586
614387
121625
1759085
-927448
-622013
-687871
533993
-763155
427915
684362
349468
-37800
1811159
-981975
-335678
-487869
483709
-796391
82568
790072
292682
-300250
1824957
-832614
-402526
-706126
370298
-824955
201755
937308
251759
-81509
1791359
-489507
117780
-1178599
-170721
-298026
508236
733168
214205
-178299
1465397
-959689
755425
-1193912
-351486
-276041
654561
210456
488081
-297408
1624233
-1051753
40195
-810647
60566
-239942
10238
625253
227169
-300952
1728031
-340482
-465803
-899410
340006
-125355
-492965
894482
263386
-439821
1812978
-111207
-589555
-1020058
402707
142045
-917540
1118719
131796
-305306
1828259
-323148
-319332
-485942
-231418
217555
-1087514
1472525
216475
-422886
1831340
-305140
20396
-53779
-601786
580594
-1173005
1511018
131954
-751962
1687242
-258473
114302
-344576
-260379
611431
-969434
928103
-20455
-1001837
1095937
-369438
292757
-513895
113838
304823
-447512
502655
210438
-1004337
727214
-767803
-178731
-444503
-239283
529392
256648
699603
735733
-614667
829619
-754022
-237463
-514318
-1168057
212638
184122
843702
991548
-366607
567102
-647270
289936
-658427
-1553817
144933
117584
1101929
960604
-241969
299004
-1041484
404070
-310780
-1301362
-348930
60001
1029044
747886
-243733
29091
-1180851
763135
-188384
-824609
-332208
-167952
200681
1117588
-334949
-186090
-848411
828474
-525710
-520340
-209585
101134
14413
1068849
-598402
-438686
-561526
395051
-556400
504856
-203072
-379203
241569
1220876
-747508
-697381
-1112217
106381
-462918
475522
216262
517455
272060
973539
-611429
-392069
-1430786
-121412
-238879
-490040
-34560
1240828
526089
635722
-477329
-338296
-1140143
12217
-236177
-430727
-193964
590134
475022
1058827
-431030
-598834
-976401
280868
93895
-11017
-479197
-110727
141140
1226978
-469305
-502441
-834242
286052
15998
-218408
-132060
153329
104868
1106816
-566737
-431790
-830231
552755
-155461
17046
-289770
19784
235158
683722
-487483
-377185
-887181
666980
216566
465702
-909362
-831233
177458
720277
-290954
148851
-601323
536553
464160
763776
-930838
-606915
-49349
188328
-284014
121977
-728317
580577
250373
743042
62759
-138748
-235925
-250656
-298108
-27353
-825611
469162
22615
344678
6398
211265
-398641
-420589
-401922
310190
-436149
598780
30221
88866
-289449
635053
-303642
-600797
-760956
251380
-615440
686910
82264
371855
63197
921787
-321237
-49132
-1063817
-262036
-785462
804902
-546971
592617
-396375
380891
99996
1393093
-795048
-263174
-1145208
792939
-567515
442229
-275627
160748
-242941
1545921
-649900
161336
-992257
511629
-110365
702037
-141230
413197
-702060
885042
-752149
289976
-507398
797158
-260520
473469
-70780
-113584
-1106992
922372
-793621
140924
-227496
721919
-331356
596636
215982
430585
-913095
12476
-734495
138953
-484216
217870
-113238
1233893
367966
641039
-885414
-488984
-609571
353700
-627721
344283
172131
739264
375703
636788
-738924
-340722
-671067
318755
-872671
427171
556968
62008
133416
1046122
-262978
308059
-846611
324193
-854208
216126
643595
334037
-318489
933561
-116883
273428
-893326
272681
-606245
183364
247834
661577
-109094
562658
-326681
-104690
-573972
329976
-822479
323658
-33017
436689
20121
1010661
-461787
-258792
-483651
391349
-923928
521166
-127781
7699
-533750
1514536
-331139
145366
-652016
530156
-405603
598290
-468825
648401
-399473
1078383
-441585
168790
-534532
232480
-412363
660788
-463434
817710
-141648
798321
-574337
-167077
-535515
183459
-451269
426938
76366
555853
-600163
1255390
-458082
231668
-909618
174740
-595675
-153418
-212191
846963
-578785
1083269
-251614
792259
-870571
111198
-632551
11297
-362808
961410
64195
676131
-367411
312338
-527170
63111
-648371
284097
-605901
156986
71091
1052255
91005
317775
-436328
136522
-547597
511408
-640390
-141280
-412887
805269
-207011
794532
-662958
89296
-410782
578386
-395791
744826
-284912
591492
-417435
112609
-743182
98
-497375
199443
-654236
163830
-187987
862265
36365
261445
-450202
295688
-621819
46144
-336030
189298
-831812
460631
-154709
585305
-61015
655133
-672223
607074
-383466
642543
-349965
131309
-881718
608379
-273626
649192
-396146
635856
-466409
596817
-123654
671569
-1180270
407132
-635326
313775
-268669
667445
-457784
1131146
-428277
98558
-488910
704968
-568814
165645
-528789
503333
-565512
796226
65145
524526
-449814
765066
-542788
164410
-825264
507236
-706942
168608
-524289
1189326
52573
525002
-505756
317819
-725337
342714
-397198
273761
-912435
164790
-74257
1078201
-367039
578834
-758284
33549
-246516
884186
-70259
-659851
-1434834
1037617
-374596
900114
-1022639
-29145
66309
628320
201592
155671
-1007486
114986
-443378
851341
-1064181
88594
146362
794915
388443
402056
-609092
-24405
-708411
656095
-1159776
109890
-190767
649177
-23561
820060
149541
-154292
-807220
693213
-1208165
182954
64177
494061
-354061
815636
39690
-299
-924349
425696
-1146608
209132
-410810
653757
68143
807812
-403550
685624
-646519
172566
-1232618
358307
-492909
570520
112996
585505
46561
865590
-362464
250660
-1158242
432504
27519
558064
65125
472897
139275
546308
-649604
299946
-929563
213912
-286529
502997
207820
417201
122108
667070
-711426
147591
-889364
239069
-902204
87543
104802
713265
249757
721150
-575283
90915
-761450
312274
-117479
251118
-1141999
723611
124828
725924
-686217
89151
-515504
354654
36344
488646
-1275750
165793
391245
1303950
-817468
-90805
-790513
99492
-99843
606870
-423364
275290
95935
1081107
-701985
-109470
-1011867
-42072
-170340
576098
-97132
884448
-422138
345672
-635777
130228
-952000
199401
-543644
141228
-95010
815657
-140295
496392
-818173
-10737
-779697
494649
-324662
141293
134559
807260
-698515
53411
288730
62572
342760
-103964
-272040
-933288
-197617
119809
367513
119988
418270
118272
752719
377640
436662
128
-291609
-781588
-570258
-664874
354392
-7004
433457
142880
440428
400994
147990
-713541
-461537
-577658
265359
-139670
139078
85361
418626
-19314
-157520
-918196
-185090
265112
291976
-132575
165241
187928
638175
-37323
-333477
-946469
-358609
-72760
462951
-74535
-86408
-531390
-101703
-493414
-29452
-199746
210839
-8467
459221
-92914
2681
-628980
-164553
-21385
591708
20958
227349
-379862
23490
-300453
193758
-236521
6533
365326
1039830
150499
-123690
-681251
180805
-217028
209063
130344
59853
-178113
561687
-171374
-284381
-508022
1049393
686902
577724
171813
89462
-721706
-453309
-1158721
-723718
-595113
303351
169253
32868
-621113
-292688
-771800
-452265
-441148
763691
525280
-368901
-482532
-412605
-773955
-388941
-804225
-264162
13610
1599827
849663
300372
305013
-58837
-976940
-907862
-1359788
-877275
-1037394
1414918
911885
294671
526043
535907
-704926
-794675
-814023
-467768
-1408603
1218631
114110
114570
186518
726142
276244
264220
206476
955544
-1357776
230806
-1445704
111771
-186099
457329
704888
1127787
587628
1479239
-1074606
172549
-1944339
277205
-394150
132644
523877
1423972
519047
1051820
-1103858
196212
-1496743
490280
-231736
126304
256816
1171522
464927
968440
-1020401
-507251
-1242717
347072
-570201
86247
436834
1035925
220823
735535
-72288
-1718
-1356066
359488
-721044
-27556
843040
1192757
-238673
179354
99494
280196
-1087097
370196
-475006
67809
504062
905800
-168115
129604
-334287
-112438
-654160
69226
-471341
327818
309518
716735
-242756
-174091
-378227
96285
-112392
75758
-763791
-9325
81650
748690
27489
230435
-85421
14147
-149616
357032
-783291
162499
298123
827969
-75630
-70233
-330502
-358894
-373339
96513
-1029689
7427
528516
837642
-574965
-377086
126273
183659
49379
411610
-828766
-395472
80009
950110
-379750
-3312
567119
61036
-548052
649992
-566299
-59819
-425763
522818
60314
501860
311323
-324914
-873671
152590
-1058440
121856
-83265
451576
539292
813604
258183
-574455
-473122
238158
-942599
187600
514015
666274
529922
536788
-54655
-1143535
-642962
517570
-540963
70881
287822
853903
372266
-195068
-487849
-1309236
-183924
374063
-945631
-607025
-251608
722634
161066
-688627
32527
-645777
631526
237952
-1298267
-700264
-260887
384627
212113
-248415
927234
-65205
183035
575546
-1187894
-762072
-194914
471969
413656
-45992
701286
-114571
-561345
791470
-825514
-615570
-355901
217384
-156915
-658355
120087
100063
-51859
421018
-517515
-38336
295175
936966
285999
-764334
-178585
-197109
-378322
122389
-522027
-45142
702100
1327231
561129
-658900
-226233
-247930
-448400
449748
-43494
13383
188840
766162
517367
-386899
-112381
-160360
-604690
413438
-159535
-208295
-253356
651648
870223
454988
363719
-348763
-1129949
26884
-609987
-175589
76225
656502
539313
565041
458731
-110385
-839409
-104413
-498853
272018
319441
357299
554564
933966
210946
-247777
-848144
396171
161494
465526
8278
-76154
-149843
270648
-16637
-84802
-535716
598819
743889
983067
261377
429766
-336110
-796921
-445113
43547
-768941
361039
477287
932598
384905
468840
145678
-250013
-498809
-526267
-843797
355905
197522
478257
235566
342566
591590
519370
-319739
-811721
-975327
229909
227288
643141
477174
411666
169435
-38577
-430670
-522674
-687299
266720
344197
787805
491677
157433
-371325
-242886
-295258
-110685
-385967
474956
516011
807293
244855
255928
272699
474929
-491844
-748417
-955480
-27671
306281
892722
101324
-65727
-152897
160940
-231817
-162307
-161386
-88626
214478
578998
-387826
-868756
-1229831
-146647
765757
1079112
576751
499796
477736
531533
-401595
-729515
-1145735
-119328
830940
695158
-173386
-122121
-209257
309258
-238572
-187426
-315439
107789
690860
814259
-127330
-488425
-690455
-110658
-602712
-374176
-258732
516606
918216
1007687
400242
360257
-28264
421090
76706
218726
74035
582580
-429125
-812430
-676048
1034603
837026
1082451
409317
434023
-350995
-67315
-1177477
-1368711
-1096960
604608
529180
698335
-575272
-388536
-745636
-58785
245
143805
-359058
88512
-144735
472819
-128417
200800
20983
479016
244044
28035
-797802
295094
-15125
599515
171824
146602
-362864
31179
98051
371182
-588069
592267
303062
485882
-569502
-893291
-743209
28275
259303
984639
-99237
430695
242393
234566
-603842
-244729
-97562
267525
-65307
216082
-269978
468895
99866
122944
-491388
195018
-129084
-756304
-958741
-75303
441028
533754
-60269
132884
-555774
-211427
-87311
-698236
-978196
79249
433984
169737
-470353
140011
-99945
-201034
-927
145112
-330433
429772
71135
163612
-62182
517519
357718
137794
-317547
-39715
-322307
248694
-166455
540531
486206
863936
462492
378582
-599849
-887271
-1165464
-146737
-170643
322682
-82506
448163
-39893
-369911
-1025337
-351307
-640710
367071
410379
55952
-441229
-87273
-553697
-572805
-669870
820155
412585
835884
336265
-35218
-331235
-96309
-425182
203579
217477
675641
16599
236540
-146801
404022
222809
669766
68023
27108
-70507
134852
-877316
-585575
-552728
771571
351482
485339
-120119
-333938
-626728
263549
-597519
-356410
-475574
467980
57609
139573
-39406
210032
-645682
-290933
-565599
14553
235039
518541
220324
381317
266992
631743
-324966
-523732
-849489
-531512
-272353
-75849
-583439
-323954
-521110
23989
39397
686758
311269
502255
23152
188817
-98571
372383
79890
352118
-107398
124103
-357886
97084
-296527
507720
618385
1071353
498979
651406
163058
-178392
-1077953
-1024662
-936887
11366
217330
431007
-203941
91924
-42607
421841
-222094
-194324
-244063
-54070
-145203
218769
-250820
40087
-555655
180180
154062
479178
-15841
180331
-369114
-42863
-516605
-147338
-230881
384253
-294946
256342
77817
213994
-274450
-143292
-559427
-157574
-605870
77914
-236878
479324
498158
382211
82890
227420
-270920
285478
-580440
-588710
-393416
647402
122463
300843
15791
408412
-82372
625768
307401
259562
-610274
-260395
-608764
209567
110695
683953
-91250
209622
351496
1153579
415676
-659947
-1435276
336370
194579
612045
-322564
-33417
-143341
138417
101134
95952
-616024
66833
-443657
-55074
-773852
-292077
-374344
-339214
44773
1035865
675037
42721
-740144
-130512
-364739
62989
-99400
-147183
-239869
787038
578556
-176574
-775127
244027
218742
873804
446807
-66411
-527980
393952
23513
183751
-310026
799180
782525
870247
-34253
-98090
-568903
-522828
-662581
890623
445930
1090956
769846
358267
-970811
-967181
-1364515
-683326
-175056
389856
88789
325632
-240950
-97922
-810375
-562981
-456595
414170
698306
144116
-215795
334484
-119109
-139688
-706769
-280655
123935
516537
312254
549237
170079
761458
400513
128552
-809350
-560985
-265702
827
-435527
404994
-27380
324192
-21316
339394
154458
7452
-362329
51780
-612142
-37428
-413391
132594
3107
488976
636875
553030
-565183
-225582
-376969
374640
69817
486839
116944
-105080
-582243
202904
-145775
41380
-247747
546015
285872
441464
-217546
-353325
-634367
324791
723542
621456
-832870
355247
251188
675246
398462
446845
-258771
187011
108733
-47473
-1087861
528830
164214
582262
317582
584946
-67973
270798
13806
-335138
-1321744
652776
140877
372859
162823
324336
103613
-26189
-1008881
-738932
-418639
601354
395817
304344
254805
312942
88513
-378494
-1407210
-813461
-228341
553752
148741
67880
-126536
699949
123632
-442019
-957030
-1061105
140608
668722
245621
-125486
-217770
101790
-173550
-129665
-925889
-373256
-72126
637265
49856
-204332
-571371
-222013
-318905
-104960
-274015
13195
38453
690835
280813
82050
-326546
-126652
-173938
274346
-269932
-648274
-142009
526016
7998
-200384
-570413
-488265
-388437
214758
-209559
33999
312718
861179
569473
285391
-111674
142000
-628281
-522184
-1102327
-411570
-209891
780027
374530
-110509
-643979
-362063
-973197
-1008683
-884699
270496
1280687
586257
161272
-81338
-525991
-226035
-1074556
-1193355
-1086666
899429
1161710
798701
112699
-478901
-632094
-422941
-1109940
-1374475
-1043674
1140453
1403345
635918
125314
-161435
-259903
464595
-968042
-732013
-1014021
932317
385794
872640
-167032
-122913
566999
807068
230083
-240336
-973828
234
-439563
1110994
-353787
-20115
1100515
2286521
358278
487933
-1040457
-288411
-1847198
834665
-714440
-557610
1419319
3089851
850500
902542
-595205
-533842
-2366493
1145607
-888576
-637696
1980163
3225265
856671
632991
-1180501
-265415
-2942633
925831
-1243630
-965061
1734307
3058374
609207
316871
66773
-378249
-2634328
1066156
-1465265
-828797
2051885
3027485
-260191
-38377
-369105
370865
-2608625
942227
-1564663
-1131178
1750762
2725661
-80689
-374039
110020
146430
-1995298
679531
-1498478
-829554
1805598
2526743
-678937
-453943
180925
-38713
-1682751
707871
-1885122
-964935
1514381
2019218
-128855
-536085
125686
66249
-1281015
735151
-1642964
-1207173
1344344
2261676
-327607
-469692
148281
-88155
-1448036
847016
-1927627
-1251930
1331143
1980336
-204031
-605333
517494
-188955
-1237055
786471
-2043865
-1563880
1226999
2135681
-121330
-127072
510464
-179686
-1508179
1102920
-1712221
-1382623
855199
1868583
106140
-198757
646095
-629832
-1764609
835006
-2067301
-1274386
668638
1796865
386119
662071
394598
-554082
-1614083
1045542
-1977736
-1461172
1054007
1585229
1050110
95913
219503
-1564366
-1348399
812908
-1736438
-1470479
632316
2096056
735758
51937
-453280
-675966
-1510966
1003888
-1956348
-1547976
496721
2136189
706632
-697701
-310263
-851940
-765041
885222
-1776134
-1970737
284298
1723608
696906
-970068
149073
-95816
-694387
1183452
-1845847
-1989148
541226
1811599
404448
-906991
344603
12822
-818743
1037361
-1688489
-1771832
427428
1579051
301390
-500626
236762
399572
-1038862
1037346
-1043984
-1162526
890107
1589597
654081
-895178
146932
-354846
-1267559
824308
-1053195
-622209
1163687
1835975
1139139
-713589
126630
-635630
-1359079
853687
-477185
-352704
964377
1606376
546780
-216656
-111941
-376434
-1440059
724548
-262393
-23052
1196156
1506344
1081202
497842
121809
-750292
-2144662
712104
-413644
189812
826864
604116
787755
767524
358074
-476863
-1780621
598950
-15402
573220
988634
787626
809285
734094
372504
-826921
-2280225
477299
170032
893157
1049909
72550
438621
784146
32251
-913185
-1368177
764881
844923
1701512
1092333
188503
-68804
-175
-289418
-843498
-1735137
653380
1045142
1890150
794622
343322
297335
-92042
-761457
-790220
-1691759
719148
1151145
1607779
1021816
40738
-154048
-93117
-286009
-1065388
-1592521
575623
1079399
1562382
1033262
286590
-204052
419993
-380405
-1096176
-1722392
447039
919744
1644329
905525
-366573
-422933
119744
-308029
-574420
-1029508
400092
895146
1595119
671600
-338725
-301790
125046
146240
-445936
-1159249
310071
1036398
1650784
392938
-893067
-1203276
332048
252408
106411
-594781
53166
802386
1222589
90357
-1408127
-938211
71251
1044773
711527
-505079
339097
778482
1114352
-253498
-1398273
-1507600
21857
1003904
920025
-195892
186732
599410
876974
-367996
-1111195
-1217294
167134
1561554
816792
-383227
216678
261858
476473
-299265
-1246984
-921371
704105
960916
590032
-250170
486507
455501
814070
-156669
-653473
-427449
504910
490617
-495566
-811862
687541
834995
1073676
193669
-361339
-418802
382046
-266617
-1049540
-887196
977181
1137177
992777
-74811
-616479
-677784
334855
-341976
-804574
-711919
839886
818997
1217180
-84241
-684401
-292187
-353340
-449388
-356241
-417831
834807
814854
807454
-156207
-643533
-708524
175633
-234156
188995
-545371
683460
521487
577293
-714741
-748015
-788359
-311773
44307
656558
221304
813309
722672
554092
-312043
-723793
-569540
-83298
-724236
157259
105046
659577
471879
367015
-730710
-622224
-670215
-729416
-715324
391711
516980
882448
508403
196703
-583108
-334286
-424912
-887145
-1145049
-389345
632766
453844
133831
183195
55275
-211598
-617053
-703777
-1131712
154965
611502
572897
236244
408367
338813
-220885
-1073334
-568349
-922316
-124673
674476
366388
337650
628661
467979
-191371
-914373
-709341
-565576
-123589
321609
527045
428415
777324
301262
-394924
-1014694
-472935
-828413
-241665
118962
389770
168205
333024
-1056
-715426
-1006887
6043
-215495
36783
389673
626612
246668
325509
-75279
-432500
-838013
227421
-242151
-601931
215947
220850
222130
286361
-355662
-453252
-115285
409844
-363912
-389939
68298
1020810
597483
661815
103084
-105163
-338629
99876
-1099514
-975952
-854664
516163
336205
401122
-84079
288036
-607755
-44722
-685931
-789653
214840
885958
817676
595786
258802
201425
-431520
-664344
-1221989
-1057942
-217869
206839
92952
113880
-9142
304284
-1913
179972
-549844
-211896
-185401
384667
223811
489204
120521
193271
-295722
2166
-626587
-236753
-236213
252701
480653
758722
387629
431758
84442
102302
-767443
-934816
-247422
105361
377484
529891
-118550
-21853
297568
33601
-282786
-289325
-341954
229804
415057
651535
-23650
84326
-539528
131606
-667329
-196832
-55271
289937
169930
105078
-567752
3577
-277030
-150720
-175280
165462
250418
312033
-97910
-184645
-204442
-482179
-208652
78318
-343197
429134
616062
432778
86148
228474
-467915
136445
-574818
-197751
-205349
264944
261953
392012
110882
263140
-71749
280680
278250
-326284
-659232
441502
-299426
379463
176926
510553
-69845
409584
-207263
377113
-140833
30269
-536518
322173
196827
394230
326212
199213
31145
-108550
100092
30525
-743016
219572
-103800
334861
-28175
388861
-384484
-360291
-423335
502172
114502
167603
-348412
79814
155442
255984
-223465
-405354
-529112
538242
527652
200627
-244161
135499
825951
806660
-729820
-1233935
-755158
600472
368129
199184
-437171
517234
1035725
796314
-377235
-577373
-809728
59335
195995
665562
362419
1163676
1545502
642964
-1061616
-1771586
-1065636
-297700
-448613
637015
387955
909443
1076484
434415
-1311809
-902476
-823056
-260995
-59206
706857
465099
1060943
763489
-286152
-1331705
-1186331
-564145
-63351
262269
799098
272541
865796
615305
-123129
-1031831
-679506
-316833
277570
-454645
651314
191995
799066
544242
108487
-804460
-283415
9879
91532
-825339
427348
282527
711704
436249
199056
-114369
234385
-21440
-309017
-1192866
637124
382228
888015
678543
-160820
-403640
141140
-93306
-283927
-1295124
654730
451472
834337
242730
248953
-506682
138058
717987
-500156
-1280646
622434
670885
1087141
709269
-69309
-692550
120512
88371
-93592
-1416067
768105
771669
991932
528545
102547
-543703
200997
-35898
-589960
-1721629
730751
491891
907769
430311
140498
-485502
85854
-109159
-1009442
-1138452
569199
651605
907472
566174
-183836
-451349
-378633
-1167959
-807300
-527989
-663012
687978
-608206
677676
-36582
775051
-1018746
265559
-745021
359557
-477617
554706
-970758
575501
-404011
830319
67940
339485
-636492
247022
-678906
881270
-902416
362667
-614328
458933
143307
704025
-789722
415218
-779606
1021817
-688105
27602
-259314
627540
-254299
984008
-1308477
103784
-700402
1033248
-756961
-29216
-571855
861351
-128001
846191
-830820
-196034
-646275
1011744
-464305
484074
-636276
837987
-708408
889714
-704231
7721
-640056
1076769
-480228
808584
-881497
324592
-931103
1070013
-1051666
769490
-641377
939094
-792468
725227
-666366
73202
-917329
1290017
-694952
738132
-702217
1037770
-751466
206216
-133518
312112
-1297220
1041944
-689273
659181
-887706
805793
-487530
26931
-52143
1232909
-968507
988993
-866982
1107271
-747172
780999
-87910
436685
-469714
1281788
-1007705
68980
-1320604
1165099
-250031
686667
-460175
536805
-477248
1300250
-1226252
-160785
-1758793
1653136
-149417
509244
-347134
863387
-106163
1459862
-1146046
804934
-2838775
1696167
260499
-71440
-722599
1308544
-65244
1516564
-1413246
2078913
-3998384
2912872
805573
-72586
-1501857
423416
575471
884383
-2184708
3816297
-3808155
3903447
808804
472422
-2075353
-305246
807035
1288979
-2959711
4341802
-3527154
4358547
869870
953964
-2341638
-322148
377881
1880132
-3195150
3739354
-2730677
3728142
747383
1046641
-2388932
-47847
437907
1911511
-3244511
3560905
-1723363
2210697
918304
1149049
-2645398
55787
802742
1372066
-3057055
2098703
-41899
1617511
782709
1340267
-2876361
-378356
1327795
1774676
-2898529
1067672
210985
1576127
608538
1180006
-2496164
-205878
1106194
1343152
-2285548
1162430
182617
765299
719452
808209
-2571688
311688
807510
1479058
-1885862
700787
267724
146140
689991
1216418
-2833147
367983
794113
1104717
-1929620
641042
649770
-278777
810021
1451560
-3184268
410985
718221
1190256
-1748453
781978
1026691
-562668
686031
1705897
-3379418
245230
1069527
1401917
-1700955
169119
1065072
-893058
467621
1784409
-2892841
29185
535393
1489537
-1693800
42148
1289207
-604614
555220
1555782
-2682737
881366
-145525
988815
-1076249
322549
1006548
-218311
629375
1572436
-3331197
1293090
-181829
546002
-954121
500962
701123
-377900
501612
1726453
-3304308
217708
696533
431889
-565271
-15102
1623709
-1072641
305093
1568889
-2663413
-289115
748122
876800
-405327
-394664
1889446
-1374656
318367
1941326
-2350907
-441350
544183
1165551
-52232
-1466392
2264814
-1889107
550495
2064428
-2550540
-240464
878158
294009
102067
-2331055
2775399
-1244069
273132
2317165
-2433668
-264742
852679
5665
446310
-2256475
2701476
-469111
15397
2298964
-2110855
-14319
617183
654712
184793
-1580509
1388633
-120691
-106424
1701314
-1890756
-60269
349585
830607
313606
-1112973
736472
351086
-123079
1460842
-1826313
-509290
354458
335908
1044061
-847804
687138
434445
-63990
1158114
-1333076
49644
180217
-233001
1167653
-751691
505769
390103
94932
904235
-979494
608285
-451596
-762330
997024
-196167
822547
470054
241903
989198
-1271895
819881
-432304
-686479
374979
140226
429533
377947
121174
693477
-1349875
1212585
-502423
-696099
171384
538348
-126568
953513
-173717
468774
-667771
1243186
-426650
-272674
-208656
589206
-157582
586260
-539714
150412
-352481
1074667
-616799
713815
93424
-133391
-273148
952693
-546307
199712
-713290
1184291
-631244
50706
414102
619102
-357290
514003
-520520
498427
-633632
1017991
-350752
-888804
326427
988232
-109611
237016
-508368
280031
-487874
839679
-387325
-580675
310768
889564
-80552
412836
-590206
77997
-385746
885963
-41818
-258302
-89227
559976
-327080
552111
-800605
174448
-250254
1046838
-630166
-781664
-30092
1144157
181927
666458
-781822
101779
-416549
1420327
-773293
-328594
-512728
1011761
327466
6822
-655411
82733
-359450
1510657
-192777
-66686
-1179437
85373
300802
112865
-661742
332333
-284537
1363416
-152041
68284
-1238928
21184
594437
202449
-318797
414274
-616629
1254540
-592934
-115134
-364778
-58260
216338
264264
-167053
657655
-607874
1157989
-540353
-287932
-558154
204388
-508366
-155248
-596005
918750
-728999
966525
-635565
-375041
-389974
1363140
-363103
-186200
-1073525
785579
-833196
989956
-787374
469901
-236491
1777340
-407806
54994
-1034082
604069
-403320
1709819
-1150307
793321
-898415
629598
-428879
887000
-596491
767975
-891362
1377960
-1210881
206062
-569809
393582
-322946
1345916
-697890
862774
-967519
911101
-775464
456933
-409434
294769
-570654
1693234
-885347
879953
-574747
1313400
-489249
219270
-386683
-305291
-1267698
1835316
-891710
788723
-207342
875173
-748342
254906
-504483
379721
-966389
1100740
-786927
846969
-450649
599358
-767724
743988
154801
312926
-1405591
355037
-695051
1002080
-667009
1028311
-375540
-14306
536668
306631
-1408251
242940
-582259
1147525
-1084180
831865
234819
-728540
-56896
751325
-1486268
915395
-896035
1013774
-1055143
506870
428508
-212537
-698195
1030349
-1174204
701964
-1148720
710888
-888475
513691
69087
445890
-287455
1083127
-1246044
305913
-743981
928453
-988992
941924
42720
434762
-679108
1444828
-1698872
40681
-648337
1098305
-864470
1056947
-239380
91246
-1602938
1599634
-1684331
459939
-764965
1066295
-512502
744438
-1011077
521621
-1080440
1397685
-1136888
252730
-621768
543164
-721627
743139
-583109
409826
-600896
1591519
-1076087
-38434
-689096
764028
-497088
665993
153612
460483
-1197988
1821574
-1277644
416125
-798750
991714
-545904
251864
-308957
1108423
-1176452
1136375
-1158510
190763
-897452
756383
-558754
266311
-540464
1318979
-342212
731415
-657050
-157585
-549374
888906
-374913
627441
-827264
431686
-638183
607701
-704326
333391
-728448
740142
-562606
690905
-899082
653471
-590454
785149
-1056042
845916
-1073613
388486
-638079
606725
-868121
978590
-151702
1156445
-512494
242524
-959774
452965
-324790
692889
-714497
226547
-446880
953668
-518893
197949
-732897
640341
-666801
694727
-608736
834785
-1090172
569871
-752474
726183
-366820
887234
-844574
1104012
-967896
734461
-817986
746490
-1158891
1143628
-410210
933464
-552884
765170
-769201
955716
-954854
809684
-1275322
758596
-602496
686610
-543484
832939
-981985
1586166
-720729
-4283
-877902
1084979
-591986
687176
-743214
832500
-1222724
855245
-270148
874419
-820408
1004535
-701244
600106
-1059064
1219466
-989720
320288
-1159983
1093045
229328
1018530
-744545
615171
-980905
1128507
-449331
395402
-807827
164609
15317
1439047
-516590
1030725
-1117928
1177168
-211479
560986
-291833
-670380
-1156122
1328784
-453828
1409581
-1536848
990159
86730
81015
-432728
-90742
-1024803
957429
-454522
1351509
-1781877
824491
-125207
353983
-220551
167509
-1174355
901163
-913712
1381817
-2007261
777908
31919
367908
-927637
921963
-227032
344230
-1290568
1320462
-1785632
895531
547631
786698
-718736
999669
-715971
170960
-1181565
1146149
-1021002
1139024
-147428
728347
-894875
559038
-927283
319749
-688631
846796
-1078656
1156298
-137084
460551
-857342
54926
-281904
354164
-664991
660259
-1224487
951350
58793
552171
-478548
193150
51685
498954
-714339
837009
-933930
930287
-495794
343446
-174239
351897
-249980
710962
-453541
772811
-835347
838158
-916441
-162054
-313397
1402727
-462777
395794
-623830
598459
-748755
718828
109382
289505
-1351620
1585959
-552476
307803
-826904
638701
-434380
998012
-37202
250629
-1533898
596805
149206
964691
-826728
508016
-702608
591191
-199956
488585
-1064103
757289
-20860
825241
-755392
560684
-786178
679879
-475127
526504
-759760
948987
-343922
807210
637273
269882
853315
6430
654197
11009
76534
-1057370
-845648
-1026883
676752
256320
736960
-90573
779297
280272
135100
-1091973
-1182711
-1162043
638995
96170
533018
-428157
417310
148210
317216
-929780
-808193
-891221
730842
121598
577825
-530438
89756
-158906
5000
-767788
-331718
-812815
770242
154941
460510
-857582
-296703
-561401
226489
-426264
-36410
-513127
719254
162064
563761
-652345
-108194
-504034
492369
-261002
217405
-863839
551833
134665
602395
-710296
-143678
-720618
75701
-497824
262138
-601684
870286
351553
838400
-339981
133256
-523280
-261718
-1140510
-194210
-603407
895713
445623
801470
-583934
-392263
-984675
-950049
-1773593
-33551
176783
799612
163050
364229
-745515
-319471
-854181
-872859
-1837305
278793
753507
708677
202384
284381
-876663
-402520
-1006556
-804609
-1718441
291579
785298
890518
248118
139750
-572036
144513
-568474
-353191
-1874243
193672
189541
1171310
628743
89365
-307663
1109816
357188
282904
-1517848
228949
-1556121
1112569
675489
-113323
139219
2270478
1696467
1198779
-1440314
341821
-3119158
1208503
520660
-678790
-51022
2795867
2592269
1597846
-1219853
1027340
-3588611
1356779
458507
-760091
-381646
3133159
2903537
1433932
-1429369
1167374
-3690340
1443949
384338
-1004254
-787483
2962574
2421254
1184064
-1513160
1513857
-2679568
1394565
260458
-1042070
-828438
3115115
2375573
561965
-1709199
1403372
-2038415
1296211
118042
-1072390
-901967
2790915
1921840
163345
-1307163
1266841
-1327708
1268680
-30118
-1133225
-888025
2691171
1974948
-113350
-1758521
930234
-738900
1189646
-96773
-1225783
-1211101
2445464
1711152
-188675
-1352519
805271
-580294
1382305
-192028
-1407763
-1278192
2416973
1676363
42702
-1230662
623850
-585205
1406907
-247926
-1434146
-1527240
2525016
1571954
-124019
-1129903
588140
-468551
1476658
-240989
-1471547
-1843347
2310381
1589205
109302
-748674
761356
-508821
1773924
-99780
-1350600
-1890224
2109067
1528678
489309
-496798
332311
-749034
1600358
-237228
-1464783
-2022659
1995396
1566227
938881
-306816
172327
-954961
1726391
-170464
-1279517
-2035679
2188538
1698154
1049555
-391958
-285711
-1173990
1605869
-277841
-1298556
-1905962
2186059
1711271
733197
-640390
-569447
-872399
1752135
-169721
-1424716
-2220661
1875736
2013514
310517
-975416
-731283
-220021
1741043
-285979
-1678048
-2316433
1488665
1728861
2121
-712492
-350915
612253
1728686
-238912
-1474607
-2382936
1282474
1830953
150364
-367507
-436063
820467
1743959
-117102
-1223011
-2206334
1301143
1748969
-99737
-202003
-591364
795607
1579909
64153
-543661
-1589579
1569400
1707316
-83561
-450982
-821466
415830
1122876
102984
-140832
-1105286
1928658
1847186
353777
-432207
-818429
-272894
829862
242561
214747
-493412
1827381
1675019
388522
-259274
-802178
-702561
575633
291789
289201
-352209
1517715
1657291
883695
727431
-649183
-1075869
447557
385665
259096
-307351
1330865
1086799
659182
1045232
-471907
-1184760
192118
336302
561489
267216
1371984
604073
851275
1144823
-416629
-1204367
198657
549845
993648
466863
1263912
67611
379106
745388
-212311
-1431486
364014
898535
1560651
956543
1332156
-153562
743
-163871
-469173
-1302605
395622
1035767
1740285
1306385
1316049
-428261
-76171
-178636
-602473
-1699831
312606
953330
1830550
1354233
1282530
-311219
-35437
-344852
-774484
-1613569
145361
619160
1655238
1263795
1190218
-172387
193793
80541
-596208
-1673377
33792
567776
1625153
1244072
1009659
-564332
-494240
110828
-205554
-1242224
30635
583878
1633921
1175311
546517
-940096
-347753
467387
198555
-926434
1176
446265
1585626
1111373
327409
-1172869
-654339
177471
528369
-619912
-134367
204205
1387121
696656
-66809
-1767359
-797802
542422
1256565
270214
11112
267158
1256288
345237
-375875
-2157151
-917236
576552
1753945
503258
50728
100154
896314
198965
-316907
-1891273
-586853
568019
1531338
606682
-3047
68650
775935
13162
-146555
-1417601
-444652
534007
1159623
177720
128063
241819
897227
94722
118263
-1071807
27147
560152
406470
-476910
522012
626753
1297836
332708
400821
-783800
-28034
-96309
-429961
-1315296
839682
927130
1829770
453469
172955
-1170895
-343973
-523076
-182527
-1242503
784293
711332
1516107
125513
235471
-1309393
-24706
-280816
58419
-1012350
542684
439841
1359196
56628
184166
-1257973
-26831
-327451
499129
-432532
597517
366426
1125678
-186087
-97029
-1541825
-265080
-430785
327464
147638
701543
504253
1158704
-404354
-313186
-1214375
-290741
-428484
240111
-181480
688808
395736
871267
-518067
-222108
-1038089
-469703
-1106584
-457947
61496
793150
332979
867463
-281268
-73254
-981287
-598703
-1293381
-619545
-165590
581933
56375
644418
-303712
200314
-751153
-696992
-1085460
-593336
-128489
472763
63839
925163
-23730
427107
-676888
-905546
-798397
-324032
-470836
293294
63306
1093661
167531
539035
-646789
-995788
-770350
-188224
-541788
481677
217407
1144008
165432
464553
-844236
-1103017
-916164
-85897
-687479
278727
-67934
832031
-222274
53364
-1101276
-698290
-487065
368022
-460217
384925
14816
796005
-490273
-14
-756267
88586
-356137
436497
-952910
382582
-62057
645978
-374941
242100
-719317
195982
-402708
243638
-1177874
833052
548251
1230677
29706
394782
-581562
-4285
-880268
-384891
-1549831
666967
394544
883218
-91578
251186
-481514
-74606
-1083270
-251993
-1246216
717770
457926
1090732
199956
577295
-240850
-216637
-1306008
-388413
-1341114
249028
-1043
705717
-135286
400668
-203621
201448
-784681
-42606
-788326
139924
-99241
772804
-8078
477647
-88180
457809
-600039
-266005
-736065
104158
18880
1012024
239847
624724
-54679
528631
-568578
-276524
-1132241
137636
70010
1102806
192007
396822
-503375
356493
-514816
-307285
-864391
28036
-54354
854869
3212
351904
-321652
217959
-590094
14706
-577718
208720
-219875
455721
-349857
-72745
-785293
266116
-282736
345072
-31211
291958
-214230
331109
-728198
10163
-671787
104644
-533137
492145
-55188
495209
8390
448359
-490622
237677
-686186
143665
-966620
463123
60977
441025
162061
622684
-288349
445225
-406357
408926
-608296
96042
-538403
289673
67091
751126
24871
718376
-267033
571983
-579384
223975
-686733
248695
42320
781949
-81356
732779
-189530
615967
-342481
159036
-646319
246028
-189280
476109
-290591
688873
-409831
66084
-751217
291006
81313
122578
-387222
218116
-447386
833108
-402165
-552421
-724479
515734
550675
160305
-448710
354420
-169083
1318211
99526
-601397
-1404926
-414679
423165
9898
-320660
724228
99109
1740807
140509
-825191
-1142370
-158864
-319163
441440
226532
1383045
589782
1982292
-68523
-1147070
-1804224
-955847
-721921
527759
237671
1552862
347331
1277733
-628357
-1268168
-1669341
-208432
-424784
696198
222092
1329899
173234
1081939
-839699
-1287157
-1441789
137279
-226700
690064
92918
1144461
187863
900509
-804603
-782744
-838269
305929
-344766
767207
202585
1061674
260939
919300
-538477
-473465
-643226
81334
-499393
776460
114572
888594
236918
937482
-249995
93457
-116013
34959
-934427
667662
176048
1007425
296362
1048014
-210766
-93612
-203052
160428
-1078565
747710
367618
1133149
372799
534378
-734090
47759
31700
782295
-1004411
811867
455396
1221611
518007
729346
-486532
-238448
-179921
693095
-1370184
899154
491127
1353379
711561
838908
-433441
-185650
-377110
207951
-1386477
893555
363762
1193033
518048
792038
-378206
-80432
-667330
-136946
-1281492
761256
233849
1154120
428550
698614
-560516
-238402
-865609
-740003
-1329214
-363686
735542
-769905
609187
-792780
-7047
-958984
249608
-184393
972524
-225233
938606
-532997
964751
-20938
394038
-823877
-336757
-1230216
701631
-440861
932011
-861530
745604
130924
854194
-515182
-90323
-1155424
441442
-513844
843218
-1035699
513434
-17847
635135
-756296
156696
-1230610
756475
-412107
727826
-1076004
625801
-63312
977154
-827140
220938
-1416224
707049
-237861
883124
-1007090
334866
-816253
575647
-787584
682075
-1307474
829556
-256617
881166
-1174113
150937
-894081
448048
-182842
1198536
-948050
993198
-663966
717153
-971030
372225
-320362
597826
-226173
1309990
-1055783
820205
-527161
672603
-1068420
163315
-137134
518327
-745838
1223493
-526433
1192511
105039
1308963
-352882
642945
-110392
468758
-1780323
329454
-912714
935879
-132320
734003
-891204
93021
-624461
259895
-1824579
664948
-221852
2390383
-515354
-276381
-1111152
118521
-828202
486659
-2184879
1595536
-456271
3671964
312700
-267458
-744893
350429
-870569
-492022
-2614885
1273305
-2278484
4476279
621072
-240938
-592242
1004447
-243282
-880516
-2844679
1736119
-3502640
4672560
579390
-652699
-1008642
1966533
969879
-160430
-2295402
2685095
-4039397
2999309
543584
-669822
-1618356
2562669
1767502
250665
-2409646
3212327
-3916364
2179634
677555
-911497
-2054747
2566584
1799928
301687
-2407246
3041191
-2665687
745962
874146
-706788
-2089383
2783245
1713699
-343585
-2517129
2831731
-2048673
-223710
647833
-799580
-2310124
2689425
1708930
-578792
-2032983
2708924
-936747
-668065
468348
-892983
-2097006
2862980
1805272
-734635
-2563451
2440356
-126864
-797175
466070
-725281
-2190027
2852523
1398859
-684476
-2085891
1817182
-269212
-984652
164332
-809529
-2094669
3015280
1133744
-627625
-2365345
1562930
-117183
-992840
122192
-877568
-2663530
3099531
950147
-669454
-1840200
1778367
245753
-1374909
390174
-746993
-2833243
3258573
1247777
-548569
-1890840
1551615
-195292
-1878364
43938
-906259
-2834210
3152611
1069899
-503190
-2017627
1064112
249390
-1439278
153006
-831049
-2906627
3028143
435931
200035
-1635616
1258819
32283
-1064231
361941
-472376
-2800475
2893897
214536
53240
-959792
597734
41938
-1705173
-58303
-794548
-2691477
2633978
719515
42707
-620806
484642
439766
-1561204
-101436
-634653
-2796347
2712199
1663249
-20345
-1024717
87808
828204
-2373781
71960
-350571
-2609832
2454271
1746822
-183183
-1011025
-673113
1314805
-2754698
36077
-430242
-3230543
2025302
1636280
-497164
-1016563
-1231213
2322673
-2532762
-152953
-545760
-3481497
1943717
1144283
-561414
-674772
-451012
2686253
-1934636
189970
-152825
-3163533
1681868
980220
-199396
-754947
-176796
1884221
-1634695
490176
180150
-2795527
1460539
743977
-634119
-1006146
-785460
1313758
-769149
414759
287700
-2080780
1593321
933947
-435465
-532946
-1117024
837092
-694356
339731
1592
-1658350
1726845
1111498
180235
189470
-1415817
307377
-1033800
696774
152646
-1311419
1590901
39936
-100297
586730
-931188
-16559
-823669
680186
212580
-1111132
1344784
-754197
525359
1111464
-345909
-371577
-926757
370027
-179965
-1099488
1230341
-976017
434194
1037057
209608
-583921
-244226
107368
41548
-519227
1051746
-964433
472079
554826
526866
-315898
-365954
275459
600489
-156251
734696
-1446738
250858
115078
208863
-600900
86072
476057
1098448
180952
1047166
-1072801
-150859
-269005
-411676
-622943
5607
208759
955623
231635
1135788
-859451
51987
352498
-363534
-1171897
-306629
155046
771910
66846
778201
-1017612
-54705
1010962
308434
-1193111
-361603
-25090
773998
185581
772028
-846896
108235
846421
-48876
-1039970
-385152
-185751
1015668
374696
871707
-1310187
-175223
129299
464977
-656108
-162716
-101178
1184455
389886
752064
-1390569
405817
782438
917048
-746902
-1212941
-338496
912958
234805
757476
-1387603
108140
319666
1223521
-558455
-946410
-463035
676512
38224
564919
-1900909
-533509
-193945
1367737
762649
-284298
118312
930873
-64278
540361
-1773056
-630568
-66743
1288642
261733
-353540
-261332
550329
-507029
681462
-1371763
73517
359382
873795
-272462
-25844
-698719
258443
-1143177
436867
-1623853
27033
383073
1117066
-328497
1039549
-258643
970214
-805958
557845
-1420012
829354
143384
1048629
-1537749
79097
88421
1568817
-83599
1336502
-1274923
998281
-415791
-96333
-1914460
-233994
-29282
1380569
-324603
657593
-1843260
301439
-565841
623599
-626731
609880
-452955
778357
-784503
687640
-1445473
917657
145869
616717
-40338
752621
-395544
984404
-624046
731052
-793945
727403
-181064
338751
-414122
883816
-215147
1140101
-581793
225874
-1364267
13297
-713677
490660
289306
1802555
-363404
1119285
-775557
151910
-1035649
434769
-167461
269511
-310052
1191332
-372300
951122
-943502
617598
-625613
31191
-284202
-588087
-770839
1658494
-141013
1094336
-1058316
655965
-826113
-609510
-224963
-208204
-1156114
1594945
-427696
864292
-1159015
753866
-615962
-583601
73505
689630
-770282
1332483
-582171
978989
-824591
1125364
-524255
-405550
-200623
952588
-1157407
1098032
-310773
1320289
-442999
1371339
-536486
-117062
-635946
527670
-2022721
1142216
-279056
1080079
-850180
984922
-967462
-121602
-1118185
851628
-1892868
1362236
-630865
566596
-1003983
337365
-1435727
169022
-348862
1646217
-1020811
1487398
-611072
585026
-1027084
147840
-732490
566278
-118531
1338190
-1566614
1115945
-304402
873527
-572637
652449
-372990
408324
-747707
974910
-2007162
861588
162137
1339517
-493102
532199
-652787
-94119
-1121857
747004
-1584901
568417
-240594
896849
-772419
426454
-435779
396544
-1026350
448805
-943480
809814
-198210
1171907
-374450
797432
-356264
677662
-1165586
-145189
-1329909
575707
-601110
635978
-917880
137814
-965484
863936
-534753
924519
-713883
944242
-513339
896887
-542932
332751
-731762
867833
-353484
354061
-723099
730399
-221429
1456367
111817
1055880
-169270
779485
-714498
122309
-1759078
-62515
-686634
922286
-451563
692214
-977089
1064702
-487368
647010
-956682
722631
-622321
557885
-835088
733743
-849012
602524
-752650
931754
-612992
1519529
-277605
481494
-935892
449826
-1142831
907258
-1065037
942291
-425175
1040421
-229443
490405
-998549
321623
-1060424
760227
-1106793
345412
-368530
1472534
-198269
861828
-668355
713166
-1112148
794468
-1476025
462265
-515898
1056420
-222879
850957
-677025
941932
-630729
1013866
-595798
368302
-867612
256179
-470696
860600
-606445
1191672
-676600
757769
-107575
983257
-240577
-27222
-281806
1018457
-867518
1426303
-724023
22892
-285041
505235
3963
499683
-379652
658207
-1453927
1189752
-852640
-537627
-1104370
72735
859740
1805580
-392857
622411
-1851992
1451934
-769683
-427713
-700573
667447
345
1336669
-613409
719297
-1736591
1905600
-321084
-248291
-756598
532822
-218695
1087172
-687809
1110055
-1372449
2002991
-130281
5388
-725303
1036064
-904061
367816
-140056
1529169
-564318
2050731
-559138
-590034
-1453182
140999
-1073611
254209
-534134
1017573
-816175
1140171
-1100383
-527109
-973905
415011
-145337
703770
-662191
623065
-940759
1095427
-1069135
-387849
-764952
658817
318447
412714
-332837
854087
-419921
1418486
-850974
13025
-856728
184309
-500681
-124510
-279099
778246
-549284
982282
-741393
55592
-401833
864453
-1114495
146581
-672396
411857
-819323
593005
-573930
723359
79241
1292110
-1297332
-357516
-477141
827661
-418638
855856
-705545
-401464
-610986
1329038
-973578
-114347
-347867
1011989
-369389
534573
-1090743
-431646
-509139
1647292
-438931
-29675
-609952
912105
-389536
1098647
-655973
273386
-469951
1068361
-784273
-265004
-389280
997855
-298974
1084067
-669267
434710
-164106
463754
-1088819
264374
-163905
15265
99004
-113262
-367472
-730597
-221454
772412
378352
354779
5243
-196497
319014
227669
-94720
198808
-282632
-173430
209892
-375769
58278
-58676
106798
203136
-146959
180775
235499
-213202
127587
-25555
-126179
-91007
-22777
257010
330522
-125382
-143963
-301674
113240
652671
-194267
644
18291
337232
544416
-72401
-247383
-493209
-98488
-95530
-45033
-179536
-295032
-222804
123402
-60020
-65958
163705
403744
-54844
62045
-53640
36398
-88715
-72367
460962
108188
-35912
-191378
-227145
-240649
-288011
-79600
125333
-323142
637171
987017
432705
-215866
-323531
-299433
-175611
-97
551295
29140
-76891
729879
301459
-562838
-628437
339936
349597
-50841
51390
261154
-189877
210713
-28340
-689898
-430385
-271636
277271
198502
-191198
64785
107089
129053
328880
419800
-496017
-636949
-71607
-361964
-253303
-261824
-154271
352070
191692
1287352
-229593
-343594
538628
-193541
-892709
-956629
-499197
-447716
-313501
1751820
290765
-403433
355533
533244
-859369
-1692799
-9033
-389133
-699725
1144768
667520
-270938
158096
909349
-305544
-1107398
-459264
457060
-819827
-224297
753651
-343955
-105095
664946
-120562
-413738
-399760
652405
-116385
-458119
594811
-227382
18381
379711
-27092
-209240
-234045
-48343
-204992
-671528
1392191
-201044
145976
321215
-372509
-461950
433060
195772
60003
-1539211
1064876
-87894
-139559
515245
188946
-571165
-229081
90742
734606
-533685
-112006
4826
-118200
18001
444869
-154710
-438460
58651
532065
-233834
103938
-153730
226414
426779
-56558
-143741
-429501
-46339
245062
-353210
336903
-245590
127009
749447
-64567
-439830
-292031
-68987
73946
7947
551859
-345476
-30703
537019
-97411
-209643
-112524
102391
36763
-238791
437453
-199735
-62246
723845
220489
-536718
-312541
-185245
-10975
-178633
324777
-310813
-147972
342257
743892
-142857
-947279
-314677
518802
192006
326967
-176144
70019
-43990
107070
365185
-883673
-424605
519291
224873
-385682
-90761
71137
570586
-333302
-463398
-97724
-9396
368784
-6607
119832
-319000
-245064
528577
662578
-1136775
248662
184966
460691
-640466
531962
-313649
-62134
579250
782248
-758280
-185863
563657
126625
-709978
107515
-128536
124691
532852
465615
2185
-263852
-324580
101390
-956273
471273
-381023
-130737
303690
100230
-96330
-63392
-557039
539190
-517649
531978
-298989
-478634
205809
235578
-176029
-266358
5330
385251
198285
-459256
-232957
-595333
-355761
267628
-90239
-380116
474595
-43509
816623
-854314
-69501
-223047
-480741
-143003
-526980
-554325
-410997
283564
745841
22050
-205928
-96913
-94274
324553
39630
-137605
-987921
113043
167912
125756
-325865
-86880
-392751
360662
360221
-466038
-833079
-70370
454033
491599
-26692
162239
-335425
-148470
487518
-54619
-613470
-597191
386261
43295
105051
-263778
-473060
-368501
350939
14057
185984
-238701
169505
-210957
-77844
-428023
-491267
54227
251391
-24103
136472
-79684
392840
-330745
-208735
-667198
-569673
223157
-297953
402985
986514
-262205
-194016
365979
159196
-352114
-546503
-297821
-303471
-314179
216659
424795
354950
133944
87174
43652
25177
-458058
65664
108197
-912455
-1230
607422
121522
54743
-108877
-147303
-105466
-176331
331939
-351962
-212146
-4252
348117
139481
-170661
-527983
-40228
148657
604688
348768
-484580
-446201
-131785
80671
-135221
-230164
43925
65946
20920
-52257
-113338
-164111
157995
171891
-224399
-165749
2610
401636
66485
54930
-501046
-176975
110970
297979
68986
-57522
-84311
482127
491232
451376
-985185
-940035
34767
-194484
125340
199853
32933
31954
663744
262406
-418316
-439402
-26418
-110100
32538
-62893
-247387
-279895
-244909
172649
426952
54610
265128
177141
218294
61978
-208269
-123810
-169152
-309205
406499
177983
-465651
-218807
-298382
46633
-20785
-23905
136161
-93670
281031
868467
-150120
-408491
-715836
-292107
-420218
-91375
152355
386465
538821
850425
194469
-25944
-474298
-240707
240601
270125
-61707
511949
-647927
-372305
143762
377678
272738
-154968
-30233
411185
-207909
160895
-172516
-935067
-341116
-110158
89285
56029
-361911
-278492
333386
-203452
330816
-44758
-103109
-209661
-220500
51586
367398
157229
354922
250962
214183
-572856
-667778
-40104
-276925
-25513
348172
-57062
111641
79103
485349
436201
-399069
85941
93400
-100690
-87147
-571421
173261
570639
247409
405534
-290134
-72465
25794
1259
-188400
42916
241617
207385
500629
225429
-71391
46888
17395
-109250
-492470
193160
515346
-694157
36076
107117
312137
-33231
-195397
-79245
-357347
-243056
708281
-156603
-548738
479590
112884
-59143
-402133
-218676
66017
-282439
206538
736342
-205696
178482
170405
-3244
34849
-148280
127637
226820
-180956
267474
158283
290586
-2531
102401
321897
188264
131646
457382
-256504
-557121
-607869
290124
-118975
-106269
-161446
112839
141467
-254438
-374552
328201
-218892
296043
395489
-8445
-184395
-458775
68949
-143199
-338720
455032
562709
48389
392161
-407082
-175288
-355903
-92710
-7047
641546
-887
408578
395606
268773
-56097
-40362
186307
-26060
-474351
226772
256704
-440107
-174727
-183103
66940
-191547
-85963
-106302
-212769
-287411
624059
439532
-306138
248481
207256
127416
-214194
37671
62895
-593487
-617458
344314
-84966
650662
162198
65677
-118092
114775
416714
-68133
-478846
-147722
-241822
-145041
-154650
-492206
-473307
-329036
-112532
122054
571530
316315
631514
12235
69968
-79476
-41893
189844
-5261
-194099
-367231
68846
-28043
309913
183705
324589
250468
79727
118508
601472
-297660
-570223
-489264
-305698
-21702
300294
183840
-97852
214834
-210704
579124
-8921
-302385
-325961
-260129
58200
183809
-62983
103119
-135971
-29773
390648
191912
-491657
-159609
-278990
-251950
121310
-225642
225510
478135
-303390
-187799
472113
-41940
-133234
-281043
-237242
-209226
-435328
41326
629589
-7972
406472
104452
-46891
-120086
-190863
154851
-155566
-830641
-208498
740817
307817
48370
-40598
103220
-176279
76324
510202
9264
-472251
-497323
194174
94375
161646
235105
-67579
-374588
586391
765155
667188
-1255745
-1055414
52459
221002
392379
-425437
-215478
184002
-142762
520476
178303
-527840
-115566
-175952
-88802
-591462
-531176
300790
373327
360295
378029
245553
-70924
-336041
-218576
-320811
-273010
-65207
49911
-104945
925128
464280
-208814
-557763
-183705
-198627
212616
651566
495574
-74275
271844
216759
12654
-287126
-41599
380084
-53295
-29972
268582
74528
-159776
-272512
256054
304868
-282497
326243
162829
-340290
-79044
-262728
-406228
230256
-103497
207879
-402413
-223020
-129507
34673
-185778
310976
3888
781829
-227586
-132729
-87025
-120452
-357206
-143865
-5384
309786
112927
407250
64924
13787
-14856
195023
-136528
-736588
-351847
64593
340718
35029
-135060
-69591
-311775
-82041
129511
658463
-161720
-705072
506233
-136791
-260923
-343716
-216595
162706
-99756
497020
354992
-809793
-128210
661144
7675
-217767
-238291
-247876
-194931
-60283
256482
296299
-404569
357988
-609
-23214
-217211
-293963
-326912
-171954
125196
731689
484976
-310404
-72045
44710
62959
-14965
208073
-246887
-2795
239013
131541
-140730
-36467
-195996
-134518
10387
352949
132437
105310
743974
-124923
-811045
-31071
-50717
52867
-406473
-894536
-1057371
470008
914446
848898
287006
51706
151010
793309
164521
136654
-166011
-519775
-213412
-279479
-477605
112801
13781
458555
110136
350411
475206
93419
-391351
-193232
-610404
26702
-152426
184100
419159
274288
-57886
-327496
-650179
477208
325710
-41098
-175974
242297
708297
661291
-146197
-725816
-702544
-254930
262630
142395
-239087
-220272
-112163
88045
-368001
-99054
90621
94648
167703
165743
-210987
-145346
-632974
11609
246173
416418
48501
195361
-387603
-243872
-329227
278203
-219526
243044
1169882
1356189
169114
-593842
-770944
-354190
-476410
306522
296605
-82483
468850
1256092
29444
-705925
-454187
879166
535207
429946
502495
127966
-184383
67017
-1050873
-1219235
-870096
330966
466103
35478
-389518
-121214
-281568
-125698
184463
167240
-119635
-643802
-491030
-538420
-561943
-456448
-171226
99833
1277879
1154034
827853
186560
258075
-570742
-1647745
-1369616
-1058476
-1103011
630083
1592790
1983771
75651
934119
242465
-2151130
-1597840
-868766
-1230132
-275399
1646726
1816171
-235815
872253
715153
-933134
-1163068
47600
257638
-1305251
606728
375952
-323902
459866
738740
33971
-295823
482736
974746
-1217498
400790
-960738
-205635
91421
362621
2715
301569
108112
724823
-1293560
808896
-526093
111672
309877
294028
-415341
371708
417532
848581
-1834242
-264652
-182138
-80368
-22166
532041
-208777
-22753
35218
1065344
-129329
-319960
-909942
6730
-362415
487448
651929
22094
-529981
699934
157931
102583
-863272
56227
154590
414670
109339
-80780
-321038
424268
-355064
17061
-379515
-169489
495263
745675
-125071
-221553
-413548
-35692
-335867
366371
185699
-355742
73519
434707
-236807
-50504
-72656
320351
-214447
252988
311629
-187483
36335
796012
-53733
-138555
-259442
9765
-412062
-103109
52094
-279682
-300947
885255
661125
-344672
-1240031
-152106
334490
271128
599188
-86988
-375064
-25279
503937
-36372
-1121344
133377
882531
-14906
132116
230349
174223
350299
-676299
-235469
-257528
535338
236763
-137816
-464610
-380745
-352126
1059940
-596463
-402483
356903
1026215
-58464
-124538
-38286
-338157
-247162
1253151
191384
-365260
457856
907174
-444604
-885706
-215314
83437
247632
894511
360905
222010
-177299
72237
-893829
-1012072
310383
-145160
-254201
188599
-17808
340407
-569393
-255016
-293679
-508172
1173742
-548367
-823850
19187
-89728
-297959
-180115
116906
957742
-214505
538097
-258850
-1161130
-243069
75611
-261913
352140
112494
1130507
-447313
-234736
128935
-987171
-507172
-631727
-513602
-667271
-396900
830332
254474
607729
63515
-434499
75618
107412
269404
-870109
-883560
133941
172483
318757
-186109
-640616
24044
953186
749126
-511533
-910223
15549
308568
209554
266479
-192739
-271605
281488
486290
-246083
-1142112
-117289
357022
-24193
219014
-396318
-675076
-71255
562919
560290
-24973
235586
-442065
-402669
-276399
-1039789
-506569
132690
338015
422123
254586
467167
-54256
-146571
-586061
-1138959
39019
67003
142761
1151151
879619
-143055
-25457
-136491
-75198
-568052
-347237
-503902
-307761
139478
521784
416402
300521
-3270
355478
394171
64046
-294112
352442
-803007
-981572
275885
590574
-348455
204337
103486
285783
-22556
443908
-44719
-483265
-415237
-67192
-133628
226505
-386945
-147112
-28981
501277
925754
151493
-696779
-686536
-218721
77867
-239885
71743
254111
536462
318549
-67912
-493565
-455553
-100419
83210
-54692
194557
509681
224021
-124248
-437178
-654795
54851
-50160
437212
201124
182264
290168
702180
1008782
10247
-1394976
-906530
-692779
24979
357053
591034
58914
590693
703791
-94086
-986053
-569131
-254448
-157308
126427
108438
-433400
-537776
-617481
283210
570960
688651
466070
511323
375127
94247
-509191
-646463
-912177
37903
809400
328108
-438969
-276213
-158616
197324
-191226
70307
-153878
-12281
1017935
652239
-466203
-1045685
-945667
-544149
-610655
-171178
118062
710424
1438329
1179936
687013
-256546
-672889
-101927
217671
39255
542521
478193
-517493
-454822
472056
814720
411868
467969
583410
512814
-25161
-102857
-1461675
-1597648
-363158
433043
453880
227926
-690628
-117022
-416360
44654
29684
-177691
-119863
-264979
-300465
309310
10194
410328
279690
639816
117002
-617555
-633742
-83663
-290579
627945
444194
319728
100605
392382
426844
63606
-1226338
312373
83750
270184
-749734
-763805
-31649
403094
792766
836759
-835456
253920
210816
-61831
-572267
59381
251720
717088
493929
205122
-804806
180207
-1931
-337375
-454287
738627
-122920
-632532
-292315
238610
497361
218183
-139170
-201727
-752674
196482
259342
-931199
-584588
383685
471068
-210055
-698017
-67394
-297704
-188803
667473
293036
-119151
615612
-187932
41960
-197702
170630
341212
48144
90067
269104
161081
408106
-505154
472613
489164
540341
659524
386319
-558045
-1130720
-593185
31908
-144782
144347
3433
534421
165643
-578081
-624683
-397367
-546432
445954
490508
-141008
-687850
-256425
-440692
-765405
-290884
1041322
569552
1070468
266447
-261566
-581936
-301121
-443795
488875
493040
617425
538022
508040
64688
-143479
-216
364897
-294175
-17142
387477
123028
-584786
-335234
53451
482679
207817
257165
-206042
-585941
-197576
681059
-535193
-259971
-469971
341003
-216186
-212332
-24964
-171635
-950541
448
-73785
566526
516930
539254
134630
226943
538020
462844
-716071
-789339
-699539
-557513
206306
-354233
-840522
-600469
-425612
-31146
415024
746557
589985
568797
30173
-63176
-404571
36723
-103861
94934
-296484
100743
116952
566436
-136011
574969
712067
869401
432408
806361
179417
-633810
-1251670
-1046988
-760032
233159
519059
166764
62507
98042
279782
456491
-320327
-712438
-74310
-160902
27214
204164
-12130
-49959
-334810
339277
484880
29995
-68425
-134556
-473224
-14407
-346912
-141080
261629
421912
-447302
242545
253978
-40722
-471435
-407028
-543912
-364735
-443032
403186
94925
515924
682689
199458
-47679
-182124
-237173
73962
-982846
-877683
216487
1056399
335983
158935
26766
147936
-146873
661831
333160
-227902
-846891
-247869
-118203
170895
288129
497664
-404312
279130
856138
1604611
-127771
-1712452
-1303263
291287
624061
352288
-632468
68740
153238
564933
402444
-390500
-1164663
-45501
-187435
-360388
-1086749
-342881
-14718
140105
502887
905057
291281
-279697
-771438
-502739
-782182
-333331
183199
33294
464101
1395318
331736
-548467
-795867
-146820
-73926
815524
791826
-3484
-4519
671458
-98203
-267658
-616903
439357
550531
487761
413344
515786
-86870
-547943
-303327
832378
204681
736837
734592
34884
-669007
-626215
-1262256
-587707
203967
417957
-67754
-127542
-370622
-62218
-550458
-225071
-308527
658568
946438
-197636
-348038
-30951
-439739
-397226
-510483
120338
361163
699221
798834
255989
28136
454705
253654
-463245
-968035
-444373
120561
223436
-17651
225423
-200033
72948
-130235
428625
321843
-765489
-221034
209930
-224815
-418505
-687539
-101041
-115625
676591
1048631
83074
-862584
63562
537495
-47212
-280519
29006
-128163
-172104
-156341
363653
-428164
128010
380388
295943
-2353
-160515
-617846
-556035
-403256
654205
1150680
478076
-698890
101241
117551
200717
259576
130614
-307220
409858
441262
54595
-762322
153869
-73881
233945
423207
586692
18892
589532
387136
-571746
-1569562
118007
-98744
186651
81814
816714
630734
-543432
-990915
-271203
-203928
237704
-188863
-405608
-127969
304246
-42869
342043
-116665
98255
202964
119094
-180083
-171738
-146323
-113493
-463997
312638
212684
211050
126802
177506
-56524
176205
-464452
-189109
-30782
357805
458513
-339234
-648539
246690
-90159
-11902
-877355
-480479
113762
901241
316980
58479
-281436
137929
43783
501226
-16962
163923
283654
312456
-483213
50419
-512896
80815
87845
342909
125109
-63007
-715695
-359612
-341275
306490
316357
491243
151742
81299
116975
38097
-1145369
-842009
-288487
769171
289204
366570
77053
-137125
-560930
-21938
-769620
-988960
-108283
1230612
223640
-396909
-604376
-114603
-379422
164074
101251
62058
619752
1200898
151395
47996
-320604
448967
256880
30160
-234768
178355
-575358
-266499
-266605
593837
-21150
568906
298837
391486
-116038
141513
-1476840
-756865
-539790
-17002
-358315
690105
1075032
1322664
392279
1150378
-1059800
-1048522
-2151778
-46963
-664200
153034
1927148
1521352
208383
1403380
-893803
-1046762
-2426812
233851
-704436
-445226
918542
995640
-200556
346781
298636
451156
-1712117
253289
-358185
-256070
18477
546021
-168484
-96576
396650
428176
-914796
185666
-133571
-53168
-297822
-106057
-3762
443132
322992
382282
-687770
-23878
-225545
192004
69804
-47049
-67030
127456
614021
721827
-934017
93521
86125
-29983
-257611
-29715
36995
18992
-366231
662732
192844
24736
281169
-80460
-963799
225614
959973
-140753
-1024805
352049
638439
22975
-89764
-93654
-634912
253188
550853
41841
-118971
250026
108013
289916
-510084
-305039
-158434
342084
598940
483481
-284282
-396296
-255138
250982
-233652
-12475
-266209
204998
182990
79113
-304671
-187578
-94712
318152
-129615
-324313
-621982
223513
501581
550753
58789
53722
10969
475077
132865
-283562
-1120347
548303
1327121
490328
-909135
-492867
-292672
-112
44578
303272
-1158880
259005
1388696
55605
-1204179
142542
337537
125705
-55880
214664
-229647
559504
345343
-194500
-553925
267589
301757
488881
142736
-505867
-170093
680298
-476688
-549571
40770
200148
50169
503383
25227
-863118
-808983
663906
-211208
-511403
494955
602295
195876
153620
-442859
-446929
-615868
-64776
240456
239594
918677
540654
-189155
357343
105013
311303
-519606
-387732
919316
576914
111725
-274913
-854694
689192
491576
207472
-608353
70083
503305
-257725
-579223
-460666
285865
538989
813027
640505
-680024
249541
53031
-138178
-564806
-251277
870896
291825
725421
778900
-191790
520167
723357
583735
-625214
-606564
-255283
337884
305973
435043
-458590
-296729
851105
770153
-404664
-473196
-219605
231019
264683
381615
-1179950
-465793
1203963
1055822
136690
-635720
-349863
-177748
81632
578076
-614804
-223336
627524
721487
160427
-725988
97797
-213238
424862
1080348
-166619
-413528
-96638
163313
60644
107725
411973
257256
983369
728287
-769632
-97602
-162099
-357377
-123768
202444
-71533
481057
996692
184392
-433218
516235
-852847
-835103
219361
129264
-100663
79268
531347
384379
307559
636312
-403098
-306558
37415
-257647
-441754
-132148
-176601
340560
294054
-19457
510796
840213
-677993
-580718
272881
-95711
-124428
202469
93173
6085
181062
494115
69589
47023
-177099
-161221
368030
486101
-81116
-86111
-835754
-349140
665273
656177
-144802
-10249
273307
166980
-357697
-261140
-177286
346305
626462
448466
-369269
-31497
36065
35900
-354920
134851
226259
-47689
276370
13326
-201943
-257058
-195529
72614
-339077
-317603
-1000812
-75810
1416077
923633
484563
189520
-317560
-214032
-89746
-173803
-805025
263370
886659
396673
-143696
85914
-458594
28722
378861
667751
281489
-187859
-761643
-450224
-56913
-358040
-354865
246605
262800
654647
389313
-436760
-942843
34141
752791
384963
190442
111667
84109
202750
-76935
28434
-999157
-489715
625885
900925
564905
488940
311888
316160
-210835
-715199
-1463885
-728952
-284604
320999
383694
358916
-511984
-23102
-705356
-617963
498975
971932
-410911
-428117
-363698
-35786
-627517
170760
-35533
349206
1140949
1245203
-559527
-116436
-357288
418477
550024
471716
-62514
-56605
-402075
378123
-278859
443125
51484
-17803
-296945
-225950
-781745
-465508
-268619
854556
501867
222100
92424
-251840
-633912
217249
-73868
-198438
-282326
191193
450117
-68770
-222925
-21533
499100
979169
-480390
-597512
-984673
-637479
904837
58230
-259271
463494
521766
-93838
-817039
-550183
-448968
203497
458803
-49923
-240178
523862
216757
-597047
-34982
744928
36695
-127925
-641760
147513
93505
634957
464157
-183869
-331364
704915
156975
-495452
-823601
444404
400419
319019
-42353
176035
-618147
-305201
-55377
-467663
-30385
212697
-75617
108053
-474513
75689
-81740
-335538
-273923
-82429
229546
-377754
-715373
-53847
-686698
-187382
549653
980218
158523
147644
51835
178603
-26618
37561
-309060
827603
670996
280483
-270360
-313475
-937010
256259
217201
356513
62406
886608
-255831
-1053660
-770247
-284286
-372281
437808
430003
633375
75086
-228132
-785200
-293988
-696855
-5173
-223413
135454
-316591
-300830
59922
127657
-460191
243846
176669
678257
-268216
65960
-72644
330960
411293
752429
-50019
-570742
-45765
370991
-410663
-177344
-63887
367203
-284256
86362
556257
220271
-146372
20643
-598252
-262306
-129556
250513
-477246
-86967
651388
738854
-28158
299177
-451466
435858
601048
714386
163204
271697
-407131
-466599
-630539
-298690
-425018
234819
76667
6084
-271416
-10573
-251952
177317
-137559
-81262
186580
-262049
-726168
-431480
-220324
-164851
-116875
712643
656364
876299
204992
-56581
-677633
176071
17332
-80273
-420913
-86191
217720
659812
-219425
75849
-339140
104811
-302191
289021
96810
-267917
-597405
367623
-148133
341819
243789
242356
89075
390514
-610583
-250540
74047
217398
-487147
240384
277315
494029
112781
465860
-12262
23170
-91641
-413516
-1102585
-54520
-80888
411751
78717
104258
478395
832447
-616190
-685781
-336217
56870
-78540
186153
-118549
-232036
-438544
544184
333443
181284
-104716
-22560
-479930
-219593
197069
92041
-985977
-1016140
-29236
1803788
764528
-147154
-716936
32859
517780
159179
-452151
-305749
-87048
792235
547323
254507
-93185
760162
770907
364906
-84378
-90344
-907652
-972410
-248427
319530
392668
732242
178505
282809
-388207
-113290
-227894
-933865
-425019
747459
517142
524851
-226394
-416100
-649042
151374
-510104
-983869
108878
223049
62493
-12313
-947280
-255314
-157600
-125527
-59856
860813
186106
-382443
-349963
2546
-778480
584762
647427
398669
516358
470944
-775085
-158788
-105183
735665
77352
340612
316262
230123
-193827
-622648
-1202660
278621
119633
331939
27710
477366
290451
-135029
-670604
-500524
-593839
68156
-208972
-87762
-376212
722531
785602
333498
-229968
-180396
-122714
127479
153357
411012
-38044
149855
-440231
466571
-104701
-324582
149857
543055
450077
266914
-205204
-544951
-1051337
552303
713927
186551
-711903
207767
88462
140096
14625
517531
203570
-176042
-20991
-50737
-833903
71707
-11815
530620
508435
562077
49288
-559241
-1313518
-132634
662569
119565
-209795
120380
-312112
18728
210562
-283541
-751546
411589
681329
94606
-47527
188997
-392288
-99557
17150
-418797
-662602
555520
1006776
-649983
206389
-773034
175527
-906844
-143502
-574200
754229
823126
974946
-485365
561098
-501351
625850
-191126
121002
-214805
568059
-413188
485370
-707099
596358
-474114
503769
-45543
523199
103128
857585
-503851
31039
-828340
457553
-523055
459584
-110705
711092
-333321
599514
-570530
133096
-695516
353429
-477074
784912
157086
1092983
-563567
298149
-1072502
272407
-503310
509991
-540700
566918
-500056
485535
-825512
509242
-709003
738200
-500396
559386
-720839
308214
-555552
278805
-204924
1118902
-335397
586437
-1058110
169447
-734879
310231
6190
744323
379536
1780499
-368674
200535
-1057873
-14444
-673266
262224
234044
1180850
257977
1725693
-374934
69434
-146507
940134
293741
982989
204160
1322072
-390114
570346
-1492693
-740344
-426040
554313
-81653
595508
-433547
865724
-488805
723883
-1205396
743705
-897879
-489638
-692449
75817
-870293
835913
-915696
1796075
-1059226
2613943
-285498
-258423
-338805
-232239
-1603601
-504144
-1986517
1606880
-2112587
4100525
-57443
142498
-277381
-234879
-1772011
-1582376
-2497394
1829311
-2523873
4950300
-138150
315948
-511214
125092
-1362431
-760505
-2332950
2628871
-2451647
3734526
-306161
494287
-733573
344986
-967974
187672
-2077988
2876881
-2091293
2877920
-200322
502760
-902628
227140
-815721
450145
-1638224
2154132
-1271133
1822968
110922
806984
-802612
275658
-745043
190377
-1284683
1503741
-891586
684166
-56135
873605
-1037715
153649
-463688
156030
-905463
1378917
-232510
759208
-147885
761464
-877369
266205
-133246
340969
-1217973
1099937
248039
585119
9672
884146
-809772
572230
-430630
239785
-981022
810732
57857
40261
-279984
913134
-747491
967906
-564953
9041
-1200653
481796
99830
188283
-432963
918371
-1103449
851781
-708082
32099
-861465
708458
535821
36002
-110422
1203761
-1115904
1020178
-339324
38999
-980460
320709
216649
-375317
-596557
897559
-1022328
1048164
-260005
-64222
-1516491
-140443
711956
366936
-492200
919988
-1068652
1103479
-950852
202143
-1417850
253908
868020
797822
-87984
1379039
-1047557
1157517
-1221437
-455763
-731423
341035
955920
-19923
-528107
965375
-1043798
727452
-519354
-720975
40876
495677
1402468
-463824
-604569
981462
-776862
863941
131764
-260481
-2512
328202
1211857
-1245705
-465999
1345518
-334672
1068800
108344
-103363
173996
-845965
1020177
-1803272
-483051
1215634
-829954
625599
-66408
-461403
229872
-1777805
1553998
-1167701
-728954
966230
-1411110
403554
-338877
-571461
165341
-824523
1864967
-66114
-429545
920828
-1473951
1474
-491792
-148099
51691
76012
1112177
411249
45144
891893
-1443389
-434843
-855077
-859561
-268079
-527021
934315
986920
-74065
668495
-1167435
-125672
-425534
-772931
36172
-1059263
787509
849065
-266144
137619
-1024545
140574
56648
-186739
89023
-1225321
503100
761468
102071
332173
-819147
321001
-489523
-500373
-124968
-914990
267897
945488
145168
393894
-1146541
150398
-978113
-38252
248566
-97971
188365
825647
-150450
-259037
-1620985
-82092
-766454
187242
228310
426699
206010
1208674
-548256
-655500
-1527497
-152258
-388559
378390
356904
1059088
381564
798631
-454373
-357987
-1320338
-259082
-996762
181689
91963
753230
365677
1185502
-147983
79170
-908361
264374
-777830
-114004
-122438
-203116
162395
1274068
-241386
21687
-812284
286635
-345703
-88249
151508
-76099
-114465
671575
-250213
-101113
-940979
-131272
-283238
217199
602107
616736
-366721
316360
-349450
-183437
-901788
108510
86575
534403
479909
-6043
-555105
281203
-432037
5300
-760073
548235
-66515
524216
-288717
-62648
-480725
390333
-184219
298920
-502817
766413
68344
1161884
273618
251411
-1003911
-872646
-420200
22922
-424835
988646
404956
1034804
92836
-106597
-1085608
-741473
-613011
-85975
-494685
780085
-270761
250312
-678739
-212864
244706
358169
3630
494434
-283864
680289
-551588
-164079
-725192
-106349
286586
317039
-433210
97196
-833231
612519
-316502
140672
-224258
306145
116881
681673
-1239876
-558603
-1752409
103069
-852108
48456
-62381
1219019
811774
1687050
-1041165
-162566
-1420841
311744
-536045
1012945
-57882
1467042
-332416
522214
-530315
595684
-426404
1277551
-179179
1324691
-396949
124526
-1327674
-320296
-422805
552909
-530399
869371
-820472
253142
-445800
166739
-486091
704427
-763572
63639
-969485
751865
-293477
903921
348486
575609
-291282
543035
-913330
203000
-665963
961598
300960
974182
168330
475806
-516114
446127
-661923
453599
-343082
568268
-454450
24605
-255112
1016261
37527
992745
-732027
496348
-476914
408953
-586490
505524
578830
1148130
-13233
175304
-632431
547454
-730390
456509
-315014
413663
635703
100656
-670424
387817
-249721
719177
-976070
187371
-330880
-101089
293061
275238
-1153984
717081
-543341
334855
-1320864
-39001
-79586
199974
252877
1175989
-512640
643644
-873260
254788
-960892
439418
83130
666669
51872
1212306
-483547
421667
-538452
744413
-328337
1161423
253417
852920
-574555
405419
-1610108
337888
-395923
707523
-603779
946214
-157365
303555
-1447402
571074
-1273129
687799
-784571
152888
-884891
178305
-877301
123067
-858102
1537873
200365
1014637
-1067775
-215347
-1036754
-122415
-488746
529613
171271
1663506
-50799
982504
-724400
174545
-672828
444454
-85588
528313
-284384
1409705
-895931
516936
-173719
752294
-446292
324507
-570364
258988
-724378
1169200
-473394
11569
-420282
446838
-608447
83440
-613095
415467
-637332
465628
-63561
398448
-217533
736858
-280815
589642
-329210
583667
-822206
-138604
-857820
299712
-642389
55360
-1200624
-187808
-997803
488898
-373115
1274142
29193
1062900
-540342
122231
-894386
87224
-560530
514972
-188657
729541
37314
638143
-240205
776227
42196
1064717
198205
700834
-258555
160992
-1271216
-524818
-719987
518412
-226935
945945
-538505
983155
-417222
722018
-929108
114244
-738659
313692
-487202
878212
-496718
688800
-584385
747785
-601033
887291
-363388
294053
-701700
399778
-706809
675094
-516947
950528
-631352
471190
-424114
184747
-884743
109662
-1052452
511963
-669671
456093
-267917
1036328
-367219
469995
-732060
426068
-1120629
387751
-1035667
130580
-418690
1439166
-358710
520243
-757675
607536
-605933
663465
-366216
326204
-718312
467668
-519451
617717
-523106
799515
-379980
594219
440230
945191
-141135
-332318
-282006
1032841
-509313
948622
-604817
274435
448376
511047
-459273
-68475
-305306
765245
-1187661
175927
-1097341
-219305
12011
422581
69976
1053515
-410446
569680
-1813306
-176578
-1143219
49711
95617
1075871
-41179
1083784
-961600
259312
-2137054
99489
-518751
757345
511912
1206672
-50778
893295
-1233092
322624
-1723713
495079
165117
1248920
458162
1349001
-386848
167768
-568123
870021
-611751
969280
147321
813270
-573569
80707
-1134709
-239038
-801483
420475
-832409
309793
-568167
275175
-355613
-19054
-198587
632403
-926189
115911
-1227593
209611
-664028
70088
-382195
266838
453121
1089741
-476521
462979
-707288
664477
-509559
167010
-895665
-74354
-103368
850478
-412877
326795
-752269
264141
-477818
195864
-430029
592348
-728124
1079170
-924705
-214436
-1227481
-47462
-129174
877615
51743
935823
-825050
613680
-840773
75980
-936516
225879
-267274
286830
-737406
488846
-183708
780275
-685063
234988
-829613
-63709
-818280
-97620
-596469
1040461
535941
1345355
-897064
191143
-813049
471288
-439727
593133
-347692
964158
260535
711085
-590361
372442
-732967
618274
-232005
802120
173141
893237
61074
273226
841541
235861
943191
62806
757004
-145581
-118409
-1437581
-772154
-911022
837803
171011
799835
-77055
1053693
105076
75079
-1240080
-1215857
-964462
789162
-63925
557548
-328186
567245
42463
153739
-1189102
-596295
-834468
893316
-141255
535935
-514520
196529
-193874
-14695
-974901
-352317
-659695
1001169
-61310
440738
-833705
-141107
-536443
329990
-653936
-154011
-335879
910534
-18511
485977
-891895
-166294
-670823
600890
-519234
331015
-617713
754973
3950
601896
-799045
94578
-768345
427025
-645200
373591
-699171
919128
52858
732698
-552014
170809
-756036
-155547
-1131810
195386
-355647
1220252
298269
776634
-580808
-216554
-1110006
-901521
-1858644
361347
24751
1080954
127465
426770
-681878
-364007
-1278209
-1000034
-1816065
695202
622121
757211
-211975
92631
-942638
-299988
-1468215
-720166
-1486726
867903
1023960
987586
-144168
158837
-713947
71262
-1050941
-545691
-1716093
603572
489978
1223315
287099
353155
-190574
1194031
-566241
278049
-2010766
477990
-1531215
1010995
355231
85164
588428
2428813
770806
1386861
-2018431
680572
-3622199
1018724
45833
-296579
849826
3004026
1988306
1930194
-1926374
1427141
-4893568
1107547
-203069
-421851
523007
3285279
2093721
1951403
-1931646
1521647
-4776311
1293874
-377018
-479730
156630
3154269
1496741
1886166
-2140516
1725998
-4102887
1207087
-508268
-527549
82701
3095134
1262479
1240403
-1760592
1461671
-3099348
1012429
-649832
-535640
-4567
2825925
1009258
758403
-1384329
1122442
-1998491
1028942
-815294
-517485
-106075
2515524
1184511
243097
-1566471
835361
-1398277
988037
-808972
-730084
-273667
2349807
890103
147023
-1266363
563327
-1102060
1037885
-1041682
-903453
-445674
2310077
909552
234927
-980593
302201
-859551
1150164
-1124192
-930123
-705024
2378366
852343
264918
-864469
225841
-838235
1276541
-1143071
-883376
-996800
2304973
892732
303416
-574444
122450
-737767
1390344
-1201648
-843067
-1237991
2041225
1098450
710693
-459291
-86147
-744576
1476519
-1105310
-891740
-1337380
1837734
1331777
1011746
-271817
-421344
-983126
1420440
-1051644
-789564
-1496203
2387259
1152134
1173206
-467126
-432589
-1475579
1367531
-1231983
-767572
-1446350
2536645
1299448
676724
-523465
-807106
-1071398
1533409
-1060224
-1048701
-1392382
2123307
1568469
35476
-670380
-980131
-484555
1589357
-1219865
-1346487
-1435887
1588562
1249384
-73836
-471869
-708030
265888
1519656
-1247235
-1347565
-1634159
1251790
1332633
-55666
99435
-675974
630122
1595735
-1026585
-1034232
-1490281
1232702
1568910
-480021
633227
-1137881
702241
1658740
-777140
-302415
-1159733
1467666
1450970
-506558
249865
-1288188
313701
1345691
-516223
173131
-592203
1883108
1301808
45944
-379815
-1032906
-562109
963454
-394500
492967
20591
1879379
1614459
341261
-209575
-1008447
-1212640
790192
-251132
628175
-18022
1406116
1793777
584790
562885
-984497
-1490074
603856
36045
599428
-20993
1143876
1387347
632734
1083784
-961995
-1589135
261999
74926
858510
195581
1041899
1015222
785881
1060114
-703637
-1410932
266284
317780
1374067
222365
1179606
457660
428022
636541
-458092
-1697482
473667
860993
1817180
507030
1242833
-31231
-54073
-64166
-409200
-1787418
663989
1222197
2005785
1075291
1095724
-468629
-159322
-465934
-778858
-1832882
624688
1084904
2084274
1239778
1207533
-374595
148150
-712387
-989804
-1889233
400222
724929
1964846
985127
1035670
-38985
219438
-240979
-759074
-1897076
262026
682604
1907797
912308
773706
-322091
-233717
56508
-375466
-1534285
233993
774684
1843508
916747
310192
-741162
-220091
84296
76929
-1192788
226298
718987
1740632
770490
-25121
-836282
-469844
286259
365942
-1020937
167911
455341
1613484
315603
-237367
-1523873
-371778
653807
991960
-344270
179046
281895
1303483
-91274
-568309
-2129240
-430664
842738
1526702
306843
283346
183467
1038874
-209105
-723691
-1921147
-250490
636166
1474981
462215
224390
133510
961953
-285100
-295457
-1344221
-43970
627780
829532
140882
167948
127825
841937
-261872
-41706
-928378
311536
495699
231252
-175884
656116
515708
1244489
-25125
120968
-672005
117644
-254097
-423518
-923550
1166205
960541
1991082
124173
186744
-783991
-303202
-741593
-466170
-1491712
1128767
790587
1770626
-119857
165529
-1316131
91537
-702248
133254
-1227294
836504
343751
1395151
-411491
196411
-1425729
164210
-369912
638812
-592091
794429
273084
1210536
-504970
32811
-1300504
-20717
-452414
665696
-295015
915537
419487
1186055
-817283
-222566
-1295193
-386118
-473541
530721
-254079
994489
330808
886299
-766261
-190178
-1221442
-568281
-1001308
32951
60498
933667
165266
758220
-408945
-68008
-1084335
-543595
-1508332
-154975
-43277
856558
-21521
737656
-329902
63801
-1026407
-670435
-1413660
-361757
67600
704032
-75389
976957
-161001
181871
-816329
-864101
-814405
-146299
-309591
552929
-57319
1227449
58882
261029
-671774
-893201
-851474
127940
-510047
683037
63735
1329472
201301
151112
-850974
-916122
-1141858
-639
-439701
632583
-97944
1078995
-205334
-130311
-1089606
-481624
-909362
171571
-242675
529430
-198417
776746
-776723
-139227
-816731
162203
-628574
720589
-652554
591307
-242157
798074
-671648
231052
-744343
531125
-776971
488573
-1001383
906108
289643
1142751
-234294
514464
-795965
362542
-1197484
-387043
-1122658
1063664
502040
1027723
-21071
338832
-680915
-78740
-1464865
-299544
-1248146
914089
320922
1031045
49241
444148
-529574
-100685
-1615124
37015
-1192598
546951
-41341
907774
-68595
525870
-369950
248479
-1318537
-89934
-773750
298774
-141106
814547
-110016
549667
-125898
530627
-769261
-246989
-594451
281947
-57177
941197
-94667
622512
-192173
471121
-591750
-53285
-947423
453973
179535
1273765
114500
733625
-521360
493306
-1020414
-320281
-1038318
310884
-5704
940141
-35230
481787
-437923
309007
-647825
-72606
-584903
266290
-403268
475380
-416196
-120480
-656569
267856
-388160
599920
83163
467891
-402172
400663
-912004
189501
-864401
241263
-644088
728376
-1541
636638
-176281
477208
-793215
320663
-813681
117671
-876294
855831
-321846
602210
18398
695262
-448697
562654
-726723
376043
-862271
418231
-560477
478794
47965
869892
-61893
825235
-371801
602468
-664694
95546
-952012
419386
-62384
927937
-217374
974382
-355309
853878
-441705
297189
-1083272
387412
-277845
691520
-291478
786816
-586902
225056
-666219
714255
-255815
325337
-560216
383886
-305924
721529
-757534
-506351
-714454
733951
360127
290558
-797558
556909
-187670
1032342
-327093
-737536
-1124958
217991
390516
237210
-539294
1022339
259097
1503061
-130180
-901693
-1052986
-149178
-411131
551825
-122624
1620791
655439
1675652
-406285
-882800
-1644773
-657935
-649305
893695
113442
2021136
429287
1101249
-840155
-1268675
-1824065
-262689
-495474
1032040
9878
1788805
103748
760540
-1158668
-1159127
-1565139
300559
-458789
827186
-151678
1386292
-14455
608374
-1148502
-572070
-861270
484532
-455065
920748
88495
1286379
167941
754276
-697778
-408268
-616984
68940
-747647
995688
66490
1255520
169679
859201
-254286
13754
-303966
-247416
-1152087
798809
14732
1172542
48914
1022324
-357332
273999
-15500
-189153
-1216092
832726
285163
1239202
207578
505778
-710413
357192
-145454
588143
-1508420
1024478
508130
1384993
377758
471595
-769768
115533
-300255
595773
-1642021
1069646
457210
1500245
577814
655696
-597142
136225
-477929
4703
-1445472
1026811
369652
1374537
549380
715711
-340490
116661
-944545
-261074
-1537655
1005521
241623
1339196
186841
621047
-625992
-31843
-1135892
-605257
-1133819
-767
59220
-25356
50065
65063
109059
1265
-91282
-129153
-36438
-33620
-5758
-64858
-71147
42176
-15187
21244
109907
-35079
104480
-19182
2403
-56455
5976
-66564
-24111
-59469
-15295
113862
11681
4187
-11805
-15129
-12473
-46309
4489
-21523
105214
-21577
-6386
18525
26108
-22664
-8265
-86359
-11207
47617
85748
-19589
80188
-36077
-5457
-20792
2129
-35520
10178
25737
17939
18793
21795
-27481
32772
12845
60245
110353
2403
-21218
-21125
-54919
-25858
-2395
-3669
-33038
-36610
-18703
-42524
-160670
-34000
34259
204491
72530
68086
22517
4429
-5272
24219
-107606
-104530
43774
13231
-72746
-67512
-87971
-13308
-78384
-194
-41160
100527
123273
161512
-26906
-86179
-74603
20322
66269
9229
47264
110491
-43900
73306
115518
11540
50330
71361
-22508
90936
-110988
61386
-240811
82284
42287
-50374
14285
106491
222462
-13130
95020
86915
-194730
-75500
-22935
-43468
-126085
131436
219587
96508
46902
173189
-139818
-88668
19616
-52765
-90833
113291
76375
79380
-92072
40105
71854
-122317
-11112
-39944
-91845
16965
-5129
-69885
-125070
105022
-3077
56526
33871
-43527
-4503
74328
-22391
-143420
-20650
-56717
115839
-152019
-38964
-52621
-59233
75050
-9079
-122012
-97885
133542
86071
38571
-51440
-20250
2943
60915
-5330
-101529
-17788
-31554
-24711
54804
-13263
-46182
25978
12951
-119201
18284
-46766
2311
-2993
-9319
-27984
2984
-63549
83826
-10277
-86613
1866
22838
3194
-29815
-10439
-64721
-69510
52638
-34594
-808
-15770
101144
-16876
-35997
9678
659
-47142
93254
-2342
-67202
14450
10839
4738
-99459
-18779
-8757
-19809
41368
-17094
-36172
-37890
77767
-32009
-6414
-24436
-49417
-13603
7605
-93839
59110
127355
-15398
-30040
-16253
24977
11464
6149
126366
-133868
78087
-161
-6404
-161591
31494
-101370
-33545
-34416
35329
127143
-92051
34822
-110336
126309
-91419
8475
-15777
14852
3221
78153
-8790
-127502
-31795
-7647
20963
-17079
42448
-71753
23333
-1726
-27524
-124241
-40019
141565
-22195
-8696
-67264
-64264
50889
-32164
-113766
47721
-9166
154270
-9019
-48835
-6149
-33254
64248
-37381
-62108
68790
25715
123173
-67116
-10273
62749
34142
105894
-13213
53883
-77979
61954
-143521
10251
-12183
15699
92192
40419
-18532
-32723
-72016
-4281
-66214
65945
-41755
43642
66650
112723
60712
-78056
98597
-87291
-8377
-72023
-25465
-25162
22791
74441
-31541
22792
120808
40616
-15255
-76775
52866
-5650
49766
-19492
-175102
-40427
45648
28225
-6240
-26190
-19091
-4353
-4118
74128
-67154
-14942
65936
107250
-78475
-50130
-53118
-25080
43492
65651
-130075
-21243
-31069
-40434
-9544
148045
10381
45141
122860
-2564
-28273
-15577
-52221
-27493
-45534
-21062
15345
90179
53259
-72781
-36471
-18806
-150011
-43839
69668
422
8303
57682
12417
79553
-34305
-27986
-24929
-47048
-100853
30779
-19186
-36459
-49656
11821
10000
-24377
163757
5264
-54658
-35684
-18310
-30718
-17237
-55407
-76083
17374
2698
43258
30188
48904
-19687
1149
25222
-11508
-32317
-50635
-47303
52905
44731
54124
-13754
34617
-4023
-21470
-105234
-60573
21665
-37559
65183
54549
-19253
23253
-37455
-34780
-109139
104555
-12769
128888
7854
-64780
-15348
-17491
-15136
-45501
-36972
-86435
-25657
43979
110529
41151
7125
-18498
-92294
-63526
-48428
-53174
-13528
123729
58005
40328
55972
11659
-32806
16763
-35415
88383
76418
-96546
-58293
-81052
-33705
-30676
-24375
15480
83559
109758
68505
5061
-173257
-10223
-21855
26449
-64669
-4882
-28400
24617
45652
-31825
-115023
51412
81809
113762
28501
60718
-12087
53039
-43031
-101769
-165275
-30007
22713
61144
74183
5675
-42856
90755
-143677
-10682
8975
-4162
-51384
-48616
-92935
-36070
-102159
-65100
74153
23316
189920
135204
-33062
-64957
-81034
-29278
59387
39243
15890
53521
-11054
66800
6439
49481
-6824
23102
-35513
42373
-3266
-92186
27479
42763
-2479
22418
-26192
-126161
-42741
-24899
-76248
26247
-29461
65797
831
-10026
-61213
31921
89373
80053
-21260
-40562
-94958
10832
-43897
-30086
-61254
76827
23660
-26136
-4756
-97946
17204
36540
9791
8996
-9601
64306
-13451
-101378
54131
56752
-35167
43184
-60113
2266
-15686
40006
23611
965
3239
176052
10608
-45985
-1942
56660
38525
19917
-7342
10431
-37047
-9994
128
-37001
12037
10624
-24491
28528
-76702
9436
-11496
14378
-85154
59386
7331
-24575
-60215
-32060
-88511
7125
81894
109616
-64272
68881
-61280
-10566
-72802
-86190
-28239
137858
31134
80227
79918
-29434
47060
19677
65980
44794
67830
66251
9261
-110050
-106430
-82838
2711
38077
92
18978
44678
-85834
-48245
-5632
-128029
113029
55005
75804
-29064
30859
-17055
24839
-109327
6743
30127
-13210
-99764
-76613
-76003
-24851
5026
46550
21701
-12367
140874
60552
9014
8675
49289
57986
-3940
36796
38697
-35108
-80199
-34950
-78779
-27149
-60363
-33931
-80808
52125
75519
129784
29276
112026
14083
60251
39531
13396
-6175
8168
-109551
-13759
-15576
-45486
24506
71358
50321
32321
44422
-28769
56184
-108852
-73034
-39665
-35554
-49464
-137606
-63522
-77571
-17409
-45657
189181
81680
148612
-1252
-55560
-74215
48595
-103561
56551
-43335
-25732
70111
124142
52660
18641
-8815
-51600
61172
-14875
3606
-10834
-73451
22731
-13159
25136
1018
28501
-21148
79710
-106957
9343
98095
-79685
756
32170
32097
59093
38748
-15982
39687
-32442
-61694
9789
-29853
16231
-20537
77724
-30641
93019
35661
103108
-119285
-112621
-17763
-6620
-16020
-28928
23506
-79318
35727
15692
95651
18015
-8537
4741
-70875
29051
-16519
-26984
-124641
-96665
102840
191477
-10527
-24315
-112228
65960
15841
-86258
-49380
-13461
-8470
66689
-10066
-17345
8847
70715
27549
39319
-6770
9660
-19636
-29160
-864
101986
42032
132875
26837
-5783
-75959
60100
-138498
-155767
5885
59565
5900
35265
-61081
-108660
42796
34697
-18777
28031
53549
79311
49398
-33511
-126352
-18712
-116338
-21007
-9657
78509
-33745
-92379
-60897
-73488
-91471
8228
108430
101334
170849
-16927
-33341
-34785
-26314
19224
-10396
4494
85511
64717
875
-63041
16965
59515
593
41817
4825
83268
12088
-14756
-75892
-85099
-10527
-17933
-7520
-21675
-49517
94925
48454
33822
-74068
-2406
-41986
-22767
-23775
-37273
40799
-64194
22392
179113
-87247
48690
10875
78151
32399
34731
-86385
-58200
-70595
-26546
108750
-85602
5754
34559
-15191
-15871
-17337
-6616
17486
35421
-19215
-14445
-32166
-28981
-11340
48744
30798
64815
11384
-59185
-166340
65011
-15828
18939
-44675
25306
-70020
51664
-1643
-89637
-14566
386
-13872
-14022
-12742
-71070
-63334
-48773
23016
-30330
-39868
185192
-76275
-710066
-145366
-341615
316523
-53991
-29142
150065
823921
483394
-58563
-955401
-327175
-384446
-258990
-734644
195242
645440
1742234
887652
22269
-896327
-25798
68044
-316091
-791346
18166
420986
1596733
602827
13198
-831508
112887
-28382
29202
-397782
570853
448203
698067
344399
-66918
-826710
64300
-65947
336662
-49693
787378
-70007
786987
201837
-151346
-779941
250422
126590
755775
121545
282405
-763725
599079
34315
22929
-744120
178200
288339
634930
-76953
183868
-570418
647716
243200
89190
-857718
-163938
54430
58194
-559150
166826
-52958
1317967
254445
-3704
-926911
-348828
96103
398846
-201718
933039
820627
1414244
-732969
-585204
-1202005
-200308
194266
545335
-127481
1597936
1708558
1239996
-1214525
-265445
-930896
306442
579239
781869
-77741
1693963
899069
506638
-1933178
-248191
-472592
749158
409983
547604
-441591
1423144
-2903
777896
-2347881
-1210957
-856169
785202
634514
282651
-873309
1867877
-705090
1453541
-2524721
-1421325
-1045003
892606
775500
-1093688
-1730746
1334261
-1299065
1896004
-1818041
-1418365
-1136651
1537189
447425
-2246494
-2978135
697951
-1382200
1978019
-867553
-1527250
-1088517
2005142
204631
-2867572
-3763967
889136
-1142060
1305494
241762
-1654882
-1006969
2503133
377564
-3075420
-3300554
1373541
-748739
324546
184313
-1842990
-978996
2708784
502950
-3317457
-3041591
1526591
217955
-299113
498309
-1609674
-743952
2753149
390547
-3241238
-2346934
1672195
-325431
-741653
626653
-1498855
-493509
2659666
46787
-3049658
-1940225
1612401
142874
-739155
502837
-1440407
-595001
2629800
388959
-2560545
-1940259
1650180
449633
-834613
502346
-1437471
-820122
2876916
463998
-2436242
-1742266
1586234
395776
-1147078
554758
-1440637
-689031
3276606
582194
-2552406
-1849728
1465949
241427
-1216906
750525
-1513366
-830320
3254090
608860
-2430694
-1600432
1436781
211755
-1351614
1113358
-1577377
-805616
3088560
452991
-2017820
-1111509
1040815
-409605
-1277635
1033139
-1657589
-633221
3400019
443437
-1516856
-1285255
86579
-694934
-671731
1246679
-1791702
-847760
3220325
704362
-1270932
-1838641
-450066
-238384
-47601
1488591
-1310725
-622896
2871482
973849
-1777770
-1979521
-691117
612533
-276739
1541802
-1404733
-832360
2555341
1330093
-1921230
-2287593
-212671
1430254
-131037
1277805
-1576714
-1117767
2906183
1559258
-2009473
-1836231
424915
1966497
-854851
583715
-1469023
-828561
3214043
1679587
-1926645
-1219614
70377
1792012
-1650794
-28992
-1172859
-770438
3094925
1460838
-1614233
-1226278
-269187
1192289
-1670385
168721
-1047770
-787174
2599029
898511
-1596728
-1721658
33801
842707
-621475
207362
-819070
-754451
2057280
858300
-1663722
-1379382
133007
648488
-340563
-205995
-510137
-954861
1375279
60154
-2147087
-881831
-199112
771476
-161827
215213
-378644
-741753
1086913
-564459
-1876642
-634893
-781263
85987
-315174
574816
-668115
-785082
1011162
-509228
-1222585
-281495
-723901
-438697
-354659
975399
-436447
-474056
1070513
-1080322
-1062677
-265334
-1176543
-1059719
285574
1056105
-43790
-173268
461377
-1656583
-620930
-5531
-865269
-975826
347176
652574
79711
-344737
-621243
-1756864
-478457
-377320
-585668
-174100
566943
615275
-49405
-805587
-884605
-1525327
-334955
-7137
72385
-200204
356790
811112
-96242
-1219206
-1023577
-1808403
-658462
536090
462957
-225917
635402
1084412
67617
-866366
-887205
-1851305
-757005
527772
-232941
-298384
879341
1142688
169954
-480506
-811972
-1752057
-718123
319020
22639
-196684
820101
793585
318289
-482461
-1116854
-1857157
-471652
991456
359207
-449891
325538
293574
425386
-567241
-1179250
-1943593
109616
1319430
612048
-249920
-289038
139811
451662
-577927
-1027160
-1699465
378798
939185
931233
-220093
-535899
102222
551831
-649795
-1060929
-1273957
567718
1476698
1427193
-464525
-1457921
-334677
407200
-556947
-478446
-796467
1036588
1965639
1043904
-1267062
-1976021
-566343
46295
-591075
-264266
-675827
1021665
1593582
600493
-1186446
-1340818
302999
415325
-435257
-275455
-782758
450908
1018975
135917
-1506661
-518715
712661
571940
-601447
-134105
-784160
388882
679688
-315867
-1458594
291855
704466
18509
-1147694
-771925
-1433463
486024
353630
215945
-157074
1271095
587611
-376679
-1488318
-1000289
-1413738
637397
477724
712531
253949
1275557
319964
-45039
-1169070
-533602
-740040
973106
746106
364023
-221442
163847
-496675
204035
-809255
-405558
-814603
606275
620765
118698
-65441
606144
-761458
74605
-1002122
-710173
-707470
912636
599764
226157
77839
383442
-476390
-93164
-1127116
-476312
295698
1221215
378912
362186
123565
721838
-396409
-149451
-1072019
-117638
131849
415802
46621
364018
546932
1328604
-137886
-22976
-820065
322679
-131664
-222578
486299
882812
918347
1229399
-701435
99109
-713467
261880
-304011
-403708
707459
1084055
498009
970372
-645460
542847
-524460
21050
-612913
-510060
468095
923959
-124221
738694
-39783
339556
-894160
-284269
-904722
-455420
637012
1212432
-153342
782264
434138
104718
-998152
-204007
-958346
-12103
1087300
1676931
-337005
928648
93470
220114
-736657
-71217
-491807
834778
840995
827331
-908344
677356
-104591
367458
-412747
242234
-97765
874430
108220
53707
-1249206
353116
501636
63300
-658544
-288754
-330922
3215
-345244
263655
-687089
1106647
977872
-29304
-1012100
-484819
-246208
19963
-131549
720172
-76101
1666667
563704
-235797
-1165248
-348059
-302972
105687
-279417
700812
182042
1371111
755412
160794
-613441
41126
-293287
75502
-77073
553022
97874
494025
226969
163739
-530964
-223108
-712989
-2340
-128504
387434
208057
1029628
208317
723154
-124598
-13465
-502029
293989
-717005
-340607
-524672
614111
212710
592961
-479890
-578446
-694539
230547
-235721
171943
-217183
741479
535755
356069
-942921
-788977
-656606
-88334
-234558
425481
480016
1162791
585436
327228
-709448
94198
-307565
551649
-38091
225803
-279106
730638
-513317
250025
-457674
324804
-221309
860694
-37046
355692
-360987
457222
-916310
54130
-376264
302075
-29059
636769
-378026
330343
352016
435084
-1165991
88629
-465150
255707
-104882
597769
-422600
379319
88484
76713
-850529
88100
-603210
99270
-561710
201391
-184582
525371
-98279
-64703
-443966
229766
-635679
25345
-703037
-77858
-677586
195187
-87829
540578
-12915
222476
-685043
111025
-301923
-185727
-589502
-319993
275205
914141
-180030
224580
-792600
654641
-52102
-410796
-211251
569697
618107
225106
-986961
366569
-419846
1263872
-106405
-772037
-235461
691606
811888
227384
-1388659
603994
-260065
1081625
-593494
-1252887
-519809
1037071
618152
-28542
-654470
646022
-755365
483317
-1410501
-1993270
-596266
1503418
715145
829907
331245
444410
-1054069
-93072
-1661796
-1377401
134169
1519948
776788
1142519
108584
-182964
-1303078
-329429
-1438317
-626989
671151
2104568
1198047
737675
-567135
-117648
-724088
116530
-865989
-333696
675776
1379861
412379
-470681
-706836
27646
-567886
50860
-908986
-260339
545680
752455
5567
-453352
-295202
-205298
-760261
-128160
-1153814
-82470
396990
537316
-210755
-94938
385616
-117108
-528355
-91834
-894255
-446179
-315387
753824
-469937
120306
548344
137085
-405258
-262878
-900917
-588962
-72612
781224
-728528
-77515
63858
-54878
-780093
-503753
-939299
-198765
367526
927465
-682046
-563769
521207
-220744
-895187
-443082
-813511
-172754
319228
552255
-1174705
-228428
1147497
-155234
-846546
-468955
-1225621
-383689
131986
384524
-553552
667813
1138792
-94416
-715796
-377287
-1323591
-252532
99491
186725
-164886
1404014
1541916
18957
265390
-310531
344931
-278552
162706
-575574
-620764
-81752
581536
-15302
422843
-454337
326901
275848
20138
-609868
-297515
-574782
891602
-78963
303667
-599025
380578
263775
39120
-574255
-167957
-268229
670253
-66546
154423
-629713
339467
-71493
214199
-505690
73336
-326092
377016
60333
108270
-640431
221659
-210488
419624
-218576
312223
-825075
702948
48385
183109
-621736
96269
-409427
374641
-58892
115309
-780148
801869
-10215
306946
-588461
71514
-112091
120213
36224
172162
-475986
578425
-104035
223671
-616131
-29961
51567
-131302
-368491
357232
-144864
1035696
114604
210932
-626567
-114694
-8887
-21613
-739377
343697
443942
1037598
162415
254250
-510608
199973
-157816
-43858
-1020132
490781
703274
767160
46222
-137277
-712306
240009
-93990
-290197
-865621
875458
438565
1299974
189938
-544393
-498735
232152
-260533
-135622
-1247959
1142874
-403228
2143086
377158
-837117
-131711
590705
169192
-721267
-1199329
828256
-1445183
2230551
241259
-828137
-296222
1323808
950069
-1356587
-949267
687744
-2010969
1605767
111220
-1007202
-523139
2235497
1076944
-980815
-1105337
736011
-1604486
252246
21058
-1240450
-657885
2597367
1022092
-998515
-1213376
1114586
-1354293
-376524
91608
-1480571
-578330
2649165
968885
-1435012
-730863
1037199
-859146
-1326499
119306
-1555390
-527675
2811776
846715
-1922996
-623071
1287229
-385552
-1729385
-133683
-1438580
-515595
2712730
753426
-1955279
-455020
1397289
-573561
-1235989
-214245
-1472939
-252947
2487869
402612
-1527708
-656749
1244301
-344767
-1117237
-163552
-1369919
-491991
2616138
346185
-1410894
-743438
1165839
-221644
-1217463
-265235
-1475600
-724614
2779777
368930
-1390426
-793799
1306769
-456568
-1182826
-292399
-1593632
-813111
2900406
239809
-1395109
-623249
1314643
-415074
-1328266
-211017
-1512024
-844784
2843458
385333
-1347209
-571566
1289095
-687660
-1384118
-326564
-1723850
-780419
2510885
215653
-775982
-383880
784292
-798525
-1029496
-275008
-1692789
-715422
2611541
-299834
-25338
-454186
419233
-1050285
-469014
-387979
-1439848
-804663
2485820
239792
-397434
-479213
-31201
-371251
-956005
-411094
-1463381
-710940
1985644
1023084
-803135
-646666
-59033
229634
-1185611
-347461
-1379064
-995204
2100293
1202673
-739740
-1199910
265043
532324
-1312588
-294242
-1446630
-1213030
2409080
1009796
-996643
-788122
181544
966850
-1792348
-323691
-1490654
-1333321
2371011
721477
-1131400
-334555
-6196
1197054
-1974371
-361314
-1210914
-1371190
2221500
437578
-621231
-746864
496172
601525
-1400370
-63078
-984216
-1012598
1820907
287476
-405778
-1210426
853871
-10798
-675570
250350
-672911
-710702
1635171
438363
-896380
-744192
14623
104329
-721243
378525
-560635
-580628
1626587
358852
-744758
-19233
-509190
156782
-1072053
543511
-688526
-289300
1334681
-110417
-2806
192868
-661671
-185161
-1223949
536578
-575282
-170221
1246828
-507613
267665
363461
-335816
-721440
-1075779
303570
-322502
15831
1103054
-1038139
544215
399284
-282824
-841326
-454706
265686
-160210
342409
480253
-1119082
664010
334632
-248348
-745257
-215908
297170
214407
399419
-202441
-743464
455187
-228400
67494
-172567
-607801
351744
589747
264825
-19647
-868695
146823
-286355
-78364
-432947
-341748
492570
638842
169253
373272
-832856
-214174
417086
-458736
-857462
-247065
419957
507962
323331
197898
-795229
23231
541140
-583981
-743397
-256111
288183
494844
493536
-49154
-944042
77198
439584
-15942
-566767
-216592
203962
671497
405420
-138736
-1063499
59765
691607
-123704
-444332
-345959
109645
868407
250078
-155951
-1392550
471076
465103
290270
-418888
-628142
143129
845898
266047
-249586
-1284354
446435
477795
895942
-257176
-1019579
193473
591137
23858
-385082
-1073487
-8242
740358
1289282
-290009
-914487
203594
390972
-83017
-221667
-1265503
65187
743173
827084
-203014
-740024
195547
343855
31736
-44303
-1033146
201889
691696
462824
-578224
-340113
38062
367667
-239425
-46912
-837570
283412
657461
296750
-983727
275131
71341
440804
-528007
22215
-1046035
342724
371225
-83705
-959059
838952
241545
620757
-251324
-125568
-1086948
838774
-274362
126915
-825491
409206
227255
634753
-87156
5842
-1051940
736452
-119127
-49227
-346051
35741
218388
461686
-285353
-77922
-763056
232871
135218
83339
-134596
150829
134967
399015
-350287
-136946
-701272
479687
164397
53491
301107
258445
65089
463329
-390656
-402726
-517404
490078
-102278
47295
238013
363940
134113
410835
-502276
-334414
-188609
186863
-592329
169154
206005
839031
12477
305608
-651338
154472
-273106
-67720
-348904
-241576
399278
999193
-12021
287075
-528055
508773
-503179
-528214
139635
-411277
171898
1072368
48210
403428
-431508
479041
-605976
-647343
149842
163949
-328561
910613
79680
516337
-326434
323790
-667160
-416861
-835
382015
-245073
607494
90806
415924
-302244
467337
-868406
-224354
44353
297524
-512799
854279
137834
354217
-273738
561178
-945162
2356
272237
349163
-1171743
1148735
11639
348871
-455769
139739
-744495
417390
-41593
281804
-939074
951329
-195
197117
-295764
-87306
-503663
468608
-99704
6017
-558634
688109
3193
155088
-328356
-125692
-180905
-148301
85893
45027
-965704
1117016
169351
475951
-442956
152246
-71153
-168651
-343677
200972
-957516
997007
184823
471012
-469995
262277
-262909
-93264
-559586
-29052
-205093
526902
120283
307750
-219727
309978
-245749
34491
-274965
-304694
-240550
341348
-23053
413523
-148391
262722
-341613
361472
-200215
-149472
-570559
624317
-86084
525730
-270833
-54782
-428590
455095
-557034
186647
-429337
615525
110408
691644
-135585
-112186
-156867
276721
-200197
-272451
-371061
265591
157108
649375
-246512
146501
-40841
132777
-125882
101351
-545667
397325
-81083
215036
-472243
405396
-610317
634216
-388580
367157
-205550
774222
-59379
19439
-420545
224816
-415048
436694
-294663
222078
-140617
957482
22166
100132
-348275
-30867
-247068
364354
-739392
464400
311012
217218
70323
170810
-318003
113018
-303875
240034
-663944
108309
259313
182608
38110
345970
-263172
391514
-440935
304814
-434932
248836
-562316
67850
16112
359732
-247973
362114
-236229
212667
-169474
248762
-318219
-235256
-48650
284394
-320536
473990
-107071
-51041
-185542
83069
589910
166479
-24821
206719
-577640
1026563
-308453
-493678
-266775
234730
631715
294864
2648
7640
-492470
1146791
-498070
-755388
-556882
291841
745807
477201
40580
211971
-353335
1249161
-656000
-657462
-707072
586535
60585
219190
23915
386676
-443084
1257395
-798661
-937360
-340720
675281
-206636
390272
112722
487229
-257512
913229
-887571
-601348
-311372
477053
-254143
650137
187810
300204
20248
653641
-960069
-402552
-329109
396898
82509
45093
-39442
65647
-18455
490524
-891226
-534168
56294
359431
189040
-346319
-157015
237331
-132572
478773
-789915
-271671
-44158
277348
-72181
-389088
-43769
298994
8256
488683
-718257
280578
-232260
89902
-599899
-368945
-28224
192087
33385
253734
-417139
-96092
-19026
780726
-1202539
-36245
-123757
318731
-106463
82694
-476610
-159850
217629
873028
-888033
-579628
-71749
517444
-126614
170451
-688068
-265057
253287
553215
-608839
-806403
-46846
448165
-75959
251183
-626603
-279080
170746
428433
-998866
-127945
-158646
430216
-119122
494177
-727152
136697
41942
13755
-782588
8892
-96978
470495
-47003
262450
-743643
165562
115470
-335011
-501425
637834
146317
70175
-11129
149308
561325
909641
541264
-438076
-1034028
-690200
-92085
-28467
-304938
-434011
-316737
36335
273988
157760
167394
198723
23948
2484
-146867
-332359
-184931
-233836
-377343
-24586
35923
314213
208241
202531
-5470
-305273
-310731
-189097
174343
269547
75294
-271616
115144
183764
-41977
-462874
-671619
-431159
222740
604764
688512
-12839
-88737
149234
247761
200679
78348
90395
205827
98987
-204564
-292885
-126797
-11867
81649
270752
126931
-90700
-343071
-190897
-165900
142898
474867
488232
194533
53107
-24079
-519209
-1256389
-1034366
-191763
363188
391124
489066
99396
-320124
-280989
-258472
-817349
-786223
5805
768333
-699663
-617877
-500265
-550290
-368530
-118651
-15738
175478
897060
1279227
143613
-142791
-305036
-12957
168600
163445
-37904
-335783
-97633
91594
757025
829453
474124
487221
646731
332368
63317
-787104
-879341
-1278772
196510
9520
-87330
984601
1426929
1577519
1147460
239847
-685121
-1890050
305960
-275459
-640285
608025
1856160
1791968
982181
792103
-336581
-1759072
376648
-162817
-816502
-292834
1250815
1041793
25738
478353
195999
-266927
566115
108170
-642706
-479620
527647
332757
-544992
-213515
137962
379130
351856
122365
-463952
-285533
293520
283171
-557011
378678
18811
106987
123195
-134023
-578482
3342
537251
29936
-864949
303374
790559
568161
247829
31204
-572027
-247128
533749
426806
-781774
-461667
113868
561205
198699
142525
-342239
-412859
123067
230449
-257632
-225592
-241757
201765
143871
-200196
-575974
-283053
298627
359696
-140239
-49992
143512
234985
439426
-50080
-806631
-507432
535994
472789
48792
144836
103409
-304625
596571
163212
-521577
-246468
478343
278148
-304085
-62353
76749
-262925
182075
6556
-741603
-484632
415244
392000
9861
203567
403664
-31657
614127
406081
-540952
-750876
76917
733719
511505
169504
-149998
-720410
379956
160428
-208596
-276277
179294
400349
618584
-135830
-314486
-444035
29710
-251697
-663203
98548
615055
528264
-59304
-183090
-395205
61439
496502
363655
-617152
-295669
474234
499186
-565712
-537893
-177564
31045
453445
230067
-694083
-771054
74300
300663
-541617
-453082
322682
592389
197263
-99535
-837690
-903314
-152900
296172
-86960
252657
800862
575788
403744
234678
-320557
-229194
238847
304699
100553
306100
337007
-126244
468549
579866
115296
-100184
482962
274832
119194
-613021
-130156
-313012
57469
645872
402886
203466
421780
118577
-89994
-851570
-131434
-193493
-442084
264327
410084
687437
830480
971393
500321
-95946
-397466
-682681
-142030
261841
-5015
-79457
77996
350349
586658
539728
-62159
-261468
169711
555751
152599
-201550
-378390
-167755
625611
604724
-52194
-430643
-185733
14045
42004
111614
-126319
-246386
680007
668941
186665
-288442
-165060
123943
390674
519212
262443
-526386
-210385
-82969
150192
-125332
144133
594089
667548
604328
-30669
-511095
-143946
-333930
-303568
-124188
403972
872091
750180
519389
-87245
-631679
-819668
-563331
-156190
-99406
-56146
280548
669562
642625
454897
299819
-148661
-617557
-418183
-299572
-291752
-243642
-61454
210430
45731
169316
587086
591524
-310398
-412176
-148174
27925
-34287
96670
-52371
-262360
115689
552785
134430
-125325
-145922
135424
358435
411174
-190940
-752042
-564752
37464
535768
427424
-48038
94054
242186
126799
-273746
-460776
-260153
280633
400039
211982
-96710
21346
194157
-125025
-355370
-537365
245990
531690
362475
163138
-416445
-307615
-76425
-81126
-583965
-1037824
-576918
461211
1249335
970264
117416
-3569
-222001
-205769
-477694
-779248
-545611
327364
914792
598872
213995
182862
47424
132538
371039
382999
91807
-36081
-348273
-597194
-380043
-389223
-284839
145217
329530
478033
523880
-56425
-348324
-72312
278495
307826
203702
88899
-9413
-42876
23576
-282088
-695433
-603558
848961
1073526
1032051
704500
471401
-47243
-301661
-841510
-1319007
-1374449
215293
545209
475589
71119
-151880
-562024
-279370
-64142
318762
-33833
-475963
-512504
-311619
-367559
-626338
-384112
-38936
555552
1264019
1127547
-134057
-209188
-243204
232412
261683
207820
144798
50891
-54880
93949
221450
386269
109783
-171715
-380559
-449888
-615584
-323123
135607
671745
203466
304804
-2753
-283507
-539458
-343076
-174626
-478886
-443544
504921
-127865
-112732
-86601
152127
392972
417666
-114533
-641629
-728703
-146060
81013
-29702
-23103
100764
185988
9066
-554770
-703282
-657816
188638
-64970
-50058
130379
310955
14169
-222245
42313
403214
43145
-235277
-283895
-7790
162606
472144
392364
-227331
28366
510291
171700
-249395
-46587
428381
447268
324625
292676
-257678
-579686
-292731
-226825
-176067
133215
193609
118080
-158828
-162194
-269073
-223912
-329570
-311557
-67740
-172679
-354504
-541670
-600619
-505990
-260244
630070
897224
548777
-191
-56401
39879
-165291
-196013
133567
254557
506359
531404
-20325
-476042
143415
462610
461001
396939
378180
500878
-110971
-657800
-950874
-632119
604990
607095
500233
546752
-43046
-323118
-617359
-626371
-699067
-658703
14826
53469
-92895
-108225
117192
-102624
-288353
190849
338631
181114
-430924
-159155
-80505
-18540
376205
402221
-220623
-250006
-89690
330248
-267447
-79237
72277
89352
133647
521030
509495
248031
-282157
-406558
-305588
-269019
-161723
-261435
-422643
-118678
542203
730820
603939
132990
219328
582416
829378
734094
387115
-106222
-406732
-768193
-824176
-452147
-144847
166518
197446
65270
-145325
200522
71573
35229
-278017
-215853
-395283
-517247
-606946
-625695
-675654
-573185
37181
747455
1011926
902567
218079
-139559
-288951
-324410
21589
-234060
-365107
-209326
402160
326811
389502
187314
-170583
-58843
-87903
79592
104628
-349846
-312431
41154
4361
338256
284294
211472
181435
-32583
-285826
-65556
-63446
-53866
-18562
245744
404847
513188
451681
581882
82339
-337066
-300064
-411087
-149882
-61389
124788
146768
145164
355644
853705
508578
-392652
-673048
-110220
-58549
-65066
87494
-223761
-410196
-276943
465049
573056
216912
-30487
-179219
-326380
-127512
24378
-363842
-1241879
-835039
435932
1493991
-160339
-401898
-450919
-78547
309466
148407
-322605
-570182
-247393
793804
-15789
206749
218872
667070
984032
305699
-268754
-418288
-642934
-577893
15680
395892
554096
702809
774615
223789
-31668
-463872
-792500
-698679
431971
735085
660341
379876
-37570
-754661
-892719
-364528
-209136
-451469
302258
481257
122572
-226553
-280236
-594227
-612627
-303520
171030
338661
-403488
-331598
-439358
-451588
-422444
-3911
384161
784894
777799
478280
156052
42397
33754
421187
296337
225474
140832
246934
-142684
-576467
359354
315206
216975
348939
460960
335447
129083
-81143
-425142
-708048
-228168
-86511
-204733
-247648
84348
521241
792317
296858
-43546
-218402
-57809
106026
110732
284825
-204525
-390354
92809
285038
252458
-252258
426588
587194
486113
262527
-121603
-688874
-785700
312736
449941
-279414
90484
202639
290709
255770
186436
90699
-138016
41677
126557
-142093
-46315
-9293
148196
410187
604319
471023
-80035
-679936
-801476
-376165
182071
-4866
-62902
-180896
-104122
-99745
-74478
-176821
-409710
23259
-92505
52061
25396
-111743
-420703
-438428
-418903
-521644
-201650
717685
-746003
-39663
-390389
-406980
-616031
-221144
552516
1567898
739607
175071
-609545
-153984
62710
-262146
-401685
-66566
218456
1307593
461703
-238834
-542674
42978
159100
-18649
-639469
276139
631013
829940
610474
-695294
-621304
44578
363484
203166
-176072
136792
62556
836406
437012
-182210
-719020
139952
341297
592638
155354
118259
-207701
193921
72306
-58220
-701694
-88127
112887
525380
268634
137697
-348485
441560
448094
-341078
-568244
69536
154190
204486
182290
243649
-467203
342680
84037
-297326
-720648
-203617
168522
205071
5865
1194286
625596
732693
-356078
-440104
-1052646
-295822
340607
479141
-52378
1103680
1197100
629695
-790197
-1057378
-505448
-1476
221798
593338
253370
1277517
1134481
334371
-1676397
-1093523
-391819
596666
675026
341072
185934
1192361
1002440
414622
-1783917
-1421963
-730430
169339
65662
175170
-453497
1412412
775927
989837
-1042920
-320242
-583124
616891
-441490
-1200342
-897393
465492
93174
1536260
165685
688153
-666458
1188857
-263542
-2221223
-2311233
684135
-993775
1360764
548215
2365773
-426223
1556433
132814
-2710845
-3067634
452451
-941008
698768
698997
3039547
-652056
1867901
348186
-2878984
-2719878
744436
-626983
901857
135605
2946029
-506768
2029894
259979
-2788046
-2457203
872731
-472117
-117205
937442
3074589
-511519
2367150
97930
-3110125
-2010420
1921395
-467309
-596962
-143013
3254533
-386296
2346865
433171
-2965876
-2114343
1499405
243001
-440630
35252
2096582
-151673
2080381
155074
-2444507
-1727631
1696597
166912
-627666
402684
1778182
-193334
2554365
142746
-2548697
-1348211
1155947
352717
-552156
363789
1472807
-94715
2590927
564026
-2431238
-1621793
1338425
179852
-736575
626868
1540105
-377431
2780046
487495
-2457835
-1270697
1145700
234445
-1064960
867305
1566146
-328597
2854780
770707
-2493519
-1563812
1153302
-22243
-883377
917030
1565124
-352152
2693439
880432
-1659942
-1528459
289267
55947
-771660
1145778
1694583
-432254
2649574
292620
-1411129
-1252780
-190269
-476450
-75055
1140576
1573492
-249553
2866285
624301
-2181052
-1169954
-316926
156266
-219359
1615158
997162
-306452
2509617
975930
-1799210
-2047915
212770
436039
163824
789280
1523619
-521583
2678284
1136355
-1716565
-2047613
405791
1261883
-411355
735718
857025
-325626
2655297
1515207
-1485797
-1469607
52606
1197388
-855079
164746
1202944
-583246
2780470
1521821
-1720614
-1247294
297276
1017077
-1122530
-34281
1485902
-709874
2291200
1238753
-1611291
-1297869
193491
800566
-744468
-90615
1624211
-867572
1522370
784143
-1541393
-1177088
114427
1282568
-557636
433551
1307614
-810132
1284793
23192
-1984786
-1399793
-348136
1125340
-15140
743819
1627485
-723476
1023365
98247
-1588469
-1291367
-533508
50879
122330
536220
1931029
-856430
640835
-204182
-1185207
-776971
-955515
-223497
237588
976112
2211266
-703138
726851
-630005
-931693
-7679
-1098873
-1017569
-102859
1019129
1984599
-540231
282769
-895180
-762970
24058
-836362
-545086
-56319
847717
2043695
-541935
-157162
-1229180
-666316
371126
-714401
-644365
440337
990763
1245082
-982648
-914682
-1495947
-324691
289052
289964
149043
42529
757735
1804198
-918981
-1245509
-1865537
-331930
2135
-158764
550182
1083003
720748
1449086
-802939
-933065
-1497527
-709772
385912
-250411
-351374
757873
1340227
1350058
-743873
-957701
-1338416
-474952
294725
20713
-648286
614310
1122715
1475999
-590614
-1012308
-1550028
-264510
905120
219289
-528647
177633
512916
1084567
-561310
-1016760
-1443536
-77391
845514
137414
-199057
121072
392341
1091218
-544038
-1185923
-1335589
415515
1265548
464633
-947951
-425666
234593
893076
-269522
-969984
-1103247
534797
1720019
544215
-664809
-1425258
-272886
970719
-392441
-538682
-712781
774712
1699006
1240857
-775973
-1510320
-622336
359100
-517678
-610115
-736917
737072
1258401
769898
-472591
-1389714
-181783
748578
-292051
-188071
-525302
379082
1071335
143214
-1106119
-528608
42138
269274
-496421
-196079
-462476
497558
808612
-92
-765381
19753
796651
73659
-1042016
-813426
-849660
137734
684311
188917
-370373
853652
1255619
404780
-1272134
-1182262
-796271
445634
477276
242130
-308510
510397
1093374
919742
-782034
-691315
-1034611
687382
951244
44309
280003
132028
-284358
413601
-766480
-353114
-465532
415062
679945
405603
-403327
227672
-403676
549807
-853069
-400105
-347102
875941
534141
287631
180869
-121443
-983134
252994
-910319
-574414
-86141
802843
764711
489971
286627
809976
-659611
-620324
-728486
-334305
-134472
665486
294689
607071
724849
584900
-625614
-656633
-720996
-117457
65226
433061
212922
388994
1022934
1210907
-191273
-1163467
-590437
-64236
-290214
-161684
701573
625534
395544
1214824
-429115
-603501
-611248
-35639
-335404
-447638
682391
1078734
-144827
634831
-58323
-761498
-656563
-397993
-530551
-440358
509270
1065116
383037
358862
17045
-492647
-603772
-325061
-690135
-147811
711579
866016
196439
941286
175476
-669685
-566646
-2756
-291242
145024
960591
547695
-644073
534758
273668
-690134
-572201
112829
71237
340761
455084
601996
-601006
153448
466406
-679897
-439093
-331469
-313264
459323
150925
-143774
-290045
795878
536076
-325049
-879918
-300531
-420739
40769
247390
485324
-261728
1440387
906175
76567
-937136
-427056
-347850
-134073
-265363
974707
-418
749826
793502
-330186
-722634
-392002
-103327
-78491
-165152
619277
655842
842931
324962
-474905
-406128
-220264
-316334
-147589
-474638
-115136
55707
1038903
465743
190846
-316420
-80065
-267080
215006
-63257
-27352
-367318
419768
-33299
152696
-487149
-579456
-580198
-32272
-206755
226572
190604
778312
634366
-303605
-500700
-679742
-558170
72876
-315970
-463928
158185
809488
580009
366804
-315814
-231616
-284158
281484
155193
539075
-576745
269053
-66338
-234846
-169070
175548
13288
576995
-34160
233884
313590
-39384
-625963
-346425
-453584
306709
207560
210789
341089
85395
-19712
536078
-658072
-614161
-527497
1214
-91611
588816
-253980
681916
224090
-179221
-343913
98926
-482237
-109938
-368879
33423
-389622
-63805
746500
652934
-726098
510368
-481337
-144591
-549117
112724
-443293
-120310
-565236
427680
496096
708364
-359792
-49180
-366203
-253992
2537
102026
-210531
-420717
-26830
1074690
-287667
224388
-345068
-145375
-215674
800674
603884
-62401
-1406496
63370
-237915
670744
-150476
-533753
74227
555943
613841
587035
-994977
-760234
-293090
516953
-318551
-1121949
-236273
1182026
1061104
204373
-995414
-134687
-562536
366764
-888709
-1399132
-338165
741956
577518
843231
271891
-177166
-797445
-132668
-1110623
-1407299
338734
1473140
1028003
346188
99607
287801
-1067125
-441867
-943931
-966865
171609
1656599
835598
717392
132556
-17394
-602888
-188106
-940440
-291762
787327
1160112
566602
-42259
-231667
-66962
-580438
37327
-886386
-399402
607409
974382
220590
-4682
-246439
750448
-692075
-105808
-862244
-547067
117411
716160
129645
-22303
223121
1275752
-452270
-241039
-726473
-239021
-148907
-170541
-154921
314123
596399
1177516
-492531
-168154
-744633
-311021
543450
321098
-938211
-70473
697242
1141069
-710510
-465920
-740816
-82425
87318
814708
-446513
-785305
1019759
1561727
-727072
-725574
-944258
-370673
511098
824701
-435717
-266912
286932
1608074
-616922
-606017
-891353
-444883
28877
493913
-309029
430651
841891
1244474
-639137
-359618
-833166
-278122
42034
267050
-143602
472861
1179463
787971
-613527
-572171
-682167
-35508
590797
310671
292895
1230116
164202
-314630
72230
112579
171084
128241
-242469
-777085
-888187
-51838
564467
468660
299298
221053
314954
658272
460620
197851
-93527
-593535
-648959
-482312
78537
180669
147894
325022
329058
361744
357301
-185435
-591786
-394623
-92949
342
-75886
88606
383411
332013
-134693
-539968
-650461
150616
75105
12899
-20234
187623
601986
548015
-182653
-723484
-840918
-273730
296275
155039
-201072
-444725
-381892
-221503
-295309
-111239
103800
240891
277986
215715
-76022
-279860
-397859
-35919
456640
391205
75408
-160751
-377328
-282759
-239299
-67426
-122011
112010
983804
1068349
223742
-418651
-86468
-138454
-117331
194855
340798
10164
240190
584360
-91797
-645291
865948
990269
716640
346347
212225
-153376
-603617
-601784
-925409
-912537
-123196
124617
188036
-225821
-466558
-388700
-505443
-282096
347871
759488
-577206
-672377
-529987
-710922
-688507
-640075
-567908
26744
980684
1686507
67639
177481
254730
-606406
-1306170
-1513101
-1399216
-1113062
162057
1824396
147311
215095
615680
97539
-1214155
-1466129
-840130
-1081388
-335259
1225288
98096
-8067
491752
845070
63395
-340177
182341
-23776
-942382
-485270
18587
-226646
34353
787455
825488
503168
608493
561935
-570305
-799127
246667
-158955
-194573
480268
942207
745322
391906
33984
-612063
-646321
486788
50925
-78283
297422
537540
561639
582153
209319
-823577
-1251890
347067
-158707
-343405
499235
787736
288143
146927
500598
249524
-821464
297109
-177789
-517902
460508
1199433
306356
-415128
249429
473644
-416509
350950
-71962
-166466
470621
755760
184828
-373357
-35192
-83000
-466919
-34296
-309205
-49990
650291
517898
-25031
-489080
-260840
-25335
38443
-20357
-462669
-432788
297818
449949
192959
-68509
145548
53892
-146247
449409
-273687
-359200
593073
695931
69095
-375141
-250226
-274839
-444651
-110134
-600789
-657650
515935
1046703
-58009
-978824
-229636
433206
194494
264443
-228552
-657575
-80604
684915
273714
-712802
93773
584584
-207796
587916
3768
-312628
33707
-14177
2947
77034
376150
229739
-532597
80055
-579394
-612381
391999
393536
-7763
608420
621390
37168
-648144
163972
-456278
-455547
706829
928791
195974
360212
434563
-445642
-1106160
345277
-55727
-210383
492514
869890
513505
-136369
-451216
-807148
-1064210
228591
-420843
-842554
-254111
380898
354963
-426383
-543031
-28860
-181636
232109
-645939
-1201183
-322168
273370
142074
-203128
266453
704410
79245
645484
-397599
-1284553
-576406
313556
253830
15110
380582
501744
-59578
985847
10984
-899689
-663591
-103307
-322915
-733778
-497459
352060
354080
419641
-99871
-410105
92292
743496
542476
-423524
-862294
-85779
-136628
67645
-278522
-440563
144140
1144139
916950
-341494
-838110
-233937
-44310
419602
241109
-62159
-57707
470995
697622
-14754
-578725
-350668
-174187
392501
165849
-383696
-459477
22747
726804
671114
379593
-71643
-581494
37564
-316763
-677537
-266013
347716
566715
547151
524812
171830
-305560
-130779
-426849
-543111
30732
287866
258150
965083
922913
-87163
-467096
315309
292670
22689
-42947
-266210
-356530
-30803
266664
135171
-74072
430418
658400
765582
505250
81691
47396
-555317
-929707
-136854
-19991
211392
399232
542699
515296
246420
204008
61737
-485214
-577795
-553496
179130
312487
137083
87139
191158
469845
845164
280106
-750905
-1012398
64373
238420
276939
396780
371262
252053
131813
-210466
-552537
-607740
110371
328546
389008
497374
297325
43300
-195095
-216020
-409926
-306842
319510
603283
630175
451022
214443
455867
690951
163429
-1070992
-1214028
-284997
54211
578806
544343
-1769
-10316
368087
120074
-401928
-410029
-279493
19254
359656
72734
-731115
-1120012
-697960
392524
1013063
782114
363368
572215
559250
95938
-608709
-932976
-686447
278804
879681
218848
-261561
-276761
-125778
38128
-244134
-248965
-19891
363139
895807
655366
-657873
-798520
-757591
-528822
-681705
-368221
221864
889095
1209541
1050980
109631
94213
-87768
119791
218597
234824
399292
280139
-844864
-866696
621205
1050075
929402
629415
407677
168361
-191060
-472216
-1372202
-1556088
250732
492941
568782
39229
-669530
-589771
-267263
-33346
191108
-102374
-80075
-131738
15210
228320
159638
239097
480285
499876
166408
-603363
-21586
81482
98681
361794
267529
-73726
-80242
165325
444206
92433
271923
471001
357645
-55898
-766522
-957843
-189714
388236
739188
660645
31064
271809
204276
-196902
-485065
-112984
238266
285955
311822
135398
227062
305960
90792
-268461
-321792
165712
-249590
-1006856
-502629
270850
459691
213392
-81441
-284636
-542132
-181660
-66181
-825201
-596948
438515
136865
-170044
-383314
-89824
-146669
-232454
257228
256089
-20608
371883
-202415
55267
148573
338996
327893
-41308
-184514
51476
45893
180269
185801
584245
757849
704901
532464
74434
-801556
-1170374
-881698
-97751
125575
66709
65923
227631
-141288
-770911
-767716
-328672
-209903
506454
-160251
-179500
-397887
-451317
-514463
-695080
-45320
873762
766205
630056
-496952
-364219
-380468
-441203
-191863
260039
646094
461634
322215
265586
306841
286526
394589
424769
-17581
-158957
127189
-237347
-860152
-648443
626456
518558
260727
85854
-294373
-585700
-255497
218076
-272977
-420134
267873
381131
114716
-37505
104370
-206518
-767489
-581251
-189628
142336
267732
438425
274898
236847
483017
335931
-471259
-823212
-728618
-479065
-196198
-394033
-695122
-665251
-444916
-34632
408385
724749
604110
533835
128429
94931
80442
207489
249599
116936
-83507
-232946
-149196
-38364
252541
646400
920454
837417
558425
523976
197863
-698868
-1240067
-1151270
-462533
115229
427434
182581
-82186
93762
194591
328465
-227044
-352241
-358246
-170764
58881
53580
-86930
-185139
-252097
206829
456049
242939
167670
-162690
-368013
-328852
-325150
-222412
203113
216003
-128110
150633
120898
-38368
-308646
-462428
-472104
-485183
-435442
4623
302295
548622
234276
274055
94859
-82667
-94523
-61720
-707829
-830381
90426
687090
129201
177367
159902
162890
157338
521069
470153
-190244
-644708
-539315
-23810
215863
427081
402421
-27407
163497
978740
1158993
86041
-1515663
144927
320399
483770
283735
-336648
-190488
27258
152688
328133
-204799
-1765
-207901
-342975
-475546
-803865
-543054
-212453
42563
723794
1084255
69379
-314812
-610762
-359121
-294464
-216533
-161197
-130989
313219
1062563
-387506
-572480
-596017
57701
419686
687734
505719
-1250
4040
435465
-162476
-45687
30150
721845
913900
355424
-46917
-114399
-438401
-645086
405519
775194
722154
782232
696880
-276043
-1028132
-1054281
-1070563
-555611
-162683
208708
170709
-154292
-280191
-496336
-655868
-455566
91148
619210
-158071
-134650
-66526
45583
-217502
-567323
-537320
-30958
447361
496040
402577
360231
392314
566917
308625
-464824
-971904
-537789
-79624
-56720
181972
114578
17314
-13432
92915
304934
317264
-240475
-342595
-69700
-244656
-359731
-350992
-31524
217123
521777
821463
93447
-701445
-302708
140841
175636
100884
133330
-129464
-440830
-227452
231053
12015
-212801
201603
360873
263620
-33192
-452983
-641889
-250498
648523
995673
116926
-22226
233894
409096
498128
393721
137501
-141124
192198
176644
-456259
332271
281300
219276
333203
421879
377274
163949
325172
158765
-811020
-618090
291619
-806919
596803
-403240
539652
-942075
298147
-156982
942692
-574157
329189
-1189492
585713
-671194
518571
-311859
331356
156807
1047198
-674409
579793
-1092033
543262
-378778
62264
-412392
782262
-330480
1353355
-811991
630251
-1078084
440859
-151630
452822
-358136
781671
-650596
780435
-750486
568015
-1000441
414575
-265404
863498
-303899
873066
-660758
275647
-648734
577813
-894130
584364
-480268
950247
-615098
746003
-902235
865267
-611008
632705
-828343
940063
-613416
753759
-558688
833163
-1092444
1057846
-748269
546108
-1211062
658643
-517582
76530
-552497
1350477
-383303
1125820
-747544
524743
-1205740
396886
140235
398701
-751182
1623146
-284919
971712
-848879
480318
-837510
206416
78512
946263
-586679
1748307
-46239
826996
-853269
260366
-555372
807499
-127419
1144852
-684677
1256903
-266828
786226
-495413
219090
-621576
715071
-238788
700760
-878597
1013873
-855570
1281202
-571826
-321089
-263033
1089469
-624121
716397
-1341482
1364446
-2050063
2409482
-272739
-1015653
-313318
1479477
-643850
-388694
-1510824
2005881
-3289408
3534990
-91917
-968520
-669870
1445196
-233869
-1464805
-2301013
3086707
-3848151
4299977
-107607
-811451
-1082296
1429505
-434264
-1380778
-2899067
3566295
-3304660
4207751
-213753
-489381
-1130248
1674103
-655816
-882652
-3055926
3706040
-3387877
3346523
-210988
-548799
-1046644
1946132
-894812
-1129942
-2417721
3689407
-2128782
1447578
-105190
-394973
-1252735
2167478
-469276
-1296120
-2402932
2797878
-967700
901366
-293507
-47379
-1321407
1664170
-214777
-1098143
-1854950
2267562
-789866
758923
-362137
-249068
-884301
1858656
-402370
-835249
-1723955
2051110
-524603
232562
-405660
-357903
-1100010
2292988
-444354
-870621
-1419889
1745343
-422539
-246787
-400679
-248860
-1220519
2532200
-614044
-868186
-1457911
1752106
-381652
-581378
-400938
-90447
-1504142
2830245
-553306
-966892
-1322286
1532624
-108583
-805989
-589145
51733
-1772987
2518627
-122332
-524792
-1523329
1115995
-72988
-922561
-661784
112770
-1244186
2240020
-491879
-153287
-1536589
364498
170462
-556421
-725201
-93844
-1227928
3067353
-1298869
-173708
-1550707
624293
8503
324629
-660538
148461
-1765975
3137860
-795064
-916815
-1291443
537710
569867
-429351
-697160
119274
-1655910
2456743
28584
-1283185
-1120507
696038
1265083
-933155
-885069
155386
-1435992
2197830
279657
-750561
-1034704
535179
1582097
-1826311
-802917
199328
-1288576
2307297
104712
-794977
-521663
-232983
2000812
-2541481
-644694
412785
-1500944
2270198
266573
-1207317
-122861
-1188710
2479400
-2396584
-689278
722949
-1773064
1873294
-7256
-1192818
-266917
-859340
2198635
-1263070
-500545
819882
-1455689
1644958
-351738
-764757
-751203
-469274
1232614
-486604
-351377
557271
-1523818
1205517
-366303
-667757
-198191
-664082
879782
-138332
-115978
452595
-1451714
666144
-490360
-784861
189199
-1113046
682972
82091
28001
137475
-913258
730741
-755589
-453004
659220
-1298846
302101
61141
184978
118153
-817628
799763
-1227833
-625455
391033
-855042
293717
229839
210924
270425
-996169
757071
-1514738
-154684
264076
-663912
-19931
742446
213740
115357
-1273331
349197
-1532705
-239171
194953
276147
-242093
881558
-10392
103958
-929957
-40445
-1226792
172850
-423951
263582
177114
827534
-243044
-67144
-905644
80167
-1526245
724742
84270
-52186
-254764
1168308
-104656
116468
-1116945
200219
-1441402
72049
527682
10381
-375901
951721
-105901
326135
-917771
-3402
-1306995
-169151
729507
299388
-260001
602605
-129480
227882
-780593
-181763
-1099355
48294
521449
369195
-355953
561891
-171394
264606
-803568
-301968
-872509
449934
897458
229476
-671758
394583
-339591
466288
-693250
25751
-1204973
639429
653655
854720
-722299
-99043
-377397
267303
-760967
355886
-1064546
821154
602090
977979
-638544
-616379
-225511
297055
-672423
491124
-551738
875398
16057
565658
-860752
-761997
-296314
281417
-547828
738132
-621798
1001203
-4824
-75368
-419287
-346652
-139176
235451
-771718
604878
-847400
669362
108009
-213564
-522107
355748
-122320
376839
-1027427
492477
-976448
365445
-326
-35674
-723571
643896
-470235
457576
-1490671
322474
-907107
467352
75651
795198
-722698
713343
-872193
425964
-1258925
214405
-1214940
1300861
-367458
1447978
-353708
644513
-801153
319241
-1061333
932241
-1301542
1383334
-356434
539915
-474815
692080
-466515
471874
-1217453
772779
-982031
1039949
-270482
597888
-304657
721906
-587390
498205
-1408174
585300
-827471
1052778
-105547
223583
-95263
1436915
-779574
537552
-1016135
759402
-356764
828558
-155767
366353
-415061
1318189
-822722
409134
-857344
609931
-418169
708129
-475818
705449
-158152
1457111
-730393
582360
-795438
669114
-882249
728829
280343
474742
-228140
743795
-609070
641167
-1009059
954628
-826350
17896
1031420
420337
-605595
933290
-389638
910503
-1298236
711097
-498635
-494478
545370
958063
-969879
1195558
-640065
791839
-1266990
330093
-371443
1962
171915
1028038
-763174
1184160
-723471
582698
-1129338
537633
-510257
698394
400154
949488
-1205733
944352
-565600
593995
-1206121
920227
-406471
617978
-38612
1258306
-1789775
1145710
-526626
947336
-1048821
794104
-445016
771620
-1094889
1103577
-1629911
1225747
-742639
474519
-973014
484901
-1025089
696026
-712596
978202
-902290
1253614
-562092
304923
-1002102
486013
-547067
169957
-302376
1460114
-1076041
1223638
-653000
399664
-1143961
399499
-228887
304667
-881751
1851186
-861569
1467970
-526494
792686
-829021
377340
-368027
756912
-1083076
942461
-810875
721631
-547904
605674
-806939
200468
-672614
940025
-418822
687677
-370159
375899
-355150
809683
-755652
321090
-958839
428100
-770298
520636
-569218
1178108
-397926
803459
-906567
305128
-840527
910914
-953823
654908
-782878
1070996
-575080
540494
-918203
204122
-864178
753143
-34670
840863
-387791
705295
-643842
533381
-642523
534142
-400924
540917
-572610
980082
-513860
401434
-572070
468091
-793150
964935
-755820
1164395
-855776
610802
-596546
831613
-416342
551868
-897807
867210
-687917
794754
-691442
1093667
-1032112
1000568
-402968
578132
-717494
684018
-755610
986927
-1346217
966580
-482285
594047
-401550
476053
-742315
531515
-943953
1225740
-786162
211838
-802433
989052
-456903
524490
-909062
779581
-1405117
829322
-630964
983835
-889895
749378
-488760
536712
-940162
999438
-1043503
269624
-905639
1192801
198308
517560
-529494
505210
-845131
1239372
-854125
348603
-560700
413099
288604
955350
-372374
808417
-1041791
1484848
-951478
-153217
-79209
523896
-117711
627763
-153739
965450
-1216896
1285648
-1022971
-389972
-160068
378886
-337142
999815
-326365
887187
-1731654
917513
-1534985
-290986
91167
1353372
-331025
850870
-554370
969945
-2081692
886870
-1129956
-226673
-67555
1503524
-111613
721411
-1041165
906790
-1833697
685056
-824678
599426
70903
1714274
-480197
540547
-983755
687677
-1169622
863659
-1032083
621140
-158065
1081578
-591091
150045
-781570
471865
-1087766
863334
-923040
300012
-200411
561201
-338424
46842
-817678
512774
-1209888
657934
-717578
486376
-351922
201222
-147113
444619
-771256
503220
-1028113
608693
-1263933
514889
117562
315560
-588082
677247
-574402
453064
-994193
418431
-1006411
-50303
-126774
1327989
-1405749
618864
-718020
412819
-1030313
220570
-757867
261767
-461848
1423452
-994817
313095
-932807
400043
-934563
371714
-668524
227735
-704979
685981
-496897
853236
-915238
300330
-952267
216340
-772900
369218
-567474
814761
-612103
1190769
-866491
450045
-1116684
311178
-1110538
680089
-434466
812641
29914
1316460
-68512
-99866
8804
-559819
-401914
-113580
1085032
481565
484509
-458976
-51610
278932
584173
-351202
175504
-370573
63375
358202
-430803
-520768
-33275
60144
567549
-373587
227012
331317
376027
140879
-209839
-1173579
102916
48933
676130
-76913
-260598
31537
39791
76385
501336
-970893
25141
-73357
566077
99400
-136133
-235640
-250273
-23499
115456
59288
19292
-10822
574748
339787
240974
-250641
26196
-48162
-83763
-510959
-70346
-102981
170748
-608097
53488
-567832
-155482
13541
668468
-300078
117570
136645
842274
-228712
682510
674915
206760
-531939
-523631
-921976
-311424
-298589
690568
-446610
-367163
623333
587335
-521212
-232928
-94090
202908
-100952
636945
387217
-25138
565109
376354
-1201245
-961156
-681353
712372
582505
460887
-175385
-197774
-11401
121118
-772766
-1382602
-416183
83969
-64025
178069
-186567
-86623
676002
295346
483964
-992567
336718
526266
156240
-475528
-1075789
-23740
393320
91911
1190988
-355065
580603
496622
1266773
-510082
-1997036
140193
441162
-487581
636769
663321
593259
265509
1604418
-608915
-2233039
-585414
1645621
-150330
-230895
1760578
-33209
245637
1815073
-72811
-1822480
-354197
2255337
274064
-1062100
1477271
-1118388
220176
1429536
-274776
-2127787
-102638
1741342
881311
-1348587
2606554
-947353
452974
1614243
-280957
-2188140
658894
1877668
431275
-2698510
2025497
-66664
268508
1638633
-172570
-2697915
164287
1933360
1060442
-1760596
841477
235913
320441
1165798
158049
-1941086
77942
1822435
674338
-1664418
906246
131210
495635
1351045
-397571
-2073836
78141
1635245
653607
-1395202
955776
107298
633311
1791982
-290271
-2127729
192572
1467490
351886
-1367413
828074
237026
370679
1698100
-289176
-2292383
272117
1343515
261550
-1349286
1167736
695534
375499
1731391
-147871
-2699396
292776
1505984
472591
-1142840
1002014
522873
667127
1662359
542929
-2190526
-301204
863503
537154
-1055807
660178
817706
315230
1095973
-155212
-1549371
-385147
545396
752779
-169640
602671
1233459
806672
1750406
-276015
-2319321
375730
442279
825589
-524666
612840
-139300
474053
1504561
469171
-3096007
391752
685099
1123997
-733581
905376
111544
434314
1406079
605314
-2782772
-86885
1510960
1008417
-1042018
227509
385578
601194
1540647
540363
-2133330
-309012
841675
1175046
-1353585
217266
837953
645098
1613543
477574
-2091961
34569
593972
1135053
-1574917
-274341
1529609
135726
1255036
306890
-2247559
-406413
862388
587445
-322761
-717673
2277155
65683
777867
719295
-1753167
-253521
1385977
368310
366039
-1368139
1726760
18027
253300
257824
-1990105
42538
769931
1065547
324925
-601251
1308256
181065
533676
427771
-1588023
-137733
-330355
535018
13516
-35736
1132044
-148614
123747
530189
-607669
255444
224237
525838
637163
34019
515468
-98224
188024
-41923
-430674
301531
-450145
-659456
866911
355170
837968
-222728
331142
-150739
-31809
673447
80687
-309177
791388
-169345
670749
-361482
-138645
-179612
-298203
627504
-135711
-281817
939940
92711
526721
-638049
-316241
393175
-27783
1197631
489124
-417179
39321
453745
152756
-712100
-528158
-160448
137490
724617
263425
558845
501207
91118
2856
-221664
-34467
-245425
234836
867599
-979784
-9525
610021
374186
-93810
-311476
-194462
173954
248313
1220924
-456801
-295489
311602
488510
-204560
-332696
-532486
144343
284838
1132871
-144340
-922036
84955
343188
277646
-335237
-488542
822
410563
1089895
41303
-171124
133028
176324
4162
-447058
-428452
101520
967693
712351
-425355
-1233680
-263852
638606
259615
-244721
-541381
-39795
802431
1018123
-149439
-1252945
-584093
794589
309224
113647
-81777
274070
555598
1385648
-206869
-1141290
-1107557
257452
164491
-328452
-370710
28759
458792
786092
-283002
-409868
-723103
760766
710583
-22877
-135150
-61005
12173
279325
-934108
-487030
-78859
573293
497176
-74073
247119
297652
210079
718610
-653539
-397581
548771
84294
-464364
-702808
-182927
4079
227161
704493
-258845
-183066
796608
529465
-40896
-660624
-474683
325634
178480
46924
-24694
-464561
497960
999199
474491
-35220
-327085
408834
826683
745348
-171705
-59673
-859824
-284352
-39210
226476
192854
427564
200784
826684
-885165
8663
-450940
-148069
49012
-209860
-153115
391408
-94253
384492
-770468
112457
-394618
-238949
584500
-276369
-135579
895872
313538
767573
-108260
408464
66539
-797850
-1124439
-83443
-221214
561973
-254150
283552
-245203
-95323
144979
-364516
-689052
220021
157391
421410
-91478
111232
-277129
673555
137436
-433277
-1376494
-121222
-164611
-31177
-35508
889996
-472520
343925
197764
-256265
-524180
55891
93589
200655
-446742
1028255
-180501
-931997
154104
-354429
-522372
-341464
-339566
331889
-558635
693897
679992
-739406
-6712
206064
-842445
-81439
-376933
309289
-57938
405877
471414
-323249
139763
175694
-1128317
-74584
-175894
293481
206208
392028
-178199
-734595
444158
287791
-606512
144756
283845
762550
35693
299552
87806
-914486
-409138
343521
-1021759
-229818
-583886
386611
-266576
-171797
-252313
103752
32338
1216814
-852318
185261
-166673
495711
-178024
652411
-306039
262511
370716
487167
-966767
-523693
-312142
83512
-453768
487356
448824
-43303
132649
579549
-270685
209605
332236
785701
79484
20784
459641
120680
-984785
72208
-1543293
-195779
-577671
71748
-340710
-379431
-206596
965940
76744
999049
-505576
157205
-84665
520922
385968
69136
-611532
-125949
-439470
-187082
60607
-275634
-393692
240727
211518
360991
271754
266697
170466
-105481
-730827
-407021
-760569
17733
-359748
-100496
-540817
741086
509096
910847
-405171
71501
-90265
525660
363905
763358
-399468
-382379
-476557
-118414
-590513
288034
73927
165708
293224
-89838
202301
51507
-413055
-471324
-60971
-12482
18853
231980
-86575
70557
-271766
350668
-519
-339310
-913
-33721
-46271
495125
-196480
208166
-23897
36632
-528233
355188
-266717
-98169
-258467
52642
-257785
-26673
37246
976484
-430284
-51749
-51671
-151914
-138316
-6405
15361
-67969
-873449
243615
421934
492555
78981
-21424
19000
92044
-139501
662655
-375211
-170498
-540099
438807
180306
-37140
-8454
89015
-528439
807386
260274
689634
-1269837
-640988
321907
56549
399351
-83135
-572095
703016
175117
862660
-102882
-877548
-692143
38595
237831
-52020
-855908
802540
438560
113688
-566681
-660803
-149992
-455610
-184401
-285661
-1194628
466369
679375
156822
587539
234360
-542647
-333576
67154
110755
-562267
1277003
672570
-491228
-546549
-147409
-455108
-715821
-501204
319167
-694625
958717
1124514
363345
-232915
-7266
-57929
227505
-296125
805098
-3715
800533
335419
-436362
-1172166
-79793
-250960
424390
-224316
354494
-211676
900226
-75860
-77205
-952152
355148
8895
-6768
-167890
-12657
-549343
554829
19064
69787
-364282
571669
752691
93339
-194584
209704
-205017
117648
-89504
149106
214594
246249
303997
342777
-75250
437741
-40392
887770
-453181
-1119557
279505
201641
245242
-101568
-305496
170981
-291382
872897
406289
-500130
-165181
1139778
304299
-203874
-346414
178362
144534
796591
386307
-323327
-1034722
934438
330514
231587
-191780
113711
-189152
320646
22348
109331
21451
430058
22456
142927
-138993
14126
62449
180182
-20817
219325
117445
657089
-278641
44244
-142800
382590
445744
708490
-160990
339287
-228587
-429121
-977676
2183
252506
-152666
-69395
-683541
-92532
875871
344678
-154155
-193345
-220249
502398
315546
-144987
-16212
-2481
-409483
112045
-665051
-40739
-77873
349963
90810
-72158
261811
408041
-467820
-281051
-406923
-255890
15112
213633
-66511
358402
-126893
53565
-515284
-241766
425531
39753
-20104
209853
32217
605265
-129680
-272034
-837192
161663
-187800
524174
-55620
80363
-337024
182439
-253548
-176287
-69175
516260
-438990
420659
-120845
75273
-301692
-261639
164400
324427
85616
147149
-314388
-252930
-143555
254176
173947
-282387
303667
929657
77507
-357940
-1017524
57716
-98059
192157
349100
61096
-295270
695497
204005
-648467
-967223
570318
328810
325910
-99963
204057
-473015
47167
-490196
-951450
-615023
636390
364444
374334
-587924
-237907
-88497
58473
-562730
356206
-217427
745385
138281
82016
-446545
-66085
-262713
462058
-608108
1530704
-554064
1239428
724497
64331
-858351
-802483
-257721
216972
-1049986
1889261
-323421
2262127
605314
693670
-836606
-1653790
393906
392948
-1229965
1650859
-7833
1971952
290934
901811
-633057
-812122
281707
1227513
-736849
9209
-107689
984025
271442
645591
-560977
82467
398328
1227944
-514504
-451742
10340
-269598
321107
223304
-669200
298848
930283
432659
-457017
-548672
790959
-770098
473960
185685
-935270
82559
1274194
332191
-440289
-1248614
762326
-140096
189465
62076
-604180
73591
967563
205998
-59339
-172404
-166093
-583652
244095
-315045
-251521
743463
285475
-291170
86033
263486
-27628
-956573
295500
48742
-682943
483955
343947
-18227
-197652
-219490
346290
-592856
266256
552982
-770533
84342
410296
-71202
-541853
172050
666680
-427278
220441
309856
-911569
240757
562330
132577
-357504
45807
586615
-439088
36730
249281
-627999
176914
476853
-65430
-519292
33263
404692
-471056
195933
14185
-254379
561405
-285528
-595270
56207
704242
310780
-205209
383879
-226835
-918879
1124300
-353068
-494667
484639
957480
-566679
-206248
221265
96455
-1050160
20967
304865
180059
483366
-8434
-214252
-822147
-15959
40024
-44716
-729375
602777
709707
502054
-791733
256252
-657332
493
162698
125349
-302009
202583
871497
110961
-1144520
1286
-369137
302175
362180
-533093
1181
528467
-46135
-93623
-1340564
523613
65853
146726
28540
-942154
199377
840138
-756495
107666
-719955
881075
539674
-310714
-88973
-710418
251288
260877
62814
184928
288886
102975
83477
-280475
-506102
-527906
498420
107737
680156
-383013
689131
-680407
-109848
-190262
-620523
-622842
108136
334797
-150496
-74609
610585
-4741
270626
-16089
-132070
-356183
399897
637338
-893059
-13081
265537
290745
-32086
166396
-244630
-85776
1169028
299654
-884516
-145965
252676
429800
-271523
342648
-193296
-524764
896263
168171
-519759
-361700
546890
375057
-539716
112418
-335947
-761336
952586
340212
177113
-65328
338472
-614770
-253527
-214256
-632400
-18614
1056802
-69509
204884
231645
351374
-614504
10571
-371938
-410211
735654
460099
-140999
950073
32733
-432304
-94285
-244805
-204261
-123414
171680
194528
-238695
500555
177164
-22183
-122779
-127366
112142
431634
-163365
300314
239819
-966255
-193426
831333
-30690
-744281
81317
268801
186258
292124
257133
-494751
-152383
45200
-157603
-227365
31725
-241966
223758
473283
253653
341639
-276242
-503972
-448976
193375
-97722
-22871
364157
605249
102984
-256641
-232350
-297750
-212200
238441
-187964
228321
332549
737410
-570521
-372379
-263163
6488
308503
-100004
-27871
205807
159779
577305
-94698
356585
-738605
-814696
148223
-262477
1683
518681
333981
65722
42581
-32528
-757697
-329438
365254
82447
36343
469358
-17493
-141321
-686740
-408689
369307
729142
605619
-179990
206207
215537
-242082
-137017
-700947
-516488
624838
934501
-142838
-648205
-282256
263231
78731
54803
-190745
-251230
144629
1222964
-288658
-809858
-617826
217510
-119800
192566
-190210
165248
593877
1161372
-313644
-89719
-256779
102497
201651
638438
-516772
671891
-147485
-376856
-682797
689128
331391
330585
158326
678456
-586612
-58272
-386205
-1053366
-667761
860800
231226
479312
-282103
-315506
-196492
-243955
221061
153850
-363636
383693
-235342
294294
234350
138830
-55673
144025
258339
-204035
-703546
241573
-131656
253765
569694
208224
-415163
-56081
159281
98976
-432607
-496384
110722
293849
65025
-746167
-543655
539032
124571
570401
-74546
-828213
141205
412135
-451143
-303012
182951
361611
258761
-157412
-486257
-430157
31364
254347
-603352
147479
705684
-705472
-453521
-69986
9906
708419
-207582
123043
-470264
-146289
584212
-255365
-991442
243207
163722
661077
-489656
-41505
75302
98363
48942
462408
-436338
66195
208918
-302054
-39389
225716
80595
549193
-304343
-15532
-134470
226295
-234213
-428388
323348
506596
-96893
667427
-365832
-784240
-891925
596125
-333460
211718
-139632
280195
106328
134888
-947512
-177233
-316913
454998
98862
468815
-161896
-161557
4722
-86508
-766258
530314
813170
280829
124466
-315511
16128
-73607
-55515
18657
504768
229247
96195
414072
-567803
-85541
-132180
494114
150740
-261721
112912
373067
-548553
-92038
-683833
479692
-52430
325411
-142908
-181248
-489842
419323
218148
-611362
-287955
-114695
69163
-69203
-204242
312292
-275601
-417561
293533
-57257
222832
137946
105680
76996
-46896
577614
-213131
-634562
-371297
52652
-409014
701298
-474554
-206307
-159899
239699
-80574
679030
143857
357322
-291846
-16320
-327899
67491
238335
117575
-61968
15949
85900
88346
63375
-468623
151458
632951
240496
69782
208441
-242356
-751301
-442847
-568757
118174
261579
583493
-430862
225409
-313652
518244
-201081
-242970
-646675
753778
105347
334704
-186146
182239
-451903
9126
267252
387751
-622979
570260
-242883
-57820
5511
-142940
-220494
647454
-224114
-316317
188591
423144
-167956
-118056
-269109
24254
-312590
256305
175340
-164758
380021
673732
-47108
147984
-359217
255440
-156340
-498536
-371268
934429
353709
-50515
-101859
227789
-154856
207007
380744
106225
-579927
-250359
95163
82345
13135
467733
-48800
-298910
349381
702928
615543
-1021277
-1324956
245135
61038
674551
-589339
-296790
325202
158266
198094
-211900
-661664
-140793
-199609
179313
-816759
-218950
387571
108596
-161896
353362
457523
128746
-466405
-135303
-550102
255028
238874
432294
-440072
406570
602455
-211595
-579488
143937
-182278
743522
796124
115234
-903317
250485
324660
-455108
-229002
223697
329581
849555
138939
-30668
-353551
-223791
-815059
319100
418529
134806
290367
678669
-643873
-599815
-623404
-586961
78243
760607
419340
-36025
-325396
236354
-51642
-530565
-153030
-34390
829164
516289
-88095
107769
-98215
138505
-228416
-250832
175724
373042
411364
247424
-16613
204160
170448
365892
-783167
-367064
-5623
467384
-27928
-117507
38750
-71223
11065
211373
227296
61085
-908978
748995
-150552
-219909
-303633
-53893
189369
276282
612895
475657
-962347
-143052
276519
334856
-159748
166213
118703
207012
-267291
-97281
79638
-132544
375350
140685
78162
153421
-230573
-102621
-219767
14781
551276
974692
-544311
-899918
59749
365856
-43231
551297
-252482
-187668
322101
417479
-639129
-764215
-80330
189970
91114
622274
-59568
-234599
417397
25730
-1085762
-874277
187378
633428
390944
349006
494165
605233
119404
-644752
-1285111
-1113503
119201
626310
227884
-56402
363954
667611
524279
-250496
-1485627
-1105552
32545
643935
200685
-396075
-3041
457253
306593
-211721
-1132590
-943580
139451
679734
323927
-494503
-202102
320641
-94491
-52548
-776621
-1015842
247232
777438
304421
-551241
-679592
-139664
-81554
261514
-293063
-648176
138691
713932
366266
-224572
-601997
-258085
-55395
478410
-60543
-647253
-29267
681778
401509
-90085
-311383
-381946
-354128
296357
-309001
-560763
191303
778548
489560
-127993
-84157
-160348
-831591
-373217
-665844
-250799
372526
1034996
761080
-333409
-334348
-46339
-1312324
-1390702
-969030
221597
129262
628306
366677
-546708
-634060
187399
-1103983
-1563235
-763314
1201181
186129
541918
120096
-547757
-594642
138152
-977959
-1550406
-992114
1348109
777603
830439
-4263
-285281
-253465
614316
-930080
-1346999
-1606081
1032675
1128727
1032063
-234262
-87603
805921
1462350
-359368
-221657
-1816180
-26343
1282345
1077445
-985251
-224007
1957773
2810789
119763
928945
-1645185
-663245
1551630
1296824
-1740499
-1048221
2480205
3782860
-83597
1316131
-621475
-631505
1670659
1608083
-2060902
-1768307
2577074
4270947
-496816
904297
-123337
-449800
1826105
1791170
-2220199
-1998038
2464963
4001304
-712914
107301
698693
-365020
1735282
1711701
-2470284
-2016492
2810240
3872659
-1235114
-407893
1373640
-68447
1654515
1661373
-2553945
-2090383
2944636
3462090
-1461085
-977546
1525916
378706
1630657
1481142
-2500331
-2149730
2720828
3494155
-1374690
-1483420
1176071
429439
1544894
1367514
-2553089
-2098417
2493604
3001670
-1158154
-1290868
1140403
164790
1734378
1311968
-2858589
-2154756
2396750
2944531
-894127
-1162234
1223381
-80417
1854288
1568698
-2991922
-2324079
2548433
2727719
-986406
-1185951
1437080
-292821
1827979
1705698
-3050994
-2603529
2420859
2653614
-910888
-890629
1743033
-315837
1962219
1817684
-2876596
-2719143
2035027
2564978
-289428
-653626
1526164
-572379
1992903
1767213
-2763986
-2420250
1478126
2316778
290908
-262792
1016024
-694843
1896175
1612118
-2807706
-2223214
1726272
2039770
776704
-263295
700731
-962597
1887819
1585569
-2771460
-2418506
1908741
2204769
575146
-676523
318548
-890778
1899396
1798398
-2591452
-3091169
1672058
2633497
359989
-1443782
480131
-488410
1865097
1658069
-2583537
-3362417
1303646
2454223
344322
-1756337
938817
288282
1817248
1774077
-2425335
-3347956
1214640
2237339
633954
-1781226
1172126
672640
1790851
1968904
-2140954
-2987946
1405623
2045420
463815
-1684836
749678
962856
1419259
1926567
-1462325
-2413666
1508664
2012520
416557
-1630359
221406
959860
791738
1676195
-1001471
-1731740
1839625
2191096
821016
-1275884
-177247
416210
400474
1378842
-754778
-1198341
1801634
1947680
1066620
-599543
-255529
128293
339762
1302308
-550598
-970946
1319779
1230006
1349048
397621
8057
-81786
237530
1174677
-540471
-386170
1202260
455113
1161800
1079698
188610
-404749
26113
872109
-434865
441772
1164819
-147823
908589
1276838
277036
-243655
22640
888477
-1932
981790
1233457
-474581
387551
1049381
39339
-532990
30743
983993
643207
1458092
1164769
-461101
-113677
301176
-210518
-404833
-108166
929801
1083298
1913581
1155605
-293152
-204850
1919
-470865
-719137
-323521
662596
1019586
1875728
1212971
-193557
209362
147501
-638019
-933521
-415920
464670
784330
1672951
1146693
-495682
203177
837803
-352834
-1071647
-487147
393067
891349
1715083
1189828
-932213
-535058
775380
-12798
-670425
-496714
294394
1002465
1762903
823904
-1254855
-657696
690556
321359
-160801
-567359
155004
1010604
1802804
533378
-1280054
-920396
613189
579653
-34342
-728573
-59637
928451
1652222
130646
-1941360
-1358683
607589
1461272
732662
-585323
11656
717817
1357289
-87943
-2128833
-1851378
422506
2074866
1000700
-333388
147774
523761
1177585
-1097
-1734323
-1571493
104922
1843586
829574
-416409
128222
335408
926443
145706
-1281501
-1028449
378123
1340095
335562
-312635
334530
276587
815646
100586
-1219902
-424540
742504
573517
-354534
42319
936697
781571
1080007
358718
-951733
-407833
567416
-472791
-1431095
75001
1203925
1335351
1275601
144320
-949454
-705574
395626
-359604
-1245519
-118594
829914
968319
1070179
-213737
-1090524
-398700
359301
125953
-297409
-195163
523774
712849
1031725
-134627
-958613
-384672
46013
124569
465795
-27676
724261
604550
769950
-293496
-1198671
-450956
-290226
-215237
945912
-2482
860967
789813
325605
-581752
-1101557
-488810
-313999
-543009
793822
-8072
759529
724886
233436
-395757
-649508
-404236
-761957
-1383645
350204
67623
667996
606154
192590
-245306
-451654
-440585
-941969
-1491976
-165366
72590
582176
295126
133268
150397
-498490
-391836
-630725
-1554304
-261694
-163778
524523
262335
350606
771447
-611639
-776856
-44579
-1082804
-392650
-365205
576542
448539
417172
1072057
-528140
-1290858
-86559
-814553
-473966
-302498
611602
546229
446332
861993
-457168
-1498541
-206210
-738717
-719948
-318976
373013
251217
231040
283512
-753048
-1156332
421025
-407367
-668276
-277125
458575
148584
17925
-19934
-525362
-709602
879265
-41893
-993432
-136660
488672
354794
222264
19219
-312662
-527976
569825
-323873
-1370672
167293
807167
820352
482043
92243
-220289
-491900
236314
-833872
-1576688
218569
817698
619756
325605
162379
-22198
-707769
97349
-739224
-1430070
-88946
682575
609868
233257
424907
437518
-695652
-245440
-623888
-1148995
-299909
438765
483765
122217
158966
531627
-147693
-255738
-572169
-969969
-475602
128028
311654
204372
-68324
358143
377330
197784
-409532
-583496
-410727
255646
636619
636318
54735
176290
146505
84885
-560800
-799176
-479776
291179
853756
754028
57678
-18784
210822
-23927
-780997
-865108
-688121
38747
449428
330468
-168417
-63435
14092
295723
-189035
-420807
-360468
50352
104749
170781
-455738
-398925
-261758
123106
-29474
252307
7978
303522
-65170
-152578
-357166
-228029
-280491
-179485
-363561
407817
111714
523893
48662
70939
-319714
-35391
-269441
-483860
-319643
508336
-4092
584588
312573
248151
-82669
269078
48223
-452535
-490478
226701
-195742
413435
258620
547509
48270
483558
393222
-156079
-367280
-50057
-264021
353229
174545
409255
161299
77927
312863
263327
38638
19240
-236954
277381
-158858
200237
332226
-33858
-413862
-574014
95476
947758
-289281
230271
-562429
-125231
721559
74164
-653909
-1033619
-321430
1379583
-257761
331590
-605431
-58675
1358333
636645
-464052
-1392887
-1177549
912270
-435482
586293
-390063
239272
1938354
779386
-822627
-1038653
-997043
-43718
-319053
919064
49041
602378
2146151
580799
-1135133
-1213573
-1190772
-523884
-252125
1050879
421943
568585
1660969
131153
-1761115
-1253022
-658437
-294981
-230999
724511
298189
434599
1281383
-45001
-1499297
-988909
-164854
82241
-9905
493746
253866
639652
1024615
-224644
-1115916
-670704
108449
143454
301660
619074
218320
758727
1085967
-60904
-793824
-589300
89311
-17424
270659
473977
116371
609459
838579
127912
-139259
24902
139295
-215747
121944
412142
242632
608831
811940
-57085
-302080
488103
180968
-333765
260694
628046
557539
812191
522949
-527591
-891620
595545
919395
-392019
244466
647146
696335
845849
826145
-178611
-1207943
368302
1035715
-490065
211556
549935
773570
1052518
964067
42092
-931401
30890
419306
-532880
297422
518371
533515
871281
720296
76844
-550862
-58587
-72388
-864676
224254
420882
489330
795686
470922
-314859
-403173
-113320
-807909
-931813
44555
164419
425352
292828
84815
-146645
-469226
-459414
-267993
-70259
-53253
-104917
-47656
-60963
261120
599665
101750
-39270
-157649
-319250
43976
65047
-76190
7265
-149281
-308904
59249
-38709
206460
347448
-118635
-169165
-95354
181248
197844
33971
-323685
-160934
196239
247586
62038
142121
147691
135325
47321
-119654
-25576
99906
-387804
-309400
4135
-230956
-446992
-521158
-395085
-90576
240485
404674
599604
463681
-5822
170027
447228
359146
435769
560580
139320
-377053
-674572
-779410
-299792
-320580
-309171
-227975
-327065
-6730
419837
448658
268263
592911
245716
252798
382936
577057
311000
-154228
-304494
-578408
-580061
-520307
364772
269267
-285014
-492183
-291897
-175829
-208148
-32172
220126
395256
-684417
-393086
-34583
60434
187195
222377
180512
726793
633259
-9573
191553
-20472
-324280
-163346
-368622
-215973
-46624
53289
-30620
364474
195871
399788
248561
-431108
-271383
-238559
-636392
-118814
371443
469131
-233151
-114494
89646
-121894
-83117
308042
426603
51870
-148184
-140431
20328
155310
219936
469660
214387
15039
237834
-496670
-408347
-211852
-166322
-306207
-179570
-77579
-9657
59256
94157
385904
415843
-168319
118465
155344
116203
178372
156931
-337412
-336436
-610508
-247559
382986
-68476
-86013
-76004
-329980
-298041
260258
467264
232398
-205138
-183594
-110454
-170006
297151
562491
67582
-629114
-331142
413962
250699
-263568
47867
-67655
-170859
10175
-225958
-8379
341974
-124326
-168410
120749
-129004
235640
370400
-73816
-56929
-138831
-313867
-149132
15795
50548
-125367
-66518
-25431
28247
-228314
-131202
128311
214282
236496
228573
-40555
-101720
3164
18701
143590
143804
135261
-64784
-304336
-219135
-19711
57648
373575
277944
-333782
-457459
-335029
-54860
88959
116738
-240065
-289098
-157899
264697
41341
-329127
250543
607054
174376
195894
303625
234235
-62280
-105974
-92895
18003
-8019
-145103
-443189
-497143
-310271
-122135
369996
-240720
-296508
229972
316868
-27701
202513
341133
-143463
-202952
158367
409342
32694
76244
6346
-151814
-315353
-107737
-13181
206892
294974
84905
-145091
-149457
29656
-171380
-98300
10771
89788
43630
-181830
60566
351484
-222658
-504106
-202449
-65947
332033
-343102
-382115
-77125
-54869
-322187
-264920
233597
546108
417705
262888
-15049
-28014
146195
288662
-16838
185449
98470
136037
-204423
-661398
-40912
-309901
-244752
3849
-113438
-58235
-54315
76982
56134
165095
67316
189959
184178
-149846
-219008
-545173
-409827
33262
172156
346149
-258526
-125465
125536
614358
598785
299936
93314
-109327
-231363
-414008
101931
-57296
-129713
-18374
-406714
-569909
-307820
48348
402300
470986
140733
166401
20228
-140895
185961
510887
144806
-86847
-249269
-637824
-124684
-445368
-360383
-1240
-165245
-198506
237954
270133
-117023
375598
-177259
-81439
353775
317479
40646
165191
-116719
-182688
164433
-169974
-54575
-176681
-80935
-302577
-359664
301825
514107
-129194
-238775
260697
276386
328233
-51386
-136111
31776
-610474
-768344
246233
479915
-73846
-110807
64029
157984
69981
267686
199502
-59704
-166700
-225005
-150866
63060
-204918
-199536
-59866
-275918
28464
251704
-86183
-91097
296671
-1010
-115087
-130266
-24330
294073
547139
172681
-187313
-265762
-287961
-53339
74571
208143
139567
-241724
-778017
-478018
79299
340877
514766
88431
-23733
-180123
-93732
48914
565287
421022
-175609
-104235
-429430
123857
169401
125008
-17057
161063
200504
-165171
-464085
-511713
16593
-364341
-101119
23849
-145852
-219566
-116107
7121
466785
664679
265617
357395
121085
-267415
-262844
-357601
-482892
181811
362644
-54694
-3098
48852
28655
166377
136653
259054
432367
-50081
-131152
-232805
-630789
-476209
-392682
-201210
-84768
23614
6568
110263
331400
406471
523934
19397
-35453
-188939
-221459
-161160
170747
383404
118232
-160017
-688
311479
128044
313640
686743
357611
212631
-311695
-1170877
-911467
-56011
217557
370667
-57948
-495480
-265201
-419355
-102169
531637
315425
-21431
-393885
-418594
-208423
-256200
-138404
335101
200063
200136
345887
275547
29526
30690
211828
593624
542317
179235
218957
-142168
-708812
-678100
42511
-70867
-44852
-359072
-627450
-313758
-313332
245775
1007798
450364
152092
247782
-83610
-321117
-23564
401554
517900
117943
-525457
-578091
-208080
-232833
-187354
215557
531763
-10912
-303375
-163632
176728
450850
233611
155896
-37975
-203749
-85866
-150370
-447995
-213453
-88484
188254
-261812
-316795
-67898
14378
-97188
322440
306996
119564
383268
-37676
-5576
-33846
72740
208231
-58144
-67683
315491
171504
-134755
-259092
70524
257087
61387
110858
146338
-120766
-280073
-13894
100570
38849
257034
150751
118115
105761
-15989
-214817
-475938
-394693
-258525
54058
-435654
-478064
-201977
-303520
-653491
24857
847200
598644
581906
503928
295959
154221
-173695
-2319
408550
301045
50933
69
-272898
-549946
-434772
-259989
46188
-31638
193142
291644
-167315
-25960
82834
463301
563769
573436
392321
96205
-384157
-342934
-90331
-575397
-583599
-431241
-362794
-562550
-603338
-257034
17256
72468
477270
665297
664933
487179
349576
389105
343658
420110
203682
-442731
-839347
-564709
-283396
25423
-218091
-304690
-233549
-128342
45427
396193
492468
327020
-101458
-116125
-229210
-292448
-266376
-344423
-370032
82864
320751
351077
715718
243949
346533
504786
612677
601874
504229
-273687
-705707
-618391
-786123
-408753
-11962
78183
-190916
-431757
-215015
445880
312154
-66578
10620
101751
-114387
-83389
-200596
174123
-11003
-409718
169070
429749
133459
292708
16702
-86815
152552
-116526
-111860
144147
-184392
2908
132319
-230013
-39181
-209717
-304975
-62098
-6914
253489
338273
-424388
-140322
469470
35698
140340
103348
-56386
-103057
-568513
-421722
637232
443861
-96932
95995
27981
-53084
152236
330662
288529
-226910
-499924
-54251
-100158
-133093
-36314
151391
-86843
-46849
304926
491523
70585
-549749
-160176
153727
227845
60614
-81719
-142858
32159
457105
301804
-368645
-538222
-46269
8741
-127121
-198058
59690
-275870
-883109
-256056
815131
623037
-147520
-380000
-370181
-173616
-293577
172020
783139
543720
-2705
-1697
37811
39753
225997
331018
294069
-19178
-749469
-565822
332040
7926
-311230
-203251
-108964
-8992
213972
406725
744300
603570
-365685
-341870
467686
316877
438731
474671
-356597
-659127
-545882
-604456
-371407
122980
71407
55268
-301334
-367355
-95376
42596
81359
56172
319890
366547
-221115
-269121
-211067
-229042
-117306
618
138639
465211
450092
226815
-36580
38343
242613
185611
-107598
-36253
143760
-35520
-310568
-318447
231687
149723
13417
125195
-56937
-304315
-382557
-72323
129005
-41343
-301278
-345027
-290971
-377072
309050
1029211
315104
-32083
-60838
-89327
-62411
4228
208976
402016
-68195
-553820
-133554
-364168
-134700
581707
217165
158193
-135262
-485394
-426518
-90825
264417
608204
222009
-439969
-112813
-78819
-70978
120498
156394
41440
41167
236228
2493
-202417
11604
121614
194940
281553
173215
-13195
-21313
-467920
-400760
37493
15181
-234320
-269274
-213117
-44451
145018
231572
551494
69096
-499397
-563701
-144316
-939791
286902
-635177
-133585
-1568774
14569
1383322
1850385
-292391
157449
-1109252
841929
-4786
-286144
-480002
359635
333560
1666082
-613717
148750
-961947
899108
41350
-92938
-144515
960581
222698
1056046
-787291
-29878
-947892
551743
-12001
620645
-192262
796765
-666105
632329
-563606
-201505
-976825
598662
330311
1541720
84325
281822
-1273006
681828
-367604
159351
-748318
521732
-300106
881623
-639575
-181899
-840006
1263197
-309168
306031
-971800
522564
-442630
118167
18738
815340
-133203
1326864
-939806
-285196
-1394133
405770
-13976
-213631
279422
2177972
798873
1044073
-824590
-525693
-1575939
128387
621630
567753
73742
2762783
1355284
290081
-278683
394188
-94274
1136654
645818
998906
-215057
2196453
169236
-1190876
-611845
-291830
-221271
1153035
-105682
318166
-125438
1658458
-169295
496220
-956694
-1378895
-535201
393080
-631185
-50360
-880069
1905895
-315212
2580619
-925833
-1528834
470811
958453
-1296651
-1938145
-1571414
695875
-2132132
3531375
-851570
-1539659
552453
2194333
-1724069
-4205808
-1882913
458154
-2975021
4099585
-968677
-1713624
345123
2904725
-1593081
-3995126
-2252744
2170195
-2613647
2491896
-1234554
-1666710
220842
2971656
-1582171
-3379851
-2027988
3059983
-2361783
2148452
-1188455
-1652073
399235
2812992
-1836358
-2850194
-995754
2708945
-2208595
670684
-963042
-1393630
849476
3176204
-2242415
-3449893
-417970
3087114
-1723215
-1035344
-1107356
-1071446
419626
2910168
-1860479
-3045801
-148687
2441599
-1000928
-67894
-1273243
-869327
592579
2315713
-1356922
-2113006
-773993
2090695
-436950
91768
-1037895
-942840
700833
2999061
-1579994
-2129547
-537221
2117317
-793185
-642787
-1444526
-1336714
716106
3775680
-1618944
-2299237
-665712
1667682
-1309341
-448413
-1593168
-1335118
557759
3696392
-2063221
-2351515
-335249
1991930
-884734
-555329
-1106963
-1024787
351551
3902325
-1410840
-2098351
-313371
1492730
-1447941
-862150
-1824262
-1384415
211650
3324452
-829292
-1180353
-1334138
-1933
-954747
73155
-1809811
-1143099
721760
3062696
-1656311
-353628
-1895951
-239783
-168046
1056630
-1408752
-690564
646232
3767889
-1807354
-1854645
-1582956
260850
460732
312214
-1592038
-1000123
1867
3407223
-711187
-2894987
-997111
1175091
1229370
-494409
-1623035
-1136003
-193902
3687472
240902
-2596771
-1183148
1986519
1328228
-1571812
-1679459
-985898
515252
4132137
-205838
-1894953
-337606
1117982
862321
-3150957
-1549513
-920618
217218
3592066
-785122
-1751365
-206236
-327671
1032439
-3143118
-1467305
-858690
-610370
3040623
-887200
-1847907
-764764
298383
1373998
-1268367
-797128
-417006
-719932
1885342
-1080965
-1727769
-887707
1158427
943665
-102082
81111
-69452
-590673
1428126
-1497374
-2286585
-1005425
-342512
703911
62451
109776
-452165
-662779
1207919
-1439311
-1436649
-196899
-1247493
591829
-96540
-24233
-907555
-556941
551498
-982702
73053
-171730
-1907371
-189221
-62871
139952
-614585
-12571
698004
-1610910
13765
-53835
-1754971
-846276
633620
210019
-28043
-71125
7541
-2518389
389707
41744
-1007578
-216631
808992
189820
-266170
-982131
-1115612
-2002161
813602
24818
-478455
-16435
1229095
-4592
-494173
-1725775
-1524280
-1153856
149586
-55236
1286471
485140
478322
28254
-155838
-1456689
-1299884
-1767465
70308
-226032
520922
262350
1190635
315473
-101581
-995218
-516056
-1960730
456689
482527
-1267478
-302903
1861116
242417
-29906
-887865
-651614
-1484980
462844
609696
-922384
-333201
950542
180648
263161
-884016
-1387141
-1627171
379801
1226370
659529
-297977
249645
139875
216141
-1152397
-1329054
-1100064
1323609
1392135
-253420
-755157
-180162
87056
441259
-1156046
-1038806
-944561
1755211
643551
-47837
-1179885
-130781
301179
736712
-742013
-712765
-858357
1955608
1665535
1359326
-1700831
-1796313
112205
-19212
-957199
-150751
-297262
1777456
2015342
930643
-2330587
-1850660
-200278
-252796
-688949
67450
-578364
1380826
375576
-357361
-1203518
-464915
205501
412623
-156729
221025
-711651
979168
-37219
-764720
-742940
503801
27366
11944
-1111374
5365
-724774
1030839
408708
-817799
-833396
1705057
-551056
-701774
-2177201
-553961
-1508300
575942
-104202
-198873
393063
2908433
-552618
-286617
-2081991
-991015
-924600
1553894
40347
1575093
-129688
739838
-492107
281134
-858351
115500
-384521
2266115
19392
579890
-753794
-786850
-201663
144782
-758332
438255
-907803
823005
-176283
-64184
-245444
217584
-310333
-230191
-1510405
-43901
-481148
1514308
480426
750575
753261
70529
-625910
-79643
-1572875
86941
590537
1692769
168612
420295
259898
646247
-512002
59386
-957077
641276
232722
-62412
-681712
951724
871676
1899735
-718683
-29857
-812078
620720
-703700
228449
305198
1258843
1390541
1193269
-561121
185460
-644130
671777
-1245370
530944
1378100
49962
254089
600122
117303
574940
-885114
441197
-1445830
-262231
1473117
329366
-954290
917895
172203
434457
-1554322
-179293
-1019194
-206929
972433
1349704
-342070
1319971
-494983
-24395
-1260746
61659
-783184
755772
827159
1122861
-269950
1591550
-396546
255564
-453576
813506
-390742
1761093
985662
-26702
-1918071
1272675
-49950
415711
-971099
706009
94323
1011130
-850533
-93421
-1765306
1308826
-460593
106939
-991535
-76830
-520221
235677
-1214032
668788
33831
2115895
-941209
-487238
-1389585
-517673
-883251
79427
503696
939425
93975
2444777
-422785
-238889
-1279560
538431
-120986
-13581
200223
1397602
-546011
1441296
101870
436311
-853334
473538
-503730
-329853
-950714
1365763
192047
857126
-164805
384148
-629370
-10435
-584282
508570
-717582
99812
-27842
742311
-51082
771626
-381127
145106
-396201
1057387
-616978
-411294
-619357
497816
-32617
478576
-1348675
-716202
-1118372
106767
-993912
920010
174986
1770826
126235
397874
-1382744
-511518
-467393
622872
-320817
263206
146825
1329552
150084
575801
-507832
832774
150412
747306
341119
465101
-919292
-89555
-691793
20035
-274230
916005
-512557
1186688
-484835
991668
-360540
50094
-678951
-181902
-542271
825811
-194189
978783
-730062
483710
19908
943214
-100673
121422
-798600
265884
-382424
288822
-758857
1664603
-169919
-210279
-151330
67643
-855108
13844
-804153
277418
-1171229
596322
8210
315374
-149762
343709
-621957
221428
-1200222
641583
-911931
-334825
-1023789
1262654
-79021
351421
-775284
428544
-960583
440951
-64401
567846
-796022
11742
-372184
208921
-549255
1134488
-645523
-190485
-33030
1729934
1586414
-690016
-129001
381833
-187000
1913241
-1254150
-392265
457884
1118377
668905
-363384
64262
337277
-443085
1172056
-2166993
-1250527
-93758
942677
812631
664623
265256
475119
-1142591
402269
-2516813
-1102561
265379
1613625
-152430
1130981
-226090
-29142
-1991984
101894
-2632815
-475843
1413991
1979803
111503
1564504
-676284
-47112
-1971410
48597
-1301985
688559
1246422
2175500
410646
528623
-525604
388910
-624721
474885
-687505
962102
451952
1163071
-803758
-932918
-968749
55425
-436179
85236
-1538689
274688
463865
416895
-617103
-333002
-918751
-130781
-1119225
6797
-1389295
75869
-98751
315714
13731
421159
-496687
216511
-679061
286661
-720734
703650
-851021
-437262
-675871
659481
-387427
225003
-624926
-119463
-1207285
-83018
499957
499762
-1653706
1279068
-733399
-209663
-1473795
-676885
-1050660
458932
1309547
1375904
-1931376
-152020
-742393
31812
-1231165
-236702
-874044
197499
45109
571731
-1176250
108722
-738335
114824
-881294
-287515
-1387150
-319376
-325420
281554
-98658
2107431
-1027869
-75822
-972777
-35045
-1075378
799968
-190927
431309
194109
1572267
-551692
334753
-882907
-155016
-929423
1111461
189248
362918
965729
1899437
168080
-329345
155413
-527585
-54532
-427952
1022788
782658
160574
-327292
124174
-453436
662209
-389126
-304100
-468992
-112389
-34697
739442
-304888
330020
-507115
543490
-238004
3047
12025
-58583
-500815
500895
-332145
402690
-350892
430192
-54464
126023
-574297
272898
-446078
760736
264520
123615
-402217
365991
39859
350031
-774510
-69494
-533041
1034190
113506
122205
-459277
353220
-26861
702139
-403428
260738
-317959
410557
-568537
224744
-664791
155538
-453945
284561
14897
217278
-459264
536343
-233726
468230
-270279
658648
-79365
128049
425850
417209
-1108223
-232121
-807958
100430
-459790
363381
26190
-273547
-174864
1107863
-506863
-144387
-338642
53495
-587911
27301
-57314
154593
-677006
905003
-438288
-27148
-350817
489190
70111
108021
-465276
345269
-364108
634072
-303425
466010
-1140606
-146366
273336
375538
-103503
542726
-256033
1109449
-226684
1424909
-2216339
-266490
263980
-292490
-611682
137318
115200
1274241
-319423
2574364
-2087181
-246931
494954
314293
-1415899
-589829
626636
676895
-979665
3132056
-1708305
-420924
288704
971756
-1426748
-953908
103264
1374652
-2072204
2134508
-919453
-290987
213744
1331059
-775875
-714345
-568042
1666343
-2551247
1223043
-813437
-462678
-96953
1145194
-625953
-482129
-522398
1245175
-1590880
971844
-168189
-459434
-33892
1062117
-718974
-308662
-201103
864451
-1739526
-28124
993136
-303524
-239225
1264093
-788678
-781540
69485
1205693
-973751
-529072
-78649
-212613
-333650
1236887
-60336
-758500
-828774
1134611
-199975
-351558
-375461
-253746
-224741
1014624
-535683
-533636
-534389
1178249
-441073
-288198
319187
-186480
127264
1476840
-1055144
-480560
-344587
828495
-420041
-19191
391048
-214458
-26452
1556735
-923216
-401354
-272914
802268
-494084
-184252
709140
-443551
-370124
1633865
-919477
-547248
-150900
801651
-404580
-272232
755601
-84662
-153524
1758550
-368641
-790979
-871501
778279
166068
-282269
389383
-237422
-384835
1226594
-322631
178955
-1364893
830347
521150
-251144
-19276
-162231
-397031
1238331
-1004812
122392
-318116
416159
78091
-657715
174847
-176534
-292678
1743685
-745496
-969767
480628
353012
-91280
-916637
1003706
-238636
-437824
1694554
-238389
-1252570
68056
660977
-245531
-1193401
1181953
-146405
-327449
1499629
-411609
-820226
-273148
238740
363104
-1316018
1650095
-97053
-317964
1395461
-198136
-145972
-186433
-471440
1051468
-1602983
1583301
-264878
-729680
1605383
-187128
-372247
-200542
121397
938073
-1191188
519626
-376069
-908252
1320231
250498
-255540
-187689
433450
290944
-566640
-701167
-521918
-1076611
729777
118113
-256660
102893
225917
943201
-192698
-370226
-239509
-536152
767000
-250746
-451335
-426810
-765455
1166524
-61352
225606
-307498
-252040
642185
320537
87220
-609843
-813768
826428
28476
49257
-287409
-335222
227550
-146887
294988
-523851
-896851
350929
576673
192734
-66029
-358803
299317
-411988
947521
-2878
-637149
-303421
74163
-492173
-87855
-486382
268768
-93356
581941
-254858
-149050
-201361
9717
-417750
-96554
-419083
510119
190912
133389
181501
118402
-881596
-35384
-96085
-44916
-697221
94307
-348941
249434
315019
682981
-332956
-35147
-149683
87564
-342997
-77401
-926025
407271
-275351
-589032
717799
832396
-479326
75855
-195496
138193
-617565
327444
93411
-733231
49817
462314
9773
209196
-403024
-81351
-200211
224607
269346
-376101
-840023
167413
314078
238821
-384062
-70280
-268728
349845
333101
-254753
-409411
51278
9928
272143
-399616
127321
-352047
342756
-483939
-90239
-333706
359244
291250
294593
-461002
-150320
-519039
571135
41583
12577
-1261590
105923
549596
370853
48804
179552
-605851
409134
426254
-76067
-1162159
-274376
415636
119741
17515
225811
-664846
397967
314024
614211
20196
-237458
-77540
171274
-252258
-144961
-791489
211556
-120999
554482
428753
-208864
-300172
277424
-131341
548348
-463208
360526
114822
-73652
9460
244215
-1020671
122787
-353608
786715
-342789
708293
169038
220542
-35983
431893
-756359
117117
-731142
280663
-396942
416395
-373549
637521
-769488
564460
274700
386950
-727208
-23145
-396297
607300
-608927
327328
-967797
-38649
538365
403934
-187730
134623
-885053
633715
-66707
183003
27270
-100584
-516567
103463
-372686
472653
-577906
305145
-124571
11668
-166685
-137398
-512077
320286
-510615
523101
3149
317210
-226863
319024
-23631
-215226
-1170000
284461
-563370
189874
-391775
-65108
238387
558497
-40688
683253
-1171646
441510
-267463
202342
-634593
316995
206478
361330
3945
47322
-908963
227700
-498531
205302
-514794
766232
127888
-548348
409517
764936
-199588
144676
-557102
355771
-625675
412091
554760
-653924
-317480
1126849
-268171
87579
-716379
568357
-256451
-52037
574724
212308
-869628
844215
-381926
411558
-485791
380530
-275977
-41355
-120804
583097
-489790
606056
-554110
373184
-318089
172566
-578593
233777
-565013
102079
-259369
1487189
-448321
341128
-353142
600624
-290340
173302
-423017
511549
-790639
986901
-315403
215440
-514012
372077
-100437
45060
-208491
1185729
-567415
403907
-119305
500990
-170926
185004
-28137
428838
95578
136660
-515765
507208
-619555
-104539
-556497
314063
-518674
50307
270887
345195
-757952
963037
37132
164677
-467347
399931
-374764
-68254
-177484
950840
-885995
-37316
-32442
198442
-627492
-76938
-226235
181947
-577093
746379
358233
433075
259796
447980
-372613
115584
-106170
364986
-1042160
-218293
-56342
567695
98934
306433
-482816
371856
61903
743295
-182475
503902
-595109
134187
-676828
75325
-663681
68196
-331566
81024
-292236
365712
84135
722239
-86344
383617
-297977
227082
-418828
173603
-455774
-467170
-538938
454430
125849
639856
56037
247232
-713440
586410
-273935
506052
-891680
100589
-370045
336861
-12572
354287
-387558
450494
-610142
700844
-65583
166815
-806878
-33305
-372918
512916
-175822
324562
-178586
562290
-572996
356617
-340272
62401
-501900
195032
-211193
499813
-235727
909915
-284896
86686
-75931
188933
-454612
202364
-555775
550617
-846853
170828
492027
1014585
-600015
276934
-417719
320097
-520230
590163
-342908
-320796
-682512
619890
66210
308861
-327634
477012
-757858
177929
301382
323115
-653461
-1152401
-214641
306575
-270669
598246
-1081812
234012
327474
525941
180027
-616976
-1057440
142423
-290418
737420
-839782
445854
361967
62521
143960
379725
-814836
52917
-729069
703383
-660483
147789
226646
678942
-70478
719710
-548316
337448
-637581
1105271
-507035
310358
-17572
-303899
-731448
938477
-381506
329011
-807741
772138
-473993
24481
-93522
579201
-300165
201617
-318036
511664
-619755
332161
-270149
-238862
-666925
537027
-299543
315913
341841
643206
-172916
89838
-423356
334309
-63842
269757
-31050
139701
280822
323361
-341502
386467
-583403
155882
-26294
433168
249124
146944
57999
78033
-465374
375998
-523373
-77735
-553747
617934
264817
314567
-207955
261818
-266126
265420
-185879
183907
-250238
-286370
-652776
997079
-519485
208306
-366317
376600
-223027
363090
502273
-117005
-1284143
692504
176240
204096
-528067
329985
-203672
176251
-24155
612449
-790477
-63927
578599
367555
-381901
42651
-602487
83734
97966
772222
-66661
-27585
-869342
404056
-293969
193915
-576663
206409
-533694
460649
44770
187190
-557187
209315
-392971
342879
-288991
427660
-517863
108455
-184565
-160554
-573868
-521992
247171
-199633
144829
206277
794158
225627
396576
-394850
-608486
-543357
237523
-370950
-234806
-325913
457775
1005512
1167445
-266696
-603446
-641588
474456
19186
-324518
-615545
207326
672692
1136554
-262846
-738113
-612892
558022
325312
-352176
-423304
527399
269490
1017565
-411242
-1078655
-528134
654801
366819
-117572
-565435
341825
100696
769679
-8513
-774883
-623370
572577
442785
439434
-335623
140309
-461735
635747
190659
-483773
-662185
581756
383030
609028
-149264
-128911
-719465
686463
-163455
-349077
-595861
433686
140482
218183
-102221
163708
-634997
675001
-188555
-247913
-615993
554909
496400
47793
45493
948286
-385052
61434
-920674
-593860
-861997
265597
483611
34037
-226209
1539897
324757
-82435
-1443449
-110968
-547058
480989
625886
360289
-273611
1441522
357181
-722873
-2292348
-229336
41019
856238
307856
199189
-338057
1576714
76947
-544461
-2626228
37425
-46484
893956
-41047
-32039
-40735
1843407
153016
864511
-2346134
141786
190313
1023830
-887622
-845488
-258761
2162467
-294071
2151249
-1802385
1286011
580366
1714560
-1364130
-2514201
-640929
2347858
-1301570
2729067
-544685
2547139
546030
2437340
-1424883
-3626678
-1003351
2977766
-1606396
2293852
-112535
3178844
625250
2971673
-1309233
-3721731
-1118544
3338132
-1423534
1060695
435279
2899909
540155
3064537
-1470826
-3728183
-656441
3613280
-1469360
355729
1112493
2602042
667593
3251345
-1593732
-3825492
-106712
3528478
-1406232
-978139
1365321
2783923
713617
3190824
-1626305
-4025320
61132
3873240
-1007901
-1460162
1025130
2418407
716949
3013210
-1479854
-3528207
85358
3215969
-657437
-1123210
1000867
1618065
910786
2965510
-1653551
-3290112
18120
3096794
-373714
-1247438
1098006
1254824
931656
3487218
-1624490
-3430594
154424
2785656
-580297
-1397277
1517402
1081218
885822
3739305
-1672952
-3594905
137298
2734772
-588319
-1279107
1944299
1134208
817597
3823318
-1517461
-3595228
114012
2614259
-401342
-1388590
1943826
980544
795772
3800170
-1190117
-3088623
-422098
1908290
-372423
-914906
1906913
1096700
778876
3553918
-1368205
-2525649
-387662
1022491
155044
-256337
1839310
925431
950518
3584882
-1573774
-2724494
-356930
985934
346946
-192743
1379704
568457
787768
3656403
-1128304
-3496418
-483909
1544845
850499
-771708
1544583
467852
642487
3495200
-550688
-3553768
-734359
1861196
1262759
-1450486
1325106
653313
644518
3783295
-210214
-3493347
-702287
1789063
1495001
-2217583
1168500
955412
670414
3836489
-298748
-3248692
-207726
1296758
1168869
-2476447
911631
1787651
203451
3424349
-212933
-3041242
-193081
1123521
1312068
-1994458
752823
2158581
-236674
2818667
-254155
-2596927
-150148
1394437
1470504
-1300027
277962
1716165
-477379
2024079
-526128
-2421147
-245602
1161958
1398589
-525452
274417
1807113
-493717
1738989
-579235
-2314326
-282135
207587
1123552
127689
635535
1981222
-592237
1445430
-598903
-1300001
182032
-549148
582017
478701
839606
1765375
-531395
1112889
-835703
-541724
266540
-1185920
-27038
730127
1259884
1900678
-385069
918520
-1127666
-138934
749367
-1039378
-419886
805075
922071
1335251
-575015
296523
-1226915
400664
856095
-797263
-370232
781221
580233
1450342
-934625
-264551
-848544
894782
829653
-205038
-133995
588093
438217
1139479
-1164281
-710694
-881679
748424
693855
237238
424932
535194
390811
1099432
-1035833
-595758
-1066429
588373
780275
-443183
-41595
1290536
803021
718811
-978446
-460785
-886948
646626
1160499
-810106
-649388
1211294
863362
658260
-886700
-706303
-849498
806421
1159604
-602112
-684885
735173
679498
953560
-904067
-926625
-796596
1124477
1387357
-273966
-976801
334017
434275
925282
-965587
-958175
-596101
1465319
1184875
-895901
-1369574
92338
891166
1314461
-802844
-842380
-616275
1651666
1304198
-450497
-1733496
-696114
896156
1039281
-629588
-520598
-415616
1650424
1555058
-17897
-1908643
-1554821
618798
1000984
-753431
-265910
-344041
1337741
1323807
-92844
-1619901
-997243
838605
870061
-508562
-7479
-529210
1026496
772166
-629426
-1019177
-169998
696358
385858
-501686
244061
-269168
1028129
798717
-603522
-1005841
504874
408292
-569199
-1078733
57821
-162697
1008658
638488
-487287
-799695
1330092
828671
-355394
-1358640
-293015
-403074
1097258
386495
-214402
-285999
1192157
687459
304762
-1060322
-281042
-230732
1583313
439328
-100536
-537199
54002
-143419
927357
-689112
173642
-301583
1205321
283738
-461576
-415475
-86882
-581366
1112732
-889786
178004
-76826
878534
265289
-233076
-199691
67655
-995570
935267
-945767
137020
298106
1210658
419222
-14036
117370
-53075
-1726686
135691
-833221
154435
416290
774762
-35459
130509
297982
418163
-1234263
-661401
-632688
371755
114201
293912
133886
421551
724448
701805
-1501805
-1203574
-697115
405784
-202035
263969
907959
225331
206662
877515
-1168452
-964046
-719228
417668
-393791
-68724
1314295
235090
-672470
702497
-861704
-546715
-947500
143191
-394716
-126523
1216452
707213
-876567
645509
-467239
-740910
-979165
8283
-373386
89106
901098
657918
-643233
938732
-322952
-1051539
-737830
367771
-286921
392610
784983
372656
-1070818
1139741
-88862
-1248393
-559091
483633
13029
654357
419797
-10088
-1400451
928096
-51683
-1107448
-686957
293869
138730
525422
-166699
98412
-653556
1179773
229342
-950652
-631081
110479
-114965
366951
90201
473753
-450829
1366354
253086
-1136762
-958166
73823
30779
129543
331950
959462
-506305
1134674
129735
-783882
-808623
262199
131340
-58097
-218768
990522
-102709
589214
-202136
-869675
-830072
-35235
-170415
16473
-433740
623137
384600
817680
90791
-465866
-530719
79887
-14222
515503
-344450
-60570
-205214
607054
-88960
-263991
-754950
-225160
-125105
604289
-262929
77277
112821
737456
-257893
-240244
-1043684
-545143
-323926
374071
-383992
218928
169636
1084185
294812
-273364
-672308
-114082
-5364
613530
-223007
-86413
-405930
430164
-192021
-212078
-349517
401626
-87941
400722
-99680
302355
-421541
30600
-804071
-32549
-299168
628513
-116995
634729
-305851
284222
-130815
150657
-949740
209784
-472360
505310
36627
485441
-347608
538317
111682
93931
-962583
265624
-653376
186818
-254139
494689
-515348
744860
392071
-29038
-609041
706476
-628586
178077
-440271
308328
-476788
-4940
102381
591631
44043
859073
-569536
236127
-632556
307711
-77387
79184
-546116
-55758
122860
1161752
-548664
460892
-616153
-66334
320765
596673
-36
-594883
-1021133
990178
-391629
898560
-654536
-454945
602666
1125100
609370
-709441
-2015056
302337
-544935
1108154
-945849
-832937
889139
1123225
213843
-205795
-1340198
-27184
-781974
831012
-1214986
-988678
930009
1380120
338371
47604
-851966
-69799
-1110513
630693
-1100660
-795975
1184708
1503058
-441427
48853
-67296
-156806
-1306190
289667
-966540
-415128
1444770
1669159
-146792
84454
-298852
-160226
-850359
294004
-582828
188451
1062106
1093449
-398416
-399892
-458717
259240
-392497
365573
-770032
203385
1010939
807909
-453185
-584935
-11779
775430
-439158
178290
-892714
21047
717254
581475
-150405
-11444
466481
1126460
-503715
193225
-641201
136985
391733
109386
-305585
409572
497424
1098518
-335631
219687
-476589
338856
270147
-123228
-1042331
523133
993127
903487
-577550
-74868
-480925
280373
944190
714593
-1514473
149853
1090290
1062307
-705913
-210105
-343381
498954
858691
681174
-1304666
-286620
1032095
1487299
-550170
-157443
-598920
135606
451612
610163
-700569
324509
909171
771244
-510991
-110141
-598104
270391
361453
275996
-299273
834012
386363
125059
380221
-198362
169075
408483
953445
496567
-1130345
-1463858
-419849
295483
378927
-453791
-714000
105022
197361
-64632
13033
-600786
608723
920677
309751
-419852
-543042
185766
15923
-817090
-365418
-187432
508827
1268034
305305
-348936
-439707
-242210
92923
-217198
253835
36888
-369186
388279
407070
-347962
-498689
-757952
-186381
142689
937567
144320
104154
39268
307741
-201390
-74299
-330987
79159
331850
419543
-660816
-22252
245656
317341
-152330
20912
389687
90127
-206394
127547
-548162
-58835
608550
540793
-163677
-579964
102487
-283079
-1645595
-813886
-203761
1240657
1060381
806905
16247
-760233
-264028
307766
-1274877
-1110417
236420
1669069
534185
-286380
-692051
-660811
-565436
159966
-809723
-203331
1470869
2404436
600661
-241672
-1050136
-264887
327371
318236
-686003
92918
382717
1531145
128065
545650
-293415
376879
380051
610176
-1144033
-57515
-1251588
714490
-851752
-379328
-956304
1025060
1897623
1261101
-557723
1027928
-1856401
-126327
-2310197
-464137
-1970217
700908
3389283
1513946
-1157651
1760761
-1700423
-729558
-3014412
-311217
-2362710
459507
3206493
1470690
-2304311
739255
-449253
-419573
-2435008
-254090
-2442467
369057
2573364
736585
-3003838
198100
87269
-264758
-1179962
-373740
-2209840
801048
2593312
72659
-2660738
369910
740475
-1435892
-1312905
-669681
-2502944
1080200
3012996
-546871
-3136702
499478
2132998
-695771
-1903383
-523785
-2236609
815674
2991302
-270518
-2737327
-76450
960262
-435018
-878840
-650713
-1709997
735068
1870985
-248970
-2032644
30469
748098
-757336
-460448
-700864
-2198745
956133
2265838
-208659
-1915951
30718
1191630
-804072
-618027
-659088
-2748745
657096
2558397
-55483
-1799941
475222
1179821
-1348758
-892796
-453059
-2613626
985330
2663231
-356343
-1923393
242054
1219319
-1542000
-986197
-463142
-2644897
628197
2676151
-207295
-1748277
507904
1252954
-1416893
-716248
-523558
-2423166
220590
1731592
364322
-379666
339259
364112
-1673578
-1070586
-614590
-2124826
1216603
1302827
255023
77905
-148850
-709320
-1137864
-719507
-936515
-2619705
1035079
2536977
197379
-591729
-796432
-61736
-919121
203854
-379158
-2160901
41667
2827149
544314
-1500113
-1385301
484829
-744939
-283542
-281741
-2298884
-452394
2419499
729127
-1950743
-1559936
1463897
-59700
-155339
-683883
-2735807
-297910
2262252
174362
-1151585
-937755
2252600
-16420
-1029578
-466818
-2431771
261130
2446402
-280411
-550699
-674364
1970777
-404367
-2132772
115079
-1774065
368536
2335179
263628
-763472
-971456
667279
-399247
-1822216
211097
-1038311
465161
1778550
222921
-1371644
-975620
192183
101976
-958735
205066
-663325
925976
2271370
328110
-479273
-731630
-208551
-452912
-1647052
265551
-954802
406000
1497750
-263974
373929
48486
-57560
-497572
-1580249
506705
-565193
385001
186351
-770919
664424
162746
-365044
-882992
-1354099
89619
-733912
921939
287543
-771045
950851
912539
-491548
-1224325
-1034029
99331
-298402
1419047
68816
-1093747
232267
107150
-755810
-269766
-638500
562258
575983
1253727
-481637
-926321
371166
-62459
-1113729
-345838
-631663
1055445
983460
409062
-742991
-728103
-851756
-560289
-31939
-307161
-738086
810010
863556
785345
-315425
-255388
-269963
-692500
-733257
-415922
-638310
408542
-25608
580530
-264407
-950779
999038
829116
-1101788
-960986
-39039
503278
183542
311304
-509402
-1121656
502192
687571
-572025
-476137
-223717
427783
772601
629838
-698099
-1370890
-339037
521834
131082
179890
-395463
538671
743836
368272
-1051121
-1386238
153856
589029
65225
61994
-582669
597991
649393
140735
-1561153
-993733
688267
1268142
390763
-555297
-666506
275230
481434
183864
-1460531
-1456012
-295426
1217851
1670913
15514
-370385
447257
-26538
-323217
-1186164
-1454833
-325536
1639289
1696289
-188825
-572124
616458
51510
104695
-662955
-376572
691933
842641
222554
-1307690
-1034950
-17880
-217261
283117
-284388
-20660
1228737
803660
-592615
-876071
66144
604642
-22984
-8237
-552823
-541223
688190
690935
-1287079
-996764
799823
1492999
608205
507217
-268141
-464809
255028
-176560
-2086536
-1269834
47357
1076744
610891
69908
-1062617
-251835
-222808
31006
-286566
-83014
-500169
19588
-195287
-190639
-1569840
-617419
313132
348721
1082145
1350152
-298394
155301
-493968
-30194
-268824
-186949
561345
297069
-155052
482053
-559375
798315
48869
-238330
-786639
-428289
109023
-320771
53626
1212826
-344797
678926
65320
-841525
-1169047
-360604
105034
-353942
-470643
965586
904578
298822
-216524
-497145
139364
691672
-178799
-521980
-794518
345823
1046307
181637
-507319
-134871
224924
-55232
-473561
-996348
-667765
939652
1516096
266500
-281523
435915
228616
-1183099
25434
384034
-292313
729489
96740
332012
-185535
420270
626965
-1107869
-371055
1293075
-43238
264495
26039
881603
438896
210011
275610
-751028
-999865
371596
-177859
-138024
660485
565027
34434
44479
-418370
-765112
-461012
332046
-613131
3693
1228558
130818
-613779
-184408
-801782
-870440
512268
1794162
-387982
9403
842964
337251
-414740
-463096
-491717
265005
466386
1200721
-285722
-423084
381780
580858
419899
173735
-64816
753769
178275
-479926
-1235496
-961400
602466
550698
241359
146822
-19058
-548836
-620283
-100394
-1410659
-383790
845001
728903
-129092
-308969
214021
-82042
-944390
360332
-304801
208212
510919
167902
-401153
-369319
152707
474812
-605616
-444722
153564
489864
1087663
251059
158160
269724
25273
409123
392212
-216873
-543633
-510039
-6879
-35385
-137749
-113833
-745924
-111119
662029
733345
87224
544859
-148001
812279
796395
483553
-173808
109305
-605986
-659536
-924825
-225298
392220
767692
638181
12150
-271401
225279
244550
-321878
-777593
-525457
383734
111036
-489928
-716654
-664087
-568785
-149683
927644
647856
916279
803559
32024
-686658
-49708
-417909
114849
-356726
-163797
289937
1065821
15479
320663
-479040
-84804
-265834
217654
214498
-223176
-636365
772998
-19056
436569
26155
-11711
-106382
416926
-659961
-239521
524432
307486
-528040
422489
182718
442768
154903
603447
-118913
-725156
-24388
175612
-1088094
281092
-88018
442196
-144516
294689
704045
680000
-695749
-900182
-688127
273784
-202821
185934
-97940
-508700
-303109
497583
607323
29596
-612487
209541
-546672
-38918
363682
-333893
-1201061
-1274502
691846
2237033
213075
63490
-1115024
246114
899397
-458665
-719791
-706842
28859
1483570
642222
370349
-539238
945621
1456649
-423891
-924196
-358143
36803
385932
-458274
841090
85450
1262452
1265608
-468326
-1143574
-152109
-445517
-686056
-128191
1144999
107452
827181
447931
-1811998
-1665305
359154
200981
-264708
314045
1105927
157529
178201
-220745
-1362317
-1411784
-102695
123615
790942
314892
-90420
-403812
-136525
-725684
-798408
-130419
910817
1374278
709506
-428992
-83863
-220917
630085
81880
-757093
-37051
592177
592969
-528919
-1289098
428776
28760
560012
259035
-288023
6675
127543
-126467
-831911
-1403709
98400
-153396
101904
-347052
228041
711420
350465
-388534
-580178
-639782
55667
21784
297273
-152388
-776130
-251214
1414145
-218985
-699396
-339087
675226
500425
286597
-229425
-1053132
-1187505
1023984
649087
-1020050
-1212820
486771
316630
176643
-235491
-504561
-315759
646308
455134
-908985
-1249724
100619
84595
427726
304262
-13920
-111474
19050
-1245941
-912315
174791
189644
-127464
219649
-447892
-360311
58523
-45998
-875240
-492736
592171
225280
83285
55653
-847035
-855942
9492
-423576
-868964
825896
1776346
-115528
-152079
78489
-172454
-572948
-1119589
-488736
696568
1043794
712525
102745
-162288
416448
444891
130149
-1556
-275968
-229690
160813
-315618
44637
-130591
228101
349624
130635
199275
326931
-94547
93122
-170508
-186422
-304772
-24447
351079
461171
52240
-120094
-489723
60211
617137
-147358
-254592
73305
556045
905343
278025
-288726
-808549
-431566
-77510
92262
-278429
-327149
-322704
18949
-201292
-199534
-85689
420845
308563
183854
-151017
-50236
-230928
-76748
347115
489709
117196
114165
-260070
-493087
-648216
-219554
-23852
-136475
620559
1535542
997085
205578
-507918
-380623
-564651
-94577
557588
353254
176851
1152946
817237
-240562
-1013523
735183
616982
455840
459470
419164
-158678
237416
-136758
-954616
-1360451
-270376
74575
266938
-91114
-58117
-146225
222647
444763
556936
-375290
-952678
-702970
-493444
-566055
-552885
-563701
265057
678453
1637653
554663
-441357
184774
87306
-1115942
-1713123
-1633972
-1000474
-586249
1677374
1427685
-514784
254105
900716
-877089
-2443504
-1696570
-802864
-1155321
1220181
1462686
-593048
72336
1336668
139929
-1610633
-1339374
403404
-984360
-123259
354391
-743092
-311223
1073751
436557
-824671
-849262
1011574
-227887
-116796
-98044
-559518
-263335
862056
376522
-493390
-617752
605176
-535509
-477157
438646
-341005
-27618
935888
-12085
-916585
-252700
1064865
-256929
-1378006
-40935
-372824
-308541
961591
456894
-843251
-659021
808660
608608
-418566
-524549
-306577
-325991
591729
685498
-372361
-802361
465532
577839
-66695
-235426
-307627
21670
1015595
417119
-534817
-748278
291282
162383
-446711
-43160
-659473
-84695
1345073
486607
-799266
-832413
82445
-39961
-187123
539264
-749042
-353930
1042230
274436
-708892
-491098
476460
174028
-345598
443353
-387735
-282383
1298466
707110
-709179
-716892
31257
-208378
-616269
240280
-846570
-639254
908075
1068161
-243852
-1246169
-549672
178022
119197
800001
-480259
-283773
562745
377967
-32545
-1024922
-596320
375086
269746
135043
-225173
-56339
1100459
-11961
-886329
-671782
19769
451252
92991
162402
-692134
-623543
1022905
710467
-1022316
-430677
564374
711321
-275212
268944
-644806
-493848
1189380
1261621
-560990
-558625
690889
583101
-809593
-306224
-370024
-65741
1257135
1128534
-40474
-443803
-125677
-359
-1367024
-200682
-606086
-535395
635368
468011
-339832
-482320
-513997
287557
-717646
459133
-617465
-965682
282893
407485
-536280
-545459
-69005
876917
106202
-39976
-224162
-1019034
-314838
126277
-504298
-456559
278124
808812
413399
-399862
277416
-557227
-346924
-405351
-1080771
-1144374
-768873
321325
584712
477143
-54866
-471480
66515
276040
-114969
-381912
-1001933
-219173
100620
211300
-312739
-592073
-192895
404570
434802
-195652
-1122807
-556165
182009
566560
120955
-60598
-32429
-146811
216446
162295
-857622
-846407
43210
246731
208123
-307768
-482436
-745394
-35294
443701
98604
-117540
-717
-152552
-159398
-796755
-751865
-502644
144097
452964
197872
107865
376679
-23042
-383033
-1093553
-865355
-403104
-170105
625968
1167637
370175
12103
157064
172107
-448273
-720082
-843915
-555959
-280950
184452
461217
554873
380625
316426
132632
46153
-549084
-74379
-324
-923517
-464171
580186
362889
208708
-72482
-72649
-315643
-75664
356662
-306866
-577993
-84852
245050
260246
-209933
-570258
-522070
106620
1000376
745240
-334256
-629404
-413370
154008
-189729
-335402
-215300
273781
529829
82893
-453037
-446696
-102504
262023
-123699
-244649
-120863
449051
464672
23474
-666046
-413014
-56246
565301
283353
11439
-129304
677350
1232342
845390
-908978
-1602291
-906580
-145184
-8028
236555
25422
397353
1059651
698123
-597965
-1054894
-429401
-148576
-77400
-14014
-422213
-412046
-338628
37596
257310
206614
537502
460715
388719
246309
-329760
-328028
-352821
-346752
200830
278916
-189891
-281866
-504986
-154433
-244725
-2490
201709
-40377
266359
972289
425085
-821550
-1285582
-919278
-916161
-425411
122071
474014
895045
1558986
1205249
-105994
-729071
-550768
-82697
403728
480620
678076
-337008
-532064
-21559
610699
448490
249131
158236
696686
242699
44440
-662109
-1375131
-989325
133930
107259
149017
-520700
-336508
-17675
-110069
94294
59786
-194079
-232310
-504602
-66027
158651
520570
670781
651836
452451
-302319
-1074465
-116589
-462506
-35662
375648
443389
276414
192568
489899
605060
-557791
196935
45093
68946
-216465
-610917
-276802
440365
751250
1029097
-180580
-61135
-74421
-15674
-308364
-82485
238497
573826
804508
708068
-208215
152349
-7441
-87532
-526344
55958
469938
-378012
-353325
179724
260147
281084
-208051
-181537
-624382
-480738
522289
-9049
-701319
257903
342601
77220
-630190
-442602
-278295
-413995
339568
880566
113687
433137
237528
-81554
-237012
-90712
112829
188096
178069
457463
198618
505802
81729
308730
402417
571488
481604
634914
126542
-643427
-1187576
-201374
-114332
60447
-244998
155792
174711
-210664
-549065
-191201
-579557
287940
721527
-86623
-473937
-530836
-370386
-389445
-503250
464237
684823
879148
794010
-646760
-722590
-640411
-517201
9694
591480
628803
528632
868627
660708
60340
-106009
256880
87831
-242044
98535
416364
-439184
-303075
-205599
392330
-69379
-34466
-172945
-471612
-542538
538454
381610
39550
44654
376569
84243
-128440
-50297
24353
-692990
-653805
-162198
170016
631721
412017
174585
47010
180721
558818
-66543
-628818
-640863
-424951
-191570
-157151
-769504
-921138
-820722
-340272
-3931
624980
705310
1021816
532800
224000
-210678
-169271
25687
220092
-119098
-241338
-80716
245372
232673
482801
517404
650045
469662
568348
607370
-70783
-907208
-973516
-864050
-156596
209627
347104
54765
246455
74587
527387
99793
-348348
-486111
-343150
-165540
229954
41672
141111
-178925
9268
393113
429819
-315622
-50282
-467331
-313891
-223282
-180070
21918
574136
6055
-74358
136187
11094
-348503
-416478
-545896
-397257
-686207
-110961
428560
410133
527744
241899
-32636
-106191
-344113
42685
-430188
-958310
-531834
665144
620529
157114
-64631
116947
-175581
218416
511054
215230
-533666
-608921
-223513
118061
156114
497595
9585
-187767
505776
1371460
1075777
-865341
-1847708
232147
333633
694264
-220824
-431281
17083
272894
601432
193761
-936748
-3764
-320336
-129618
-909318
-1124041
-253921
388642
717419
931146
431894
64617
-608689
-410582
-763356
-830934
-208560
233488
220107
1057747
820260
-415044
-1035908
-512023
-498905
-48976
858825
1019608
389688
589959
398469
-108202
-604314
-25432
345222
221897
382054
726487
240435
-228687
-517697
483715
324870
308685
421263
241458
-228152
-206941
-700328
-823529
-229461
-114287
-25805
-207138
-552558
-398039
-188687
-120925
-38836
168184
870880
-327098
-414998
-164066
-405804
-544017
-380263
-28485
280662
404901
684542
227425
48021
235575
192672
-123810
-793564
-767548
-303115
176567
179482
6576
-200423
-240727
-353650
40585
603397
85854
-628934
110828
67461
-433743
-723234
-491964
-220797
145672
848326
802896
-732079
-571321
478493
-18336
-308252
-284974
-382134
-355250
-182345
336342
2852
-259503
384886
53996
-74938
-242568
-605235
-674162
-447319
258141
815349
904037
117313
-136785
-53738
112271
31437
219987
-55938
146595
270414
315013
-138817
123701
-156033
-93949
-26036
451187
389433
408678
718641
305911
-886098
-45766
15785
-33415
-534
-55857
41591
68909
62187
-32602
1917
-65987
7170
-41231
-41845
-55969
30449
-39503
72348
32858
48571
-36129
23536
-44588
-6581
-43365
-14588
-42089
34605
39518
73683
-37155
22544
-30460
50768
-29799
-13937
-50536
59017
85760
39580
-48439
33356
-19804
52782
-47869
-37753
-49326
94857
13019
47912
-60219
-10670
-57337
51762
2845
49262
10965
88404
-24526
39817
-57570
13394
-15007
49379
34995
81254
-61155
-19807
-90294
719
-25642
33884
-20613
14481
-7229
84408
-30922
-23331
-91271
81773
-46509
31666
4781
42142
-34465
46943
-7996
-29172
-93556
73969
-62016
-35260
-113219
-22156
-30507
62234
24294
67791
17384
119897
-35800
29533
-39475
42257
42949
103103
12969
137812
-43316
-53424
15493
57865
-28729
73773
8776
111534
15845
143166
-118830
-21963
4848
12847
-82645
-29483
21763
148624
-28061
267790
-23543
95830
-24075
5625
-84009
-112592
14587
142782
-55678
236513
-54052
177915
-11404
49842
-60897
-91325
-77640
17247
-124926
60259
-65369
307294
-21784
34400
-44390
-51388
-118879
-28092
-166777
72416
-52913
225673
-26890
40908
-37300
1759
-94795
-94256
-180809
60879
-23496
234888
-42897
17645
-63245
-21752
-64006
-17163
-127537
25945
-17366
202484
-39724
23491
264
26433
-92003
-89817
-91725
89136
-67940
68291
-27296
16688
-13353
41852
-137690
-71443
7145
58976
-75897
46880
-44701
54482
-13881
415
-92381
-49855
-46584
58870
10510
45899
-9180
83483
-38725
-539
-89571
-31432
-21138
89348
40275
7162
-27513
76648
-21818
41760
-51249
-26301
-52365
30062
2048
161
-67091
73006
2539
38384
-119194
-60518
-49654
66153
56349
19690
-21179
75869
10570
92410
-137592
-93528
43934
126495
-9026
-18235
-37864
48871
-34055
122532
-106569
-82988
15258
56025
-70424
-12232
-81817
42610
-14910
47928
-77323
14342
-22167
-12360
-2519
52088
-56691
75063
37765
49020
-95125
7245
-55298
-73167
16698
39339
-58576
93627
42726
3601
-125401
-25867
-23878
-82729
69504
61898
-52090
69091
-26846
38445
-37724
-101619
-47401
-21977
128284
78230
-77652
61780
20694
96486
-21539
-108702
44722
21852
110919
-5023
-84441
76505
48601
118054
-33804
-51655
37398
-43493
21869
-104853
-121633
15440
17343
134352
-49520
-36382
-4956
-18925
19567
-34646
-123023
8331
-10059
69931
-34867
-55211
21474
86624
48872
15235
-69012
29119
-24009
70894
-42856
-136596
-3580
56122
54908
22588
-19592
21632
-34241
68798
-120862
-202210
-3500
56106
113246
55439
-19984
-10746
-71181
49158
-34195
-94766
-36161
1122
70820
-8502
-32254
-54449
-70916
104109
-25726
-91369
-34564
-39349
-18554
89268
-25657
-14854
11294
102331
-84288
-42701
-42550
-53066
-10771
55044
-25762
-26729
2989
13767
-101015
63298
-20144
-114498
-13947
113120
-38006
-47342
-80545
-18995
-36116
19256
-19293
48392
38168
36917
-51066
-41278
-120481
-51012
-31579
-28547
-601
122166
28612
27540
-21144
-45684
-106242
-32572
-70085
-27515
3363
31523
39790
117417
-21214
-55421
-73632
7874
-14878
18733
-62193
-68868
14496
119461
-22251
-28425
-49250
-10850
-65851
-65205
-16975
32382
41018
122702
-24581
-33600
-78302
-12528
-51068
32425
34626
-20185
22627
29211
-29415
-28685
-85646
-8179
-19008
40607
-86428
-96110
20982
107638
-8496
31704
-56281
-28971
-13930
67293
-45368
-3953
31604
13258
21103
21617
-87000
-5790
6444
91280
102549
36779
-99076
-85253
-26764
-24310
-76539
10781
12135
101497
56024
14585
-98474
-102959
-27217
23835
-16708
25536
-1365
35387
6619
50762
-61980
-68691
-10351
53988
-12524
49728
17474
73591
39073
11454
-112029
-49672
-48694
-22329
-44189
73363
-60598
36817
-49948
-83957
-5384
179210
-53257
-45285
-143208
-31654
-83877
14624
-7495
63817
41824
182466
-67539
-22398
-105174
-1141
2378
120512
19291
41665
-42826
61517
-36041
28439
-24710
60104
-17882
31517
-17643
-39480
-128078
51061
-38120
57
-29962
3282
-86107
51657
15388
44004
-6467
-7521
-46649
-611
-76262
-23509
21035
173844
63733
24125
-108049
-94680
-39997
2527
-74213
37095
67507
52166
-19063
25640
-35295
18028
-45505
6910
-81925
26059
49500
-8506
-23030
113643
40454
51388
-90245
-8256
-55854
34569
45349
54087
-3584
87339
68426
14291
-60396
22564
-18797
38558
-11446
45576
19811
22254
-26558
-20692
-5296
41542
-67926
12972
-35524
2908
13511
68122
-19416
-8848
-22768
5353
-103345
3561
-60011
-31440
-10847
142330
24170
49912
-62588
10162
-33459
19463
-80576
92213
95599
102255
-11650
37985
-6137
28586
-34835
67655
7923
111245
10529
3622
-112371
-44416
-21818
24966
-9573
47069
22550
50747
-89256
47397
-51023
48199
-55028
16942
-54862
-45301
-49834
44688
-33311
36766
-11874
110785
-93217
-44242
-92024
-5894
-9145
87349
52620
62304
-3503
87228
-22823
1929
-51869
42596
-42396
-29206
-8443
89338
13945
50067
-41075
-23692
-62850
23190
-57720
-13375
5262
96778
5973
82327
-43766
15665
-6439
56175
-18049
74296
-15909
7949
-28373
-8044
-31244
27597
-16486
17757
-46826
-18556
-65693
46275
-24682
27268
-27394
8857
-102794
-73705
-57345
21218
-61235
32222
47638
117474
31091
49828
-83487
35155
-18262
13080
-8196
16243
-55496
78767
-4801
45114
-23412
33213
-42045
68394
-7355
45339
-85004
1361
-54579
8702
-18729
62351
-10800
106882
-19497
-39219
-25045
88855
-37726
15761
-24313
48467
-19776
47580
-749
98421
-13296
5612
-36163
-5314
-67795
41038
-19576
16523
-35895
99368
22726
-6557
-39754
14396
-46196
7889
-41851
23771
-75905
9698
-22126
97131
-6152
40656
-69589
-29249
-30745
62470
-19899
-87825
-152074
100810
-33315
43283
-96653
-24933
19516
33950
-44202
19724
-4997
30401
-33653
40165
-68471
47078
24209
82099
75762
61593
-57557
-63401
-47333
44803
-26219
66296
-7166
25375
-45371
43629
63593
-57824
-32636
64289
-40963
39770
-26766
-5691
-27713
84731
-20702
-36245
-18373
35111
-57964
22810
-140072
-47260
-3011
46818
-13606
107156
-40793
-20754
-143654
-18419
-102606
27839
65767
109909
77785
123930
-14861
-3028
-96962
32494
-11684
52711
50775
102448
30376
9980
-41566
25735
-38928
21586
-46575
47146
62380
44875
-34497
-6545
-57759
-3644
-79996
-747
-105331
-3657
42395
87521
29763
28381
-60460
-14131
-60447
11089
-3980
70129
-96562
34698
18519
27817
-35299
24129
-785
46582
-31143
-26967
-112830
-14089
30691
145393
-49216
-7795
-71024
-32474
-41343
59112
28991
50440
-21237
34406
-55655
-20735
-88803
-784
-1593
60690
28889
58100
-106468
-30370
-37233
9224
-72064
-2373
-65904
-18783
8396
22960
-60809
63767
-76231
-26767
-76443
10632
-56689
-85
12082
62719
-75052
6340
-775152
212360
-676800
320127
-229548
270365
-807493
893541
249115
636483
-552381
142094
-762234
494545
-567155
392526
371958
841953
175885
199096
-771093
461656
-526830
373138
-636888
333124
440834
1117593
-191030
124751
-925725
552454
-408185
65286
-122538
605819
116774
982143
-891821
110969
-861809
547180
-403719
293202
14503
989742
-32951
434301
-492895
-345080
-731978
615989
-227911
519687
-321889
578714
-845920
537008
-196329
81907
-635543
619636
-346611
777911
-623548
314073
-558315
1108224
-426635
539576
-978891
245834
-720982
644550
-497539
280159
-82723
1747575
-57089
129737
-1038706
280575
-654679
427298
276642
811672
-10762
1754186
-470520
-439613
-853439
649315
151301
527809
310449
1416544
116848
1196373
-1423950
-539755
-896967
499383
320147
630353
-281504
1387689
45190
244078
-1437121
32410
-879343
275882
-209199
301369
-545150
1094401
-281858
221149
-1106985
736323
-861909
378641
1153
369020
-1087837
565198
-720878
470774
-1765392
1481017
-438512
90072
-109342
387654
-1986590
105261
-1383147
1459573
-2323982
3199157
-71720
217794
-389890
-508221
-1571935
-327798
-1831610
3117004
-2498927
4016720
-145512
779318
-767301
-1188120
-1365415
219624
-2035854
3511588
-2378570
4679814
-94631
1282840
-883806
-1225244
-1577383
1214001
-2116643
2840699
-2126343
4064324
-71057
1563472
-833241
-1082745
-1625989
1322670
-1922800
2700264
-1626103
2750352
147046
1653695
-1178059
-1031156
-1030822
1267357
-1757962
1314761
-75056
2273608
81022
1843803
-1405360
-1301672
-276214
1469516
-1758543
812860
223323
2016744
54135
1692017
-948714
-902090
-442607
1080350
-1140389
740689
-80945
1268651
-60081
1410198
-763053
-455149
-700407
1071332
-1024377
182043
68215
1016528
-81706
1794227
-994644
-533696
-785876
858321
-908203
269025
503585
713815
137138
2022414
-1215626
-300222
-589550
939544
-989483
46694
614995
461706
-287421
2092395
-1457242
-361370
-70153
926803
-1542505
-507307
1164737
504775
-281569
2313590
-1008027
-573235
-422902
679717
-1693533
-252231
1678430
589915
-41998
2143075
-901557
244768
-1303977
-53850
-991580
433154
1350276
774726
-79764
1986057
-1539080
646058
-1444861
-253403
-449304
936898
956782
529346
-264210
1999511
-1284478
141817
-617094
-241185
180728
588549
1311157
-413735
-388557
2088233
-359617
-274403
-556817
525185
343737
-214900
859994
-902947
-345808
2311430
-388732
-628291
-648426
710927
156522
-1321628
1186426
-857992
-185949
2140287
-842340
-593322
-292832
-199100
433355
-1776058
2067209
-112681
-264017
2212306
-1182351
-876437
-338727
-452926
958414
-1592374
2272444
258460
-243338
2085110
-1198043
-787643
-844559
-70312
260807
-1241547
1288821
740598
-464127
1394215
-1188061
-891195
-761436
383807
151608
-837944
754087
1245142
-610288
1131332
-1296666
-1119435
-161921
-1374
268095
-987428
662973
1514021
-435854
1014266
-873534
-590330
-258368
-561789
352908
-1001313
692369
1591207
-103576
832172
-978116
-552220
-638271
-816856
242351
-351964
1221653
1215274
-63583
488056
-1818706
-295943
-243100
-627471
9033
158147
884335
1181869
-330556
-150673
-2196114
257977
-326623
-660191
352801
993397
384452
1465771
-483956
-384382
-1508101
198956
-533893
-173492
36187
657444
429558
1513066
-669647
-534812
-1039593
128894
-607240
759113
-100162
-148531
526861
1754910
-652730
-337415
-1310196
249407
-432718
161565
-11750
546813
300485
1116574
-535499
-84405
-1432176
42215
-152439
-335564
495371
987054
200352
553873
-503830
-389895
-1346517
129728
235552
242393
164281
389262
-90824
642011
-500836
-522418
-1121959
331247
699964
293140
-198271
154734
-420299
907723
-501586
-268042
-815442
713920
410453
238126
333722
380086
-624783
330930
-720440
-479039
-823629
1294261
406624
805580
-154232
-198887
-720067
10183
-735171
-323749
-536355
1240867
605377
561131
-1324524
-853531
-75168
537959
-467385
182629
-378145
1082234
415903
308355
-1372098
-628973
475104
596207
-369945
-92462
-880435
888391
-38082
180480
-655470
-507233
670373
740846
-665260
-372103
-1171779
469554
-251954
-182455
-674568
459824
843988
687248
-1012840
-121667
-1359989
412485
120543
42276
31333
1594221
212070
-109351
-1163508
149368
-910807
940244
128621
783459
-133079
1259759
-474077
-174362
-1003152
89263
-564235
1361205
-595507
701626
-790697
419123
-384591
733990
-810583
57901
-1063789
1135740
-336547
688523
-170660
616244
-273284
648930
-944263
126692
-1035916
1130463
215881
686029
-113325
409867
-605586
1145560
-990757
302477
-393148
1455374
-198816
54782
34597
384283
-538249
1228191
-1050484
281247
-97914
701291
-588519
546913
305055
1159012
-400634
296734
-792672
493822
-262862
307788
-563626
1168802
613188
611657
-1050465
-329555
-528256
601658
-695340
392621
-326034
470240
817295
362425
-1102999
-40080
-511414
480874
-1292806
163343
281180
-43233
427020
921002
-850030
678783
-1040966
298539
-1101865
78256
659739
547056
-62843
1074139
-520894
447514
-1017875
451040
-587356
432581
735555
1123640
-154139
442291
-907304
-224420
-637187
528634
-824979
892104
575133
331993
-1033165
844318
-1050908
239
-736427
588030
-825096
745814
-150768
-126263
-1401963
1556111
-531091
743930
-1131896
213091
-910492
343320
-881141
632563
-469146
1580790
99079
474348
-778383
-35627
-654569
683246
-364981
544309
-162727
1639342
-288839
-216805
-687164
299944
-464358
315116
-104850
308772
-692189
1962208
-515526
318492
-710163
612288
-505331
-11094
-304512
941495
-905361
1040566
-637636
222070
-619824
537952
-526287
107797
-319343
985473
-456869
527936
-278182
-256817
-424551
251385
-855760
76241
-837832
2929
-415042
902782
63032
685732
-597042
85358
-917174
421009
-638792
594544
-341005
871133
-328823
854700
-783256
86034
-422158
759805
-475047
888872
27527
941577
-486262
-248998
-958948
220892
-16083
621906
-246595
354431
-273540
760065
-446789
-409729
-761371
419521
-387814
758080
-175368
629888
-768942
540342
-540398
199941
-404788
554073
-711372
878653
-734230
490409
-289277
972517
-1173309
478472
-492269
470139
-605432
443044
-759250
590528
-632432
664280
-1018187
810943
-541289
369966
-554887
365018
-950064
1078143
-663474
-190245
-594717
1352179
-502661
333257
-748486
491729
-1027899
627607
-148352
641158
-610612
904819
-646415
379387
-697264
958525
-888350
356532
-474248
1476268
155843
162557
-520048
602267
-333779
736096
-678242
584328
21336
386483
-519867
485514
-393508
907455
-754540
160354
-842930
454522
274943
-15666
-858442
862173
-294605
1008646
-1496361
-279966
-638372
253216
495823
314030
-810913
1031646
-682556
471562
-2004099
-515150
-598314
993958
889184
703336
-309614
1018138
-1133180
534627
-2104620
-107752
275401
1276495
220296
1270299
33836
-125120
-1285850
843125
-1534146
369996
744503
1316768
-13277
801512
-1003402
-264846
-1260823
722264
-1082694
348208
-125680
1054594
-435791
273213
-942467
617600
-845213
298031
-1287479
368030
-124557
595130
-575740
58857
-15208
928795
-686369
343604
-1161743
415342
166911
400461
-620715
-143108
217369
1094718
-711410
445903
-1102245
306477
-585240
300825
96270
7339
80049
1217312
-706181
58374
-1284486
201087
-566964
500678
11981
722429
-444695
807476
-798894
-39216
-1048292
221956
150837
485689
-1153031
841552
-297480
1241694
-951578
53021
-808463
215354
-240983
312678
-1257890
399062
950308
1819941
-991594
-37195
-932008
48328
-40599
653829
-797831
856425
717262
1181341
-726162
140500
-999566
202637
-125999
746825
-392641
1262950
618333
832994
-672398
-180790
-386666
-380210
-379496
575871
1207166
1070638
521347
-623653
-772764
275573
-97680
-498623
-571726
7177
1076548
1703425
105101
-655899
-820418
346976
422041
-558788
-374090
228257
776782
1644876
-167679
-1155627
-731537
391751
668130
-190295
-578119
542979
385809
1065051
408280
-1542736
-718144
329240
771090
313978
-408897
271100
-230647
813841
318884
-678073
-749545
345751
723164
877215
-51542
-2404
-552168
585497
89064
-359207
-831135
211691
343863
359826
-9141
-253295
-641750
744775
406517
-459974
-784367
256449
533013
74068
516036
769725
-131265
567535
-337469
-998476
-1133416
-64978
791697
-94177
60291
1783396
662543
311930
-1067652
-764531
-849517
58519
1008815
547620
-99168
2127164
1169211
-508651
-2125901
-1220710
-230538
670705
872112
581841
-267150
1702654
891922
-702357
-3063106
-1079369
-268589
649502
407798
137013
-281018
1906918
812592
521079
-3000809
-270328
-140572
663229
-306968
-803007
-797022
1951903
132810
2207505
-2250304
1106159
139822
1589116
-993467
-2677808
-1139451
1374027
-830348
2881149
-798014
2591507
109563
2756706
-1282024
-4323367
-2202887
2212156
-1667854
2578035
720366
3581768
70511
3532411
-823098
-4776918
-2749923
3321293
-1487239
1250976
1274029
3104279
-24622
3797349
-718355
-4963705
-2495695
3487184
-855598
233145
1919557
2845216
220112
3973535
-778268
-5027915
-1611121
3671261
-652732
-1681266
2511306
2758092
220747
4224125
-900472
-5450546
-1187784
4003605
-313687
-2131083
1642244
3218721
250284
3943782
-574601
-5106534
-1124794
3979866
199862
-2161642
1196711
2575839
499863
3762575
-677460
-4578278
-1161868
3657185
255388
-1866268
1365459
1827512
666151
4316809
-861089
-4411968
-935433
3160520
263310
-1963673
1463221
1630244
533528
4626146
-739320
-4619719
-876004
3050016
-43966
-1975563
1978728
1882715
412022
4898786
-660384
-4848487
-698120
2946640
60768
-2081990
2291146
1792835
448259
4892034
-22748
-4551148
-1041854
2364724
-87800
-1891628
2148320
2021847
285024
4407904
-101458
-3572930
-1572536
1346420
221318
-1030677
2215606
2431015
629897
4614008
-576574
-3364290
-1335283
658348
433738
-333407
1921171
1675509
485732
4618954
-228568
-4434995
-880455
591308
1204545
-650783
2309010
881582
326806
4415301
619046
-4784883
-1376763
1720492
1622086
-1088707
1626158
1107722
275139
4605936
1026375
-4254189
-1683211
1833490
2055814
-2102242
1263182
1201072
416122
4697356
1172824
-3979288
-1299587
1217953
2274372
-3007712
784738
2098058
-34107
4454000
853677
-4018849
-1147389
1018327
1861310
-2459925
435023
3221667
-471573
3655810
850721
-3640795
-1210106
1493434
1546780
-1124670
-416607
3374653
-679620
2534218
424950
-3664143
-1131671
1257329
1848335
-451868
-213625
2993482
-694824
2048092
-7526
-3469806
-1063503
45725
1626365
-262788
450597
2936761
-849035
1501438
-26875
-2534403
-677301
-434532
970836
387466
813924
2776855
-791955
1180836
-401997
-1586253
-243690
-1249003
-295694
723476
1300058
2812845
-734671
1076236
-1089862
-809666
386047
-1321860
-819191
1009934
1165597
2620969
-821956
389425
-1553178
-570270
688675
-1004568
-799027
1126775
981021
2458396
-1194516
-490167
-1355781
-184870
1240105
-313223
-589597
922474
985099
1924242
-1624731
-1176307
-1476405
68977
990620
347627
162507
843456
1017237
1740148
-1404345
-1157075
-1750905
220412
831577
-377741
334364
1207491
965783
1587498
-1202099
-986198
-1576309
96456
1384930
-885915
-284195
1375613
1426511
1096824
-1142628
-1180776
-1358049
142728
1623868
-469349
-1108351
1019665
1230280
1303643
-1058662
-1423286
-1405408
489978
1938328
-61056
-903274
551705
701420
1293056
-1114840
-1447283
-1288020
1189298
1851072
-198260
-1391101
-162216
745942
1371894
-991415
-1441047
-1168628
1669649
1991020
31331
-2036071
-701765
820823
1220249
-624017
-1070625
-804308
1730927
2647052
343011
-2146380
-2046886
393434
978916
-775961
-808801
-697449
1585778
2409184
480403
-1929242
-2169201
496454
1259976
-628886
-464594
-676017
1159075
1519637
-186575
-1516025
-1444435
862086
1114522
-539734
-67909
-539846
899085
1405015
-664964
-1313395
36739
571374
191043
-1250689
-283252
-714631
812418
1258456
-511458
-964130
1189246
1104412
-52439
-1820145
-815871
-680466
827347
813170
-31090
-757024
1669495
1557456
528867
-1548163
-935761
-427856
1456899
928546
301729
-566943
470864
517169
684520
-940171
-435626
-429278
1515284
1065814
-404589
-262555
-390425
-320328
973766
-964217
-259250
-347181
921026
967730
-468929
-162365
-112968
-894919
1209171
-1262569
-269532
258988
1261994
1037341
92417
379437
41718
-1509869
38275
-1180821
-324279
561143
923027
757055
150291
341258
690675
-1565367
-843607
-810465
-16193
417471
575157
272778
407130
1026866
1053269
-1238309
-1753161
-838675
94868
-85327
291137
790644
334015
1249511
1133998
-1119142
-1755616
-687653
241919
-361460
-193928
1560207
242269
-44131
1148178
-1075677
-1057809
-1004332
-57706
-466863
-696731
1640752
1068344
-850789
1040497
-423332
-1093210
-1101109
-383606
-392319
-415703
1334555
1492749
-571967
874574
14165
-1497653
-940127
-215808
-332854
289035
1177845
955215
-886067
1203664
-31477
-1461695
-610048
367456
116304
572534
981607
469435
-1645347
843762
125177
-1465439
-842224
-17033
132181
348092
172669
220470
-1232234
915924
1128548
-1318854
-751974
-352906
120528
276523
230906
132510
-209337
1460752
1099606
-1270052
-1194270
-413233
-226037
-85060
563715
753143
-232503
1716253
834295
-721038
-939918
65741
210748
-37511
84537
1355028
-254335
734373
490872
-1373537
-954357
-309089
-31305
-315821
-568531
798012
679220
670610
850544
-1039448
-546954
-228360
31265
255637
-489880
-85318
235669
551188
254828
-255124
-706649
-399786
-222500
495678
-246482
25222
-28338
862029
17882
-140102
-1016013
-964428
-489524
154224
-352831
-44150
425372
1308271
719350
-423503
-817253
-642735
-57272
517477
185011
-223468
70970
591624
310992
-631301
-397141
-6281
-3639
770553
69637
249958
-518889
213496
-618465
-367732
-356212
358911
5387
701208
-170136
378541
-25390
69416
-1057231
-59741
-433752
440814
205305
408822
19773
269039
136860
107379
-944077
-87020
-677861
75022
-69068
273631
-467235
711263
582427
-133426
-564166
218205
-742275
-84620
-446837
252850
-630079
-134636
622375
349794
-197820
995108
-672022
59097
-598927
228252
-232548
-277474
-302472
392786
316158
979400
-570838
203021
-506204
-232821
480638
292974
195543
-785734
-454814
1040213
-433834
805104
-524555
-564242
560325
980886
1006920
-629923
-1874792
177752
-333201
1142812
-754103
-1211471
699575
1148749
1056448
-317535
-2140234
-299394
-765992
765550
-1189563
-2007653
527044
1620903
838230
494935
-881275
-245325
-1174088
548923
-1425676
-1810697
1051658
1932805
382560
569656
-332133
-477104
-1721155
-67192
-1245807
-1510352
1526593
2423432
605345
372142
14004
-138861
-1258530
-147186
-556462
-677032
1465753
2233363
87365
-346039
-464046
-133716
-576174
-155000
-584710
-252185
1348748
1272090
-36064
-917854
-66539
344151
-584889
-75862
-1015795
-510130
1110767
852195
-6452
-589246
482091
1454334
-595624
-55162
-925826
-403711
476513
502654
-30530
63617
706339
1681692
-380488
-95924
-564615
-143364
485627
-50102
-936038
488741
688736
1540247
-627134
-362660
-683625
-218932
1071923
417006
-1465889
376999
1292348
1629475
-968474
-607993
-682971
54393
1143462
1167478
-1477275
-850653
1793263
1787469
-780413
-643652
-763109
-148478
790820
819490
-897928
-250503
1403041
1838913
-650748
-551734
-916132
-170912
377930
634609
-302792
663208
1289665
1033986
-661294
-362486
-726733
384097
606940
390101
137084
841928
629362
-333613
-1425932
155340
-1261968
-5756
-1206813
507844
698239
2318930
702320
400494
-1481225
466931
-802065
714
-1311813
351617
692531
2426080
372212
100402
-1535602
826003
-346632
75308
-913292
640559
444235
2225537
-136979
-369630
-1619878
839914
-218568
442972
-569617
924440
-35636
1693623
16528
-391619
-1621801
832136
5356
1288105
-191916
971849
-901392
1214110
-242375
-235199
-1535517
707366
-273115
1382819
-426006
590095
-1328975
1453766
-365158
463370
-1453277
671809
-468394
1118737
-321527
828636
-920791
1701841
-592902
124455
-1870909
392053
-525300
592698
-71460
1735180
90564
2113858
-986510
-227029
-2121679
213659
-79567
772421
227904
2741146
1029015
1932569
-2033215
-671140
-1452078
762786
434728
1148771
-13048
2980971
985090
865993
-3240081
-1006955
-1118998
1079462
329423
1104287
-233702
2941064
661709
841862
-3435516
-673220
-1263007
788582
-319754
569652
-890011
2822365
163256
2330153
-3254687
911846
-905552
764956
-901227
-761709
-2177135
1974887
-1343519
3831194
-2938072
4019529
-440836
1388722
-1263951
-2854325
-3375160
976913
-3017304
4966338
-2433229
7101190
-320502
2494406
-1215760
-4045399
-3961933
1018504
-3764750
4797739
-2276211
8354464
-490045
3288908
-1226438
-4212951
-4180140
1976658
-3668427
4169591
-1782722
7879037
-495480
3734082
-1246729
-3943574
-3714337
2617758
-3431299
2866665
-895553
6622588
-241203
4087423
-1476355
-4094149
-3056059
3004813
-2750285
1196307
-135315
5522206
-145785
4248496
-1514781
-4096910
-2319562
3083907
-2030047
321360
255739
4409030
-97764
4067230
-1373748
-3645676
-2038020
2821450
-1286888
304443
433932
3254788
38571
4159997
-1173138
-3117290
-1999284
2587966
-946944
-131313
662867
2355816
-17952
4656190
-1102161
-2908848
-2071000
2291425
-1105935
-439825
1293093
2088764
-157432
5049472
-1310379
-2853628
-1948466
2261238
-1032385
-589837
1843642
1864584
-251351
5358315
-1186239
-2635164
-1787008
2017466
-1319354
-989095
2078951
1628721
-579417
5214520
-887579
-2089463
-1923259
1151140
-1540991
-755162
2592439
1969327
-430016
5039867
-1004037
-1294002
-2413919
276121
-1398674
5786
2455795
2171920
-268047
5099805
-1268586
-1276595
-2835950
-116065
-676099
393302
2389013
1843488
-464340
5000612
-901073
-1937206
-2658435
122416
391674
118923
2552843
1156293
-781268
4981813
84152
-2273401
-2402979
673131
1267650
-672223
2399580
401357
-695872
5350373
725695
-2157075
-1917583
870074
1459505
-2169238
1984290
122314
-744329
5302663
473921
-2091317
-1438689
134588
1555719
-3237965
2317685
869887
-1163506
4851369
959
-2022598
-1378619
-213210
1853768
-2923028
2438637
1521389
-1507386
3949599
-625828
-2062426
-1681679
241096
1785264
-1666336
1820687
1957880
-1414422
3064326
-1169484
-2524700
-2129546
-142394
1214091
-699416
1502570
2878867
-1377504
2419791
-1399280
-2493425
-1657387
-929508
877954
-460984
1535319
3310011
-1304025
1795769
-1437732
-1659297
-1068145
-1886690
238770
-623845
1889507
3601787
-912746
1453380
-1608897
-870526
-711298
-2201127
-469908
-509932
2097695
3331489
-611148
972116
-2471746
-492786
-503379
-1883474
-731553
43538
1689215
3134367
-862182
-9256
-3065594
66744
-266302
-1221024
-540156
703244
1177982
3186327
-1503249
-1186564
-3033732
154896
-275746
-39090
116684
1041635
1025759
3107639
-1775999
-1696422
-2995303
-186977
-530579
528005
261070
1230415
1314026
3131230
-1644489
-1406047
-3004764
-220533
-300870
-40271
-149504
1537423
1541767
2730304
-1401888
-1099110
-2885566
-90798
125991
-678578
-460536
1453741
1404907
2409140
-1222864
-1332245
-2833831
-9593
739520
-40964
-291865
986063
737325
2073272
-1229509
-1596785
-2593790
406441
1293355
233859
-603856
330758
231832
2160842
-1282008
-1547065
-2346721
1084710
1383491
334983
-900352
-109317
136959
1956016
-1053700
-1189849
-2026393
1805014
1719486
1203738
-1254449
-1217272
-513741
1042523
-1128019
-873270
-1566685
2147363
2233798
1891963
-1753911
-2068107
-751036
663703
-1116953
-485483
-1382515
1894482
1783257
1320619
-1856488
-1796295
-43382
886828
-710803
-50120
-1325434
1606056
1031731
499085
-1581525
-1007166
346575
518889
-998374
-118460
-1433702
1383974
730636
36832
-1389503
249470
760555
290085
-2031819
-639339
-2043865
945766
387400
8518
-721083
2060863
1426253
836588
-2597114
-1018201
-2251446
1327162
314101
876770
-364316
2151050
707901
1321026
-2140894
-579111
-1763695
2086897
200345
1226875
-725997
922150
-541764
1497247
-1693270
-138468
-1634449
1877206
-55679
904139
-714266
489058
-1017819
1773212
-1804015
-65946
-1431278
1931683
391571
1093779
5149
490867
-1704728
1353463
-2044122
-148365
-850641
2179277
543697
1082051
353563
716768
-1819870
784301
-1875832
101816
-357018
1576521
-39818
1169173
767133
1639513
-1462569
-294695
-1741985
351818
-520316
895129
-59254
1517119
1324018
2173742
-1312191
-1100312
-1469118
656192
-999311
590932
508624
1185781
1114588
1811740
-1371985
-864788
-1378847
648102
-1581996
106624
995910
905165
374098
1565155
-1202285
-109249
-1627897
282245
-1834902
-224297
1125906
1300366
67982
1778693
-802137
-135365
-1858968
138168
-1687178
111996
1117497
1723101
-41448
2065317
-533405
-637652
-1400569
669026
-1217052
1055143
1198687
1403973
-1138218
1793805
-1014433
-874840
-1325712
806339
-935297
1446228
391671
752683
-1977447
1887668
-799517
-178236
-1436113
472001
-970546
1099528
-576507
756617
-1447026
2385121
65334
-18777
-1892487
-296959
-1291396
574175
-423735
1220570
-633146
3035006
590390
157581
-1832602
-85710
-926262
372805
-130270
1474678
-639548
2848202
-87091
138962
-1699665
176434
-945394
-31923
-614124
1590750
-326241
2506895
-195021
55614
-1285241
336279
-931752
126296
-948359
1040843
-378338
1775505
78373
51199
-935498
340758
-906889
639129
-923704
385237
-683327
1282372
-188962
386750
-1249604
-265913
-1448772
485782
-1214365
538725
-386112
1837897
79379
916685
-1474175
-505441
-1358485
604701
-995353
675691
-274947
1902769
234642
519178
-1172993
99640
-686202
904907
-429941
703936
-604454
1148491
-547054
-198953
-984350
748083
-540698
1288252
-279557
1025138
-725310
752712
-1405370
-72637
-954534
988302
-571822
1538268
-582868
1092849
-548927
1070579
-1833724
381187
-1088709
701301
-720737
1237451
-917139
1452702
-252255
970659
-1823497
808948
-1214543
330588
-1025549
746516
-1368951
1285796
-220811
828605
-1071735
1593219
-1125509
311486
-1383213
641214
-1564635
673087
-764965
974953
-357194
2059505
-1096264
439142
-1476224
715962
-1137539
617340
-1018913
758323
-405263
1888605
-1010597
911795
-1183048
536653
-635376
1291772
137947
430329
-1570189
919313
-780899
1694597
-1137619
70654
-344905
1528259
881535
94180
-2335763
268318
-833908
1839624
-1909996
-826839
-550910
1390171
1247649
714207
-1718965
400521
-1121484
1427137
-2737646
-1392240
-683890
1590175
995811
1202359
-661062
719322
-1993672
743751
-3371993
-1404841
-41357
2374324
947130
1922774
161529
498217
-2430002
515030
-3072876
-563282
700581
2809298
812254
1832538
-488829
202090
-1988588
658780
-2312839
226167
669182
2508520
248987
780767
-1121935
524193
-1520809
506150
-2213812
210161
388053
1827955
-180577
158662
-407632
1432370
-1528728
223565
-2302553
10608
60695
1184117
-133581
272443
477725
2133001
-1361631
352866
-1959920
256892
-519041
391490
-581823
373565
747458
2384991
-1230567
161367
-1884097
183726
-455182
589428
-1142705
782788
577685
2319093
-1577533
-377006
-1891105
204273
363339
1329565
-1751268
539446
386535
2693533
-1777620
-542827
-1856312
74705
337787
1353072
-1768984
303632
837897
3041212
-1721278
-519580
-2022976
-292111
-150285
1083892
-1211384
1130419
1291320
2614361
-1638256
-288220
-1963045
64183
-240027
933509
-659012
1772695
1029329
1723425
-1501970
-170340
-1872291
638264
-28337
957181
112236
2249773
459069
321923
592063
-456279
852171
-493023
611712
-521252
618188
-195217
6692
-754697
574852
-704361
923213
-493687
246245
-315841
267062
-559698
612810
-891287
740370
-776653
871039
-467771
169998
-384464
305485
-768450
569038
-534722
774446
-690076
806599
-408097
316757
-696125
486295
-857014
731953
-164743
627157
-622203
776185
-558247
391724
-989173
483541
-855369
1068463
-471999
583292
-703696
711139
-659028
689245
-733423
703136
-735863
1046710
-851479
618250
-785090
825752
-605120
501534
-364386
482107
-1045161
810881
-814195
853728
-584715
925477
-357488
122166
-373530
568998
-1383020
566302
-985593
753552
-513287
822422
-127301
-55510
-941472
705546
-1282063
333837
-888370
536071
-723623
337051
-603257
132562
-1255511
896741
-940478
666682
-554631
471838
-425544
529459
-681951
347520
-962094
878279
-938597
1099201
-1349656
312425
104529
647818
-492681
652179
-1074286
1444447
-1641395
1876663
-2750527
-10897
421057
437416
-590441
592960
-293759
1820633
-2036282
3148630
-3766066
-196043
335621
829376
-755314
216714
662155
2209847
-2660621
3756399
-4467764
-236755
160757
1287478
-898502
61862
328538
2779797
-3316413
3205460
-3792651
-117279
-72954
1562743
-952539
108852
-150039
3024904
-3527154
2732660
-3225726
-184143
-112315
1576775
-1017380
154197
-186601
2515322
-2906668
1779066
-1732558
-288253
-205813
1579897
-1240272
35771
240317
2263606
-2500681
770084
-603380
-126174
-404516
1733364
-1088580
-245512
281914
1840349
-1842985
359775
-715446
-6645
-370529
1463879
-899987
-200727
-111219
1829394
-1449080
27350
-443718
-81410
-388699
1531908
-1297252
-41722
-18203
1574020
-1277930
-81465
182715
28043
-349124
1733405
-1668639
22000
62838
1587953
-1142637
-46568
388726
93290
-488408
1961379
-1770362
160855
190342
1407371
-1155626
-427517
681394
-15815
-736769
2086746
-1788425
-93435
156734
1373970
-1000566
-306467
920177
262957
-576014
1956931
-1547941
10894
-188326
1372503
-361107
-416708
533637
238401
-559350
1747906
-1844604
846163
-593245
1337113
-316666
-286445
-173757
197815
-772669
1911318
-2073577
687233
131603
950587
-192199
-716160
366130
293784
-708055
1928917
-1440888
-142917
577026
666517
-166175
-1290154
875169
372235
-779358
1852595
-1174295
-653295
299874
827871
-91468
-1699610
1425377
367704
-825789
1592616
-1349605
-525404
265318
284136
645605
-1992097
2086877
357836
-891186
1733686
-1262807
-363008
564744
-184354
1554903
-2399486
2066431
478924
-1022778
2017504
-1162375
-219010
511654
64518
1151744
-2115349
986377
364333
-1070278
1805454
-770847
14455
229594
409199
362524
-1273851
17233
118257
-1029436
1593621
-582300
86593
595414
229286
730233
-886362
-261905
57199
-743409
1492448
-543007
101609
652958
-404302
992371
-804316
-208101
-57997
-349364
1194576
-452531
247361
316320
-596537
1099200
-515292
-115471
-191393
-268928
973164
-823360
648428
468762
-548381
667328
-100659
-254787
-131907
-349204
985768
-936373
1227497
248436
-416825
247173
-20507
-669596
-50279
-153283
1059620
-582495
1177052
-57007
-265574
-104975
181972
-948433
163686
-40971
991618
-179276
792013
-137890
152058
-683390
-168555
-616365
299976
-151753
841726
-279162
1037577
-248776
213430
-443571
46874
-846131
198603
-197841
835387
-631364
1017313
-1633
-391445
55246
398793
-926001
213708
-206877
753079
-518634
773398
188461
-473387
-93146
349404
-575542
272663
-205853
571045
-223663
710677
237865
-432140
-669985
293004
-456637
344553
-187594
573349
-241495
579163
-52886
-546771
-225881
393760
-380905
476247
-342422
574517
-478002
791689
-424056
-60718
-409905
438652
-207979
429625
-449535
422471
-677027
785658
-547469
-66760
-876373
330754
512486
386914
-248986
563920
-785914
427245
-448244
14699
-776179
452800
645299
391457
-190800
549728
-863873
596996
-412690
370400
-131428
28195
280185
220577
-402641
424724
-866131
666143
-268308
275807
-54235
147588
-48482
337583
-411731
842441
-742944
679373
-198313
-32841
-277309
579548
-481004
639982
-346902
1312617
-626082
986204
-156493
109356
-636456
467587
-1053992
773746
-514945
1147034
-498654
1033160
-917552
445513
-1341348
575727
-608311
770085
-629795
747764
-1013967
1042111
-1235407
426537
-693011
627010
-379852
570024
-573822
810731
-1054495
1023926
-595456
370145
-340690
542846
-909154
597956
-532721
1027909
-807428
840729
-801667
3313
-356873
225965
-1057511
778959
-624360
875476
-604694
405905
-898245
87462
-291534
572505
-1066900
711816
-643511
655732
-602851
312643
-439085
491540
-587231
553656
-1285762
764323
-617467
750547
-647150
548868
-452109
5600
-575731
316563
-827884
685836
-701633
862664
-828859
554936
-106799
-608348
-205459
717924
-720653
510122
-885458
1047970
-741346
356106
392143
-418539
-684070
1187657
-852093
570952
-877885
1187308
-402920
145924
200552
52632
-1144468
885858
-780246
778808
-659688
1059784
-578996
281552
-321883
185732
-1176653
957374
-762699
647379
-718127
812502
-1001925
410972
-641991
169959
-1116327
1783699
-802377
556730
-854273
961731
-860973
439915
-680665
1005953
-1180455
1626041
-763145
662333
-615948
783116
-503161
733756
-613641
1056579
-1217735
830519
-789055
789132
-320029
842664
-237679
611782
-336574
337866
-1373369
957610
-1070520
593646
-521299
882133
-500480
187941
-397714
658405
-1572817
1175494
-877167
484209
-772312
774612
-435477
383300
-503120
1045371
-1217971
610112
-501920
535533
-647809
616760
-338693
599486
-741505
648954
-537741
495519
-305579
536379
-727100
513939
-508621
731571
-826265
500778
-383902
764873
-580917
597829
-648038
804278
-254128
996925
-643162
824140
-923928
579493
-971340
574092
-629764
734561
-242074
696373
-689177
354733
-581918
500725
-622358
519883
-715765
530930
-680852
354467
-568958
283932
-767617
850967
-252987
688927
-517740
625852
-961905
832655
-986776
742584
-835621
747966
-667675
564768
-475235
749437
-893340
718108
-944501
743473
-655994
872698
-1233970
382368
-575680
755317
-620859
769595
-896621
988707
-1011067
615207
-680031
417027
-508885
754974
-522678
922041
-903236
944552
-472909
453169
-872589
476980
-613624
781985
-763508
1189937
-912267
775214
-466569
920653
-1055070
475535
-657194
888631
-807060
900799
-591324
514018
-733819
612263
-591914
574743
-679492
922989
-974678
524838
-384002
453205
-565608
-282536
-688842
458773
-876734
1098013
-1319259
528199
-136918
101662
-255505
205361
-734250
375341
-885496
1324457
-1087047
692021
176810
271802
-235954
176466
-981315
416010
-1020700
1632910
-885905
798838
72498
378449
-890220
535811
-749054
721868
-943977
1974067
-881193
767264
-4620
75498
-1224996
452919
-793707
960000
-962484
1773574
-814047
426410
-545412
249971
-1273159
425455
-670865
817916
-868404
1082201
-933148
409494
-681237
486110
-799479
569470
-131315
839823
-540009
914806
-815709
708254
-269564
299031
-408352
250407
-192916
797050
-498314
1149884
-735107
682460
-226385
377116
-302753
-56388
-452933
630660
-574328
909502
-784350
708723
-577925
558318
-175178
325352
-568632
558722
-484198
771327
-553324
681535
-95840
364726
-1059304
1018539
-916763
719274
-364156
953219
-307582
522085
-262120
372758
-1438926
847380
-312932
792536
-468289
862774
-428497
430950
-244533
772780
-964773
389888
-310392
787670
-437714
769861
-414541
624158
-117741
702385
-843555
355594
-1062707
880556
-421480
894211
-631574
752088
-595532
478527
-794557
322807
-766658
726741
-568317
801480
-644209
782141
-616265
85707
-598353
322494
-936150
267571
507210
-138100
560933
-71976
120440
-1130850
-991730
-646689
614023
403866
642229
-389223
803193
362283
327740
-1074438
-1469897
-1073395
725641
262739
504030
-798138
516290
503921
256344
-710029
-870724
-1079004
988106
243652
520149
-918823
236286
109776
85703
-643184
-453137
-966699
735726
295727
343011
-1071847
-243874
-272518
360635
-236522
44367
-988901
656753
414867
536669
-745343
-125244
-444070
540778
7560
45392
-1252580
479693
309990
520112
-847606
-212204
-816015
12211
-74723
167414
-723208
1115411
436994
769841
-645505
245331
-228019
-485137
-629089
-46006
-607158
940839
424132
623020
-1074919
-372027
-362304
-1017675
-1569278
218976
561892
1947746
429138
558410
-856879
-226324
-60263
-731478
-1984278
220059
1153964
1729329
370156
261908
-905791
-199714
-445353
-871479
-2052297
196584
1278453
2227979
304518
-326300
-794827
155061
2648
-713039
-1821790
69143
719395
2379420
676859
-668979
-299996
1066298
568008
-423673
-1512037
-241337
-1108407
1722598
820020
-1169572
-48951
2600105
1945114
-724013
-826263
-405461
-2633582
633102
763970
-1878917
-748905
3622633
3059850
-711241
-541905
705050
-3005640
-507097
894705
-2164933
-1161569
4228700
3557482
-720768
-1054035
1245669
-2846322
-1287169
826203
-2481740
-1579445
4081216
3188852
-970509
-1199014
2131715
-2359898
-1628004
884325
-2619664
-1387469
4499556
2916977
-1726640
-1407778
2284545
-1621313
-2606536
718816
-2660592
-1620707
4406523
2529087
-2074639
-1417806
2560276
-890294
-2429370
430939
-2512129
-1508457
4159779
2556207
-1990962
-1790669
1977197
-515430
-1865089
348033
-2635101
-1546047
3823381
2088267
-1617167
-1710264
1909713
-433465
-1787988
310466
-2818330
-1734376
4080996
2051488
-1548789
-1564688
1739331
-712755
-2034192
273655
-3086304
-1984936
4201023
1777366
-1585757
-1498425
1990154
-731157
-2114044
435427
-3082200
-2360254
4180250
1835757
-1407238
-1041760
2080788
-848291
-2523859
547588
-2894007
-2429232
3753966
1886661
-812052
-1056726
1519530
-1204937
-2600316
218189
-3039514
-2275830
3210402
1556525
228108
-687857
871808
-1057568
-2093186
423974
-2790504
-2088430
3539060
1283039
547464
-867403
354142
-1395285
-1950763
203347
-2745584
-2376917
3525289
1872562
-156587
-1025782
126314
-614393
-1993991
366917
-2745717
-2858497
3225138
2620288
-462500
-1756155
360901
-88014
-2030730
292065
-2723189
-3111590
3040382
2448052
-546147
-1859808
753280
823059
-2460443
427627
-2677217
-3110521
2969026
2126951
-435713
-1456027
478396
1241588
-3131953
475768
-2417524
-3129233
2812634
1777420
-536260
-1291080
321524
1622892
-2929696
717391
-1556621
-2530644
2774008
1747840
-343086
-1554969
232067
976556
-2416426
840334
-1035471
-1860602
2714460
1804351
-106718
-1404768
-197629
358009
-2114789
968043
-585347
-1289597
2608174
1488867
-110007
-722291
-809497
91422
-2149013
904013
-575703
-926854
2220371
1239271
894130
496757
-804975
-495907
-2693308
978842
-576606
-439891
1748363
207359
864272
983588
-686448
-878474
-2311679
836280
-201833
283430
1769582
-461665
988845
1344767
-385000
-1136831
-2260758
779788
177942
595196
1313642
-1135107
754044
1051527
-393564
-1075884
-1493980
978841
885993
1058376
1014933
-904383
236915
207733
-244347
-964124
-1529060
977858
1372732
1281691
752909
-862406
64114
-230416
-291898
-1015339
-1541262
995329
1524841
1394113
1069541
-1065177
86174
-40842
-881828
-1449039
-1072761
779975
1314681
1314082
1164614
-981888
224455
817013
-894409
-1682590
-1247749
613583
1358871
1370175
799762
-1431577
-329045
785789
-225847
-1161349
-1008709
506155
1450688
1356663
403754
-1585583
-222088
1057072
259452
-866054
-1195375
364540
1584456
1325696
136356
-1911830
-435684
792307
386023
-575172
-895462
152577
1520412
1078174
-229855
-2425020
-396149
980082
1746272
-51308
-1076280
270276
1285337
816376
-351765
-2500185
-910313
1038900
2297379
127552
-1209620
134716
797939
484976
-263083
-2227979
-798750
804163
2184619
263731
-982280
226924
676127
389862
-99995
-2020858
-433201
726925
1314847
42603
-613188
392038
727203
327517
115599
-1536839
105594
956608
483410
-972673
-328921
614283
937825
139645
253706
-1467702
61912
592942
-403465
-1586877
157057
942339
1483828
180399
-76608
-1653519
-26127
168045
-55880
-1443428
-122736
745047
1472886
418363
-71043
-1488551
545203
-166630
199084
-1049083
-573507
553994
1245514
354180
68400
-1639273
192006
-124917
213900
-89625
-270317
514297
858394
-158774
-291485
-1687180
20232
-214428
283550
676834
480002
591376
1066612
-370233
-364749
-1239042
320842
-236256
-186534
496089
655259
463146
945437
-532745
-461270
-926105
-240799
-1063480
-601946
442315
1845886
468676
849373
-469193
-101975
-779257
-356098
-1178355
-794302
127658
1893143
135578
504149
-454589
444007
-916576
-416065
-637559
-1091874
107469
1754823
355691
739621
-167724
903969
-1171496
-1065132
-65364
-828608
-506757
1402702
336457
907848
-193402
952548
-1019444
-1349020
-70614
-107642
-670041
1314713
374855
988304
-96961
772325
-1017164
-1260295
-263700
-55506
-829334
1298370
106997
659766
-205359
520476
-1300629
-682561
276967
137332
-1123311
1561982
348366
691644
-385709
352984
-976345
-155350
311054
130764
-1802707
1178085
75209
574000
-518792
9482
-812203
96921
-93084
238198
-1440548
1212652
523113
949066
-76061
118022
-641127
-65255
-210263
-418354
-1811955
717764
351698
666398
-370852
248348
-307144
-458955
-255675
-156956
-1680186
1136008
793065
1156173
-99328
695105
-23450
-581459
-1106219
-286633
-1565194
639149
157306
652486
-410558
284482
-33604
77512
-716027
-107818
-768487
644811
125836
826254
45419
357907
-76759
540385
-504610
-555214
-955278
260916
63820
1026564
128117
263289
-242251
594575
-447561
-324217
-1082291
380959
121270
1117628
-8196
-74742
-495333
517224
-481223
-235045
-825673
626643
149731
1089341
84504
253595
-198590
311260
-156053
-297810
-879361
379399
-76387
505658
-306948
4927
-651075
271762
-231057
445336
-223745
720083
-146013
69262
-609388
111075
-749433
410225
-573553
228190
237111
1233477
240048
273581
-472188
37793
-440287
96348
-898241
376530
206078
849844
314417
450748
-340358
149064
-249481
461883
-1087511
189221
87112
126639
240997
583268
16922
401602
-265813
564513
-692057
-58238
-409343
-1958
205301
623443
-34112
654181
-428029
656845
-268990
289876
-723826
-407712
6954
290518
-250632
787807
-356103
-126310
-639140
488324
682557
68638
-72545
-2142
-460146
1332806
-399203
-547401
-899215
325356
1360375
731831
44559
-55527
-415963
2007761
-221781
-1034033
-1475267
-459189
1016986
1146655
153257
86364
-251736
2219120
-264884
-1174499
-1157317
-102169
246641
795843
604176
773286
95275
2537159
-502665
-1589782
-1469641
-355925
-702055
552053
473098
904843
-160297
1921331
-813854
-1640224
-994611
257017
-298796
592798
489749
1067064
136954
1529734
-921875
-1390087
-1266983
320510
-267172
244880
196725
730523
300086
1169089
-1108813
-1037168
-714315
494614
-94428
-454183
100035
543084
223132
1111083
-945815
-781265
-494459
410015
-155061
-861021
125342
591506
196696
1068664
-524230
67228
-221296
153235
-683092
-1225984
239411
736984
393158
998553
-656348
-114451
58665
246969
-1216619
-945072
259538
774127
225618
495519
-848586
-472520
715015
1407694
-1477988
-1305203
299546
1039220
387181
761607
-741694
-724145
214058
1207028
-1315107
-1762655
364656
1194665
551219
810542
-713916
-740271
-64870
676849
-1257933
-1283819
175003
901658
432174
794230
-616723
-265109
-217587
129384
-1380172
-556364
132356
986968
424923
734284
-863839
5980
-460067
-742747
-1177055
332732
496747
128933
939736
-264423
485327
132407
1079088
-617277
-650899
-1697811
342752
334232
1033369
-573710
617272
284661
830484
-225971
-1195215
-1866596
370784
166853
1073407
-901126
344686
203600
681197
-295082
-808579
-1738059
527741
117961
1149424
-641903
-126225
20831
182352
-564948
233999
-1706730
598564
215401
1201115
-608981
-403040
-749345
-5727
-183803
307069
-975471
479145
121487
996530
-462412
-176445
-884960
381479
51426
613698
-982349
249665
61194
1055894
-654513
206057
-764697
38792
-367777
537296
-1421252
509083
245455
1357061
-612954
499863
-11967
-59955
-1154090
-316278
-1290332
573011
353236
1708594
-523677
-280238
15033
-350017
-2286891
-925698
-578277
694605
187682
1079418
-611443
-596276
-85641
-158373
-2744389
-879831
69051
645247
338543
692669
-802931
-448243
-306004
-116060
-2136627
-984430
125116
929096
604099
388916
-766326
-29390
188599
274786
-1563934
-1151221
-232652
1348739
1170682
-45437
-1197448
630600
1189950
413003
-469093
-268581
-1152872
1271284
1810951
-657894
-2057706
1776610
2602591
1121187
-80902
966770
-2418517
1250066
2412634
-1124017
-2813935
1736358
4274333
1309591
-811888
2311394
-2666897
1361046
2535610
-964805
-3324849
1665590
5076777
1424964
-1847610
2939198
-3101312
1474819
2577364
-1020059
-3722224
1882884
4387987
1367528
-2652629
3349236
-2048274
1548252
2459125
-1225948
-4042232
2441495
4513944
996415
-3728344
3402694
-961599
1370360
2357238
-1150862
-4154424
2398738
4205376
522096
-3184217
2390434
58762
1446860
1972888
-1026228
-3866693
1985346
4081474
708943
-3359015
1606632
248958
1503408
1933096
-1188667
-3954855
1807026
3719401
379820
-2970440
1633950
270615
1739108
2243012
-1559290
-4195080
1934189
3369352
557276
-2607584
1670291
381560
1784479
2265009
-1488051
-4567860
2200305
3399514
294501
-2573461
1690807
571325
1707989
2378515
-1262110
-4949963
2002843
3140991
336610
-2314244
2020368
661866
1998526
2348727
-834974
-4771211
1443254
2617250
894351
-1431451
1605136
635727
2046561
2075019
-1133708
-4271447
1118010
2038643
1621712
-778466
1047624
276377
2096711
2163669
-1233079
-4530597
1634027
2068817
1839103
-625942
607533
-288680
1906482
2044820
-791666
-5042876
1958427
2359296
1823416
-1297682
427796
-416018
2017759
2138264
-332524
-5308800
999966
3264000
1492187
-1929656
-331840
647571
2095756
2168141
-705305
-5089289
570742
2823770
1192760
-2234532
-143666
1875484
2029891
2007151
-589861
-4962603
561726
2324682
1474458
-1750711
-319044
2879677
1759625
2035690
-295526
-4694952
631928
2531983
1054496
-1044109
-1041291
2918656
1375282
1580049
300198
-3834042
821350
2813591
737796
-635811
-1747781
2468895
802976
1064714
523464
-3362455
1299596
2502363
1301243
-370079
-1252368
1564880
386301
1024401
604361
-2409919
1596884
1770501
1326288
-72016
-789650
779708
182728
897493
650087
-1626904
1188321
1168247
1086647
1258766
-215389
503490
96425
930604
268308
-1198207
1384731
521694
318240
1853390
210701
50187
-250901
652665
-69522
-289652
1938040
-3541
230775
2001937
50221
105526
-402916
468690
486011
281118
2029431
-341895
-88097
1451142
203335
-281178
-399265
429653
1267316
749340
2174872
-71783
-197461
178342
23532
-511556
-423081
395474
1257562
1248993
2093423
-248385
-96113
67563
48754
-921717
-392652
366912
1083863
1429690
2193495
-763161
65728
494857
-218292
-1258777
-418556
53083
1011548
1178174
2256882
-793967
-96391
828134
245595
-1287328
-511974
-256000
1086114
1307891
2266764
-493242
-1196531
393606
386455
-708317
-503266
-280035
1163105
1576597
1859809
-1159158
-1261501
503089
693708
-146624
-512244
-376456
1090955
1805879
1431219
-1342026
-1416283
12905
1119078
-68835
-515896
-619931
964938
1623745
1323934
-1684340
-2162329
-406580
1682383
833130
-323487
-369524
1039422
1077405
1272317
-2143905
-2333378
-836203
2339808
1378717
-154561
-227317
648112
708594
920654
-1998779
-1529844
-488954
2062302
1388529
-178083
-229270
512910
408902
776024
-1658822
-980041
-102166
1576143
537625
-295173
1990
734012
312491
1061330
-1578370
-652944
908325
906716
-493341
-201701
379772
1145584
547838
1255422
-1075119
-300338
814327
295849
-1568309
50340
397759
1921668
1069381
966699
-1072549
-728702
-263466
358592
-1119491
294373
189342
1658331
793926
819564
-1589193
-417621
-539621
473469
-513871
207766
21229
1191538
412540
1006835
-1779209
94664
-585992
482044
55212
169966
125994
1339527
221665
916625
-1861730
-161294
-649175
-381387
342169
185158
216111
1730972
88173
200348
-1586587
-114836
-485711
-369821
-418937
328429
154712
1459968
-465340
130689
-940627
-5560
-579076
-1205924
-1192477
540788
164684
1129522
-226273
402050
-734734
64319
-983791
-1300183
-1465926
430619
32116
714306
-358591
956171
-895497
-321711
-681165
-1070952
-1144045
164209
-114912
836793
-437025
1559353
-509452
-1238843
-191035
-495530
-1082439
-227336
-268027
1210533
-331295
1542747
160480
-1568895
-394024
-57019
-1561378
52530
-131502
1332523
-51294
1237053
-30179
-1461695
-762030
159592
-1860963
166442
-200566
958438
-83535
754217
-952394
-1504813
-160310
588591
-1497364
73778
-108116
1077533
-495653
271541
-825743
-591850
66233
1236862
-1686987
118551
-279780
983111
-441889
386612
-528937
96994
-190426
1247976
-2363923
510926
49808
1482624
57386
906869
-521856
111779
-368640
409239
-2469040
360065
340825
1230062
-261225
673053
-194361
-243399
-722406
195747
-1960144
232555
220081
1230998
-147344
529799
487982
80832
-1305562
295928
-2170276
3005
-290039
972578
-203929
269175
-127280
704689
-906840
542894
-1518239
-12609
-503438
875227
96366
342298
-490012
787418
-309994
7342
-866768
-290422
-564926
956255
352678
623024
-103140
833408
-105721
37477
-1307326
-250854
-521740
1296044
411166
619644
-693612
636313
-177414
74271
-1659309
-215108
-436728
1066154
65895
590290
-677097
270515
-574715
238587
-1017707
184629
-287778
477626
-98572
122411
-801402
75814
-391502
136618
-136715
346521
-101130
525472
-547902
-14338
-748175
389858
-623592
11428
-270362
313282
12502
722076
-601321
414751
-605665
521680
-1275676
145393
-108590
146410
20823
773362
-308705
334127
-347753
919260
-902952
227555
-426983
44961
-97656
636484
31653
729291
-694293
1080487
-382559
350688
-483067
-42503
-88048
688570
-132757
1005336
-488700
601029
-324973
503176
-419942
127599
-92964
521832
-790220
1238826
-207493
619854
-1542135
-325533
356342
67261
454
74638
-1250303
1374394
65081
-17653
-1402412
-601601
563210
4593
-127185
-23312
-1361358
1898770
739192
169155
-1322060
-1298277
14753
-378374
-234485
420719
-1187710
2388519
1239725
-477062
-1148820
-398786
-715814
-314821
163450
1036141
-544367
3035880
1158356
-912387
-1504117
-853750
-1447697
-95623
68595
1637220
-390182
2360260
497859
-1101843
-2096583
-478265
-674925
372522
-97538
1493812
-404275
1783120
70669
-1256020
-2095618
109325
-109309
680234
-301069
970179
-244069
1783792
-376387
-707393
-1465560
749794
20967
670745
17871
851559
-179556
1696653
-226346
-298813
-978476
427310
178427
710388
30080
765323
-107336
1209926
-263544
96234
-122982
475933
-162069
578879
-169823
851385
-46202
1598292
-86865
-538025
100953
713668
-529063
492429
-3420
1104996
274777
1559143
-506382
-1007663
-290580
1753715
-77891
522235
78604
1142733
372730
1282893
-23513
-790349
-920768
2104165
-455182
686249
-4045
1076473
460479
1429551
7244
-288904
-478023
1004137
-867043
809204
41324
988224
486819
1223523
-174569
11214
-522563
400399
-1209773
645549
-110702
956571
541802
1226051
-555281
96180
-478921
-454561
-2081829
-425840
46289
19759
-178807
-43915
248822
988759
1029334
-72055
-914008
-558846
43732
271132
-480393
-439741
305522
1184267
1354530
-8569
-1226166
-531293
252212
616506
-530884
-535582
317173
775581
985186
-71510
-1296047
-510168
270643
719764
-299506
-249599
359248
369994
547566
186880
-1052472
-497389
434382
901424
242688
-118663
-75504
-219364
295481
460044
-953632
-566148
242838
595007
253431
-168429
-419646
-436903
647489
741174
-550302
-562686
187974
650886
351028
202220
84092
-307575
553732
136259
-1071475
-709822
3134
565700
-61240
28415
768576
164161
435294
-288997
-1002238
-658922
210894
1122834
346793
145510
1363216
711322
-366865
-1632917
-1440048
-491402
323352
974730
137212
-292488
1277002
945094
-943871
-2243242
-826936
-460610
471003
756409
27903
-154463
1420680
927945
-862013
-2146305
-878232
-233579
929982
360851
-229336
-395070
1434154
786855
-254402
-1867350
-861261
-101300
1363658
-197769
-1089386
-773252
1578220
311070
854506
-714705
-21232
79496
1822826
-732466
-2785918
-1389673
2319730
-249448
1929744
446324
1166246
268899
2681320
-634886
-4157773
-1725504
2874295
-522797
1436624
898122
2285913
237595
3207920
-622375
-4921198
-1945483
3462770
-345125
664424
1264343
2734219
353994
3657245
-517539
-4878644
-1580521
3747941
-530171
-582507
1458228
2825794
381377
3805682
-845177
-5248881
-1109493
4258566
-429064
-1460133
1557428
3245537
490555
3771942
-790009
-5147708
-534525
4259820
-479812
-2084516
1470613
2933792
660833
3555411
-843503
-4836830
-533132
3937028
59058
-1926851
1073032
2283746
695534
3576753
-681376
-4519920
-429906
3457208
195235
-2029104
1026476
1937276
756730
3847746
-674199
-4719998
-490803
3252604
188213
-1966863
1534731
1934463
839483
4219949
-693529
-4902236
-201354
3243155
150035
-2110750
1755729
1793632
707911
4361837
-444084
-4881832
-257139
2954200
-230751
-2211819
2079372
1931141
581861
4277876
-292555
-4483004
-484785
2149877
-47356
-1453518
2444032
1924117
918372
4327759
-376211
-3880551
-629602
1048346
220455
-595073
2046169
1385101
806364
4056960
-547827
-3945305
-715585
815617
830396
-98622
1806498
1254746
804846
3962407
-263098
-4111555
-985747
1505379
1227879
-350714
1126457
1115836
635746
4060988
516314
-4347535
-1463445
2013546
1834547
-1210678
716928
1169754
707317
4185044
835356
-4486983
-1327131
2102501
1707845
-2097678
238665
1872641
581735
4103262
744284
-4454036
-1013999
1625505
1524441
-2103705
344582
2834358
408030
3847371
786149
-4116971
-670323
1397906
1666216
-1913446
164772
2774720
-41058
3057008
495348
-3731894
-685570
1414868
1838493
-1554308
141147
2411459
-437705
2359302
213401
-3459921
-763334
1299488
1538771
-728989
158377
2379740
-798833
1780995
-21230
-3043715
-274386
986090
1115463
102843
228754
2378491
-805614
1609365
-181558
-2351659
-113440
-428872
313749
542846
875067
2723548
-722555
1466095
-480918
-1625351
484043
-885952
-167285
824971
1365286
2152210
-621428
869862
-1210657
-1146763
1018984
-1208780
-523852
1001033
1412551
1944145
-737784
279780
-1357924
-198532
1487566
-1079589
-505189
1047531
1077058
1454440
-1038932
-464372
-1206845
352706
1148500
-409189
81301
630896
689809
1564217
-1127888
-868246
-1001792
502840
1061041
-48234
131229
477310
825322
1437896
-1236028
-950172
-1047631
280077
1330571
-127787
-122223
1087736
1093792
850441
-1089907
-836775
-1155263
202190
1373947
-603549
-613475
1425565
1226915
791308
-956718
-1019158
-1197217
485511
1837065
-208191
-766138
757854
835649
736256
-910614
-1237783
-991616
923410
1957940
-465784
-1323418
250925
722335
1242396
-850654
-1374322
-854086
1258285
2022083
-487618
-1221094
-20257
717434
1145708
-739639
-1304460
-663980
1616854
2178783
-432528
-1643985
-1289542
527001
1329656
-862439
-1050186
-435356
1624329
2171267
-47262
-2195787
-1969355
855845
1596666
-610124
-508452
-314572
1275550
1868683
-264556
-2004842
-1680356
984318
1435934
-514255
-319755
-387695
981573
1583074
-431787
-1498471
-803674
976304
655503
-722985
-402264
-397680
732260
1241230
-763157
-1279573
254386
1384471
7533
-1006936
-395689
-192062
604227
1246754
-631827
-718925
1316391
1374981
-721874
-1240136
-601171
9137
1180616
1367646
-350069
-381143
740759
755993
-388513
-1017148
-547249
-75733
1260643
973690
-687113
-387474
210419
381949
521152
-890401
-496043
-218743
982483
864859
-457143
-347855
53112
-136899
871018
-858232
-209065
100614
1165929
1102882
-344005
-78433
-99907
-1095888
420049
-909794
-271793
502228
1149613
601252
-602663
-5485
117902
-1070325
216787
-768353
-117360
737789
813071
162405
40800
773035
484371
-1294091
-1171707
-701886
-53005
541646
281404
335546
489370
898751
632700
-1322577
-1661325
-396496
201340
218547
-166786
850607
424814
309995
743693
-1309452
-1513945
-646987
-53666
-183935
-447712
1431561
652588
-347666
741250
-528833
-1067437
-869398
-280411
-141959
-427611
1564861
936025
-584288
455017
-180240
-1115056
-934609
-255821
-28675
-198523
1536120
976160
-655336
416996
55805
-1467187
-569413
57734
40388
118086
1455494
308824
-1288773
428365
302405
-1735553
-712576
-15286
116613
223288
688525
-252254
-1138056
890500
984103
-1258125
-539071
21496
214862
380413
285190
-106747
-494986
955359
839523
-1475115
-796050
-302005
105597
344066
319513
398759
-249181
1237797
961080
-1414068
-571668
10880
470268
142095
237431
671654
-346104
827826
554699
-1594204
-958784
-298552
181530
-387525
27209
967393
301861
762920
481364
-1001252
-577641
-51216
264590
-84830
-73468
461869
174029
401533
156347
-882065
-521949
-358506
-88655
75337
-132231
-129130
259601
754044
331809
-498572
-627931
-711045
-194036
269156
-146799
-176296
427478
794370
491334
-384415
-751346
-734077
145279
699855
112074
-93269
286333
671995
148880
-784009
-760029
-580733
178344
311100
-56461
-18509
-51440
490723
193259
-678093
-436370
-24332
190372
332819
211895
-194324
-128351
-35688
-287748
-458638
-178472
404890
221811
282851
91691
-156909
95223
73827
-781352
-528563
-388814
259173
109537
305334
-172478
264433
513630
-274296
-922291
42045
-536663
85714
86679
190367
-290887
164191
622086
-152251
-542168
589716
-516330
-66509
-214136
128285
-152040
19197
381387
132715
109289
600824
-555794
-103125
-244042
14933
74520
-112367
56971
133226
306035
736555
-388044
236196
-126197
-281505
213909
501288
375225
-360356
-1029174
470215
-291211
619254
-184403
-1050948
526359
914145
457236
-796503
-1749671
324366
-416145
694608
-620935
-1726661
705217
1388486
1030460
-220978
-1643311
-57951
-637128
532159
-832838
-1777005
1103038
1674223
636598
-349998
-763028
-166195
-1160633
73825
-935820
-1707724
1637784
2153087
559402
24700
-30138
-552216
-1085369
105125
-451598
-933535
1831292
1866454
-107535
-448867
-404890
-656518
-917188
10896
-494288
-579123
1543361
1427399
-72931
-686730
-396952
113636
-512226
-5596
-692966
-379798
1384308
997412
-334677
-670959
49631
965209
-300408
7691
-628905
-296863
1236445
694444
-193339
-453621
355516
1194423
-260592
18949
-539504
-226861
714965
-37270
-168272
-31329
800240
1295051
-399637
-205593
-656762
-235793
705225
309113
-458827
148153
1207409
940174
-469211
-340171
-363238
219907
1051022
496237
-1414842
-550444
1479610
1424650
-500248
-472265
-309518
16589
998476
659428
-1297300
-480005
1678164
1780060
-543880
-579105
-460325
-78437
925556
741604
-783914
22256
1585477
1086239
-353975
-361718
-430006
-103
864232
398612
-339013
469531
1097565
206027
-316045
-437623
-490143
189146
897647
82905
91444
1123074
454515
-892131
694303
-173096
373633
-256674
-66488
-309390
997750
-464855
-231930
-470246
397205
9820
711508
-339136
238736
-450746
-467484
-741890
-136324
-19800
612283
-321695
448768
-251891
686936
-83596
-734399
-1077558
-42252
-7588
786770
-387685
157045
79940
126068
-508233
-170953
-1053206
793972
198992
675629
-458074
210151
49737
109889
-858845
-346833
-446478
545506
527293
600863
-446374
22418
-328375
214831
-588945
532634
-355925
-124394
203231
530180
-617507
-43459
-710589
457809
-48362
666384
-692394
308314
-318191
747016
-142264
541085
-562170
461659
37841
92235
-1565302
-286643
-189651
820887
-236974
416185
-303516
-250845
-388144
286544
-1346646
82357
637024
748388
-388959
-101776
-254875
-363791
-1357972
-231471
-1184640
954091
578397
895956
-357134
-680480
-642854
188370
-1201280
-279047
-81616
1462820
363477
577795
-161332
25351
-290684
492897
-984602
42719
384565
1294451
-524010
723138
-415369
-293275
-308879
582345
-532626
289602
-1027
1645865
-506550
525338
-55354
-47814
-713594
1446644
-336056
594767
-776472
2241099
-1856305
-28174
-222992
389584
352650
1311999
223339
1318678
-2521091
1752481
-2800627
121668
-760159
682798
1480081
1173157
-422738
1623527
-3244706
1609698
-3593133
-11286
-1406349
706836
1649629
1565550
-1216965
1544925
-2181898
1350229
-3537389
90194
-1631276
604651
1576468
1605909
-1693556
1375982
-2286463
1144030
-2209502
-146787
-1789546
833672
1417967
1116230
-1269671
1356708
-937770
-363884
-2094723
-145284
-1985492
1269662
1962087
282534
-2094589
1397404
63374
-480505
-2251172
-61148
-1899395
747162
1609509
334586
-1405272
937893
-349821
-164139
-1321606
-108922
-1371396
669629
926926
642849
-1458594
558024
179663
-66843
-1048843
2987
-1804613
771618
1100115
597998
-1116617
625763
218706
-440879
-798906
-287817
-2108559
942473
1025057
637512
-1195287
623365
164703
-735967
-668352
46057
-2159315
1242828
1085417
-87810
-1361661
991506
886715
-998249
-644791
184740
-2411071
769736
1426424
299139
-1236540
1480595
813050
-1621138
-780716
-50351
-2259482
442774
562049
986953
-208327
731830
-35152
-1602067
-934986
-140209
-2041073
1306059
-141148
1180265
288091
435348
-814865
-897163
-680158
-2019
-2151136
1227912
622336
492182
139043
-253059
-581655
-1359976
162766
173012
-1986293
309901
825845
529762
-578133
-488766
-6037
-836567
523857
221888
-2331960
-28515
1241221
937528
-1145788
-624718
1154487
-821261
707702
-115736
-2309312
443929
1157586
408568
-251499
-366558
1783558
-1395393
-255934
25048
-2319286
684066
1442234
312704
234202
-971073
1616682
-1841901
-906460
63920
-2308822
666290
1310924
700265
-120712
-578592
1308776
-972159
-905674
324050
-1453381
709531
1110578
746897
-755121
-417223
971407
-396433
-1161409
516796
-1117473
971796
1685819
407144
-411328
-600269
689503
-493400
-1558117
487548
-1078527
568865
1027800
121293
139538
-408865
821053
-313124
-1515278
276231
-841199
539162
703896
656514
806472
-349699
133576
-1127530
-1566458
64715
-795017
1303765
695268
70535
633968
262522
-201774
-1087853
-995192
257092
-94287
1990998
83806
-56852
736533
-168684
-905892
-427968
-1486812
424067
187886
1389939
-242111
84608
597620
147886
-931272
-480284
-1158703
721423
566851
775796
-188573
284455
-820669
-116304
439999
-357495
-1720338
674129
520419
1135301
-247158
276411
-275048
-154705
-498682
-389641
-1077260
601139
79095
1190774
-4411
-173829
458689
-199162
-1088441
-415884
-376574
521255
321465
1152506
-27608
-227062
63876
-190966
-693424
-254497
-566921
490790
614806
1093990
-267248
-968219
-531063
360156
-52238
323759
-655087
511074
401370
699799
-570466
-612483
154065
-93971
-575793
303890
-632788
664707
617276
762185
-1180631
-529306
-430210
130663
-94908
361026
-4747
612386
595040
569764
-1277333
-890536
-434768
1242408
1161478
177720
-673257
554880
-10474
155735
-1085672
-847694
-381918
1681952
1020662
-506728
-755773
337318
115769
729801
-854193
-228394
-38556
642102
728501
-694602
-1042344
371211
292419
950660
-449770
-15259
216930
829719
47984
-675333
-559105
806730
123058
945560
-363966
-264304
269488
383325
-1313374
-608614
171000
1122139
-29700
846475
-527418
-423615
-475962
-119309
-1656031
-22385
578895
1059165
176787
239314
-1372900
194195
-607407
748015
-220053
94847
-568832
588733
15079
820188
-1108181
154886
-201574
232658
-323200
176064
-601652
795606
-21307
909046
-706277
-314556
-522515
192526
-470419
207466
-1018007
878396
-183813
321688
-1423595
-275884
93420
15727
56265
934648
-1225727
956973
-75759
-191446
-925064
400457
-34254
-120188
-932977
183503
-321647
690341
-316477
6696
-196709
611010
-1022061
-736951
-586147
1059824
599645
469065
-469347
278393
-403946
279213
-513471
-960323
-353832
1093205
595280
302630
-449344
963795
-65726
-379671
170824
-376619
-783499
948369
-388230
812842
-212457
911248
129701
-803257
-478795
290021
-910204
371765
-318081
1036664
-101652
411877
-124410
-761198
-1161175
29754
-305236
681591
296067
602917
-343183
586637
-579476
-784781
-636698
649777
-603631
777968
487902
482445
-489098
640682
-668524
-397319
330440
1666039
-1125860
426110
-252832
988823
-262611
472284
-258130
709580
-316339
567145
-1250505
-324289
-366647
599531
128572
597189
-570812
407969
-326120
-16937
-1312941
-52124
565152
625848
-71785
268039
-426549
-258888
-282614
577330
-1832793
106742
67713
613114
-526318
202057
109945
248920
-801332
885307
-817537
446600
27708
688891
-332519
330795
85412
193398
-1216833
41009
-416490
234885
504010
305752
-248450
548606
7431
665742
96275
341651
-703771
-271650
-284622
367181
-72892
670792
-359320
458232
-119698
324935
-645752
357127
-779439
773972
228774
510870
-548055
369272
-962868
-308727
-950318
123458
281181
867865
107327
-107469
-678655
257883
13048
57814
-820610
188311
498497
718012
-183714
138229
-428028
-49462
-553008
822109
-283332
274040
112549
245631
-476483
559528
-822422
475617
-259914
183883
-600094
906643
-338728
332339
-514067
321979
-316809
520055
-223246
421714
-820769
1055311
-209747
498622
-252559
335534
-375107
694116
-1084210
413711
595567
616473
-1098575
444622
-235944
481956
-250054
881662
-458257
-281212
-499878
635476
-816572
532592
-184443
657188
-823827
729135
-19221
484653
-1307320
-541570
-191463
530513
-302844
233341
-669860
424131
-258999
234839
-399966
-62553
-569099
276695
-648535
385487
-165659
649077
-596936
-553394
370543
1328401
-677581
198199
-1009929
1007845
409567
355892
-116505
-216213
-157529
834413
-680888
421304
-495689
1587847
782550
405239
-966607
-1173901
-391634
870089
-883561
919489
-397417
1720539
553548
-151788
-1140480
-149431
-941280
-367073
48216
1217673
-576134
1375914
113195
-1172657
-1532821
-149882
-702006
661226
584917
1233499
-517227
672459
-169471
-186250
-1116709
264548
-163486
996298
-174753
695936
-271615
947268
-229978
-114496
-667156
533177
315624
226591
-707976
477456
-182453
1047476
-204768
-493782
-488485
552633
202859
-263577
-990977
625329
-345103
847231
-95508
106737
-385906
-129379
169578
-33055
-1197087
462837
-134627
989117
-150997
703856
34618
-296326
-645698
99632
-737352
593437
90757
957193
-14521
-414141
-595187
1035599
-772015
179289
-717940
804576
43351
506112
-371780
-90536
-276914
1355637
82908
-987482
-1903349
826834
134230
717034
42869
-92252
-640425
826923
-301196
-968997
-1360674
603794
64981
828822
16773
-73973
-725545
393960
-1093442
-746324
-762568
510282
190467
175444
252149
272693
-319007
-733792
-578272
-622990
386548
638655
-74896
109013
493660
198631
-14125
-967888
-1562351
-146922
451423
658665
-151941
-353452
396769
333738
46984
-671166
-1399923
-274164
872586
640653
-13104
-565841
63578
388420
-481736
-242781
-883507
-500250
1204768
504147
-111760
-748958
-390507
203287
-283241
63564
-623955
-29137
546559
587794
-13537
-446883
-475484
168231
106212
323087
-426632
-444410
-45422
638816
-121897
-492860
-418540
-398750
89389
289853
-395233
-277422
748879
844184
213755
-257378
166584
-410384
-536189
-191784
-806384
-221509
454396
778128
204786
-804635
-146296
-344134
-1523947
-654856
-173850
717461
1121921
476858
-30427
-858081
-461367
144348
-1669239
-1068388
242391
1504802
1294207
472113
-101060
-727762
-617138
25486
-1325612
-1138469
34805
2228374
1040392
168383
-154084
-310719
-8875
477990
-1344336
-690190
-757146
2507679
-103414
138632
-381787
-79273
829542
800183
-821132
32723
-1673369
1718174
-1199035
215567
-1108464
647513
2126889
1173871
-367493
462872
-2160129
487818
-2040713
195818
-2168009
676933
3068071
2174961
-1215540
1256577
-1581084
-1000177
-2273415
396823
-2577396
374755
3731563
2813657
-2101866
950996
-962385
-1690905
-2041202
283840
-2923670
-18552
3788334
2509935
-2024817
246098
551453
-1971545
-1731810
169785
-3025319
84577
4066772
2021920
-2370898
-238370
1480611
-2251539
-1706534
253352
-3262994
11438
4146106
1479551
-2491297
-270072
1850548
-1435605
-2434010
107562
-3022288
-146458
4152702
1635205
-2964645
-732105
1922915
-957704
-2028182
-95431
-3072485
-142123
3544121
1477788
-2519488
-527067
1654631
-1040444
-1352752
-144919
-3306392
128915
3358339
1360558
-2137677
-580029
1508379
-1081693
-1457663
-75442
-3573902
-19500
3569434
1186820
-2132977
-450500
1645538
-1353721
-1475201
-50170
-3881598
-316191
3687632
1099221
-1871063
-215367
1781436
-1540196
-1647313
164271
-3550915
-642587
3540301
1263798
-1625609
-280503
1605016
-1611911
-2128622
-54952
-3495003
-636516
2750500
1866718
-1001525
-179222
1084447
-1387447
-2302961
-33189
-3595409
-331038
2763074
1363875
-47096
-564229
460313
-1878338
-1585672
-40616
-3469024
-576358
3527767
746854
19359
-1012592
486730
-1912186
-791162
57608
-3489331
-1228285
3644329
1338909
-947123
-1301265
679089
-1372064
-887991
10815
-3525393
-1460354
3019474
1555334
-993211
-1756040
1680311
-857566
-951500
105763
-3439452
-1516268
2959175
1598450
-507103
-2141716
2160186
-581155
-1832827
327333
-3410030
-1281530
2930038
1368352
-758933
-1419184
1470127
267131
-2761130
527051
-2578880
-1137334
2999775
1467076
-1001005
-1085026
328011
795974
-3263541
500028
-1929302
-873694
3080020
1402749
-300683
-1380909
319375
291215
-2767772
670433
-1302072
-391349
2603972
1007042
54153
-1498033
261568
-175379
-2258813
632802
-844703
-281869
2190561
1109955
554015
-510693
-216393
-639907
-2554558
629039
-822921
34149
1368514
445458
764007
375172
-577261
-657711
-2227663
737748
-591583
833539
911644
166538
988303
814227
-869239
-816406
-2666338
797731
-127699
1014195
854947
-476899
542919
869500
-841302
-859933
-2137460
1090342
633200
1239117
900676
-922417
48632
460594
-906887
-986185
-1647181
1236046
933847
1400111
354676
-685308
-9792
175880
-769199
-1048704
-1610454
1117842
1066866
1528337
44966
-733171
314022
-488662
-698690
-723144
-1410941
904777
1034435
1422860
337498
-971250
627845
157635
-929828
-1267519
-1141878
889535
1124464
1220697
344912
-1390166
-10238
772158
-852592
-984553
-973792
838722
1201571
1234434
-91911
-1467281
78789
803240
-228961
-717785
-1226511
816715
1214887
1332271
-642404
-1494214
-530853
1007797
193638
-474635
-797808
591932
1134721
1001806
-1096030
-1870605
-453961
1536283
755975
-266147
-641249
535923
1084012
834707
-1124101
-2352581
-517418
1438409
1543794
-209569
-726765
396885
753080
743763
-1030951
-1894084
-467434
1339866
2023789
-186485
-1042034
385382
410982
442891
-852854
-1505728
-196498
1151862
1475471
-316300
-836613
638361
325861
688811
-484491
-1248425
399870
946585
33370
-494284
-764489
1072048
479872
920806
-304995
-896388
225893
683294
-915573
-1052650
-482849
1386220
849588
527247
-627547
-895754
-456518
847988
-989159
-1073985
-428803
1144096
799061
374771
-878963
-820246
-230108
361695
-356813
-714572
-409650
826275
739120
497497
-909994
-1058287
290873
15776
352046
55946
-859024
747577
398774
257846
-797301
-1257431
105337
-173815
199624
792402
-482810
1039889
460415
-149033
-646795
-952586
-50750
-200658
-191291
747509
-43931
840468
365865
-416329
-596045
-881449
-188615
-447026
-806523
1233250
973163
776878
329598
-213279
-596538
-480896
-252610
-970784
-882224
522548
1386193
519155
-8151
32066
-174768
-570360
-85009
-1170346
-838809
800809
1451771
559371
37158
313290
316777
-1165236
-329414
-225144
-1176360
689669
964370
694361
210662
356698
747369
-1216872
-1024967
465141
-1014222
155204
1088869
827689
474867
289418
392491
-1007506
-1447997
372477
-713374
-184846
1125899
529343
259953
94236
-281677
-959934
-989142
698393
-632711
275262
1116520
619086
40126
-16258
-170258
-647470
-587857
1130372
-675726
-575869
969025
493494
179085
-150839
-81609
-392685
-277654
933261
-485789
-1223700
1220498
865033
708363
-2307
35266
-394143
-22263
-61444
-1140312
-1193881
469933
643529
200618
65777
15405
-422947
-446543
176004
-1122601
-688623
756247
875055
351313
111898
230629
14146
-1047219
-98465
-752272
-1202369
976930
516578
233103
-241318
125424
411620
-409589
-380914
-33165
-750169
892596
466835
377086
39776
-74917
383270
-91110
-463016
-478616
-231188
122609
569840
562680
425279
18862
385803
71985
2486
-943852
-567677
-124728
515021
676726
200373
-210310
-118564
249071
-263958
-596962
-472800
562088
502683
593480
152462
-282982
-243805
71842
-268963
-523916
-273717
535144
357400
247077
59002
-801876
-12882
-226250
369573
-293631
314268
185413
221975
-99345
-157552
-447219
-41919
-284812
-5755
10404
721270
176378
317583
-144802
-100065
-146949
-121015
-256793
-228734
-46024
544470
311254
492139
32106
-10638
-73042
373354
-120396
-417689
-4709
138307
-68591
522374
128961
374564
-207698
420689
115338
-480603
-47734
312080
-708176
529956
76261
402729
7018
49568
316303
-131633
-259283
-194487
-551634
359223
-160931
308502
245524
-446507
-116489
-515671
502900
147512
-452782
256760
-592491
370657
430428
-408071
-467219
-721614
512084
1194584
-87824
231005
-619373
586216
1214333
-164836
-793701
-1286050
-197201
1517567
389422
491534
-563143
761909
1722258
-200765
-1204417
-501252
-509747
643827
355047
1096128
-95205
1241217
1808551
-601965
-1676417
-1086079
-993545
206958
406645
1172336
174274
710752
1366404
-961091
-1954997
-569833
-164009
26375
80270
905590
403180
325200
944295
-1074313
-1988841
-416072
301058
134634
301917
572598
510320
433213
576725
-943257
-1002038
-339770
666429
-180844
-238836
500811
202149
727237
595788
-787471
-728492
-164475
562185
-291313
-1087776
323291
112715
615213
477249
-320495
-398785
238559
125184
-469689
-1468513
392939
391901
531635
577209
-567364
-210688
473735
-572450
-278667
-1439891
579459
459591
560258
294987
-842035
-215772
1027445
-25302
-1007596
-1395278
705185
563369
688279
362253
-698442
-915852
913399
712900
-1587044
-1329362
683559
748260
701543
281982
-588188
-660527
543349
299193
-1145514
-1818756
564441
544420
730170
129327
-275084
-665540
111860
-162372
-1097664
-969223
464063
504368
695967
27795
-485976
-432482
-433693
-813159
-841519
190479
-135430
-38304
-466207
-331012
-345607
255054
824498
652925
1581
-6111
-93672
229580
30124
-71303
-418246
-431302
-472785
-3549
78850
399283
-48589
79662
-73626
-65194
97813
331566
-282258
-102153
-270413
-71363
121723
340015
-17060
32328
-292663
-186417
16812
192003
164785
-57830
-148714
33887
-262644
-11648
-288517
-192936
-263523
208135
430773
565323
-114302
223392
206962
683313
449566
286337
-93929
-43723
-834592
-432206
-122234
-103907
-543190
-362511
-415332
-282904
-424558
186104
276525
837101
421347
625718
365218
289854
328197
402769
-559590
-869962
-917202
-362580
-333721
-45004
-341988
-519626
-649071
93727
121129
185263
148571
1141778
-447857
-385883
-289900
270014
148518
207236
62332
-378
-40010
409509
767901
695612
-178471
-79153
-88845
-28856
-468064
-366364
-622114
-20543
-19888
311799
111180
423109
495522
560283
3049
386119
-188381
-370423
62153
-279673
-765979
206725
537094
988616
429494
1189464
-216903
-145809
383677
216938
-457465
-369202
574450
591455
-637047
685777
19736
561428
156369
23899
-590438
-727315
34956
379661
-517483
434375
102856
1116011
354350
353478
-110263
204002
276483
163159
-606436
-437054
-738192
417608
10392
-190925
-546528
110369
197089
136317
-367621
780417
195226
191059
159356
-73722
-447984
539595
843317
-134404
-1073300
-398900
97134
650057
196420
-27862
-532011
-160929
134977
284030
-95420
54896
-572726
34188
55216
-191877
-132594
590514
253978
-379177
-407129
362506
-148485
-295740
127213
-317850
-713893
264814
194994
-67001
-24742
415008
92729
-105802
331927
171557
-415299
140557
381086
13854
-340086
157259
-12762
-493379
119529
74526
-405900
333681
181755
-234034
-532148
216274
322197
13356
-73108
-138302
-708234
9396
278246
243199
83431
457798
198301
-337958
496642
308924
-85669
347330
-229522
-143777
-52887
151151
-342300
-676649
-269101
-470823
-521671
745736
137164
-356613
232975
577801
32158
42365
270376
-39114
-772622
450688
394046
176587
-333755
-12017
-547475
-494580
111285
174228
-264832
-144319
-79810
275893
-183363
-303630
153980
23854
14516
-168258
-441937
-62246
2458
327094
-173907
-385316
133908
134017
-47573
-78321
-406000
95370
-69178
-80883
62741
92609
554204
29877
294335
310940
-272712
487889
707949
-44113
-240348
-376882
-15568
-342105
-117916
-22626
-343275
230512
226275
-280284
-52576
-251433
346838
-10331
-277984
78315
34493
783349
310373
117729
-102128
-147566
-19266
-676607
-443551
-422293
-472754
606364
523654
582036
404691
474911
-18958
-575879
167620
193346
-302503
-79655
-394774
-846424
-303282
354025
408201
230945
-58105
95293
-62015
661058
301637
-115502
389408
334063
12241
-696582
-67532
-275745
-389241
529077
-48055
-785481
-275004
165045
528519
180606
117707
173975
136942
736999
363141
-7723
-162266
-354663
-196724
-515277
161857
23455
-106150
415758
-335176
-290874
102111
1341
-370437
-5841
67000
187486
516553
709365
1135
92796
-516218
-597131
-46139
-98967
-308749
-359134
61299
268139
-83244
705835
765683
-46121
-485425
-239929
58930
64035
-297073
-91640
-313751
-448302
-109644
705336
201818
-136646
-32391
233915
130621
207636
74382
-159446
-201046
118531
25939
-149454
8965
42253
171464
351664
-338317
-531226
-507710
-298689
148899
589526
40509
-3894
-38884
25136
-109001
359487
469931
162028
-251895
-234885
-137682
69216
239182
231618
-410420
-748410
-304591
40740
273929
430917
-231402
-134685
-214466
31349
-476812
-269644
-271202
106184
780769
470445
412056
503307
68926
-19467
-131828
92952
-258292
-314100
-306507
-278991
-257789
90426
70344
162190
112258
543990
399236
228018
-153443
-415145
-114826
-59593
-389383
-202701
-514015
-304665
370840
530110
-12333
43014
454396
641288
402796
204115
-151303
8652
19837
114366
-707839
-1152562
30852
417275
403781
494021
211528
87283
-68562
-53910
-530127
-477762
-329976
-40284
-236237
-312666
-816654
-284478
152741
605465
772762
827669
-190407
-359310
-337640
355846
-170598
330386
61228
-395566
-376905
694367
287627
574381
6726
179830
26703
57189
-122774
-40398
-522737
-162591
-55051
212605
-122383
-440061
-834227
-304942
-363306
-76995
172090
972201
-23445
216344
120285
336441
73482
437912
407700
-103495
-983691
-663023
-189268
-130322
-185578
-4898
-75566
268558
-348960
-228352
97229
219375
270188
410032
-55873
-194280
-293763
95420
37601
53510
-431867
-300974
-345150
-113519
-324153
257676
372094
-14869
62037
510234
316182
253300
-24098
333232
-42758
167523
293893
-230018
-597200
-32815
-46103
203755
-210023
156340
22521
80745
-52804
108117
-345625
-295161
-10515
208222
69120
44326
-192045
47376
-360235
-170262
219245
170111
-213706
-131115
-282523
-69766
-484673
-87815
-375168
-279719
300297
997377
490635
253330
302609
614439
237542
389666
157732
210556
-307841
-286513
-743018
-357165
-266931
-44734
40150
249801
-486973
83141
163066
-13944
-313142
332844
582522
562874
108335
263649
-53256
-92776
-263982
51598
-516831
-491052
-763912
-456855
-550685
-398900
148459
489540
-33349
490124
380777
972195
193484
570108
409157
335740
5182
217612
-285427
-728659
-1039213
-260599
-393218
-392691
-598504
-257671
-365448
171047
834587
965653
370970
248383
147603
264632
101142
321414
-186578
-568737
-557985
-102439
-13921
432356
50725
417450
429392
703934
444048
364216
-266723
-492018
-1028764
-501025
-486406
-344641
-561827
-574131
-777420
120768
417824
829010
668665
523278
-30171
105927
-77831
104177
48551
-386688
-683565
-74057
101475
378057
380454
414415
-122268
-133213
-83713
359450
-105995
-443905
-445444
95641
-13647
284674
-248988
158446
-163233
76915
174123
191212
-415985
292687
-131858
233014
287099
276637
-28177
150238
-434644
40544
140124
91940
-112596
-60782
-183530
210597
69494
785147
470968
-228131
-467725
58398
-173711
-27357
-148290
17540
-294763
-346705
17558
943830
352701
-44358
42848
161310
-224458
145026
-21827
-134748
-884075
-164644
403569
516135
-109908
-49251
-288112
-115004
92302
278023
-504405
-865450
-485131
959899
-69906
155131
-272168
21591
148928
388247
580854
352898
-672907
-500457
31454
490620
106022
502353
637657
160492
-689704
-524633
-171448
-167874
-270437
10115
-247258
139612
-107488
46134
355756
620065
175668
-249680
323696
565877
244827
558267
-13882
-595662
-1328471
-633870
132630
80570
-440143
-141260
-451435
-108627
-190131
155603
352663
615785
265884
366224
-11158
-17193
-110469
535171
-338812
-300016
-123641
193874
5390
282190
381197
367037
-32701
519405
111932
-15527
-110384
-72155
-246620
-223323
-24821
125173
-214018
2717
-101995
45415
74349
250369
206291
182571
-373443
-127196
-201890
2570
-401507
139073
631101
550871
8469
-138168
193948
386134
250285
613717
-215409
-749566
-918512
61225
166418
-130022
39422
186717
12861
-99296
-30394
364927
-306015
337110
284021
-111978
-295039
-81985
55027
495095
286645
232978
-65782
-359800
-400785
255092
86152
178414
-87130
-9765
-149074
70570
159571
132201
-598283
-461711
12309
60751
-283029
-181307
-421585
-263243
83808
558095
-47038
-60723
-239010
226051
180474
452597
-142411
-271125
-251108
-478517
-757921
189955
-215822
-602572
57977
-495048
-135907
-238436
269031
143584
1266823
201613
-207711
-499375
4055
-484600
173570
-482235
423107
973328
868673
155161
-173558
-529654
331707
-168594
-112742
-581179
530449
849366
1143504
-283323
-218808
-720764
532702
73567
-92782
-4032
297114
505326
951159
-575685
-118735
-637045
608524
225416
237684
92662
429772
84576
132391
-103140
-179177
-699898
360514
126738
368859
-76758
219887
-380675
728522
166900
-151548
-446935
532007
92679
741823
-236098
125386
-442585
688504
-504717
-349038
-869765
156344
-282016
483472
39831
726388
449118
1069348
-158968
-332947
-937089
425095
84906
458495
566756
1050268
368852
702207
-1189374
-54001
-650584
473531
410622
314835
701759
1464588
520395
58713
-1812694
-264930
-568745
750036
645714
442537
281064
1627329
659394
-697130
-1819645
-192887
-732905
447598
12045
-128730
139386
1231139
723288
-676090
-646890
-510597
-478714
605894
-639316
-460745
-835511
680463
496417
263106
-218366
-951323
49877
414556
-957980
-1254959
-1663779
557494
-209079
1148954
-23517
-1011104
614213
763544
-1052981
-2525407
-1433388
43662
-876802
2327553
-290555
-1307192
590289
1287886
-1450010
-3074612
-1049169
561290
-758162
2478521
-445164
-1206197
745321
1802318
-1527559
-2935252
-1253407
1463480
-1714773
2169223
-224199
-1176740
814823
1944835
-1792441
-2842621
-703933
1999038
-1659885
1518964
-109201
-1240712
1063498
2156307
-1776949
-2696127
-601899
1983545
-1390745
570140
790559
-1046474
957744
2110930
-1986830
-2703621
320760
2018912
-1454927
277261
923496
-866620
1153509
2084726
-1600453
-2341496
10945
1563724
-928107
252128
552753
-852101
1093204
1988683
-1285449
-2228282
-168150
1593770
-789343
-82718
911810
-1033348
1122070
2301634
-1466601
-2102229
-138298
1463315
-944610
-83749
1132772
-927571
1305273
2636769
-1568936
-2106202
-242745
1281856
-978802
-126928
1426730
-1118089
897637
2733560
-1464302
-1880197
-111466
1118573
-1200092
-163697
1992077
-1039809
967244
2648781
-1175867
-2031382
-206419
368171
-1156901
28278
2238348
-1015336
1216981
2621097
-1385777
-1411479
-1117499
386099
-638325
999595
1604650
-903787
1022649
2633644
-1622993
-1053109
-1466030
520258
-81860
960930
1082667
-909894
1005130
2735321
-1310076
-1573996
-845623
735329
443669
461794
1062869
-860149
878330
2833475
-427425
-1736409
-824332
1210329
128074
-289915
796959
-991227
824828
3014745
-520308
-2055105
-698301
1516049
-110439
-954455
1130133
-980882
842795
2685786
-714222
-1913381
-218021
475140
466980
-1735214
1911671
-837775
262152
2373730
-1170099
-1891301
-230406
302179
1182382
-1588731
2407672
-442964
141822
1965068
-1548575
-1860904
-1033206
685923
570976
-672264
1750229
-410800
-214009
1445143
-1193510
-1655204
-830873
658298
90381
-258547
1175155
-415917
-526760
1142214
-1353169
-1711547
-501246
-234319
221565
9817
1575162
-520064
-271440
850309
-1052287
-895188
-187622
-972981
80080
-299317
1490797
-648260
-212939
342307
-1107024
-834351
-279968
-1043094
137304
90792
2132271
-545916
-283018
69789
-1738409
-146419
133378
-1067493
52728
618895
1416821
-664586
-807432
-739709
-2040406
470383
270588
-483373
408916
883092
1023100
-613119
-916729
-1233669
-1442637
256668
-228074
-158013
643167
941956
995020
-429346
-1038594
-1154682
-1099202
203219
-183407
490892
-66785
600482
1226002
-249478
-1083743
-963911
-1322814
258596
-2546
-81175
-83273
1091394
1112936
-261606
-958146
-853614
-1422767
586945
553521
-460402
172644
824003
671401
-186808
-852314
-1036743
-1164901
536623
510498
-99547
-152960
578826
623380
-100267
-882280
-1282171
-773809
876917
1418469
-332958
-588944
75311
93184
184076
-774679
-920462
-510051
1407598
1143812
-372580
-665342
-401017
-32644
172806
-873084
-792889
-357478
1810570
1155966
291329
-1001418
-788335
-184656
153457
-859594
-696278
-183078
1431851
1085710
228976
-1739030
-957927
376996
47608
-506840
-132646
-176422
1287159
827109
-295990
-1556953
-597156
579630
-164306
-487450
-407852
-402753
1060291
281222
-258170
-655830
-41439
1108449
-429471
-893666
-814715
-661255
613821
365540
-302202
-237299
915817
1208229
-608768
-1313662
-535841
-578304
717642
701213
-546565
51621
1290658
805124
-406522
-1132546
-461354
-520978
1069484
428780
287410
34249
900876
-151207
-243714
-1094100
-280650
-257516
1313100
1686
387539
-584039
276788
-12734
-131833
-859049
-134595
-204452
1348765
127928
466184
-304566
-100573
-505566
-406053
-994030
-59288
-387654
1244981
406391
351711
304241
312272
-779354
-237115
-888204
62011
16313
1337910
150439
410422
595445
-116121
-972704
-297892
-905565
119005
370076
672967
-197695
819041
776144
956151
-930680
-106281
-604456
163397
-129608
283917
-14536
1163502
681171
499594
-1082139
-23530
-560489
164654
-567636
361656
491582
641484
732478
264811
-951294
103506
-656294
-2064
-990811
221740
914651
343423
499140
514037
-842686
-7369
-922682
-105555
-747534
203769
1195848
463979
244217
826338
-495409
41482
-805903
203659
-252739
465590
1093334
370306
-229998
273927
-421523
-60987
-596402
301875
-389145
639983
900293
-9260
-580992
917372
-530962
114777
-701016
245784
-404214
777965
77172
-339500
-689848
1467108
-519628
-412411
-1081647
19725
-580495
536473
-349364
514368
69133
1620699
535491
-184595
-712881
-202456
-347821
289799
-13422
517546
96034
1302627
-87601
-267893
-891113
-108149
-263761
52019
266103
671786
142136
1815598
-516409
96078
-618593
333347
-288170
-251342
-317032
536522
-396047
1155116
-361588
55489
-585267
124899
-290856
6612
-59938
545966
-120840
452121
39851
79340
-644371
-318980
-643709
-26958
-336715
34645
338855
1034055
146807
320467
-699511
-256880
-473113
433245
-708968
250907
-52333
880440
-129908
279274
-734336
-268512
-199535
570948
-97947
502923
17314
607188
-274255
157784
-636785
102759
428685
283529
62608
149389
46195
185447
-355124
12420
-484895
486569
-82461
577985
63664
267301
-267505
156970
-668048
-5525
-421524
306232
-249701
644340
-197510
460650
-99837
365853
-922414
-58487
-458652
191528
-381964
139185
-645551
575024
176187
385602
-756998
-66462
-496296
-60285
-271052
59801
-579292
442418
-335467
11895
78587
-15323
-435233
37141
-594479
271349
-584554
469769
-259763
229202
-20637
115991
-338615
125008
-520970
461292
-347727
779883
-280646
420228
-441364
137401
-133376
341467
-320771
147075
-234608
757043
232696
5367
-880735
219455
-246197
499663
-925913
-518579
71592
1321800
652769
-487206
-1040429
127157
-183740
414375
-1523455
-753826
137250
541140
844779
187656
-669279
-218885
-685613
-191354
-1878195
-632049
636806
1726033
1016234
169746
-162716
-260040
-1046640
50241
-1743008
-363548
1074392
1401129
329142
684662
93471
-131915
-1126050
227093
-1422706
346078
1384993
1307031
-5687
410886
-747868
-162066
-1018640
229831
-1107664
312834
620423
1142066
-347239
163862
-446514
-226400
-642252
-81763
-1129342
143293
459177
664134
-453924
12861
443898
11548
-576208
-69328
-972551
78260
236780
-23387
-271288
159601
872092
-79382
-712208
-31816
-1103497
481217
105345
2912
-10545
-102155
1019452
-214522
-705520
-276724
-879148
265245
-32947
272524
-545294
497404
795268
-265755
-826913
-591447
-1000911
219353
683268
396377
-1013409
665753
492432
-251594
-956400
-458302
-762060
119956
257929
305176
-798515
541017
1506463
-236865
-793732
-411243
-684354
-73880
371547
379073
-575984
1034873
1099295
-121536
-801393
-369549
-789876
328653
374149
673547
198557
1216135
269957
512985
271998
419446
90614
-191924
-713255
-505802
-795552
41124
189572
600402
382056
590456
407347
923406
19949
-716294
-1229885
-1177641
-212801
533673
117240
132551
233450
704982
281991
-206778
-1113048
-603339
-246021
502064
-123826
-85502
173085
337359
-23133
-517890
-983217
-288196
253402
625437
-110211
-121136
18418
291564
-36301
-276808
-726151
-866374
379936
708362
-55940
-331576
-645984
-313984
-324605
259592
-267598
-202147
295020
615429
80778
-136210
-764751
-80660
-191198
585636
-260603
-12412
-175729
330740
-102746
44717
-413891
145423
7764
580222
-158071
-150597
87234
633384
1288
55819
-172913
-98164
-610064
-312643
-645957
263244
347879
1325847
611704
122775
-7281
-132273
-1047927
-1277550
-1149047
306431
285969
565842
-28890
-376215
-623274
-303011
-1332736
-1090690
-118656
1221764
1404793
223254
-844150
-600430
-637602
-411298
-1061695
-1098496
299361
1205995
2165848
932086
-267809
-59288
-564745
-85016
-1738518
-1310052
-758336
537616
1566866
659814
-27635
269418
409905
907669
-1268574
-425109
-1399920
44554
-221510
449797
-503701
177207
1978412
1823368
54554
747550
-1556905
-123822
-2727625
384785
-1099996
-80861
2505382
2561026
337612
1088829
-988619
-37733
-3669875
628751
-1507556
-300929
2288304
2721054
-367518
1099920
-1150290
437040
-3532738
761438
-1496487
-284187
2115697
2465478
-632097
917608
-791892
-87842
-3233224
409452
-1724353
-195560
2217217
2066559
-1088685
741351
406030
-66276
-2712997
402343
-1949811
-157941
2377381
1831300
-969141
21843
269228
211211
-2120259
408257
-1595513
-339748
2027962
1593860
-945565
-224427
85405
-20083
-1729976
189003
-1742151
-358623
1967751
1443739
-942641
-425437
275266
-143718
-1204845
144558
-2122879
-645584
1805635
1472986
-764254
-48339
467871
-270952
-1268019
447540
-2096459
-464721
1791236
1478113
-814360
-201020
463876
-728501
-1417755
296334
-2462405
-510251
1778558
1297075
-795428
-69833
551226
-596395
-875245
523854
-2307023
-923447
1445244
1059835
10389
153750
623839
-985990
-1016662
616914
-1847314
-590132
739591
1371373
150078
526315
-49042
-687741
-1774049
212205
-2317534
-318163
761127
1819898
248351
413827
-118830
-624285
-1429856
392615
-2084882
-621045
1307409
1901564
367702
-362393
-149499
-902983
-1406247
685130
-1930843
-1067146
1456128
1834684
-189167
-736009
-320851
-614556
-1062196
481655
-2278373
-1572952
973894
1391807
-319960
-679702
222671
-59289
-554555
378667
-2288424
-1560930
913564
888814
244863
-890165
1422087
-298981
-574651
847361
-2047630
-1137796
833257
967431
507137
-1076286
1371889
-735945
-745125
1149403
-1427386
-733237
644818
1050370
-403814
-948197
196185
-258494
-703097
901598
-1003781
-78156
1435960
1514263
63113
-552501
-469749
-427297
-1459887
731099
-1077732
105865
1514417
1265962
899538
-205063
-275953
-606536
-1691107
902692
-513021
140641
980909
633144
1045142
-3829
76940
-977463
-1796687
561911
-446199
224537
686663
141578
1385494
840362
421189
-1210006
-1567462
264604
-518255
740685
419596
83416
1041997
701176
342094
-743711
-1413941
259609
-4836
1219372
157515
178782
878516
514017
-18909
-455467
-1615544
764628
876075
1161846
240503
-244877
-229117
-29043
-97044
-575288
-1368309
1018028
1350932
1539603
733157
210343
-619590
-301506
-840722
-847632
-1430273
730474
876786
1601336
660903
143446
142546
248710
-934540
-1111184
-1382323
581139
642039
1361127
386902
-71586
471728
486354
-394852
-1114823
-1352017
421272
879045
1411579
476489
-381207
-134844
408615
-342130
-601463
-1124341
385167
1056628
1324664
451716
-850573
-143065
-39461
-54971
-202775
-1133858
565705
1088234
1301112
-7601
-711129
51609
479214
301842
-386301
-1439091
249638
784431
1154680
-375123
-936217
-771813
535055
981598
194001
-713434
235413
449220
665209
-632072
-1746635
-1471575
572601
1386088
1035643
22618
610383
591339
747272
-548996
-1318901
-1120900
426241
1153413
295092
-421225
4799
150003
437886
-362598
-663975
-332258
688397
931205
-37104
-28692
-73916
-69013
14336
-508936
-882745
-79612
763604
473886
-108309
557690
859309
609641
875764
-11455
-562046
363342
73080
-727555
-1224374
-492682
1395300
1246458
1271832
103703
-274742
-257612
-8537
-1178860
-1188629
-1186433
908035
774344
828065
-765475
-621619
-823641
165501
-100848
255803
-436006
471808
209355
606501
-409744
-266605
-171227
493954
-46113
361785
-579195
620203
361718
648708
-546461
-315368
-332454
-119106
32459
749542
-518940
925550
547800
274244
-1058091
-761591
-721946
-506107
-72604
852912
345788
709820
387017
-13709
-480646
-271040
-571954
-227712
-727224
501716
419137
655099
171936
-49137
-193855
-71619
-872156
-746672
-1399498
102320
1131481
664369
119978
211342
-195919
-472011
-699860
-767609
-906560
-40988
760221
396610
-102490
396411
130651
-582762
-441591
-129112
-357439
261367
199788
536496
219939
652272
616337
-496025
-709149
-263483
-430089
-63002
247810
765699
486221
832919
595391
-463822
-897568
-635979
-926938
-693455
632649
450583
50655
403971
-274241
-893531
-637784
-21608
-622311
-12099
698071
322774
-381418
15836
-729041
-607937
-422133
823617
-98167
447337
291392
340682
-69314
180519
-529310
325901
-230714
663585
-441009
-539722
323303
766456
595645
525136
7683
34631
-393632
-84827
-1179510
-1078855
-62323
1040278
594602
406392
113092
-242059
-703008
-45291
-1127314
-311417
-445943
681321
148770
261380
145527
130802
-777814
-265083
-1058248
-23175
212932
515458
325689
493639
346196
470272
-106263
-320912
-1047961
-877652
75846
-9608
-155128
-56187
-480893
14501
342955
363799
98570
133678
-15305
433957
419846
650019
-58633
414652
-258540
100365
-818645
-205225
-362283
678132
882922
911807
344826
697190
85729
-164930
-1082522
-1086018
-567743
173829
167676
143070
-8565
-373124
119127
261445
-92673
-107743
403235
94489
-278966
90327
-432744
-140833
-420684
62753
49935
550028
527313
363877
-355332
-51665
-690584
-83922
-172987
-122058
-385884
831634
117412
442197
-137803
-61922
-556193
-77454
-648355
-139031
-270779
727588
162886
498609
243029
286358
21018
278331
-482525
-567953
-329176
286854
-281004
411845
201805
517433
5323
726734
229920
374702
-584761
-328219
-954287
326334
153551
547698
23518
402571
53310
936792
-24664
-27049
-1088784
368084
65950
210444
250740
92538
-766772
-270814
104315
902342
-285195
180548
-687459
-101100
111687
-175987
-840343
-758374
-127441
1335238
820639
130816
-682011
147372
631951
86776
-624897
-980376
-57241
820228
291630
135279
-403962
586349
1214159
700900
-478496
-552533
-527861
-125547
-6315
582625
7222
1244121
1273656
219834
-816708
-617567
-746431
-572188
-113529
1258666
413970
1461054
964215
-174108
-1434462
-1237700
-1301965
-206766
-221878
631563
-27726
757694
77614
-442031
-1376656
-455352
-340785
671941
58428
322945
-14948
689718
195732
-441862
-954963
-258430
66991
331245
-315573
754628
270726
1037665
616511
-183030
-577820
-508965
-155394
-451713
-1020446
577985
47421
731576
103382
459492
-745
-62579
180838
-828607
-938980
195361
-29696
541733
100188
184417
60014
729657
-23673
-468358
-1076427
606494
506540
729963
214203
-390937
-820036
543182
104931
-226439
-1402275
793158
618932
788350
148481
-466825
-880656
539741
667939
-320677
-1322540
555429
581430
915532
768245
34319
-299944
289213
-340170
-650927
-1300741
667768
428198
890518
434516
182606
-177703
341805
-625479
-886068
-1061808
36192
-552864
-314169
-337140
-356927
-237395
238460
83773
748068
861654
-49380
-578567
-294174
-261868
-227004
-768439
-885509
32552
1363049
1522860
187055
-700930
-369309
272368
111147
-680741
-788174
-226727
1293650
1323736
204612
-723232
-397520
536273
38706
-604048
-128947
21188
1142645
1055488
42922
-820435
-442304
360094
240316
-312990
120538
69902
453095
1128592
-3737
-857847
-452226
253420
705608
362255
485943
-502168
-220066
692739
115189
-767682
-439979
-21027
597209
329363
236976
-809451
128034
680203
331276
-539021
-358691
-23188
245659
-42810
187551
-607471
418869
853480
91767
-849236
-716763
52017
-9456
-386277
719830
541455
1282289
696751
-176438
-1162708
-1052269
177144
355318
-626676
799355
1597103
1955605
-69267
183039
-715603
-554117
471262
836949
-534326
719012
1849771
1449074
-1116738
-74285
-735287
89582
622460
635096
-670835
700285
1497402
1313966
-1137185
-635767
-1429310
15959
467550
389248
-1074525
761526
820581
1737809
-590222
-1036205
-1470916
576664
686782
-161715
-2299330
409141
-699112
1588238
-513753
-1354686
-1754049
1306420
1766900
-1291717
-3613439
221253
-2012750
1095710
-432331
-1448507
-2230287
1855291
2782876
-1723734
-4680626
357307
-1709498
432383
-894471
-1669356
-2665210
2124953
3167344
-1680688
-5057915
801767
-551632
-125615
-1060043
-1736460
-2810057
2303544
3277208
-1854752
-4942849
1131234
74248
-757458
-847009
-1738457
-2667681
2667497
3264385
-2409203
-4608117
1580199
1000215
-1806142
-1279733
-1692640
-2555639
2777219
3317524
-2702792
-4452487
1653207
1525884
-1543104
-1280537
-1661238
-2360581
2457187
3082574
-2228458
-3826008
1208396
1539978
-1097672
-817366
-1613794
-2224074
2563590
3021823
-1994207
-3590118
1019194
1727242
-1354145
-772393
-1771775
-2559086
2894900
3427052
-2079221
-3469194
912410
1487709
-1738947
-459637
-1987264
-2820096
2967744
3435089
-2188034
-3335855
1060823
1557538
-1958275
-248155
-1710715
-2845278
2999645
3529030
-2158182
-2985941
1083505
1281745
-2369734
-264092
-1963405
-3026511
2735365
3530172
-1492738
-2470589
361045
480878
-2202204
204176
-2135381
-2837144
2672814
2941374
-951945
-1925539
-654973
-108302
-1347448
426113
-1870631
-2521674
2967522
2830140
-1107865
-2192749
-1031512
46273
-678178
520606
-1833630
-2702573
2449039
3423319
-1266367
-2743898
-1078599
1045293
-480640
561767
-1827366
-2873779
1940753
3998445
-910063
-3123679
-794347
2093135
-385358
-149395
-1791073
-2855904
2134780
4399473
-731782
-2813916
-641684
2451106
-1001696
-1153151
-1780351
-2766590
2174026
4061875
-1074628
-2098743
-859300
2198642
-1429503
-1635126
-1511269
-2759525
1834072
3612910
-1188065
-2032639
-1177140
2065966
-1019523
-1389468
-997323
-2475339
1347232
2895757
-1087745
-2191209
-799006
1798859
-277153
-1225573
-232346
-1873582
1008397
2136603
-1560181
-2412645
-956821
1003119
84226
-989608
83602
-1688303
941618
1770605
-1701172
-1522098
-1068314
120183
-155759
-961035
-51587
-1721639
678274
1076238
-1339457
-394444
-1022016
-598655
-543411
-605743
-41322
-1298809
942392
489949
-1262696
280365
-951315
-1410509
-971549
-141058
137299
-828714
1110252
-447236
-1670857
608114
-468928
-1408880
-663562
-8333
315716
-509389
552980
-1432643
-1438042
709287
-494185
-1129717
-26824
-113209
318998
-572973
-408284
-1734592
-1115274
443116
90544
-280795
14514
-54733
534267
-434506
-802388
-1848368
-1292382
-129931
203154
114169
125591
162888
679136
-288823
-367906
-1720674
-1427682
403955
17577
-989494
146874
788788
671485
-224697
-192325
-1577186
-1531925
747623
101503
-1221650
25393
781977
693703
88328
-400558
-1885098
-1548665
888945
840135
-622619
-166013
57871
700628
243189
-609760
-2058414
-1429948
1246924
1196496
-422422
-391511
-412295
747749
230304
-740410
-2114010
-925034
1560005
1054479
-384633
-727224
-505924
981975
427914
-608358
-2103018
-624544
1651229
1935748
278670
-1564525
-1138447
760808
116137
-512839
-1603294
-436656
1925879
2593500
425805
-2262991
-1631359
418914
-293747
-402294
-1275610
-414160
1597890
1925035
-17533
-2027329
-810748
559474
33097
49972
-1038588
-349412
1299534
907106
-574253
-1523917
-153425
591233
-153581
-133370
-862527
-358188
1272239
656562
-1219984
-872403
855359
373871
-825039
-791877
-1382679
-773726
969310
318353
-1074754
330938
1783004
326446
-994881
-1134390
-1666331
-460788
885929
542989
-415358
501696
1008645
444636
-522065
-793818
-1443462
281273
1116718
734011
-73967
-124505
-598529
408794
-425323
-333680
-1187177
-86933
902229
269011
-178917
301231
-685268
389046
-661222
-619193
-1040153
42779
1035965
454979
172939
679520
-1018588
277947
-813953
-977443
-782385
689059
1140261
217722
323759
1122976
-598856
282637
-681593
-860290
-209819
520857
188580
-38783
228271
1542124
504509
77621
-723649
-443320
68227
-33918
-169304
228818
704856
2075090
744242
108635
-604933
-94710
-81139
-660972
306049
533919
297533
1540992
492382
497115
-370470
77502
-186742
-1341244
363221
1001402
-273118
870603
339690
802311
-450366
-363748
-384859
-1513672
42139
1478800
-54099
598039
834314
559370
-618116
-526879
-510086
-1153447
219022
1603616
157657
673412
1261207
396581
-470227
-66910
-365078
-425603
953227
1484502
-845963
64579
1032294
483043
-453359
-43287
-205379
128844
777625
905372
-1430558
-273878
1015654
467968
-464378
-375409
-366712
195656
-163162
227769
-941164
124805
1654562
-21824
-679224
-749218
-672526
-166578
-142015
532954
-509827
779840
2084899
100884
-787527
-708301
-187439
-261615
-307178
794646
-486224
685703
1384562
443309
-619732
-446845
37138
-189739
-743793
581549
143181
670304
978187
480081
-310556
-311599
-235187
-154080
-587241
-76932
-30125
524555
1069156
582532
121064
-45814
-300336
283948
80464
-389341
-689375
39900
397883
644813
-7333
-563973
-959237
-70831
-201926
-186564
-266407
678375
748971
819514
-89232
-853909
-923880
-4040
-307568
-207641
-220421
702637
1218842
841299
-68484
-472259
-288316
262304
380054
182742
-349915
191157
371515
348639
-323305
9979
-106664
283735
267538
450917
11154
279486
-235908
-41328
-544438
190644
-137871
558478
153451
-57640
124715
884883
-504538
160845
-560124
-76644
-107076
440559
-165092
111957
382347
650517
-701151
264580
-482179
-197723
-401142
163420
-581955
-86137
653550
324749
-714998
363648
-353543
-53617
-496598
951
-369894
-501099
-323490
256949
-91223
434388
-364962
14642
-469257
-126646
-158793
-37838
-413794
-20821
-150980
330042
-506455
165897
167345
-406335
-408069
339334
957433
736691
-1198945
360963
-533420
808981
772372
-792552
-702873
213426
1289628
1267828
-1386636
476493
-616131
1030119
645331
-1670876
-1047929
285582
1109736
1142553
-706977
785544
-531528
768817
180116
-2271616
-1598187
367705
1020920
978105
160228
773374
-901072
181992
-409197
-2523262
-1065121
1382292
982219
748656
921143
536178
-1138731
-204329
-587913
-2092297
-490155
1719618
1348537
1048958
302858
461093
-687445
28851
-381078
-1124792
-111673
1464672
978067
170379
-779626
6102
-460027
233601
-594835
-1216322
21992
1124559
651081
-382414
-720453
-219853
-601358
67234
-721451
-1255344
38453
700453
365676
-378070
-354738
7708
-458034
143932
-506377
-704792
-160208
41278
-127254
-487898
-132041
86340
-239239
64204
-691762
-731429
-58947
614028
-515031
-705653
18911
-25131
-435482
-410510
-846926
-1013763
106382
1734843
-373101
-1255666
-287443
23249
-465230
-562227
-852757
-844450
20532
1414175
-259788
-1615292
-298662
9329
-357795
-395215
-843695
-1131127
-346052
802946
-357121
-566475
640101
-176298
-385639
-228237
-847262
-872961
-73410
413330
-559317
165413
1190428
-44954
338689
-513951
661884
70446
369852
-1123301
-390796
-735540
926924
-27362
24400
-939815
548580
-325774
209775
-876775
-605095
233041
1448794
-18835
159877
-1147884
680521
-169717
-116668
-992310
-464605
32103
1791402
-75287
272415
-1222684
358516
90631
-108254
-409295
127463
-683510
1522535
-120564
230155
-1296363
20503
-163379
321371
-8560
343879
-352863
819322
-115516
244230
-1003440
87892
-182386
766473
-86218
160045
-863443
711469
-12917
270606
-917965
534646
-369652
654424
-155144
143759
-1022908
1265630
108470
403573
-1146132
494234
-678796
-498137
-840981
212461
-195898
1607963
219571
519525
-1442448
212220
-96053
-797652
-1071395
875691
571696
1497854
-477800
-22137
-1468698
-217580
40129
-636119
-1041364
1849382
1578174
1755345
-343347
-247887
-1119632
243786
205299
-163441
-976791
1344509
1553163
1198903
-3386
20883
-469366
713743
262786
-421124
-1121895
377194
919981
567598
-380472
-771503
-127135
1705321
626288
-216164
-471295
-96601
-295579
343291
-278330
-1825090
107042
2923539
745349
-628269
-419218
74157
-1867696
553480
-127525
-2573100
86267
3577545
1298350
-2258323
-777114
826377
-3013856
1018334
-54095
-2774098
-350431
3914273
1292065
-3327237
-1464326
1707655
-3322605
1583944
-164537
-2817079
-398386
4318069
891097
-3038497
-1844874
2752611
-3597906
744399
-410796
-2986149
-356208
4726410
338794
-3439412
-1813926
3930103
-2976634
-134665
-276660
-2955949
-409130
4914021
275600
-3452168
-1684506
3223845
-1955149
-1017066
-430040
-2539020
-503136
4427350
281575
-3445536
-1603797
3133837
-1479788
-1014724
-641003
-2649446
-379522
4305819
326213
-3043715
-1324100
2805922
-1290868
-870819
-679975
-3003435
-348537
4369205
222471
-2612877
-1201238
2684139
-1299508
-1291614
-561089
-3004275
-419998
4824919
14149
-2701654
-1097271
2584281
-1492345
-1640046
-656444
-3177064
-774019
5047398
-13095
-2522930
-948411
2620746
-1518960
-1664741
-636686
-2912294
-1209758
4610793
276851
-1762623
-836089
2016170
-1548604
-2141428
-725714
-2692880
-744054
4103499
472230
-1030907
-1110670
1008689
-1451497
-1906413
-1082531
-3062140
-666635
4536144
96824
-650975
-1505968
563344
-1272629
-874844
-743111
-2673525
-1125416
5044392
-104043
-972281
-2018619
694986
-1092392
-661168
-749328
-2640148
-1709608
4769374
677519
-2059602
-2076270
1091752
90465
-1128331
-923093
-2879057
-1750391
4219911
968961
-1840827
-1940430
1893010
666544
-1895808
-851736
-2671816
-1601234
4369323
914287
-1412007
-1842506
1845454
1013259
-3263692
-478632
-2328247
-1413991
4371998
936111
-1581277
-1307257
619650
1391414
-3792968
-352844
-1603799
-1483330
3931329
767772
-1944384
-1195052
-152319
1830978
-3224532
-254581
-1011925
-1178289
3945055
640122
-1173391
-1411715
-54115
973530
-2599705
81314
-851835
-1099137
3038534
120130
-629958
-1044359
11063
448387
-1945464
450577
-480468
-937240
2101728
-203829
-474617
-336490
-848574
-28291
-1843415
366739
-718340
-455138
1688611
-576571
130171
754558
-1166665
-456905
-1640660
513297
-553188
262807
1276199
-1156776
192552
574374
-1500318
-425885
-1422013
738179
91990
413307
1016270
-1630833
287628
601526
-1353550
-770105
-981158
1008644
646839
119064
501162
-1999273
-183655
82297
-650945
-715360
-537877
923211
743979
320505
103219
-1523651
136033
-246870
-592146
-778675
-427975
612387
479301
202633
-201232
-1733248
748231
97078
-488701
-744683
-192237
602522
668817
75097
-50655
-2034348
577012
464363
-646410
-1015979
95488
598453
969260
193141
-60603
-2175736
-126240
997545
-429379
-713596
-27315
571817
1037376
210515
-540043
-2178858
118079
1003902
-103789
-612384
-313465
533597
1069881
174510
-1107481
-2015004
318245
1542735
522184
-840091
-426562
251664
1064924
51770
-1178297
-2317902
163227
1664769
1151369
-582225
-477264
249405
882636
-269380
-983161
-2544305
343892
1675907
1984031
-684331
-918439
362043
770347
-71492
-597844
-1748433
778639
1400048
1607142
-1211192
-1650162
42085
340116
-188029
-227111
-1284354
1083922
1239692
907302
-1160669
-932634
395818
385729
-199778
-112969
-1532334
1006456
924740
-365237
-1116524
-172421
969374
794886
22400
107300
-1329934
673949
444022
-1103159
-1656495
103447
763934
904715
-637289
-431852
-1329211
287984
465696
-316145
-1186559
330999
93101
544689
-954176
-831373
-1668973
709385
203380
783298
-166552
620875
-3438
446800
-700814
-260157
-1452337
1411256
-79711
717891
-301540
-76929
279747
612676
-733156
-164076
-1571751
1040488
-299495
376897
471460
86009
381875
584257
-1253204
-442889
-1306163
736321
-324693
34467
494286
1044552
76417
449282
-1228819
114393
-560327
750275
-386415
-336942
570156
1479017
-94614
294017
-972166
110375
-480294
340879
-1027766
-297554
494139
2114737
-95479
295048
-545219
465186
-1072146
276300
-465451
-29032
636836
1616464
-136399
336834
-514866
942053
-1434725
-145076
721107
-114160
346753
1267269
303136
821950
-551931
1017129
-1366966
-988055
783886
-108645
-409261
1552736
257359
801718
-752846
448047
-1294544
-955037
595633
172170
-708944
1845314
-29057
410903
-911125
-30729
-1321597
-111529
1228933
401569
-611001
1673936
-29210
284161
-1039035
266240
-786037
372444
1066580
467817
-1398911
1555225
154846
789761
-667549
558870
-374098
601358
39832
-40572
-2240123
1668378
160177
797478
-739930
368149
-900400
277968
-592172
-328918
-1638545
1613157
208790
388494
-768507
346101
-707461
-206028
-211548
173613
-996805
1580935
-73655
181559
-997065
302125
-166016
-481351
-510855
718449
-986994
2100551
74415
642782
-671021
470049
59488
267081
-852998
547922
-1200583
1146119
-150886
535118
-724517
-85282
-386839
598878
-409994
465279
-170387
672048
306938
1080773
-140719
210843
-357057
276312
-809239
-461194
-789363
740945
245185
1157235
-454232
24980
-538018
781977
-768847
-249503
-946050
1115846
-24082
596391
-946453
-361132
-988845
442776
-255281
628504
-104770
1350101
-97780
370042
-599097
-204557
-380448
337691
-226016
361907
119449
653877
-47639
236938
-668992
245275
-363934
597697
-500564
356284
10167
655772
-89159
256809
-649702
521801
-495586
494552
-805013
809677
-73473
618296
86130
401447
-406270
548119
-79938
550101
-1158975
600406
-250199
267332
73082
358042
-289497
275482
-358914
1066906
-722995
374805
-573990
-165747
67081
305160
-386831
407413
-923870
547122
-505200
554127
-475178
126780
-40096
178183
-546408
846925
-1105867
-27280
-1311208
987566
529108
403762
-152882
-248275
-473836
1274377
-930449
-276938
-942922
672919
1069708
615445
-60189
7180
-129430
2085658
-834987
-692025
-909269
476784
1120619
380253
351172
390662
-10614
2418738
-1008073
-1237099
-478015
83564
1504
531789
677794
548414
-178599
1897928
-1992835
-1808039
-493938
494235
99284
922039
700273
824777
-812607
1382243
-2025075
-1721665
-474508
989473
42647
776610
-134248
523730
-1220461
804842
-1813830
-987181
311280
1861360
264390
602349
-302372
640357
-567700
943586
-1548259
-222869
59743
1493791
-534485
-294141
-123311
500205
-199910
1002033
-1294137
-101067
-57472
839645
-674574
-1041992
-402423
299013
-419640
583951
-933619
280759
146935
294061
-620713
-744157
-359491
482864
-398331
639913
-1364249
55035
604309
121096
-771980
-456613
67450
746692
-227237
451950
-1540321
-328667
549851
743161
-1580888
-724802
22142
668440
-305198
231846
-1197642
-468923
587338
1482110
-1971333
-706762
-251583
629499
-266250
407515
-885633
-125837
104484
435900
-1655755
-543020
-264538
525666
-295389
108676
-978880
-139782
-207391
211076
-1293794
259895
-313235
557379
-374725
-104641
-1375160
51222
-526704
-140162
-487853
1664388
-445593
711415
-201022
421931
82717
774483
-146705
271993
-1000049
-557985
-362422
709420
-318564
207275
-219487
857674
477374
354558
-1141155
-748953
-512333
933165
-246113
-138939
-449165
660169
462879
543058
-1159199
-619218
-505123
1077846
-26443
-275179
-343901
585941
-126456
676498
-1039494
-748175
-452781
1111893
-75084
-219833
-717279
377282
-255886
696464
-488203
-624669
-454812
1043756
101331
347630
-619566
311942
-562277
934755
-392253
-567969
-544700
1009016
12068
395909
-746920
-34378
-895291
930536
-675530
21308
-391064
1055905
29882
408419
-346982
309844
-870047
559776
-1031599
-125790
-513460
1135405
194890
-43120
-345717
505138
-1159267
-133216
-1332341
309957
-577484
855073
129480
-174032
-350028
1214297
-859275
-542662
-1574229
1021219
-309760
1063818
254256
-39132
-668145
1181164
-963398
-1063120
-1959198
1060466
121907
1079188
-220329
139908
-449324
1526516
-927750
-760631
-2265370
1261861
486290
1175838
-543388
53405
107194
2167784
-814162
818857
-2680079
1086301
902755
1090148
-1127829
-283748
565362
2985354
-1003836
2211344
-3002062
1888397
1364383
1404422
-1996802
-1575314
1079081
3237619
-1508482
3271833
-2304844
2836520
1448139
2045810
-2399933
-2350007
1342047
3969233
-2117216
3056064
-1900922
2990658
1529358
2445689
-2752052
-2527167
1131093
4221325
-2413551
2193186
-792145
2849160
1483389
2528468
-2945439
-2430410
1588953
4336179
-2750196
1268862
74725
2168620
1573323
2539166
-3130470
-2459985
1845426
3761820
-2623993
241506
1066485
1822049
1493971
2465702
-3231698
-2493809
2137624
3828279
-2401193
-636656
1009262
1695836
1367060
2323782
-3041476
-2429144
1863116
3275928
-1896664
-467199
1014369
1022461
1590191
2254759
-3186417
-2173182
1646150
3250910
-1554838
-743140
1217960
482159
1571217
2652117
-3428538
-2272288
1774990
2904793
-1697730
-792658
1643385
220087
1595147
2880038
-3639215
-2428659
1620182
2894851
-1513586
-538192
2120204
-40763
1676679
3142359
-3518365
-2347439
1540166
2609150
-1197002
-572877
1992981
-400856
1466540
2995307
-3346647
-2184803
993453
2244832
-749254
-164853
1888837
-332133
1622278
2858514
-3244567
-1680880
620930
1951186
-60126
43246
1300754
-346048
1554471
2817153
-3454419
-1620889
554460
1901667
119727
-207533
912411
-390171
1445613
2978592
-3146818
-2668539
881758
2229370
403298
-1150670
1343343
-547790
1335524
2908323
-2709644
-3074848
804672
2331551
366719
-1689359
1681391
-130234
1334126
3192947
-2438265
-3113928
816130
2281282
672395
-2427306
1948925
-28482
1317319
3192461
-2467318
-2787567
1079019
1538400
758487
-2791804
2151403
502212
823224
3119085
-2092048
-2267391
1149525
1479607
971177
-2543170
1730509
747192
255314
2726469
-1828349
-1832000
1156096
1951996
967289
-1601053
778748
759577
-5919
2228352
-1542773
-1481727
1015312
1536792
883815
-927147
432575
983735
-145872
1936076
-1437676
-1273574
990368
706225
1443513
-81548
672935
836816
-93382
1621349
-1270525
-552560
911385
-243767
1096530
289570
865358
625242
-55067
1224134
-1126077
406574
727231
-813240
934456
786207
914109
541107
-31322
1076158
-1165721
994816
715593
-953054
310305
933602
534939
323651
-210435
740561
-707412
1685216
643274
-645225
78483
517383
-48132
776410
-516603
423646
-138122
1830104
632581
-235045
-44836
589257
-121360
255480
-780805
236162
22166
1641743
577615
176420
-3956
392380
-132323
300828
-811739
174353
-276453
1686381
638754
-407600
161389
1131113
-82343
-70359
-797333
213400
-210097
1678615
894042
-1087364
-382155
1065402
127472
54013
-784779
-24078
-23092
1659067
735456
-1050742
-404715
1028160
244499
423025
-882263
-244022
121188
1866549
782108
-1079409
-933384
521047
343662
683915
-1059850
-278084
129780
1922540
241380
-1547501
-1221372
594770
1058025
1190310
-915250
-84721
97772
1985562
97332
-1239652
-1863917
190950
1403016
819264
-790977
-22921
-25031
1845195
398332
-979798
-1941895
-229956
1386780
858553
-731841
190398
-136179
1480126
263078
-864819
-1664762
91082
1387371
448304
-467158
417465
-202617
1397198
35251
-921466
-779674
498220
735976
-245509
-414288
749898
12359
1433411
237962
-811450
-685150
825378
-179133
-1039951
-717282
929532
192863
1504807
-91412
-888611
-640194
1250449
-51023
-620635
-932298
729636
-37395
1532125
-260704
-379945
-447613
1209602
-290557
17525
-881282
638425
144554
1826015
-527643
-148344
-849207
363130
-301838
920685
-605688
772157
-182394
1449996
-689888
-693765
-625314
56936
-625577
1530393
-659561
889421
28350
1109475
-559278
-339306
-364908
70070
-996629
1231001
-749254
866786
214249
1045594
-493631
-166423
-269733
-469725
-1768267
963311
-596567
885687
360171
636077
-516952
30081
-273428
-13965
-1728967
45971
-598012
816946
-133374
367858
-48656
320731
-63622
120392
-1884983
-267915
-640957
899226
-289314
661305
597299
-166921
-308158
236449
-1527728
-304533
-798488
876624
-452531
586017
1078660
-423138
-868348
470017
-1352319
31289
-899787
851472
-375303
478451
1079618
-146931
-1324705
664875
-1029523
-419982
-1040680
624385
-420177
473745
548495
-119998
-1146572
1082686
-744834
-586735
-689431
893826
-353262
730248
203763
-68305
-1096736
1412220
-927131
-876496
-652496
848014
-322634
846303
-162131
-173528
-1322786
1546138
-908415
-749964
-487350
1036082
190734
787001
-456773
331805
-983402
1308464
-843463
-1145903
-580348
619820
-75365
519939
-193835
490166
-737577
1244180
-821525
-989384
-598062
859395
191958
506925
324303
769888
-1003102
1014874
-1192463
-742564
-831246
713828
-136922
110531
-211321
982760
-618578
836711
-771390
-528811
-837377
476218
-122069
381362
-355054
812084
-85398
601866
-584568
-500116
-724282
482107
98312
863240
-418904
407607
-142415
557296
-704362
-420367
-959466
291774
30807
846601
-634640
305061
-139502
832709
-812816
-19600
-1149275
165482
-32576
659611
-514227
531692
-213459
788043
-402126
-284268
-777018
399924
-71782
577970
-582077
-102105
-377205
567038
-553347
89619
-529663
665519
-380801
436354
-575918
363180
-745340
324486
-860196
517365
-281097
861450
-397450
803601
-766555
494591
-494754
50894
-1077206
1044192
-398202
839535
-203092
601187
-595080
838904
-280611
256550
-1188144
693110
-604359
580629
-270626
781816
-620397
1043304
-195773
44275
-498980
833669
-610962
601424
-423392
721130
-604664
555935
-138367
586739
-412803
894285
-637756
560379
-753912
688257
-315346
393543
-736596
122970
-304102
1231858
-673185
706922
-911273
279048
291967
591786
-584049
-518646
-652940
1474861
-534751
1033027
-1128038
244943
846008
1060483
-204278
-1277507
-1764785
1230892
-727904
1202607
-1394115
170885
1294213
877961
-473166
-559731
-1112582
517567
-691854
1349582
-1230639
425541
1538040
1059336
-793686
-658466
-1346570
112090
-1069539
1283256
-1166222
503239
1343587
809762
-1336321
-102519
-515789
-60227
-1064193
1195821
-1006006
735923
1409952
761845
-1310307
-167169
-687162
222931
-743372
996131
-630497
964513
844682
559364
-1241866
-236564
-495796
504064
-363728
803046
-712081
948343
753966
375504
-941494
-351533
53885
615626
-361096
615353
-829472
835314
585299
317152
-335584
223104
371547
494099
-403680
719188
-525883
910183
331973
208350
-632040
393807
318597
450650
-268330
665556
-301947
936287
33226
-157366
-997184
1032776
613103
490054
-429069
514496
-169811
924167
818475
321300
-1743897
921413
577550
394966
-475420
553198
12592
1078734
664639
318434
-1551607
466503
700612
443801
-414568
480779
-268812
768115
432072
341761
-974250
653701
257373
100078
-454637
454630
-293921
992073
240822
163984
-654639
752280
-661103
-388390
-612912
106441
-809797
287258
-484465
66055
-761605
696260
394070
1137309
-504684
-35061
-856965
412067
-499416
25951
-363587
618312
555771
1142852
-562179
170966
-817799
629702
-458003
56188
-283190
596906
415135
948534
-692958
163884
-796605
473775
-37320
263896
-206594
763234
-355529
955432
-682121
162048
-790471
605016
143351
754884
-146490
396521
-484147
538909
-613999
154905
-746488
483705
-131011
695913
-523697
342417
-426917
713103
-459457
270748
-714998
684909
-196335
641555
-252826
624775
-600003
843873
-760624
-35369
-1034848
485638
-417659
320779
-16582
1322329
2834
952489
-729794
-13038
-1056958
521721
231040
516025
174545
1733982
118699
179877
-675073
188898
-613666
577743
294998
695201
41612
1869355
-157421
-70734
-721998
13719
-373455
703943
182431
798647
68742
1515099
-164826
68168
-755781
-242612
-380234
569125
-336808
533450
-435649
1388242
-197592
829077
-895141
-492920
-119867
605829
-742382
-434345
-740725
990111
-786726
1778740
-814810
-812543
58595
935596
-1616040
-1277317
-1396702
1144341
-1598744
3067734
-666012
-995368
274834
1201116
-1598824
-2191458
-1710788
1699855
-2197782
3253611
-820363
-913975
47543
1265256
-1527359
-2450378
-1818105
2470102
-2447626
3559849
-785176
-782137
102751
1557070
-1611947
-1954086
-1704215
2337070
-2326012
2551630
-842956
-625597
135151
1685914
-1865844
-1883655
-1386120
2885988
-2231343
1627185
-739121
-529451
117232
1828588
-1647693
-1857592
-963999
2200804
-1325811
825513
-745503
-350909
1389
1626318
-1349541
-1600071
-1016276
2115904
-765681
551220
-793018
-227085
158921
1829645
-1201249
-1622046
-689794
1831778
-803892
252802
-952621
-481721
377966
2083389
-1395902
-1393166
-782810
1571184
-717688
151002
-1003082
-347704
241201
2300806
-1475210
-1486468
-541601
1462317
-585692
-141203
-912938
-303828
158259
2557892
-1369283
-1383392
-705423
1291185
-751584
-206649
-1235147
-391726
-115434
2520264
-1025795
-1147675
-950113
689222
-332704
-77844
-1157263
-129788
81046
2347777
-1066140
-857655
-1475264
449478
-133231
164115
-1236280
-196698
178237
2477896
-1358435
-1187285
-1233500
386866
366686
324704
-1116802
-231251
-82712
2781951
-1516229
-1303255
-1123162
871870
266005
351499
-1256850
-169751
-243894
2803498
-827199
-1733474
-752105
1005188
867811
-587421
-1262782
-206456
169782
2665745
-482343
-1467491
-466770
793599
672630
-1334086
-1320147
-87208
56495
2476906
-535421
-1219282
-538750
256288
952515
-1790766
-1158687
-128301
-208342
2400327
-517879
-1385779
-379225
-47553
1252407
-1549217
-970802
-36633
-626806
1783471
-674689
-1581687
-130512
-96406
1619200
-1046614
-616286
223925
-785962
1474715
-1043413
-1573632
-527200
-209261
1197568
-392250
-450182
-21933
-809671
1063919
-1099182
-1018662
-533833
-257339
768439
71201
-289986
-107670
-840385
591349
-884299
-914728
-486931
-1002776
525284
396001
-180109
-122344
-601054
589367
-888456
-606434
-110166
-1237005
158415
507702
36199
-140670
-524496
150256
-1398543
-336465
-72557
-1147400
314862
657675
108932
-173773
-910647
-111756
-1254183
-17048
-2080
-657009
142073
692085
-40778
-381195
-1448797
-379086
-1363687
24722
172079
197146
204370
921017
-28766
-380629
-1350965
-573826
-1418428
77503
25914
298642
142987
1154401
-84525
-383687
-1137931
-682967
-1348463
487015
11281
-168084
299887
1285649
-50340
-204284
-1125047
-560189
-1406107
405914
42406
-202488
20675
1232938
27922
-7216
-1168823
-657255
-1191742
235822
735585
120187
-180423
706130
10481
-22330
-1147306
-722875
-958970
582824
697761
-179045
-357542
506230
4539
8100
-1093434
-723437
-636678
969519
607576
90255
-711701
310504
67525
236996
-874306
-499796
-505620
1104376
1078915
166154
-1117086
-338283
-139197
64874
-927242
-89403
-463781
1502248
1035530
388038
-1436134
-714674
-149625
53851
-670877
102691
-385129
1296821
448212
-55473
-1102838
-596784
-72966
209587
-495649
219938
-267003
1049844
96291
-85146
-847043
-211334
-123000
-2502
-825681
200377
-596430
896979
141796
-446389
-330866
535610
-284933
-282833
-1194573
-58535
-823481
617307
-731
-57634
35365
1180935
-510578
-259964
-1517694
-226435
-582447
865050
193754
634624
-239743
782723
-609439
-14651
-1345980
33475
-551057
1129242
152951
657631
-425561
456290
-551804
14679
-1017100
236944
-741081
1258548
-295921
544740
-472045
432023
-486977
19606
-1114299
451456
-578069
1359958
114935
461218
-116427
113740
-552099
-43019
-1265799
333355
-123142
1132879
-2715
532669
-67286
614194
-571071
84385
-996440
688152
-138709
749785
79368
602955
273732
909473
-763726
47483
-801410
455899
-334691
653870
163674
950480
511345
840239
-548739
235711
-647091
381398
-594866
725157
398114
670041
128721
645469
-422693
304295
-853519
374662
-824034
465040
842271
474846
-125988
625062
-201041
347113
-1152934
249314
-709727
44574
947644
653110
-281384
972881
-456950
235772
-1194178
181043
-493105
296382
715535
957359
-372191
1116855
-429251
365667
-810228
361831
-226601
854275
573751
455179
-840467
812598
-420229
284507
-944485
576337
-162051
720124
-98676
483101
-964007
997187
-349762
343664
-845898
544540
-324120
415547
-486767
717160
-889044
1389879
-805051
8105
-1182867
91712
-667499
539354
-265179
972482
-310925
1672161
-493514
-29929
-925104
370746
-530004
414897
-112752
1026098
-344176
1041653
-527283
-47463
-988896
143824
-424778
16326
-203755
1441661
-209363
1305046
-248268
403262
-713176
229567
-354244
330279
-713651
838155
-510659
913492
-301949
453605
-748853
88440
-416592
617196
-590495
490943
-208235
593104
-143009
355719
-923892
-155146
-745453
228662
-641972
561819
38187
969235
-130929
388859
-970070
15190
-539897
523093
-473933
366899
-224712
1105747
-188280
361246
-826055
221647
-495229
726098
-295163
720687
-388092
562529
-443568
307834
-426130
460409
-318830
712569
-197973
507099
-359378
169404
-461392
284572
-455498
602318
-107205
686602
-486827
641272
-407589
328087
-407563
192592
-699736
673555
-567339
755498
-490787
979142
-438897
306297
-321765
175037
-701881
368326
-554254
397985
-691124
795597
-465554
671135
-283962
234048
-686716
259503
-831114
770927
-940885
347123
-438040
748660
-235756
221387
-717843
266313
-860811
501214
-426827
374525
-493642
638266
-327304
324957
-636651
753998
-960191
392538
-391043
1156746
-2712
-1085
-251984
393470
-396183
947566
-922822
137468
-7913
883756
48100
-92810
-219832
438116
-492016
757857
-1326475
-131050
118263
848562
383233
325751
-26759
591070
-926054
623058
-1511610
-479607
255331
912890
-25071
628590
-277716
148281
-1469372
185102
-1759773
-190805
839916
1278672
329142
1104324
-431666
260150
-1634954
280468
-1281960
257816
562383
1586475
99654
475537
-665859
327472
-1443046
386716
-829622
469316
665794
1400895
-299356
84134
-855334
365423
-1067940
277601
-1024440
560092
291360
960506
-573732
301844
-752932
156265
-1011459
267652
-1031368
392960
9640
592423
-220030
300115
-662794
143771
-877543
270376
-803215
281062
-320773
127168
-204163
559449
-658439
191536
-954174
95068
-954473
236253
129513
238942
-477873
836798
-645116
36638
-1071257
9688
-1010867
496649
306750
368121
-974184
494924
-653302
-26805
-1095786
-163379
-715163
231683
14984
850514
-1152916
752516
-795202
-7496
-1008202
-167050
-890175
180977
-230015
594060
-359535
1142478
-868133
34304
-974926
-103530
-786334
380305
-257241
600685
-35968
1053740
-694961
92441
-962396
-159462
-752368
568222
-50074
830712
276328
1366247
420103
-209290
557781
150845
896450
-257375
-1121997
-900505
-113423
159337
611229
-658003
-7724
181071
391004
20424
85902
-850617
529878
-22533
543072
-565977
-11491
141180
-26920
-550832
205264
-539812
512301
484740
425300
-507897
10783
-328165
412567
-350347
357249
-423116
-356682
430741
473594
-411922
-69473
-746215
339150
-82212
902876
-620057
168901
-379904
486619
-367610
144238
-737631
266314
-80954
450110
-769438
674666
-323366
561608
-269647
414073
-11024
63229
-233432
335120
-667886
229066
14715
541265
-500687
-161002
40395
-430436
-1196387
158778
-123459
1199239
175478
752080
-200035
-279549
7361
295476
-1434494
-350039
-10884
1201486
-523111
267582
-369252
-154588
-570415
375903
-1120803
92015
650825
1443960
-189999
-203815
-753567
293859
-172745
238976
-896165
350464
-221513
1603207
-426113
132616
-325777
332219
-186849
364773
-1382621
454573
-1860638
1865382
-1338687
-451432
-150391
1019604
763723
606045
-1072191
1091016
-2924670
1682508
-2973587
-569765
-1067924
1230950
2190122
228455
-698310
1904418
-3016689
1025907
-3653233
-281042
-1637846
1253045
2142838
743638
-1624190
1887150
-1732693
538555
-3230584
-259005
-1825544
1013786
1404885
791732
-2065018
1698829
-810430
332415
-1861239
-212879
-1506996
1149785
1286958
296835
-1558388
1305962
-480616
-847888
-1002581
-473324
-1597868
1361634
1358949
-410804
-1422678
1273869
1028868
-1202280
-1278919
-238304
-1632261
1197207
1659874
-268336
-1523553
572760
418301
-195995
-921835
-242983
-1211280
691102
900747
197087
-1053883
330716
86682
-326020
-255242
-398992
-1418905
1163918
892127
203653
-1201953
390112
424580
-732810
-182690
-432188
-2091826
1252777
1094741
62463
-989282
736139
250486
-1019033
-135873
-297110
-2024830
1377467
982365
-9229
-1046555
678734
337132
-1281424
-237673
-101840
-2082327
1208021
1138531
-85235
-948653
670987
399675
-1190381
-58975
-262330
-1941909
570294
701781
722420
-301551
338200
-8089
-1040678
-372781
-231032
-1452720
1155806
-199284
1041094
-48868
-151720
-590844
-439735
-771072
-337936
-1892529
1498146
596757
420390
-299432
-219607
42360
-579720
158062
-46388
-1868156
506686
1767399
-18776
-642468
-625520
805800
-1312294
308694
41347
-1840689
77668
1574730
309906
-1201831
-476812
1274659
-953656
152966
-170875
-2109605
359144
1111458
163098
-483880
-607074
1875729
-1334127
-39202
-161807
-1958862
659644
821286
-342498
342905
-840270
1994339
-1451597
-667461
454039
-1719319
680970
865741
174345
-168343
-791034
921834
-791906
-961107
581640
-1134801
480174
541388
356984
-943951
-187731
-29145
322072
-920482
543787
-553116
779576
949759
167744
-226343
-595689
-261772
-176618
-1230315
286773
-810548
671710
809990
54935
1028506
-534176
10450
-676205
-1152762
216360
-432101
374276
-243437
33798
1007010
-349623
-123471
-775877
-744796
13079
-276141
855250
-402929
131534
1147397
370912
-501937
-922090
-737407
124152
-215370
1208794
-739789
-180956
412060
315065
-442825
49975
-810377
427655
356370
892986
-796454
144090
252316
31093
-666526
204550
-1127658
759860
515336
127662
-445444
-102685
-678912
264212
-34549
-318963
-672720
868171
612417
652050
-225116
135029
-707843
-316510
-378444
-201277
-743509
453937
65570
1054677
-352370
-160459
941470
13448
-1209426
-342935
-232059
423855
81638
625842
-353800
-493895
745658
192194
-563022
-343667
-385939
434044
585163
494681
-480513
-525776
7058
566443
-41028
-46243
-863476
515865
520693
430957
-659059
-623093
89434
292489
-8939
67769
-721802
661334
284808
346945
-1097236
11647
374077
717387
-20708
-432758
-578475
490682
293395
479843
-1165415
-412028
-441468
1268750
742739
-386595
-197999
238810
-154419
177305
-828256
-882853
-327783
1358739
938800
-170379
-215092
393961
-132183
393548
-654629
-227110
-107710
396061
149553
-564344
-169785
124471
-84846
620410
-444255
236579
426706
44745
-321092
-135277
103675
410296
-358774
271221
-553887
-174347
339328
358929
-1023075
238475
664543
1095919
-154309
611050
-630923
-113814
-23563
-90935
-1483908
-29101
-101612
1110732
169182
461880
-823529
463014
-689615
394488
-711176
-38827
-1036844
511523
29134
310710
-1333615
359482
-426033
574238
584210
587407
-1144881
246318
-434085
593157
-536738
7623
139195
38298
-76997
634421
-818130
700726
-260843
228880
-546039
21502
-143134
-94152
99020
908257
-984309
752548
-240263
-322397
-848599
4782
-308472
-329622
-165491
1185657
271734
546867
-210988
-45520
91934
260472
-650249
-93719
-829916
660598
638825
327582
-510492
399825
-64673
-61492
-600449
-615008
-463517
939817
845510
504811
-358918
763870
-429352
-779716
341902
-230181
-531316
464072
-132759
534579
-421322
766064
14956
-959596
176960
780023
-738586
486424
-380383
912501
-138595
413452
77431
-553348
-753439
644794
-627159
156563
383868
602708
-173942
388099
-407532
-112083
-585263
244938
-806400
403806
701240
282204
-476658
477166
-829345
-11733
146628
982609
-1295836
553716
141115
404171
-636938
65934
-594032
446207
-207364
1110983
-851671
362681
10411
637659
13194
151049
-229435
802958
-639145
-15614
-850823
-262250
408527
367146
40933
233332
-209811
-309562
-334761
114098
-1199600
310878
321805
826466
-240012
273864
189547
-250586
-767606
640561
-995913
403781
-510321
466998
-522300
164751
17481
467783
-945319
164000
16696
378212
453523
477884
93533
450593
-156558
617878
-144064
-455584
-539732
-426366
93871
194985
-192604
152895
-709251
527237
458787
462401
-319157
382801
-672926
743678
112441
358061
-523189
306844
-735014
118446
-724989
496810
-99981
836092
236180
301070
-94142
482031
-192109
-200312
-839737
-338764
237766
285708
-447001
-25145
-415680
-149067
185354
768198
-20734
518106
8436
29920
-659225
491971
-627099
390878
-791940
505859
15535
985824
-586309
189618
-556319
354447
-639289
584188
-367352
-72013
-538501
1133223
-714884
475433
-268344
57585
-242613
357570
-846547
396812
-53584
330550
-466726
502771
-17124
466025
-269282
617785
-792577
-217743
82503
101102
-851711
441258
-205661
663166
-436728
677102
299861
283465
-1139879
-97326
-576279
417779
-360350
592419
-437481
8933
-111963
858224
-67107
-114004
-667158
344967
-581881
470242
115593
-298929
-827261
-381409
1038601
1283147
-831719
217622
-1049098
907686
152037
-316529
-609315
-627518
221721
1388551
33424
359410
-840387
1176858
309802
-443825
-493709
-93050
-184250
435093
-169942
774032
-382732
1287665
333137
-102458
-905733
-1316
-829502
-103644
94926
989250
-570909
1088925
-180000
-757038
-706561
760562
-598925
-133705
293764
1100924
-304125
718221
-273932
-496363
-1023107
-18759
-415444
669899
-393445
321097
-242735
286408
-596422
156410
-434154
532430
330596
262777
-637341
21783
-113262
729147
-344818
-270948
-132282
202034
240373
-498757
-584771
488797
-170210
774376
-65956
-10210
-181702
-77841
-233121
-549090
-886101
458948
-233884
462752
-305627
695889
-19915
35776
-524754
-176746
-646695
219210
-78929
368207
-332286
-116386
64735
1276648
-963339
26542
-585502
646391
92836
359733
-172938
-721246
-711012
1391223
-348255
-510052
-944537
724541
33945
378477
-340230
-129152
-446117
631105
253737
-728200
-954054
405145
5609
693562
92374
97629
-352875
3933
-916530
79003
-145046
409770
-172189
647724
-440964
312067
-164798
-55897
-882752
93418
37598
524748
-166433
375255
-822326
29595
-62533
-315651
-427479
792117
539315
215752
-890902
506598
-706926
165192
-510014
505432
-177573
1414603
-252514
232370
-560786
552504
-464505
348889
-633255
733635
370359
805216
-559005
194345
-747962
919523
-460677
341245
-599881
770794
579285
720895
-802239
189911
-885965
959171
-273133
79422
-115446
656992
-192702
974357
-1053387
278131
-922725
1046234
-160402
480640
-129652
565668
-481036
525973
-614504
307552
-764154
910259
-194842
517496
-566364
355598
-863089
935822
-213539
251912
-766446
827059
-383102
578692
-715730
516219
-612869
1356755
-785070
65373
-987173
694613
-473958
738650
-360975
1026714
-71565
1366391
-1170467
16252
-1196993
782711
-275591
533266
216712
1267653
-47383
893982
-1482114
436718
-620915
1231320
250920
402160
173800
1590893
-548250
-12812
-2450529
183828
-637968
1074187
233620
178960
-355840
1601503
-544637
-303681
-1907028
-116168
-761783
695470
-529157
157803
-651904
1702382
-390179
258546
-1453280
-330773
-316565
929294
-819267
-593674
-993500
1104922
-882472
1076168
-1355540
-553438
313058
878662
-1218220
-1007861
-1823006
1369687
-1643449
2443657
-1861528
-862735
879708
1077575
-1534993
-1833731
-904158
1336783
-1853547
3427166
-2339773
-967976
859745
1695395
-1846340
-2334872
-141292
2081499
-2414112
3823635
-2584953
-1014438
935683
2083875
-2247618
-2182609
-143779
2784603
-2768217
2916821
-1722221
-774161
985311
2394901
-2449602
-2125846
-42218
3226019
-3183377
2453310
-1409142
-849827
1144213
2265453
-2666557
-1906861
471383
2734322
-2640109
1304187
257659
-779575
1080604
2355352
-2771178
-1781317
854378
2675796
-2412521
680292
544063
-469124
919124
2412272
-2385715
-1808254
817858
2145474
-1882262
448357
398394
-547149
1087044
2279399
-2205162
-1488430
288382
2140387
-1828481
50328
900069
-625040
966043
2615874
-2633416
-1567173
512272
1926572
-1571878
40477
1396904
-464576
1118976
2832570
-2704557
-1297330
403386
1904655
-1853636
-33094
1533612
-644576
853093
3024568
-2779014
-1064150
431567
1209257
-1789921
-37680
2133744
-597459
770898
3057285
-2640023
-1183631
52963
1060450
-1508846
496195
2182546
-245847
1058264
2845353
-2396702
-1008717
-656787
843007
-494705
452039
1659511
-402879
874865
2732279
-2858584
-374377
-1073819
1335249
-187346
802640
841395
-302230
591835
3104976
-2406836
-1021548
-190466
1279009
431071
-413774
1328289
-325806
781131
3201140
-1653775
-1583053
206005
1461491
14950
-1283423
1193234
-214446
571857
3214161
-1739471
-1812678
46822
1420984
-149200
-1985688
2050799
-335812
473314
2842718
-2067774
-1650004
234804
718206
568925
-2130203
2803159
-171242
149328
2644490
-2218337
-1565244
442974
475665
1349405
-2299789
2761174
121790
-195327
2423411
-2352506
-1554648
-102670
612787
663819
-1407085
1931782
-64582
-365456
1894306
-1980655
-1163014
-141100
710211
129794
-703648
1220709
-356971
-568306
1614973
-1744894
-816256
394223
-199976
437977
-572412
1293926
-404559
-295399
1436006
-1551099
-477696
273356
-926523
427583
-384807
1451369
-487898
6336
755096
-1653428
28249
98808
-1047141
718587
78971
1290938
-543418
-292009
228405
-1999109
607324
279500
-881837
403495
607329
1124228
-561407
-739249
-212938
-1866901
1301005
6778
-319184
737699
723151
288452
-522689
-797100
-415720
-1425843
992504
-115847
-94701
250855
976872
453387
-232672
-824779
-356624
-831798
745108
-198323
262875
-265920
520114
699566
-118420
-838191
-252167
-1070638
1140990
-173467
-136969
-134348
985705
206310
-149796
-834394
-244930
-1292620
1057024
501132
-478596
189919
873496
41909
-63302
-889427
-482930
-932696
1312001
686157
-456013
-210703
491591
5812
50379
-855119
-590596
-574785
1428350
723312
-504769
-760552
295979
65347
282832
-812252
-374291
-324992
1682848
816420
-469872
-542870
-196815
-299144
297796
-1027498
-182082
-253727
2146786
525824
72589
-1491086
-454221
72255
115782
-931820
-104033
-357041
1741518
315742
-352224
-1695479
-270704
896587
226226
-539954
262992
-390135
1253555
68246
-399893
-1656438
221920
987181
70200
-649260
78993
-657969
1382369
-139743
-410609
-680015
367693
958548
-343710
-1112957
-258289
-930851
974438
-172411
-349448
-162687
1480361
857244
-281703
-1295303
13437
-835482
1287917
112405
-107272
57864
1410937
-41112
31472
-1077994
649775
-483524
1669521
102311
53237
-511350
806609
-903196
272498
-1026692
468839
-372795
1560262
-906103
522190
-1057353
612343
-514133
191020
-1086050
372540
-749392
1779075
-513116
450338
-173333
341403
-833598
-35999
-1070901
550815
-325802
1646662
-177477
472157
-224386
351390
-1074921
119044
-1010700
812003
-263024
1235707
-756415
270414
421628
369270
-1230423
224442
-972318
725285
-139142
627077
-450965
823942
476707
819108
-1426063
248306
-795948
720592
-450401
402505
-84882
1035981
32056
539212
-1680196
530864
-746591
682401
-903830
544761
118798
389931
42398
220149
-1124826
390767
-996404
479521
-1277569
560771
786993
-46217
184720
812160
-1125748
183563
-1238186
654073
-1001559
581235
1119353
272949
-465462
1251865
-1027658
320165
-1005605
893899
-445768
847654
884693
203232
-1016902
778174
-1060268
444739
-802440
871236
-556830
1042295
42083
-255919
-1206297
1262934
-938036
201355
-939161
655518
-926779
776404
-411553
-112679
-939031
2361807
-779038
43912
-1304615
505779
-768553
643617
-580030
1019262
-606199
2178086
-529320
98933
-951994
398443
-440129
774378
-410684
881420
-408958
1534753
-711306
350068
-694076
637707
-358388
215664
-66918
575167
-641529
1754031
-1248548
241093
-869210
690285
-613420
75014
-356648
914034
-974562
1480809
-862291
475913
-730818
681473
-409082
436059
-488490
702618
-750975
665334
-610309
321511
-934048
43573
-744134
386237
-771600
490041
8632
1077930
-39137
438785
-1112015
66670
-629115
745788
-689775
552060
-150875
1230479
-651632
517527
-918029
565849
-61003
1006411
-601311
956522
-649589
641841
-1013968
296629
-850962
629323
-68873
773594
-355492
239176
-225028
467329
-894569
216540
-776090
731538
-284192
634861
-386542
575790
-721120
704866
-859798
350256
-578184
704543
-809069
1027278
-1032411
952113
-301334
402937
-1288533
171118
-688216
543564
-738301
429849
-833291
759059
-516368
822191
-1105439
226707
-664227
476316
-721049
549430
-1147299
1051354
-883700
287038
-87827
240030
-627903
464268
-674963
665130
-818364
729396
-364014
459110
-651741
301198
-663910
750185
-857883
995336
-721784
1109227
-368305
792784
-1008202
392654
-462479
1031052
-805021
403362
-164086
1070235
-276250
-123181
-1046515
453805
-506979
959456
-1499955
-77249
-272553
1055399
250178
-351945
-1136672
348507
-783976
914570
-2219274
-207717
306008
882663
193544
166498
-528443
25263
-1090453
608387
-2210714
81450
816123
1364372
310765
345600
-643140
-56563
-1438345
812832
-1956278
761136
1090978
1484674
-402561
730874
-578637
277460
-1156251
1350084
-1527752
958439
1112909
829898
-931938
66153
-1043334
339758
-1178043
989752
-1397958
735024
268330
832060
-1132681
327538
-533501
228673
-945938
458330
-1425206
720487
37369
552210
-754318
320908
405585
422855
-634528
539205
-1164643
786503
26242
12317
-671830
269499
585867
444367
-764009
571238
-1152519
629199
-160785
341277
-522983
255973
494145
170901
-958851
113195
-1159789
993275
-49583
509427
-615321
541768
290804
134548
-895165
121661
-840335
602054
420250
329552
-1686268
1283421
223667
271206
-920081
184027
-870451
448639
-34233
391742
-1238008
1237681
1021744
272073
-953401
240692
-802714
545938
176117
531877
-705173
1183937
509074
417024
-754698
231060
-727703
816471
190408
609381
-357253
1551726
-466943
-429521
-600487
7693
-470406
279512
-38609
335078
877107
849251
-101148
-346488
-868918
-56234
-546847
-418296
-305374
965012
1337696
1501142
-282323
-303926
-621771
419740
-271899
-701809
-486479
872192
1084488
1321623
-446071
-377144
-537915
680616
-263802
-67258
-101179
777833
786268
634872
-470647
-429503
-410933
711602
-31575
293184
-20933
685761
23873
851520
-681684
-485543
-520783
688314
200100
617901
-92116
-14124
-275749
1184387
-576418
-326343
-445940
743870
439843
537963
-103369
-171742
-190428
697167
-524333
-393206
-771924
274081
115706
-14336
8963
511153
459027
1046069
-638956
-560202
-719971
449796
342867
434968
512585
1281437
611714
218971
-1835827
-753060
-755649
536007
200910
480410
855322
2099143
891356
-562637
-1883147
-629702
-338880
1133781
533839
510888
915789
2130224
27759
-1121166
-2563216
-510965
143603
859081
129310
138395
554634
1945997
-575715
-400317
-2645305
-1213054
369223
659918
-383378
-417824
264128
1813360
-435685
1023477
-2468108
-1289391
411694
558187
-1109448
-2221883
130556
1126919
-378782
1898233
-992228
-1004198
871311
1039520
-2433559
-3300572
-736155
468352
-314294
2271202
750399
-1154703
1291801
1410031
-3390709
-3741806
-734615
718148
-294160
1924845
1989616
-1149615
1813497
1786977
-3365394
-3797097
-30464
909492
-967085
1206844
2559798
-1296176
1990830
1833465
-3554925
-3726728
846160
1147308
-726848
469353
2722290
-952670
2146255
1891437
-3449684
-3327344
1081840
1138934
-1527499
517921
2569393
-739835
2262283
1520285
-3634675
-2803672
1489090
1356040
-1482137
267089
2358644
-720164
2222979
1820921
-3264307
-2375877
998539
1462731
-1045654
49227
1965755
-620818
2045491
2088180
-3088390
-2418869
1037612
1575068
-1238480
40275
1993731
-674587
2409485
2393197
-3224860
-2260949
883595
1361157
-1445901
129414
2110189
-682086
2459160
2522403
-3180073
-2340859
901932
1151540
-1441098
370473
2423861
-825747
2461144
2362188
-2934929
-1817386
704824
786174
-1549597
629062
2319088
-821378
2655259
2554171
-2869484
-1435405
-126158
9148
-1258551
1180549
2067843
-810253
2351911
2584958
-2546582
-1634911
-789911
140235
-307705
1391830
2309768
-474596
2334047
2193873
-1982506
-2412329
-671222
293016
477951
492506
2264976
-647541
2256727
2410869
-2055404
-2652255
-559520
1282259
562792
337109
1936698
-773271
2072477
3071722
-1963351
-2565418
11768
1538365
437166
-752180
1869820
-809048
2314446
3430957
-2023643
-2494318
513853
1190197
86646
-1444759
1900671
-564555
2124092
3189511
-1978615
-1899246
67049
909461
-492703
-1255002
2111970
-783115
1611629
2489462
-2165088
-1773002
-473941
1515362
-576232
-155852
1964646
-841432
1272481
1846912
-2096084
-2014236
-189592
1227445
-65397
-56099
1605863
-901402
614833
1219281
-2228143
-2055069
172922
458962
476039
-60023
1941531
-966295
574193
697697
-2448923
-1560974
-510370
-352059
426562
339715
2554580
-1114315
519831
537876
-1928272
-499787
-622682
-788306
-54286
574794
2464799
-817666
306246
163855
-1946126
-148892
-1065449
-1143458
-170742
1315928
2349886
-524751
211076
-632735
-1830735
604715
-798886
-1139075
-52971
1352533
1470546
-645806
-618838
-1628242
-1290818
560252
-661301
-227916
353354
926502
1786655
-784508
-1273732
-1624831
-973354
594732
-355815
147461
525381
1023605
1581768
-962044
-1678376
-1445151
-1346712
430227
545739
134973
281442
1364982
1737827
-735239
-1403522
-1537799
-1327413
346112
208216
-566928
647445
1594532
1588564
-554605
-1075927
-1594555
-1145383
819884
108018
-499171
430264
1281838
1027447
-377408
-1255519
-1679467
-968294
1011125
457420
-495996
52709
841721
1022081
-219584
-1546016
-1651297
-749324
1839314
870623
-437428
-442497
186949
912391
-119569
-1425431
-1313629
-332453
2023395
401129
-265394
-1000727
-212967
1158181
-187634
-1331404
-1121968
181058
2061053
1222276
-172692
-1679942
-699423
690409
-177348
-1032039
-656933
336342
2329710
1356101
-618686
-2334481
-1004623
752845
-363382
-712571
-343412
175930
2107128
970887
-1005523
-1764115
-191571
841783
-145648
-698183
-439006
-58373
1355071
284001
-860080
-1255860
818323
810541
-216399
-981432
-323588
-316972
1262683
73203
-854290
-461217
1452407
199105
-831012
-1494526
-671561
-407423
1458561
-240897
-108452
370841
1820145
187331
-1006080
-1563703
-909509
-431797
1557382
-107176
480670
707739
1203236
104596
-760081
-1346920
-342968
203716
1447618
363435
-87777
-209168
164030
51205
-399413
-925600
-261736
239615
1293982
86134
17355
-99222
-245856
-411814
-568388
-1117116
-312877
225572
1312091
156927
202034
301375
-156102
-326537
-631594
-1028116
108369
952874
1219293
170154
848405
234133
-385521
-899382
-631827
-967687
501717
435007
537235
146035
865713
1057917
356429
-1191524
-333223
-606022
538610
-379327
292579
941346
956635
1276199
51553
-1767881
-306246
-635347
284508
-575808
501787
1215581
832610
674602
349836
-1544532
-48557
-681313
-121059
-839513
646490
923589
567398
183011
343728
-757565
-336283
-936259
-299249
-1004426
903901
1148579
493517
207668
814934
-647045
-448743
-881562
-25922
-816368
1218671
1250060
478841
-219673
1095495
-1202154
-287043
-651316
147715
-228050
1386757
600191
24773
-372544
1174673
-1168427
-38582
-369964
213114
199808
1144310
-294165
-586168
-277200
936658
-568045
-582467
-712287
-84136
-92595
138762
16237
-25258
328192
1865047
-170361
-473192
-1001336
-121791
-111993
31910
306275
609291
437969
1902993
-840972
-746996
-1195539
-11562
-355964
290589
309803
812203
890558
1420983
-276486
-267638
-511263
234968
-435550
12608
169913
350746
473175
596527
-364456
-231421
-664739
-142657
-599168
98356
42289
508604
499291
981711
-468213
189975
-644416
-159236
-343244
149669
-765986
153722
125717
1061540
-226346
46531
-968440
-442280
-131523
221602
-484557
230613
363256
742899
137896
-241028
-1254510
-482959
-265235
-6861
82749
467315
609249
1087838
-203897
-94035
-688202
398460
21519
663718
-408047
348534
-113544
410078
-1026911
-87432
-213833
556248
-83719
885856
-125448
205013
-260195
67407
-1375910
-171115
-171409
286368
270354
446940
-266764
778860
-25265
-324157
-846461
-243523
-287462
281870
-75103
292872
-444696
771214
276009
-458015
-524766
-272108
-584309
12693
-427444
129163
-90939
570084
-392911
149794
204206
-166437
-606624
-39970
-668964
-65202
-513263
417578
-101330
404406
567185
-72275
-479783
33733
-397751
-94426
-209774
109723
300328
95186
-126016
-63026
-311480
619965
-764821
7234
394109
665949
200800
-634736
-678678
53076
61212
791380
-1329439
-287617
875126
1472215
295934
-1220428
-1091823
98155
132863
372454
-1950162
-322420
578902
1270716
196884
-397730
-513987
-156371
-633815
-251335
-2584031
-472579
1203056
1942434
397410
330153
38793
-425177
-954097
-494078
-2221712
122400
1470634
1343029
389545
917095
-433072
-811537
-990086
-688579
-1676513
1000575
1730986
1683979
454926
193872
-637493
-578273
-538376
-268826
-1069188
798758
1395294
852840
-153907
-575650
16299
-247214
-508796
-356594
-1045532
660309
942085
405639
-462253
-187498
682309
-286860
-665742
-538983
-1127211
665203
228223
202705
-271795
608675
1250280
-369586
-535731
-507671
-945535
298875
136456
301844
-686313
1021829
1164809
-180873
-618117
-525832
-629287
56858
157380
80710
-1012725
956698
1173292
-359172
-1064723
-728632
-867019
690533
864802
-148816
-802102
561346
1512620
-535902
-1139215
-594500
-681480
540725
668348
-297968
-1052583
1229660
1882456
-392602
-1013340
-616631
-1104105
411330
370099
-43097
-258049
1610256
1329921
-296235
-996667
-647597
-1018241
614070
284492
135957
786045
1632325
513830
435018
-154521
68637
-205262
280013
-432331
49666
59090
-26995
108671
548951
-319806
466450
139831
73665
-611643
-412784
-807146
316436
183433
546429
-476562
216203
149825
259315
142924
-291523
-1013948
164139
-75043
639512
-284794
44038
-195161
267265
-480871
283958
-665897
-199852
588866
429087
-444637
-189989
-311772
423782
-328672
219391
-884318
560670
387930
476828
-192517
239219
-244418
541026
-284546
169715
-804566
-41811
-504780
581099
-503474
-263204
-627781
-140910
-351483
444061
-238681
628313
463977
744706
-158291
284183
24654
-36888
-316226
38162
-926716
114645
-420776
528096
-342136
-362410
-306120
-231060
-834776
426969
-14068
860333
165705
272749
-354834
1951
59927
311603
-1289872
-9759
-90404
663028
-93502
731079
-132364
-228563
-631218
102099
-1215983
-152906
-567894
1242845
80078
-94600
-204535
289130
-184618
523591
-1010995
129227
-755072
2202779
-1142666
-222598
-327982
61266
394195
559005
-994312
1052294
-1747090
2034683
-2096033
-30114
-346338
676616
819470
162344
-615313
586814
-2220950
2060799
-2314051
-215992
-1228464
1044013
1069667
507288
-807261
1527368
-1895847
1087677
-2562606
-19977
-1271635
1149809
1675666
1085348
-1628396
1757052
-2013554
-156512
-1890032
-167597
-1771754
868098
1606976
935581
-1248985
1523681
-657351
-218276
-1915835
-182101
-1609087
966765
1911428
799338
-1650298
612363
-126794
-1040965
-798245
-70000
-1792154
779237
1471629
303894
-981228
1021016
-11022
-957308
-1254473
-125798
-1761548
894221
1931402
540925
-1792280
131521
796508
-390801
-1364031
-137587
-1861530
521526
1666171
524629
-1582776
713126
522693
-787120
-667863
-273848
-1893156
1147499
1241229
490688
-1254580
208901
320185
-844780
-551538
-198775
-1995815
1061597
1315556
234177
-1378088
451910
537609
-731905
-319369
-184199
-2372063
815926
1286739
511095
-844266
580985
551083
-1280145
-437257
-53414
-2095058
835793
1301388
357158
-932677
157422
216218
-1018445
-697060
-245000
-2137659
694909
1073163
1065603
-1003680
198880
667830
-622906
-767804
1813
-2100581
613405
874107
1038705
-637128
-88743
219201
-1104727
-982537
-29735
-2092015
701147
1171939
42113
23939
-276684
560936
-1358491
171497
-91632
-2297064
199166
1869258
285547
-519393
-328154
625694
-1341083
-50738
-87640
-2225150
425621
1401721
162637
-511375
-314501
1199542
-1448628
-30820
142963
-1971233
117965
1280186
678905
-124796
-1464077
1442745
-1557546
-205173
132581
-2291356
212533
1119159
412551
-440370
-893445
1511569
-702994
-479598
357487
-1758410
351221
1255456
588901
-639578
-327756
470473
-36682
-1816987
273721
-1596463
54155
1528212
576893
-56816
-436079
276269
-118401
-1726322
431158
-1081188
316507
813927
5524
75277
-1083018
639183
-208927
-950466
184447
-691773
428793
996140
818733
675969
-662922
64205
-792268
-1463093
123714
-637156
384054
545300
256635
190725
-249442
-58979
-270614
-687758
400806
-223036
933685
-165481
443564
838384
-6616
-669878
-235091
-1698049
471475
-284569
527121
-218744
258000
244006
435633
-344781
-434554
-1319553
546647
201988
776709
352012
-38516
-171160
72174
-463950
-226388
-1232888
616281
107352
864385
26425
-254622
253795
750719
-815619
-861230
-769669
784019
342663
883856
-449109
-186469
32001
-366594
-359093
94045
-884089
515833
522763
1060944
-240019
-140517
511919
-443536
-507592
-391425
-856090
610185
501941
726725
-129330
-692950
-48105
367387
-509371
-316165
-513286
623454
437913
514995
-343124
-360241
738530
529508
-597510
-530684
-1066695
598195
485063
859659
-574825
-494901
-530892
204722
149155
-145604
-251934
550403
327268
550135
-907658
-556218
-292834
1206031
136548
-52825
-452994
609015
409489
492041
-835509
-783261
-54926
930372
61468
-716521
-281840
130487
245441
768384
-780164
-651792
5825
699500
561508
-24400
-340132
352836
119270
296158
-931578
-624944
-434968
761426
893715
-137488
-17751
649028
98070
584702
-591012
-446271
253360
415640
-346498
-124567
-676711
625828
-145483
840136
-467134
-136644
18571
158239
-615040
121308
-291876
772073
3323
392205
-1049829
-131658
-370192
907258
-213628
98072
-610598
805986
-54401
493851
-421781
235580
-329693
524532
-1096088
-456015
-399556
916793
344380
569175
-920649
-73996
-304848
-6966
61548
-19617
-903761
490439
-131916
306729
-1056799
-534664
30810
-10913
131506
1001823
-524407
736924
-84698
211487
-334740
243561
-157061
53197
-237603
-54163
-718436
649444
-254689
67934
-247387
-418468
-569651
-274676
-451848
1512116
360023
703514
-4436
194129
-728057
-440016
-154354
-18324
-438743
492835
7358
450794
-349682
377957
-325019
-45880
55336
-520686
-401222
695595
419834
672297
-176157
474042
-314327
-511396
-68368
-466092
-846555
626943
264389
594823
-340261
467080
-5549
-636064
-236137
259161
-1039413
724892
475351
597702
-299774
453319
-17194
-549146
-635435
638638
-753549
216858
399439
474849
-124681
388353
-490617
-184803
-483797
706536
-756702
799947
213511
747190
-99526
363584
-291340
240017
-644268
223778
-1241649
222929
74042
317585
-360593
319150
-290414
-266322
-649445
1063470
-637755
52201
890749
798142
183771
-16030
-187689
-62989
-278628
417503
-903446
-201619
-104246
310770
-390761
191364
-84906
73032
-52775
318897
-852072
470277
169711
812640
104966
615767
-50503
-69993
-907017
213231
-1177891
-548777
152484
356269
-346928
-62766
-271456
353228
-253780
512452
13673
-167622
430558
603376
141334
256715
-175518
479257
-608329
-485892
-556125
236321
37830
678319
62296
422739
-127795
692508
-354565
88163
-839650
-233952
-411654
343165
-224426
-26479
-513941
55192
94220
573530
-339855
454782
279463
546844
34062
432001
-7772
177177
-386586
-329535
-409621
-21246
36125
413607
-63316
427854
-855188
265472
-34839
392529
-825249
418176
-362802
326979
-174885
141847
-529381
516590
-750065
461925
-150657
612838
-279068
294244
-245034
344196
-324158
109308
-540577
48722
29953
697455
-628664
371206
-358429
128143
-256962
550030
-236780
449389
-687541
-32036
13590
414684
-164004
468123
-525258
378634
-447637
5795
168918
500738
-668472
565969
-253067
422848
-335107
512455
-282008
-82001
-550600
572487
-488141
296455
-451359
552920
-100805
-40151
-112232
-207766
119499
195987
-427624
424379
-579710
788288
-115053
-231519
-183065
380695
437950
-22591
-955445
338994
-505890
1038575
46766
13046
-522065
-1036702
-241678
1221002
-67948
436002
-730529
756245
225115
-248767
-584841
507204
-71368
264083
-51210
876768
-585976
1252094
401148
-335092
-1003302
-579300
-1159521
886096
353552
689928
-551697
792098
100543
-77941
-551365
228211
-107819
286320
-465939
782978
-214902
813834
394115
-419507
-1365486
63500
-250528
15575
-282776
643507
178409
556784
-41534
-302370
-658124
-68684
-79949
-273650
-79630
522928
-167472
540280
-173551
-191123
-400225
-64425
291264
84332
-395039
287322
-268387
736520
-134402
67057
-288743
414192
-70341
-299432
-827308
545874
138955
595369
142225
-267478
-849889
376950
-534557
224681
-888283
469887
-49032
333635
-287395
-219739
475916
863570
-636600
-130393
-1304542
510218
-53104
678607
236758
-55367
-625025
655955
-413377
-883559
-210351
664062
164527
578037
-263936
-351910
-416915
612976
-186926
-345702
-952938
526282
17022
519662
-338747
27865
-436976
298735
-56869
-49900
-918512
549697
146771
778965
-256566
120039
-525510
-180014
-825659
-198990
206486
349785
183126
148705
-59175
-360915
-703098
247252
185706
-110107
73428
312068
136925
662667
178275
231978
-141403
-677750
-759747
-465151
-150323
409067
-20904
214105
174755
397329
406597
-462119
-1095950
-262130
-157232
423568
-101491
-108376
245767
313499
-258896
-363138
-918794
74119
720233
331538
-99561
-109879
329866
425665
-384053
-546675
-724654
-83587
508386
392453
-136405
-349074
-376209
-7850
-408753
98709
-62452
-103900
153192
425318
-196241
-294631
-609311
42537
247129
547530
-131533
-63168
-150114
256088
-106090
144284
-255115
-14966
538215
553715
-525497
-588501
-152928
376603
-35189
63020
134526
-223893
-237404
431580
-547682
-376825
218056
826871
355280
-81151
64434
-148103
-1095878
-631897
-912355
-115832
393271
513457
117016
-587037
-718433
-28448
-884847
-647122
86671
1200010
788390
-89876
-242888
-429177
-424947
-109875
-682250
-509037
586881
1659700
584483
438807
56145
-488485
-664122
-245104
-1043163
-632899
-260149
1679174
728809
354365
261892
123594
-644679
-13701
-338454
-557089
-775729
1471655
9722
89410
-251578
590016
649195
681181
173306
787243
-1692264
215478
-1286501
136195
-738676
421577
1596900
1399341
-245811
1152168
-1549523
-270555
-1807410
226097
-1229698
126852
1744395
1775884
-628759
685734
-1045855
-14665
-1834692
312012
-1173457
-44978
1554031
1626582
-749554
377927
-775656
-766981
-965097
156055
-1523253
160541
1675637
1182735
-850410
554044
341599
-805533
-1755323
202434
-1730826
222405
2327047
898968
-1627233
120472
953212
-335253
-1826282
145452
-1362719
-35028
1810018
878763
-1321414
99066
280329
-411785
-1032382
-65758
-1196563
283070
1279995
744274
-1131339
-380197
471297
-78521
-641538
-23584
-1531851
4852
1376366
812672
-901395
47715
525992
-280059
-701178
-19227
-1766598
190040
1511609
776621
-921373
-229744
450598
-729572
-785697
-4132
-1922990
159043
1846012
374143
-1430284
-44062
1011372
-394311
-643009
270373
-1839317
-448872
1704301
799060
-1163488
271374
1288201
-930983
-1130025
194667
-1655176
-272013
673806
892982
-217460
386559
300228
-936137
-1393696
-88595
-1878715
370464
817268
489059
628583
272682
-24568
-1074587
-538902
-47961
-1737634
192590
1587224
510212
213292
-68391
-328680
-1250638
-597178
273426
-1487045
-272030
1340413
941311
-431245
-659724
-211397
-995876
-87970
116774
-1810972
-920618
1148392
1181296
-677436
-1171635
746734
-390154
255943
-88738
-2090948
-678594
1198794
624559
-232798
-586884
1500656
-268923
-735258
187853
-2028974
-659721
1341666
629321
-5945
-532448
940038
-225113
-1641251
320181
-1647105
-697567
1125946
600567
-476884
-804434
596003
172244
-992550
313539
-1000433
-141354
1308904
941451
-381109
-1053370
442262
-19311
-997177
304291
-795940
10684
1776707
1044034
-193671
-881539
46821
-125622
-1180104
522675
-497942
-179816
1052569
582648
126451
-437677
95226
-61100
-1291842
471593
-588308
-133782
511521
583801
870846
270148
-119634
-705312
-1587741
162789
-818226
330495
764555
230225
528898
638051
11588
-668632
-1236777
107542
-351042
955207
603021
-286859
796869
629113
-585507
-430194
-1118521
548514
188258
751350
113021
-476238
212410
420758
-434708
-524104
-776590
769441
812193
837268
6477
127096
-577235
-698871
60324
-39909
-1314301
552744
642481
1012572
172026
-29484
127318
-354146
-539182
-640772
-826015
562180
259438
679129
312068
-216284
579759
389215
-850141
-937512
-626152
421060
434983
826781
364430
-263129
102310
102288
-673623
-597942
-585852
405551
625863
949380
198239
-728904
-486712
120199
-48989
-48648
-503146
546575
658197
753193
-180838
-422038
240047
538096
-705904
-465662
-795037
241308
741184
818632
-522207
-754451
-74995
283919
43355
-135508
-176624
188217
623553
556175
-813738
-1414513
-794476
771053
1346764
646240
-229986
539028
436772
248091
-757927
-1119484
-789568
851426
1492415
-70646
-782549
33950
54995
428186
-416805
-587047
-28769
478166
906959
124795
-828891
-137283
-177353
301117
-437882
-510266
139776
826840
680440
93647
-68729
572556
152507
528693
10326
-329966
308114
623944
-924741
-1065125
-143489
1145234
666452
656692
119983
-278524
-436008
43653
-1500366
-1179035
-64098
766597
629059
289807
-1052147
-506726
-346832
137611
289007
-123387
-341407
183282
115549
494395
-373782
-264718
281606
377554
41036
-59535
-662123
492638
127993
568345
-115612
-380836
-274079
21767
77647
192670
-739239
714274
276509
108066
-897964
-1013838
-61788
80672
199092
1099338
-384032
574504
316831
-226719
-764185
-123485
142489
77364
-419225
159405
-39602
508372
74168
-187640
-323484
378339
-437910
-1090119
-682950
405391
1082471
355343
-111316
-45235
-403672
-181530
-97914
-1011519
-707617
661217
835019
114795
-347770
321624
190112
-570175
51954
141074
-659521
630358
195015
421140
107014
433141
556138
-514664
-638374
252646
-380101
40123
83959
743621
533893
436355
342525
-291743
-1089255
-547352
-595367
85566
358056
319214
-24441
292341
-147496
-871296
-836615
165846
-457572
377329
793280
199257
-360701
7248
-356298
-770398
-174905
1468141
5773
112807
457948
317187
-57099
-157183
-225718
324666
218995
430383
-252205
-502580
130766
416637
370629
500906
-127393
-96319
85677
-146720
-1046896
-649344
198705
607059
240769
174154
-232549
-490694
-529641
487431
-987849
-564576
188656
537051
-35765
-94879
193943
173266
-786447
2636
-307329
-161190
583611
530008
183214
113048
326121
379222
-694130
-639817
-465376
-386219
381675
12416
-318566
-93486
-207981
210356
302437
447837
-64883
36097
-115075
182017
129186
403075
1808
208393
-159
130893
-463314
12881
-226445
594283
746827
661790
73139
320208
-92659
-693764
-900484
-788869
-110228
359746
445391
32389
-396733
-44632
186758
327370
-552713
-212808
300473
211826
64476
38402
-301831
-28653
-543636
391120
280932
182496
151372
49016
-361949
16704
-414587
-203248
154861
75460
-363846
553723
168223
200707
-304386
-177792
-314184
9102
-338121
176984
-294854
479470
645350
385697
72160
74354
-176021
292506
-600857
-646443
421922
731754
-393917
340519
23726
310030
-91568
668456
196569
-221737
-663578
54377
-460090
298770
172131
512541
-221642
95029
560985
742850
-196249
-1116084
-794713
376085
160116
245796
-335812
-22639
-150980
32504
188756
-45849
-658461
33698
-456990
-63331
-284963
-46899
-347246
-661522
307474
1485375
354417
5177
-741111
82428
463454
12829
-225715
-304918
-36514
974965
131670
35659
-564426
631479
948608
532607
-345295
-730854
-508502
765839
-62777
516476
-132552
997718
1175584
66599
-699539
-324642
-487681
-653576
-218677
1061335
219026
817299
937295
-688118
-1625330
-671374
-841382
-102931
429062
672092
122557
87961
53850
-421931
-1024453
-319745
64138
585750
630515
258219
-48673
413468
91656
-478821
-671675
-3296
535598
348372
-115019
387892
110338
767799
412123
-517374
-806291
-91018
175004
-184412
-790555
353902
-25343
322771
162077
94258
-47570
-227662
-15855
3302
-951665
35837
-156737
384172
190328
256189
649838
130899
-756161
-165035
-533103
394627
196554
557985
181905
-477585
-706783
641476
-27928
-414647
-291800
574378
336704
292152
-231844
-526471
-473590
836839
936250
-435955
-1552528
442301
426282
551135
394195
-5148
-499053
407848
172518
-669547
-1385251
428556
237231
598841
295898
134029
-422181
275620
-250179
-971002
-961706
253348
-337761
187687
-214965
287903
-259144
59201
-28701
15056
181452
261046
-700856
102466
-233872
-111654
-375009
-409566
-385749
1047881
474185
455806
-681802
-15179
58593
-76507
-495676
-329115
-631467
947979
709166
448505
-564540
-33955
46433
222043
-688830
154646
-316432
591805
823529
259818
-547319
-123462
-211826
266613
-599212
394292
-354471
740693
359132
210994
-645632
-41316
-232059
675817
-514
539833
-533564
363424
-172187
344834
-629410
73173
-126132
392286
144918
211022
-849205
172072
185465
627613
-413715
47563
25886
-156527
-336935
123123
-914353
411196
245001
461628
-424011
-249871
85676
-99226
-960824
392429
-198674
805955
70530
-44122
-907837
-720248
-365984
281046
-1083024
625125
800549
1509484
189121
146018
-524807
-144462
-134697
630831
-672252
602344
563072
1517900
-1031738
82739
-98749
322917
234083
698331
-849170
863579
-425179
1849340
-2106261
-503133
-386101
208213
353601
737032
-503358
1396050
-982576
2532195
-2672368
-721492
-846674
750900
714002
69558
-348682
1358925
-1804657
2270391
-2695860
-701506
-1332846
1324463
1054130
-319107
-1807907
1469036
-2354241
1350050
-1790136
-658097
-1633879
1535362
1369974
-375039
-2905984
1397148
-1952576
540646
-1205668
-794258
-1763004
1601374
1625804
-510468
-2863114
1072726
-912452
-242595
-580871
-1021354
-1881155
1656280
1654963
-801629
-2504242
972049
37062
-1056858
-95223
-809898
-1944851
1900704
1843383
-1212110
-2450425
1024444
384379
-1146830
-881805
-737688
-1737901
1642677
1827152
-1166417
-2571654
1036546
699900
-1015530
-738313
-887726
-1670029
1640260
1431969
-805728
-2285332
924141
747972
-894005
-197420
-777231
-1793186
1909400
1236698
-794293
-1908370
921474
790468
-939929
-247470
-782901
-1923650
2137365
1486822
-756655
-1902309
800985
590644
-1336498
-98564
-953279
-2235089
2117596
1544465
-1034029
-1769936
866530
802489
-1310822
130337
-663601
-2022123
1861161
1675714
-793417
-1674358
938461
828595
-1505374
-362357
-845223
-1973255
1773442
1291310
117769
-1566983
421451
292651
-1277646
-586185
-1046853
-2202994
1962514
1058003
45202
-838102
-213209
7313
-1121347
198459
-723217
-1944564
1874655
1787215
-866324
-686766
-735186
267220
-1433535
793507
-709212
-2004415
1397392
2001525
-907389
-1493982
-481732
706805
-1084362
831443
-774711
-2241583
1166594
1850662
-511624
-1571736
-659340
1840456
-1122982
770469
-776633
-2111771
1443729
2054727
-338883
-965679
-925821
2442833
-1530608
-165099
-516918
-2094781
1676151
2043967
-306913
-922536
-673914
1551641
-1311825
-1188481
-501414
-1927452
1333258
1985417
-216556
-1325862
-355078
629687
-260442
-1566011
-484503
-1596851
1024902
1862235
-221170
-803686
-444978
957936
-130010
-1441000
-121903
-1233707
880510
1295500
-639336
-597804
-984548
998711
-246464
-950232
28535
-810957
663381
847253
-627506
-562863
-864089
466275
-262563
-781294
-144768
-870774
575678
291662
-233509
76808
-496220
-259812
-279901
-686389
3462
-791820
982225
-93999
-84151
162884
-414295
-960062
-304792
-705323
255742
-270643
1051369
-269325
-355712
106791
-206438
-1036724
-204309
-865582
504871
4181
604343
-415869
-704999
20069
-38845
-1088463
-280638
-341595
544751
-156584
247658
-702035
-274231
-38991
164548
-446023
-203270
-522527
402776
-259485
143417
-1214773
-399767
293410
-175334
-43582
215970
-381881
463941
-130890
182826
-995260
-769903
542130
-219136
-518965
59890
177486
530910
54144
136313
-715607
-790101
308955
57278
-937697
39679
123385
593172
182180
79716
-1023048
-909467
305459
321041
-328792
54872
-191956
670841
81973
19684
-1399752
-533553
336504
821431
-226725
-150963
-288719
563529
26826
-130621
-1562428
-461361
192116
903483
-387804
-242082
227060
609181
223276
-85328
-1473032
-723699
542858
1219838
205911
-577328
-243697
562444
97652
48101
-1170245
-211065
837658
1562942
420963
-1285820
-902317
208463
-275925
-5831
-990452
24013
850437
1076682
203730
-1033804
-590374
510335
-125104
415703
-768433
-159181
712618
515768
-609811
-434796
-401261
921408
-48116
746149
-588728
131498
606336
339955
-1248932
-487438
-370952
759603
-405460
127510
-908938
-25655
-215720
513519
-1246623
255620
412795
477160
-659743
-483988
-1483825
28669
-267428
645809
-140077
543732
375846
359033
-449179
-67030
-1159938
303837
652420
345441
99399
139202
-750641
518302
-293417
199772
-830419
-79031
203751
-53151
-172506
329883
-809929
659599
-475208
-194467
-813253
-128204
119452
86988
15250
692605
-657504
455125
-571688
-435400
-412663
295026
472137
335761
-419507
813337
-453832
422236
-540657
-136981
-333366
345903
-75031
-302069
-250971
882305
338038
329032
-598264
196589
-358309
-16912
134972
-432106
316483
1308388
295277
205813
-640173
437768
-166278
-484084
504166
218947
-289608
1398552
-82435
580775
-395047
505604
39296
-811658
-28502
757151
-863867
661202
174736
786746
-299051
141386
-374012
-701521
-477329
868053
-578568
541480
453601
456254
-545779
-80361
-887812
-478516
-276233
1108955
-419001
1229389
449105
384051
-580262
181219
-538592
-21300
157745
1522547
-846655
585405
280319
603024
-252151
188048
-46752
471652
29018
892125
-1182990
-453668
436127
610096
-19724
83140
-88055
100842
-112607
-47819
-1133626
128592
497370
316997
-498168
-60655
-406198
-293437
-235422
530628
-992980
813568
647044
181866
-778690
-130235
-208819
129427
-541287
825774
-488207
268033
910530
439730
-389624
-54069
-58710
297366
-590771
263171
135273
76882
607178
358364
-375066
-112986
-456381
262966
-431908
108155
33255
629817
229635
665782
9977
412411
-163096
592464
-283034
82327
-946984
159610
-314052
616031
-43368
13933
-446120
147976
-289582
-107117
-443508
229009
399327
506760
-354340
-418421
-870927
-197540
-179916
-60108
-189904
804926
783269
642901
-224580
34619
-731258
464979
-392844
525759
-520030
555413
-141041
388048
-273930
265623
-521795
518792
-284555
399555
-217855
579938
-768037
125216
-423275
280938
-97815
441976
-248080
321229
-317120
605878
-363438
293593
-338250
273031
-122664
691782
-436860
320251
183539
198361
-654997
337763
-440302
266230
-493558
621420
-298756
120881
98469
521961
-905215
399970
-439956
358584
-586106
186164
-284875
-30399
-416502
302965
-159458
446496
-489048
303870
-437182
-229067
-228770
-261672
-72263
-117190
-259135
287289
-789663
565651
-350565
-161549
-260981
-152469
539231
691868
-708197
297376
-669219
1097939
256960
-164684
-160873
39001
415534
744566
-964181
500355
-602701
1304390
416475
-460261
-705417
249291
-85920
689062
-558838
939126
-553544
1325561
4032
-1029780
-1059172
162852
-292033
613582
1008
1015806
-643354
712504
-325297
-1373548
-1149320
529085
14058
629692
171245
509206
-769953
-73898
-568803
-971994
-791052
1150285
740394
819763
201822
445348
-279549
245052
-321756
-406788
-94792
735675
685328
-127915
-428178
376087
-262619
616483
-336645
-425000
-19759
583947
320897
-456494
-786898
94725
-508707
300275
-569656
-290678
-235228
661173
172481
-65861
-606200
129112
-272140
265168
-307584
-244748
-66888
388408
-735270
332374
-635515
447904
-41508
437783
-242836
-595247
-247502
643099
-933103
-115806
-284006
416690
-293042
149423
-516046
-408900
-171330
1219542
-155111
-966043
-338027
312846
-282088
95836
-410810
-181223
-22777
851880
-470606
-835858
-763399
365958
-247709
197792
-724221
-257274
-507507
423652
-515076
-258326
-13221
187179
-375675
188163
-791183
-235094
-366345
-32351
-438187
123311
497066
158788
-264007
303269
-222880
-219190
-477412
-283724
-534749
965527
174384
282544
200056
306282
188944
635856
-119581
40710
-343451
-467445
-342644
115645
-24903
345963
-56075
581039
-89398
450500
201696
-341288
-480164
51678
-253003
308926
24579
99777
244000
-30131
-327825
125580
-688933
248092
-333102
354364
-7593
248946
335330
50221
-310520
-620658
-234398
381473
-146367
214020
-203086
-131579
-181869
91358
-365469
34534
240520
234850
-48476
214374
-438354
-67383
-516083
326376
-109411
549375
-262688
-86868
-322894
172302
-313169
528871
-148931
780697
473642
527928
-523742
-31702
-518611
239045
-307904
281518
82877
191934
143301
533085
-344028
815083
310785
813582
291671
195723
212359
-69403
-757157
-213444
-1249990
229826
-87264
486636
114247
-336913
-476373
-52678
-333659
-155864
23691
-77065
-914181
-176765
-532118
-359929
-542535
6407
232464
-50918
1363311
364404
-372752
416726
-653679
-755610
-1125840
-851740
-239671
-491385
1495862
220147
136947
428955
-256135
-155140
-1888418
-153422
-829392
-245271
433326
-41247
420630
67209
248117
898
-434455
163490
-430987
613498
-1287474
-157046
232337
210692
255817
84314
749515
630091
-465467
1364986
-2430117
-77122
179147
232974
-238152
174881
423488
1215354
-999035
1349834
-1997090
254968
226327
529152
-353522
163340
205833
1616446
-1581048
1377553
-2525964
-28936
296220
340679
-470833
220447
93493
1197123
-757403
991121
-949700
-97584
166908
457020
-609226
331246
638009
896113
-1171797
719664
-343103
138333
153248
535317
-456203
-45727
618456
422752
-824507
524426
-622251
-10181
195990
245325
-47613
88896
103863
490501
-856782
126279
-193586
-163383
-65076
223895
-459759
-15849
314453
474214
-492934
198084
58522
196012
226815
344378
-513161
209912
171692
552754
-726724
48990
-149910
-56035
-116349
504627
-672283
376845
310522
45845
-848695
-10523
638153
-48564
-213418
441078
-799314
-248084
661771
234610
-747478
281827
908623
426317
356451
507564
-649161
-225654
66271
426296
-244311
213181
137367
-39329
-43501
389340
-1142923
941217
-652021
969001
-195053
880919
-704750
142538
-126701
615184
-947313
857701
237460
444774
161747
-9488
-458001
220429
155690
548008
-285011
357618
350171
410082
-518101
-245224
-625564
238449
-156577
370475
-623209
-206539
57019
802973
-893765
-296052
192746
51560
-167276
-78235
-931999
-367160
287166
141254
193596
-393485
1185853
373230
-170165
133938
-1092649
-328517
752620
-303440
1192119
-1261639
1618085
786021
-148899
417717
-1391248
-349678
-113668
-158084
167306
-749201
1213374
511552
-164048
500723
-585053
197064
-99813
426251
-810664
-403156
237894
163136
-584741
488946
-408924
275752
871294
290366
-282589
-472809
58497
322891
-184282
590455
-404169
-64485
691620
-253079
-5104
-686945
145014
53811
82599
180674
-329221
-213428
630305
125798
820971
-549198
233284
-199553
-212487
22956
-797731
37641
696767
-70423
616319
56056
413587
-278951
-372148
74062
-890439
826348
442745
97211
853857
183205
-355145
-105364
94301
61403
-575811
352815
-185620
-263310
485395
450639
-247195
229012
349652
397842
346359
277026
-377439
85723
-701476
-364202
140288
166187
35330
424871
158496
698136
-191658
382964
-501649
-152064
-477199
15128
-61870
398072
-345981
551522
352990
43591
284664
-110747
-621320
-33244
-29724
304538
-80277
582496
238900
85579
74389
-110042
-491506
-33987
104680
172725
280870
391551
384314
-404099
-485530
-40114
-413075
179300
217985
350677
294192
424466
601144
-239516
349529
-350284
-1021064
85824
-159701
410098
214287
777526
-120795
149075
-92868
-132848
-595481
-62411
-374059
75994
-16930
126463
-662486
-355693
-260943
527912
664223
306249
127432
471666
-16712
-146959
-616423
-468472
-602194
619905
548228
-85209
-139126
46748
-158817
367492
-363477
-2989
192171
121545
820745
-550293
-580095
-663434
-511276
-142874
-261983
69444
428541
735886
1168101
-75663
-219245
45097
-198038
146999
334725
-260524
287052
109615
-87961
395286
339511
935645
220162
621576
451712
-269233
-375977
-430057
-1331277
351262
59040
614803
75983
221563
-870180
207134
-730206
393715
-216695
149251
-344817
186773
-273807
671505
-406503
440857
46921
266305
-256409
-30951
-168838
395421
-123061
710319
37525
245736
-68512
458044
-456087
214738
-11556
518403
-444237
280500
-851508
-362494
329703
218021
37414
236811
-90284
341140
-20463
17935
-544267
261993
181245
504137
-324321
167374
-102198
146725
-80490
-50672
-390800
531293
-728651
-38549
-361296
511751
21039
231274
-297109
-2326
-545141
75995
-355476
-587860
-84423
212515
-270361
32118
-564474
155700
42624
-233850
474820
71047
-329703
43187
-330740
384479
-141883
228626
429522
-273420
-46363
407166
-364747
207004
-121471
739887
447315
244245
368680
-427928
-700115
-575756
-150805
320364
-70313
490154
-42403
122298
-92727
-614453
-597129
-69466
-105598
-28398
-476166
48068
-777641
-56373
-337868
-380223
-9421
1457717
-167295
-97561
-655091
266895
-631405
260633
-336209
783911
-61477
831327
-43434
150524
-131159
192495
-100346
460227
-413557
367780
-172427
-133770
-257877
663990
341349
466068
154628
17638
-162807
-264372
-421976
527456
-1101071
206907
-164411
346746
-266001
-140668
-280017
78351
-939391
838588
-448552
339881
21798
624150
154194
294002
83972
149002
-1021540
-436383
-392335
-105029
-390012
-251345
-546559
-153690
-38537
279783
433133
469966
303369
209480
-264214
98165
-319154
328640
-342569
143874
-118957
452670
-344615
390566
154634
754718
491897
935337
-41550
598235
-825843
-517040
-1056664
-53746
-238540
317572
379648
21592
42010
8363
315101
-129971
-228276
-147369
-489147
225735
5327
-97761
15304
-26500
-231202
468165
232233
312750
-263941
119477
-611526
354928
-531611
230482
-77325
262869
-293757
181624
-221435
45202
-585602
-187484
-454257
-59889
-169576
715185
-455774
197971
-32028
204071
-134262
55108
-607646
130315
-825535
-13616
389342
140466
36201
247821
-15287
343102
-56299
515434
-169307
-327107
-660524
103429
-72812
390467
-136913
704763
-365832
1051805
34574
669771
-988954
181828
100642
357787
134449
193120
-390457
397921
-107787
487192
-333735
232478
-251947
-29136
-422550
-283742
-642257
226793
-77525
63142
199400
83959
-426290
-45978
-860275
-214430
-120355
-184388
257873
338378
276137
-193940
-384115
-123666
-440234
372125
458842
441053
271195
-386920
-200694
-238730
-491097
356889
-274526
673838
505120
492374
-212244
61739
-187457
434001
6124
1224031
-80700
719859
414554
-571635
-1092977
-474888
-769547
187020
-480996
789444
-463640
129175
-376746
-11232
-889606
411693
-317455
-17147
-402496
226054
-476686
99735
-447774
-27309
-478346
428329
334458
442044
30558
461198
-45062
342129
-57979
-556460
-487401
-69124
80854
405499
-181880
515337
-356567
456329
69641
-35231
-15187
-625216
173929
-29870
-456853
3493
-531877
605131
-86402
606469
436480
-283122
-126025
87166
-84321
148607
-181542
176818
25952
-4466
-589523
702495
-657867
299842
5855
339014
-174623
-64072
-499994
22717
-162190
733777
381670
136283
-130078
367149
183398
210351
174453
184922
-305685
342523
66576
320091
7881
317913
180649
407706
374459
421342
-304452
430245
-739856
462127
703255
71301
745837
743941
858491
-608305
-1234978
-1905706
-412582
387815
492427
-377806
336651
129795
494234
-395492
-1212880
-1045057
279507
339497
482284
-632539
106548
125361
218565
-759658
-1028004
-1030279
689538
482296
703668
-638466
-304547
-69739
-68938
-281414
-309948
-1173636
351353
455889
642060
-806751
-790058
-755501
-152732
69992
289248
-179227
226003
350422
734505
-277333
-223898
-436769
267342
119401
153383
-901904
-209277
260818
552594
-435186
34569
-611922
-97233
-277971
90154
-787613
736992
811545
1081442
-243365
222384
-481776
-930440
-1668307
-955396
-691374
914579
923183
1237175
-564185
-482414
-541497
-1214604
-2153881
-875807
119088
1847331
-151182
198899
-927176
-839984
-499534
-993390
-1899837
-104456
1334368
2730269
368882
140295
-951329
-551183
-333196
-667886
-1838563
-701481
1016408
2263071
964525
742278
-171482
301733
439367
-350181
-1636493
-1421608
55529
709953
829404
5573
-249503
1680828
1839347
1050657
-83008
-932881
-1238304
-954012
1122839
-825003
-610088
2698443
3245206
1884991
410254
-37873
-2213457
-1798027
1317769
-1492817
-1315461
2508873
4129363
1375950
80350
930122
-2321157
-1362148
1630543
-1413918
-1783334
2460920
4173301
616894
-871151
914595
-2412846
-693899
1516855
-1541437
-2031628
2510211
3634026
589356
-1374164
1892327
-2075105
-1184097
1250783
-1815736
-2124383
3035802
3513007
-201945
-2142324
2363883
-956403
-1194644
1296033
-1841686
-2352186
2837529
3330547
-205611
-2198705
1448639
-396793
-1302988
1068072
-1625147
-2203548
2494131
3065776
-499269
-2224928
1243098
-335801
-1227122
855102
-2008119
-2361804
2339749
2831050
-353396
-1747144
1184449
-202152
-1046993
1026507
-2227567
-2559914
2174219
2817907
-41669
-1503713
1204496
-281886
-1670541
1272844
-2101547
-2648586
2439459
2617288
-321946
-1585480
1223868
-268584
-1920513
1085106
-2277510
-3149135
2264907
2599485
-50262
-1148787
1559699
-119900
-1994855
1436535
-1755757
-3211658
1673082
2338665
617187
-612723
1184474
-553283
-2807219
1184240
-1820097
-2710678
1536971
2219099
983939
-143825
687343
-748779
-2576150
908792
-2231452
-2869379
2154966
2242411
1287293
-493141
214295
-1219997
-1948208
1194459
-1757420
-3162163
2208263
2151082
1170281
-1217085
-148765
-1098883
-1540625
1239237
-1727567
-3649321
1531395
2483339
563581
-1672284
-288247
-66612
-1255587
985415
-2041447
-3780596
799470
2161613
577573
-1497696
529067
985898
-1239295
1197441
-1666430
-3471282
1122327
2259104
776829
-1384419
573348
1228093
-2208595
1426425
-1198509
-2952126
1325274
2344056
431477
-973604
-440660
1329884
-2452940
1214238
-370169
-2183527
1652033
2344664
156568
-978506
-1256379
1188012
-2358540
635969
-173511
-1535872
2422663
2695512
1300483
-582007
-870372
164126
-2532438
718929
10218
-1274046
1767245
1869001
1228263
-103618
-205209
-101148
-2059646
905870
430925
-850458
1302531
1311909
1079251
934383
-98834
-508313
-2526369
640483
21817
-479670
1309092
642150
713810
1717756
232061
-453473
-2259186
604472
198580
464918
1611847
369838
389152
1233958
-193338
-429108
-2274612
842343
863383
951325
1757042
-216797
-31907
975446
-359109
-981724
-1856960
1220306
1724883
1490179
1850451
-504513
-676471
-272151
-574178
-987770
-1558608
923097
1646014
1983750
1831967
-58484
72687
-231846
-974463
-1453741
-1651756
556839
1197338
1599992
1465903
-368622
382942
314630
-338158
-1420841
-1610811
408963
1258070
1384013
1428828
-570157
63891
567383
2248
-1372117
-1488196
326721
1417568
1604199
1495120
-1006951
-1101324
277064
68230
-606801
-862433
319822
1375042
1574603
986650
-1238579
-849590
383436
415823
-340053
-938977
194576
1326027
1617852
425243
-1537328
-1256425
628174
1049670
-93066
-590506
-286796
964773
1210829
92798
-2267558
-1911886
364754
1795962
1191199
141790
71800
959421
730507
-97923
-2591433
-1991548
3605
2182372
1347401
35259
185035
900180
786937
141444
-1627787
-960438
149718
1768867
589117
-925828
-209140
325661
289409
207263
-1225994
-402204
661810
1345808
175805
-476908
450899
762754
509852
312594
-1302587
-247660
639620
227791
-788784
-867996
1331668
1735194
1367944
953653
-706024
-333404
81873
-901908
-2174037
-1590009
1166186
1991948
1063975
297663
-1112702
-910147
6317
-116733
-1178917
-1024764
328164
1073299
452834
-100675
-1618205
-538388
-97122
574667
137430
210733
321903
943136
382139
333694
-1219371
44077
-222304
447216
-44830
-115161
604920
1163501
211090
-125519
-1761227
-522399
-780465
-16735
715947
848559
770871
1295150
-92472
-413571
-1601231
-561880
-639021
-599820
-61548
1263789
399663
893034
-241152
-16837
-787069
-210800
-927799
-1319435
-305426
1539197
464895
802594
-128325
-81026
-665219
-333311
-1476364
-1552689
-813849
1638026
232735
538939
32148
448677
-749011
-443299
-880596
-836675
-414795
1165773
82536
634724
155849
1070432
-569824
-977185
-294519
-461889
-393128
770461
242212
1125614
387116
1212005
-348837
-1500905
-684762
-636458
-795325
901967
344966
1087986
260196
657044
-613695
-1528486
-713558
-563554
-1113577
914992
-49366
434204
-376671
-152361
-1152842
-1077086
424552
545160
-393745
905840
164165
574568
-453102
12331
-583754
-394514
522970
660332
-1148005
305538
227911
977687
93941
438002
-300092
115447
-38538
-136993
-2119658
241160
921527
1513049
439893
692508
-604498
-288954
-774775
-834844
-2256510
-410983
570093
863580
31121
388562
-232344
-428131
-640276
-208530
-1233391
242655
277304
840773
70347
468351
365875
-292118
-1078420
-439756
-1547208
655505
-59888
670703
-48946
355510
361760
624578
-374266
39836
-1387277
24057
-256696
489254
-79982
-6907
-246896
446620
53328
282651
-283313
18756
246523
1271009
934309
850418
200897
223775
-537079
-922278
-1494070
-364974
-47973
1132304
512432
372130
-342749
644379
-202658
-396685
-1258356
74873
-384172
422385
-207247
-198929
-883150
-142061
-153624
540811
15456
867031
-67403
244418
-275856
-460493
-544513
-211914
-380983
50043
354002
719453
254490
311594
-559780
-181686
-528025
32025
-398334
-147375
-9025
882096
254923
595055
-175368
223665
-420783
-31737
-897555
133397
23924
662036
293649
708349
183319
584044
247672
708778
-735657
-354982
-459491
65060
102091
535955
310635
479185
50445
1007099
142800
228230
-668591
-684044
84677
444416
89392
593085
-383664
240292
-196149
579306
-10266
-227236
-49926
105806
-341942
669465
-388044
-349180
-1697056
-55198
873935
1275320
-193084
-402468
-627497
848288
-17077
-292443
-1255066
-449806
717881
1543803
-57009
55731
-119934
1899142
881465
-340471
-1659728
-1093262
239662
848632
132249
479787
261023
2427032
1044345
-567354
-1030259
-1038396
-840460
164836
821875
1202190
785179
2421195
209143
-1670874
-2029188
-1230183
-781613
110902
781176
1411637
280183
1614129
-241838
-1821076
-1956554
-568652
-352260
321405
69064
845061
-176424
1036175
-632820
-1439591
-1079168
559777
299222
539092
231702
896772
272448
1383931
-386403
-753363
-900948
491435
-318210
-507480
565172
882557
490920
1435849
-26205
-375650
-667303
171510
-492910
-1315131
84644
526336
162117
855628
64136
354219
380940
257694
-544884
-1322782
172634
799750
392257
1166499
-498285
-453549
379696
361186
-454449
-1227900
689214
1259543
730392
934004
-746858
-895144
-127878
1125090
-515739
-1627722
552494
1178412
865662
1080192
-222847
-791261
-255427
1218918
-858123
-1473226
384497
1103905
891481
1256563
180054
-229286
-398665
23165
-1361502
-1582247
443127
882503
585810
695415
-166733
-310851
-450296
-70065
-1362658
-966805
246067
929157
591684
546377
-763409
-559457
-910348
-933307
-1243385
612897
43900
-148441
103249
170303
604396
169976
-1031627
-714630
229516
232406
253912
-185752
-365792
272495
291881
-3309
425113
-159046
124704
93997
7659
-143047
-127992
109505
-36002
-290254
456833
365971
54369
63548
-52452
-109627
25543
-357982
49173
207533
399490
260540
-677359
-368279
101854
-141531
-64440
-571573
20290
561209
756259
-82340
-262784
-459848
139440
102848
321149
-162749
-37844
165454
-39068
-516198
162762
-185827
124135
118923
194830
181289
-256224
-538404
-16161
74839
355253
287680
25297
-161535
-242817
153016
-108518
-1017521
-182569
629601
1046442
41070
124927
-124095
-354645
-260897
365430
-467515
-500417
690632
1094304
-390176
-122970
-38406
370891
-5123
355065
160656
37231
650117
466110
-702499
-250953
-371080
503244
295321
-154087
-180524
197238
-474714
-75178
-62908
-19361
-372517
308291
-53571
-3974
-434884
27315
-1207287
-71432
42648
-374705
-308378
906141
849673
170076
-546234
416752
-1634833
-848960
-1001560
-257860
-667557
609446
1873919
52859
-1000049
753514
-1266705
-1033070
-1169191
-54583
-782308
141649
1202277
263513
-960872
228851
593807
-267090
-1179816
-75712
-507946
41011
287851
112946
-554938
108387
938435
-61221
-287859
-55567
-177108
201841
-86548
-403172
50616
459572
668519
-467935
-259449
-101845
-114171
510182
188230
-681470
-217228
426450
1149628
-103973
-953787
-3617
86889
57845
-10909
-286488
26523
42944
38714
563383
266524
-105686
354706
-59337
-752012
242352
738599
-312969
-459500
400084
680567
-40574
-35249
216107
-251670
31830
378014
-28641
61800
-59689
133413
-102731
-536609
139617
248834
14807
267895
253701
-271225
-544516
85939
-54018
-301784
213894
-19104
-232879
56295
168391
-16929
-284406
78242
244765
-113371
-68208
-49699
77301
276220
339855
-97326
-287896
39334
-65059
-49306
-278275
-653137
665983
1026135
-277052
-1014788
-164284
138010
-172453
177895
449847
-1005615
225432
1110718
-556393
-1104139
611441
442920
70970
69290
419335
148951
-82029
-103843
-386812
-116691
446444
429637
179649
-69
-520390
378645
254250
-820869
-288901
647069
305728
-9653
194978
-116470
-648744
44586
614800
-560374
-256140
1049269
389390
-265862
-69571
-255965
39562
-19468
-87244
321393
245135
814033
-68257
-831769
113068
29638
290899
-328663
-568318
785353
199823
-73205
-323422
-912764
453216
235321
-49231
-481009
-97818
166919
-235732
-422600
125200
264584
570205
693000
87625
-849321
9411
-235053
53967
-367513
325050
720612
586982
772370
376104
-406278
-105616
200026
51963
-892769
-214610
55071
296569
205889
159218
-494398
-322359
952485
443700
-749713
-337819
-18519
57656
138025
68732
-1174515
-94205
1344973
520716
-551688
-640538
41271
-105884
202247
542013
-708516
-261272
736048
598119
-408631
-702388
433499
-30483
504890
685132
-736128
-602902
114611
254122
19961
362859
309118
207967
654120
-35666
-1079316
-27265
83425
-103536
4523
416315
159123
309286
500163
-624811
-595266
400701
-834471
-204320
917031
208428
-55125
155012
394495
9603
-44740
220898
-450791
-303446
61572
14635
67636
-7021
-127605
334216
221294
-227743
727706
481180
-1101134
-370751
678905
-48318
-59774
60052
31614
-51258
318602
393633
-131578
-74644
-111866
-78107
383704
86656
-362537
-181129
-417210
345787
855259
324604
-447194
13544
175975
-139541
-388878
66
275167
342667
292728
72765
-470491
50066
38308
-137326
-370625
387923
428502
40774
148490
-345066
-114706
-39003
28733
88908
-209224
-53093
-316258
585084
1307756
-65003
-287996
-36172
-484657
-211014
206326
18019
-275313
635946
605852
-265536
-310867
-111123
-461709
94682
368553
452159
68185
-673456
-765480
-161688
348230
-146070
-59784
378520
334647
438776
180586
-740223
-966299
354676
909439
197265
-142962
-208155
46129
93645
33926
-85910
-1009239
100187
1131215
389972
-132894
-202500
-118652
-100039
-330205
-637208
-871576
283051
547311
179637
179043
-148734
-569660
300238
-348683
-130417
847593
488973
-865826
-294545
16244
232741
-251692
436774
315073
177962
878800
489213
-1201039
-106244
-251276
402551
558578
56087
-167990
-208478
-331022
390382
-237368
228181
-174389
-277280
-132065
19958
-208424
-130538
223174
907798
-4003
38885
-29557
-468899
-218327
514112
55682
-198212
-186798
320212
660458
-90136
-86420
86795
680505
525968
-883131
-513182
-424163
17476
1181174
-137381
-235818
430085
386421
-367289
-522645
-203611
55125
452284
472214
-23663
-77445
532024
80065
-836343
359736
751621
-312112
-322683
-630484
326452
139518
361688
232915
-573619
-231625
927539
-157884
-734001
-471403
456077
221422
-172539
-171959
54680
-566026
84597
264943
-356741
299697
-88267
-164847
-18312
-374492
270080
159298
-141371
-122525
21929
445333
-315142
-355708
244649
-274841
265659
907453
684150
-551823
-363350
-93958
165769
-71644
-145357
-62559
858296
197395
-270707
-352594
-405642
-420922
45165
153856
22628
-123585
529217
-521526
-1076237
-125995
190100
286440
-81802
4732
64546
-165632
-484008
-440819
150297
-247105
399942
153930
200102
-266386
-159174
402342
121921
-458806
352965
314302
296089
-522936
220384
58899
230765
302063
411384
-367948
-650562
455563
345367
-270398
-91601
162187
311860
-289735
154299
580085
-266590
-340398
-163249
-399920
-121532
105347
203712
-408436
108674
802448
376861
-301240
86871
-661560
337169
292683
44311
-307843
-126277
-572020
-306967
-75272
177904
236863
266643
45033
-194099
-126335
115628
70833
70583
-163134
-96270
269363
-150290
-417943
-25398
279734
21418
182107
856524
431672
192993
-405986
-429713
-597949
392154
81598
24576
-226146
-71317
426732
538306
-549589
-159803
-378731
71896
-66688
271426
71847
-379104
-403043
546887
-70809
328468
149200
-61310
-27002
149524
-673010
-49626
517966
-97954
-506346
186351
185416
204872
-77221
113906
-182950
-352226
-87680
-234083
-572780
30131
36957
337858
-69296
-74791
513568
395982
-1010821
-702333
240219
71439
-53035
93983
-951
-328385
-122747
688110
381168
-147587
-320899
-104686
-347335
4380
490627
-106729
-816302
-488363
957318
1826622
-217583
-62945
-481299
387945
679501
-285661
-351083
-86897
34283
655561
323285
209643
-97972
514660
353047
-424392
-434892
-68302
-478879
-402063
244309
406857
248885
226561
-199982
-245835
-430484
195880
-199697
-856798
348205
377423
12699
-145559
-511647
-635366
-113000
790114
-70511
-549519
496109
20035
-35924
-355176
-662218
201328
283257
166021
199507
612885
-285540
-374463
47954
127791
-429829
784094
712447
150626
228122
-277960
-1038043
-437736
-7434
523534
-131178
-641
274805
-4482
-313494
-667779
-636897
47130
-53769
26737
-36974
248891
102314
-361903
-525679
-229553
-156478
113547
-24111
-51367
-157567
805998
559141
-257586
-617979
-195433
134665
68755
147925
125084
-154578
-156212
-235787
873535
-270306
-391280
360058
230483
89631
-247861
-335273
-427217
-478691
960868
670495
-428096
-663051
116224
43377
-40461
-18943
287773
15506
-329623
87726
-94404
-417531
-44030
24126
355038
254660
151684
-173558
-687381
-911443
591286
1119416
-96160
-227772
91211
-213585
193838
403058
-354479
-413586
594236
663158
152831
46263
20609
-364986
22991
352052
-300550
-221518
1020898
865735
391219
306278
354440
16047
671139
732234
576251
-640001
-1400029
-1052973
347072
222477
219832
-309755
81353
170807
-97593
-748991
-626848
-431444
438531
143953
71993
-459081
69511
96015
-152261
-775866
-621732
-221927
654403
453081
266704
-498537
-245414
-379408
41788
-192935
-183782
-526987
465412
350581
13188
-946649
-814280
-778899
210256
252189
566370
-75647
324934
341810
505873
-11082
216354
14078
462047
-30187
-376773
-1062869
210194
133401
188271
-393949
-296532
-551408
-533563
-434823
-30923
189086
1136857
947943
760438
80536
36337
-486066
-1299369
-1829004
-809967
-164620
677552
733453
312661
-747443
-849391
-1034381
-1305664
-1591189
944
1282180
-204741
-473694
-523388
-886436
-333614
-601244
-674306
-866892
893720
1860189
817152
477144
-88054
-640049
-160565
-510321
-907207
-1413487
-30009
546801
1066579
969089
366504
246085
775397
149186
-234198
-1765516
-375104
-960070
886364
427016
-427435
597939
2058776
1919429
1129954
-377820
-188888
-2590963
1045975
267664
-656416
605304
3022189
2981661
1197361
-239875
-184827
-3079849
1205528
30363
-1253674
-276247
2828617
2509824
864931
-274905
432252
-1776990
1515159
296148
-1063586
-258397
2836344
2044376
156674
-948274
-14931
-1662448
1286129
88083
-1407323
-406359
2431829
1707497
-119031
-12635
601577
-1008950
1089101
-125895
-1471976
-55777
2938760
1628747
-1071450
-569077
861755
-310519
1200592
-126010
-1453472
-423546
2293765
1458755
-819061
-593454
424234
-539724
1092088
-163602
-1356751
-241997
2159126
1173568
-757108
-887680
242458
-384523
929877
-429919
-1713409
-708829
2121453
1174902
-538162
-404790
569908
-190783
1428487
-293894
-1807794
-866238
2241635
1394646
-271083
-394012
398433
-848550
1400884
-224758
-1653898
-720737
2261267
1022420
-760364
-524836
438131
-560230
1094719
-432847
-1994025
-1217614
1922546
1326296
-65953
159315
855419
-616543
1920685
217008
-1624629
-1170005
1500773
1301095
556122
151417
-138414
-1581236
1186828
-374580
-1707268
-991951
1809541
1112280
928819
83855
-115924
-1283005
1278894
-463219
-1772321
-884827
2129277
1738998
334925
-347500
-762689
-1039833
1480470
-26410
-1660849
-930248
1540971
1708033
-254352
-813426
-706571
-466078
1505365
-128026
-1995493
-1637346
1284235
1581940
-366710
-1085659
-232207
275278
1277611
-475013
-2245745
-1836901
1052306
1174875
-333714
6390
612933
827883
1504177
23592
-1546915
-1281679
1459648
1514197
-151710
67735
-6267
-6757
1483926
188295
-1108559
-1122189
1461536
1180274
-148031
-756220
-96931
-237187
960934
448861
-361203
-213437
1691216
1080989
-130963
-1249542
-158740
-643956
202405
133189
-310923
292288
2237715
2130601
676629
-174910
-533171
-1224797
528103
509458
-166851
-82294
1172548
1028945
259828
320102
-334674
-727859
465572
710080
13626
76801
939637
892356
1196964
1057118
-327544
-1427839
144239
215462
-165089
160846
935070
253453
830819
1008379
88570
-1103412
104631
345578
686454
1014579
1270573
-31819
573097
364901
-245192
-1248542
400023
897247
1096153
1083823
577154
-528839
249953
114297
-440668
-1305656
665086
1376529
1719110
1536748
617783
-498999
-633058
-1000342
-602258
-874442
213019
809423
1584436
1560959
1059849
68592
190543
-404887
-950398
-1595178
49643
572501
1129059
992457
638179
-140775
176422
442719
-639483
-1413414
-1005
563257
1132005
1113327
541403
-209628
153204
441101
-404404
-1169974
-43571
602575
1363575
1410384
263055
-1175610
-902392
-141753
190655
-288524
39674
583938
1264297
913882
-143607
-949496
-69784
752279
302384
-559403
-86324
382417
1304051
731525
-281921
-1495159
-296777
458594
648589
-125159
-487035
-56842
781521
328736
-834342
-2160126
-916508
749442
1998635
1288610
232984
549389
747402
54258
-978152
-1934129
-968855
746047
1689814
545943
57389
272200
610254
318292
-77197
-759066
20868
705200
580655
-308557
-376779
-206722
151100
41852
-174361
-669693
134067
701120
506117
-99914
492141
719250
973150
317542
-139428
-671960
94684
219033
-463440
-1345743
1074386
1423687
1818525
1003601
615801
-437084
-204791
-824882
-1611650
-2186754
652195
1060054
1425478
308942
-503997
-1490994
-341081
-313929
371614
-372919
124115
79029
420742
-156227
-443672
-1061036
108681
332070
629778
385442
278729
484627
754469
318061
132261
-380353
-96061
-42409
35375
-320375
535202
701685
735631
-282682
-954326
-1483712
-863417
-545665
278051
1033764
638549
711135
679311
-320643
-791250
-762797
-184596
-514763
-419428
-2193
270336
232929
243183
-172794
-12641
-129527
-503630
-1488997
-885061
248958
670990
462977
510638
-115932
-90307
-647269
-966512
-1316980
-1048487
177256
136930
-5988
311206
82440
218306
-504019
-625497
-138926
-222441
85328
22694
230098
728353
516816
513263
-548702
-798883
-323292
-41770
-387988
79585
505808
994111
575003
385355
-722300
-1025165
-954689
-456866
-204751
494737
480318
619453
83938
13456
-1069788
-804322
-683180
-447128
-386723
-160467
-261862
-162120
-667337
-546034
-1151325
124455
795188
915511
-29652
287053
364110
463150
-229676
74561
-144872
575926
51772
-222295
-1062745
272767
375809
588541
321441
268311
-146618
61868
-623091
-1058225
-951300
1212955
1270016
1198487
623560
91577
-522668
-803564
-951031
-1151859
-1580253
74866
123697
176220
-309382
55648
-140120
-230672
-427972
133525
-192516
233800
443612
780930
390568
730765
160792
-390099
-1148865
-1052539
-592873
-203806
-104812
136781
-102141
195013
233054
593865
343504
-228612
-463119
-125564
-63813
360669
-42188
-18651
-226211
353822
126021
131814
-231045
233085
714073
1459440
1047706
866642
158544
-27478
-1195246
-1245810
-1401381
-214238
156427
587617
-19626
-325385
-208244
269980
99930
-281669
-228840
-330860
-275136
-29117
-460024
-355485
-525268
-225695
111366
748547
559861
447670
31845
20133
-523979
-120020
-653623
29126
-445974
258239
252825
358700
169142
-27408
-496896
-144851
-281320
71994
-405902
-46790
35676
231527
376392
506118
137092
169309
-295542
-324108
-765916
266413
324944
239531
362048
553123
315543
621256
469600
464499
-409216
-545261
-632715
-6115
28834
482134
189231
457470
101166
739526
341302
127249
-922678
95239
119956
379177
72541
189250
-278758
-196733
-23166
471917
126250
91629
-228480
-141792
-236801
282405
-311680
-1164165
-1281928
73474
1522912
-143651
-485162
-333321
-280217
773902
-3316
-620611
-502514
173905
779468
63620
60514
433786
804215
1790461
500517
-886883
-1559225
-883281
-77970
-122415
145814
746403
886982
1639932
106712
-581630
-887597
-416501
-724689
848472
1031501
1486979
1124114
1235669
-907660
-2004426
-1889410
-939552
-615485
429851
533036
779759
203825
281207
-1018334
-1224977
-956320
163009
229403
144151
63004
199915
160722
268605
-808782
-657121
-117555
653940
421211
643283
444420
651882
796971
785280
-322752
-552819
-152998
-162766
-703683
691275
521925
752958
571455
741425
-84332
-243316
-300534
-288949
-816742
148828
-12021
228387
111621
449987
175789
891359
494577
54946
-940629
400879
468194
772454
796872
461703
-559985
-482571
-109463
420030
-1038504
822700
863442
1095527
561236
-50983
-914857
-513183
367514
894802
-806653
485326
464855
945923
748905
692665
-145000
-232697
81018
28205
-1031903
575277
506464
954746
884425
867997
45610
-207106
-532016
-801640
-1538434
691221
362912
616675
156546
219620
-531110
-184274
-319280
-465154
-779270
251220
298394
808715
433330
62705
-777218
-695721
-1003573
-1152548
-303986
-127718
416953
27344
145650
41500
306515
-106688
-95620
-694165
-125914
-69189
149290
-148984
-88989
102408
363532
-385534
-123028
-431978
61611
30231
254116
-344928
22586
-287761
74549
-62895
-304012
-31493
190349
27810
306200
-122801
73670
-131624
-120134
-369136
281830
-89200
143351
-25524
407133
-248415
-178100
-470579
-248102
-11528
390299
-242678
236419
-118626
146627
-237572
44181
-33554
349481
218402
388016
-154731
-289291
-118197
367437
20321
61296
-34006
131685
-543046
-229398
-598359
103884
234606
470030
-910
152498
-238069
176024
-499298
-370031
-633136
608059
75411
541285
7261
17217
-478649
-427577
-791375
-599710
-255806
648595
-173786
-90738
-823397
-412107
-174717
23602
-523206
173524
380386
1308008
-802
374508
-112855
-93921
84164
143795
-490713
222371
-176318
258691
410478
369821
-173484
367564
2240
544854
-450750
-126142
-614224
408641
407284
293466
-438675
20881
912415
826282
-60152
642130
-293614
-236172
198131
86304
-487895
317636
1095257
1614132
816
538288
-940236
-180213
559204
-53215
-698036
313049
884177
896048
-282546
187381
-620023
404426
505129
-74762
-773279
173318
1103967
600265
-768701
753068
-929397
299915
602985
-31266
-934493
281563
921593
151957
-915255
474859
-165037
637213
345810
-115630
-1090038
236117
1113135
766794
-1186832
649251
-492707
606012
395957
-129243
-719591
486181
666718
-93047
-866188
804267
-231037
-195308
476525
-198987
-1004469
462300
629022
393175
-792418
78905
-70608
80338
233292
100818
-1065267
30032
879627
82083
-799234
402449
211760
-11299
564364
-122875
-1092989
178912
663224
465320
-520482
450831
189758
-342292
395052
-53092
-1093937
352989
961319
184538
-697244
49363
99941
-443919
317553
-69853
-1068426
129074
384859
216195
-540611
646855
421186
-383095
689918
56639
-1096112
442790
363630
144675
220994
586126
-100415
-821039
368790
-41306
-1369967
361214
524756
432060
-125797
282797
-358771
-735811
215518
-41107
-942238
-76863
815822
735910
-21151
-310629
123159
-613068
415597
-15190
-875286
450386
268690
696455
-568980
-298382
-378609
-77990
400208
261901
-1260585
-84842
315853
435265
-388734
-590807
352093
-147618
411993
-144134
-1472641
-59960
692760
-140439
-480047
4263
821987
230237
198046
111010
-977612
23566
579598
367973
34405
111847
652982
-541943
351915
245504
-786030
265185
559716
426714
-284873
-372865
189559
-828636
105113
124277
-585290
500738
698678
169997
-134321
-687950
508637
-547440
-127412
340983
-625616
409042
893543
285362
288157
-119425
390414
-591013
85234
381904
-369084
644161
477802
123127
-87461
-44518
65472
-468194
196275
319524
-425447
332846
-16626
-125556
504616
390815
352257
-420289
77393
224072
-560121
315774
444414
40926
260909
125187
14392
-698281
-43839
-70201
-44307
863654
105668
-192115
532499
-99732
-218528
-16578
167010
410145
461150
718711
-136184
-279270
9909
-107829
-66002
-656730
199710
508507
434234
631848
-219122
162818
-113208
-786870
-284250
135555
143333
393836
136310
753871
55692
-345327
-25917
397827
-360167
-595575
-60171
299515
211209
366475
97212
-80364
23911
188305
-262783
-387253
-51060
88875
171160
506221
-327007
119434
156695
113227
-224299
56686
-77830
212260
266411
691996
14083
-360899
-398745
-180917
-131672
73483
-69901
380506
366489
402938
-619057
-806106
221576
535505
243800
142264
-120704
167038
210733
362542
-375387
-143214
-99386
139191
128884
-201240
-228951
95545
142118
90649
-451902
-810956
-400973
105336
631875
817399
-61659
452668
133003
8535
-739823
-552574
-284869
835204
704537
5290
56008
142769
-141089
256783
-421504
-167309
473440
497671
-52917
-347072
-259538
9697
-45917
166984
-88870
51317
-121741
484463
-170305
-479234
-47926
401628
201881
372934
-272969
-126021
168046
311063
-226967
-453567
360878
692717
398894
568388
-2722
172115
76019
-324457
-1035084
-728846
172024
474764
444855
531557
-611119
-388169
-550787
-494263
-62315
439609
-34675
247883
-494716
-160687
-496111
-448924
285539
631454
111535
354303
-273676
232457
28272
177590
-172767
459062
-195344
338505
-112725
159173
46058
481805
136926
437470
-690158
-378066
-313989
-403784
-387412
547596
84242
372949
-9099
-241709
-752547
-290
-201828
323082
121700
76996
-18624
320305
-396493
-16745
-32065
542840
-47010
-666462
-869193
276213
-17550
301216
-96691
347419
49762
-300105
-530369
-404662
-300984
506633
-116442
160329
-248182
98688
49807
-192925
-445084
248762
-202629
592188
-365075
208186
78361
423112
49826
129546
-272487
109322
48689
-136654
-137975
409171
174894
519041
-106085
-307105
-75931
-285864
-502227
56859
175869
536674
-194091
290447
-135226
-601076
-386268
203728
-442823
139574
-232181
92796
-400691
-109324
-432635
-562359
-129733
703987
63000
446093
-264814
266363
-53220
-28170
-401240
505937
645084
394809
-259059
-200617
145569
278842
-136242
482754
204745
106059
-122381
850
-1095010
-374005
154364
759766
312408
355475
47926
11178
-775243
90967
-850558
54386
-76961
315666
-229932
-114351
-493145
171571
-284932
-130544
-265523
152796
-227970
52190
-107007
314449
287331
229931
38727
82893
-483221
87261
-77596
215165
-129389
205239
-127726
-141415
-273595
507708
-309373
232636
-342826
77268
-149182
114488
-136090
324132
45893
344623
-315946
211043
-153713
403766
371026
436383
75967
494473
-101381
-217744
-373348
-655800
-95142
434318
205308
195327
-309882
-367425
-251880
27846
-499940
276259
-265054
121906
-482111
-303866
-349853
383703
-425408
258145
152576
611362
108858
201441
-293255
184296
-436677
-198403
190048
87130
-162943
468464
-78422
226951
-67087
-216777
-104698
157284
-279678
193097
-268585
19165
-122094
187572
-118732
452208
-215617
483146
-365283
-502761
142260
646953
8462
359401
-4693
260794
27891
78260
95502
595036
-526204
-109805
-154544
147320
-125747
433985
-10513
417415
-336051
291614
69627
-262985
-116189
228110
16800
20002
-99222
218752
-91490
-135292
-225274
491559
-22739
185542
-436101
95250
-260775
209503
-453090
-420822
-520498
761841
-255073
49542
-575438
119317
254459
-170590
-756022
251388
557177
464485
-154337
65571
-167167
669458
460968
590328
-52271
-524461
-561623
201616
-252448
406920
9275
873085
486922
-153449
-809011
-71423
160477
-355461
191239
684646
164938
798287
386156
-332929
-537999
-532268
-848652
34928
119738
498008
-5757
409302
-664230
-619486
-736468
-110859
-52
574656
-54968
182262
-655805
220388
-59282
-279331
-173311
344294
497292
391738
-61210
345095
-174917
525347
131998
17135
-147066
507049
-117934
-171846
-27548
461627
91352
485116
-112053
150943
-82476
12473
-361117
-312779
-71222
69775
-251413
309765
-237507
-3836
208714
526174
49848
-334705
-173683
236102
-30888
371533
406862
241754
-589893
105135
-39388
-220084
105368
548838
322183
577722
-585746
-515496
-214918
67013
425890
144180
41343
285112
-63179
144544
65966
97359
16035
680683
-460625
-558342
-10660
279326
96454
555226
182639
87198
-192001
244309
-726312
-563991
20420
368452
-4973
283406
-220300
-198754
-231256
-191447
-297251
-15605
-213109
48228
19329
221626
-131041
-177517
-228991
88759
-928929
-74090
253531
-169216
134840
-121058
-269467
-921899
-554045
-78538
769002
679848
419647
-133965
382841
415243
426693
-316644
-548415
-732809
3653
160879
350781
-285889
120931
372382
439810
48046
-78365
-605763
99098
75679
245602
-433270
-124160
237049
422002
-124861
-123034
-705982
-34690
638177
278606
-476135
-146460
217919
719834
152680
-53908
-863305
-386201
329525
438947
-339698
-260319
-416985
105052
-205304
79959
-530710
76797
338150
486458
-296949
-217460
-492826
-23901
-21466
657325
-175984
318252
102358
61629
-557219
-175909
-162145
45495
20698
988686
295817
401531
-143311
195123
-575359
-329338
93484
211578
-390556
633308
470004
645649
-287581
864411
249852
216451
337228
349723
-812542
-193962
-89402
220236
-826072
223528
-261822
-108258
-234841
-4733
-971446
-139021
338128
1258790
188467
-449043
-969276
-327330
-468098
-210403
-1134044
-140562
447722
1939354
706548
-127320
-490643
241427
-385864
-736737
-2072139
-587665
-1068698
1516210
719475
-256880
-404393
912501
384254
-904545
-2299009
-280493
-1872478
1133683
-18282
-491373
-909889
1235969
1630285
-249119
-1785624
815094
-1664324
271833
-1676393
-567102
-1366838
1125817
2157963
369792
-1714126
1344852
-1065234
12311
-2041352
-464231
-1644268
997206
2034344
498373
-1716942
1312341
-803613
-229811
-1900696
-300533
-1500790
1164348
1934134
66419
-1867400
1365559
-234749
-1001221
-1866198
-429687
-1683223
1111345
2018697
-123325
-1857932
1258800
589164
-660559
-1725957
-434745
-1698551
1036199
2156039
74010
-1938235
571275
805729
-257261
-1367391
-380228
-1487058
1064468
1965940
-73146
-1765071
489891
523218
-635264
-992722
-711489
-1635413
1342186
1947531
-190289
-1758638
176532
439391
-710575
-449389
-751616
-1956335
1143593
1817001
-296700
-1537278
558972
707628
-813312
-412835
-440621
-1999710
1242560
2030958
-110537
-1487106
350448
443011
-1333842
-562744
-751109
-2275031
1027120
2048971
99538
-1508582
-152380
350224
-864722
-50914
-544612
-2033440
800462
1525444
246650
-1011058
-227228
432705
-681101
-266034
-321049
-1718217
1070936
1173242
13281
-907641
-25758
235970
-630470
-604917
-653765
-2117518
1051086
1488775
57375
-798699
159297
566255
-636580
-325383
-566251
-2096865
830633
2236940
387123
-941313
-137875
816872
-1015081
-676994
-368094
-1830040
791553
2244673
460075
-950595
-465770
653127
-1298356
-806574
-442688
-2109246
245399
1735779
215986
-881368
-896643
925428
-928944
-439678
-452999
-2332145
25063
1522018
-115137
-711475
-749659
1666461
-442482
-538552
75719
-2054303
-114654
1178887
-67202
-624625
-594124
1450587
-290596
-922487
555017
-1522196
-64819
865236
-326502
-1173046
-1014414
467661
23446
-561962
409078
-1210250
295422
1137609
106526
-488301
-978819
-110143
-190396
-810856
189406
-1191183
265619
1108338
494401
339806
-909051
-520886
-497717
-833400
404968
-694981
397328
517199
-4408
554015
-558719
-593762
-660244
-680258
395053
-515631
340717
-224131
-297223
1021234
164887
-301187
-626465
-978975
170728
-734927
176035
-471260
-208918
850837
352618
-148924
-273643
-689416
122600
-543792
152198
-532739
-233172
575890
620543
140086
-136362
-855485
570339
71327
180713
-734716
-640034
-99460
186925
-90835
-104026
-402861
817499
518783
647639
-414390
-336823
-128437
-470166
-819887
-70265
-346835
618102
347126
704576
-332033
-287529
439352
-68878
-970885
-521955
-459055
597237
260466
346910
-586595
-491222
755386
765167
-454147
-724040
-745307
504533
354142
333119
-476392
-347186
684311
524077
-618574
-619707
-786265
544937
508581
390591
-509992
-435084
416390
300307
-347716
-473650
-599154
758397
682295
466509
-700823
-244445
915707
1201989
-99962
-1155074
-1371486
342531
332827
461977
-672094
-383409
544214
1262892
203569
-1029927
-838445
167688
124799
329794
-868192
-990572
-296098
711101
659141
24903
-44914
613406
380325
446108
-750296
-813640
-334869
438392
495571
-122277
-190510
144213
-214357
129562
-607526
-398317
306798
487228
92023
123625
300591
-161521
-782600
-409539
-969472
-701091
209214
555303
141411
697046
1124738
507235
-271054
-108622
-694053
-115603
522572
623240
-434309
-574391
-174172
988480
477037
575047
-291026
269091
276997
212784
-997792
-1035261
-1041660
699025
260092
384276
-916611
-358452
-248270
141103
-87802
164108
-593346
274775
-338795
100821
-600957
78830
482540
571717
285566
481717
-1011284
388513
-253959
46897
-312302
319163
207385
126879
155293
714058
-663379
609768
-16178
4928
-580998
-441495
-515679
-112998
332423
1453829
220435
401869
-83705
-88823
-479979
-221950
-141953
205372
116724
1047175
213305
429237
-161688
27596
-337445
-193675
-66899
-309686
-740676
624527
637223
640662
-179898
89992
-438495
-764407
-64453
-81687
-800243
362857
579080
493903
-460117
-29989
-204594
-801478
-54537
627798
-229764
608132
423579
389642
-256823
224000
132741
-476196
-192952
558063
-254518
398035
475710
614054
178873
636473
257422
-72513
-89669
56347
-1191085
-213102
446439
481883
-229912
233122
-145565
-297812
-454961
68209
-1006929
105022
814263
216913
-524219
-178208
-631899
-409740
-455730
736681
-128430
693689
994591
29523
-512503
-368635
-631143
50222
17062
810201
-313429
316782
809400
423900
-93623
190620
1622
-29357
-239006
398117
-817016
-265982
246551
826127
91524
150936
-65159
-365899
-853728
277792
-501789
41660
117573
583598
-75761
-864
-75959
123475
-675439
-210841
-583863
157224
562707
617576
207565
240714
64237
516958
-189778
-484923
-907925
-352712
48448
241402
-359215
-441969
-763635
-21970
-72878
294081
105057
547575
405016
517170
-4219
-22612
-346150
310023
-86731
52330
-509294
291305
192861
758821
508966
615845
279921
608445
165245
-9950
-892413
-756774
-510826
133161
15935
292732
-187223
101867
182139
391345
-142549
19903
-193256
-14021
-367592
166959
-234878
214841
-330147
164178
95818
694768
-8208
233996
-494027
-76832
-518961
44839
-288309
214263
84497
564525
-289032
305440
-400583
-193081
-573723
-26371
-667387
-98420
-67834
616963
122683
456302
-39661
169395
-380278
183646
-527980
-588326
-402263
409900
1281
436027
-92657
315875
-223041
422533
154578
249255
-540464
-245456
-708048
295245
-95580
589954
9319
38803
37734
906603
669677
42684
-1510091
416395
-102513
701887
161842
-396899
-454297
253007
574161
610455
-959387
256364
-628001
342270
-203732
-908239
-865662
-309611
493070
1472285
280364
360464
-795362
213632
-43883
-873496
-728242
14007
297066
887544
468642
210895
-925303
287766
199472
-468057
-300768
422621
49527
615332
398366
435513
-605284
562811
456534
-221637
-315950
528055
81675
-36273
-301163
901360
47080
924747
461054
-341876
-865358
-186483
-595274
-376029
-426425
322178
-159254
406486
-377697
-693104
-737247
58997
-83227
214883
170268
72553
-377321
305877
-310364
-672007
-621458
31325
263142
267878
-8514
426613
-40312
681705
115481
-220983
-519288
-422350
-320035
-296325
-470887
360014
-130402
326421
-259144
-104860
-9775
332272
-359400
-435912
-419259
-8630
-447978
-52314
-388081
-64354
499659
1137617
-425421
-775885
-608066
319314
-52231
187631
-221008
-510882
-523028
765452
-163707
-605520
-458435
443762
128416
227018
-463026
-757568
-670058
626809
381144
77723
-404995
215127
61500
424163
28184
-71514
-177543
359445
-115981
-103816
-499592
431940
72484
396101
-141674
119417
90178
350053
-232072
81753
-335723
-81121
1590664
-349156
1181173
-399358
189523
-1349805
-89396
-1799770
138280
134128
1666120
-156368
1495419
133268
1405588
-758444
-1512825
-2901538
-632837
-205716
1758038
-812245
641747
228418
1683994
-398393
-936294
-2949657
-137374
-286399
1830049
-1132704
119827
131041
857456
-1013367
-533172
-2575486
609871
-181088
1744243
-1212552
75984
-398996
843866
-1233812
-16025
-1801449
4434
83389
1878469
-1028888
-138987
-1495061
356670
-1034264
1294684
-1624657
119804
-54428
1690803
-1155685
-72230
-1847181
443827
-428614
1742532
-1658729
802559
-353352
1770934
-722079
561324
-898800
574817
-772838
1017031
-2273900
346291
-124659
2004089
-801280
62847
-621524
-103452
-2180503
138519
-1959729
1788045
524108
2532860
-228884
-95543
-601529
-29636
-3584757
-1388635
-1927247
2703167
54883
1687700
-1080008
-912600
-1487579
129857
-3726373
-1134678
-179957
4479688
-158600
808383
-1605868
-378504
-1039736
545630
-3512822
-265769
-309837
4728631
1336468
1193686
-1276985
330736
-569096
914442
-3630376
77060
-2930923
4582594
2138013
688551
-1152663
1280921
1224469
2295687
-3163108
1790294
-5019676
4194575
2400892
-53867
-2349006
1847903
4301596
3477835
-1914328
3921638
-6383564
2778892
2673347
72468
-3753145
2160908
5946586
4255183
-2613378
4357669
-5910171
2143212
2879928
1852
-4869863
1960876
5831944
4495723
-3866657
4311599
-4172128
1263204
3062432
156948
-5133402
2210763
5731000
3582638
-4558799
3711745
-2843000
-8051
2897410
-306447
-5628401
2328958
5778961
2653960
-4529640
3246246
-206683
-1064456
2547748
-374003
-5630088
2626539
6083617
1729173
-5033451
2429520
581321
-996066
2296964
-402708
-5380230
2157818
5076155
1676739
-4138394
1485306
274263
-1059498
2046928
-553798
-5334122
2136024
4537456
1756099
-4162706
1040192
863609
-1393551
2198243
-548796
-6346599
2098472
4421103
1671648
-3571744
1482612
1268267
-2114155
2518843
-414327
-6778793
2332255
4536346
1684036
-3517064
1382712
1175451
-2986655
2295000
-191487
-6965509
2212614
4264595
1298672
-3366407
1502522
1700308
-3126118
2419734
-90730
-6942261
1607826
3499708
1890445
-1912007
1934518
1189503
-3434841
2714192
-43121
-6524442
1886967
2277633
2547415
-666960
1137421
-219231
-3405780
2001630
-425913
-6642134
2206049
2490180
2893348
-312800
358394
-301422
-2854870
2016807
-69094
-6558357
1510912
3919779
2571514
-886330
-1111050
369989
-3491453
2164206
387233
-6376540
177442
4096385
2480052
-1789357
-1990769
1548588
-2965371
2129280
262409
-7125119
-419971
3997534
1988406
-1931412
-2301923
3465773
-2556432
1981643
103843
-7060662
-62330
3595200
1115702
-592889
-2041408
4753277
-2717447
1983266
961829
-6294695
481220
3555409
1421006
-329510
-2390966
3674901
-2956166
1602952
1361676
-5203425
911992
3245918
1741494
-1179459
-2146329
1941460
-1603624
1017371
1516330
-3731837
1490484
3651982
1879681
-670897
-1762968
808132
-1350469
729438
1397082
-3118580
1909206
3789615
1604488
1042827
-1403059
390203
-1979839
1272136
1405785
-2370627
1748533
1944909
580288
1983518
-560716
470517
-2138723
1279941
1032674
-1848331
2082770
1034223
683868
2763325
557244
-66634
-2929514
765160
580233
-1478586
3125242
329108
3461
2238776
1009199
-700769
-1853515
562601
1084740
141579
3773019
-380860
-33946
1447404
568030
-1278273
-1329780
763055
1884137
1410318
3075843
-735814
-35621
102426
-44562
-1368988
-1205985
606311
2437716
2031127
3171416
-212422
42726
-994200
-465984
-1307147
-1488136
114349
2096967
1566070
3447815
-101876
-156071
470914
190363
-2309093
-1935748
46126
1771911
1180137
3114412
-379817
-897100
1217364
652474
-2023148
-1651986
-217770
1563759
1669262
3028022
-398238
-1170214
340058
620748
-1329377
-1047200
-430097
1665655
2099307
2844582
-1121097
-2250869
-292961
1031849
-392924
-192028
-641196
1768320
1861004
2415991
-2025668
-1718511
313380
1570597
115541
-717233
-1049336
1530661
1583310
2202983
-2704768
-2164429
-1132059
2055088
1418922
-69925
-942251
1358796
1023734
1521632
-2976885
-2991364
-1759098
2914926
3043655
405406
-131210
1528595
460558
1332810
-2651481
-2445201
-1002519
2745134
2122201
-574651
-450997
933149
81630
1589565
-2012445
-1084532
103291
1953202
820831
-1024994
-548913
1156845
-89841
1454487
-1822298
-1067503
419254
1968710
-712149
-795714
295802
2644018
503380
2022533
-1525356
-638119
375211
1097772
-2935231
-1672873
526851
3263945
1177769
2521057
-1828595
-224492
-935833
174079
-3004962
-913479
-19097
2634724
662884
1576383
-3082383
-430816
-1275309
1116737
-625217
811628
-417398
1779981
-165416
1564900
-2475187
-59128
-433975
846699
-282207
1426037
-73436
2223836
29117
1506653
-2069155
-438096
-764977
4729
-722334
1955738
22270
2436366
37801
399905
-2947370
-814118
-1104483
-460560
-406703
2778655
-76958
2289065
-214119
-104506
-1760793
263541
-1057660
-744595
-2026655
1733725
-174650
1837879
-730958
493689
-747591
34398
-1745387
-1754079
-2343424
2204009
-122216
1808220
-898047
1144931
-707243
-1168670
-1235528
-1285196
-2088114
1989987
-716183
1557457
-926285
1780293
-21563
-1690682
-813492
192966
-1737249
1702278
-827309
2102018
-289708
1985185
276568
-1722496
-1640567
580385
-2082464
868476
-555162
2321451
-131478
1778073
-268576
-1521742
-2094803
435244
-2385225
724336
-402131
1746340
-826466
1384585
-1408584
-1564101
-1570845
1720581
-2519041
1117221
-837854
1375897
-1149674
729454
-2015179
-470720
-452970
2933224
-2129675
1045869
-378219
1852908
-516945
844828
-1159515
960846
-769331
1571132
-2983999
-539637
30641
1930096
245180
1199782
-622781
351107
-1383024
734895
-3629327
-463424
479910
2500962
161282
896289
-386235
-216777
-1973098
719424
-3585429
31948
-434330
1782692
-671471
651115
-15451
804188
-1931954
578073
-2238951
537805
-458914
1744134
-155272
1167844
-81395
1040075
-1459917
-171824
-2093196
-264500
-1004477
1018803
-427378
854347
-961297
1160628
-60568
891621
-1514884
303488
-1038319
1538778
293053
1347315
-957830
1317559
-598220
421683
-1970728
287459
-853329
2145202
976436
1596848
-567842
1111161
-966789
-89556
-2632630
-610175
-1169511
1497141
-184479
393444
-1295560
454575
-486437
798602
-1193435
787485
-799989
1070700
-1105394
656327
-1515559
296049
-1229583
1073314
-706464
2034127
-164305
1045327
-1238809
655389
-1902040
883549
-1228477
533503
-1152578
2318680
-157144
1211782
-983166
582191
-1325065
1168767
-1581111
135251
-952693
2275469
-186418
1509891
-354581
1134831
-963104
1496958
-1809374
141492
-453621
1228086
-353260
1403732
-439465
1632602
-707301
1795976
-549738
591178
-1360741
231905
-682085
1328418
-577498
1723381
-897145
1123498
-549439
1327289
-845600
234643
-562101
1316312
-1145900
1354203
-408055
354902
-1415637
-288503
-29936
2002188
-744414
967047
-2246948
1458323
265142
-80389
-2249112
-1413781
449102
3470242
-768357
953526
-2512633
2404958
1186458
10164
-1625521
-1014543
-493912
2237177
-751457
1567697
-1613705
3510474
1965247
182049
-2569270
-1270178
-1212878
890360
-684077
2479934
-1099254
3849692
1669290
-663209
-2913598
-217515
-1922408
-252889
-93764
3168845
-463548
3559208
536986
-1721200
-3747277
-901286
-1921287
815328
-485311
2253359
-814290
2266758
-547369
-1137163
-2884486
131704
-244987
1490105
-331993
1429307
-684109
2407548
-400803
-943148
-1959132
575056
477315
297312
-14228
1677777
-223591
2691585
-66366
-444720
-1231122
249084
-295653
-919322
-110974
1609583
-409791
2210178
-432514
302872
-524502
668594
-607676
-969254
-376215
1177529
-306718
1868869
-325082
518638
-421277
1875109
-1178934
-987115
-18630
1822447
520182
2138197
-240664
-1104370
-1798381
2462128
-759185
-784336
65056
2164190
596931
1775101
-539156
-780965
-1522137
2486060
51207
-1629700
-190247
1862371
493112
2231514
237354
-50458
-1228815
1536696
-1438531
-1775761
-46326
1837746
346974
2289096
-266448
68392
-987474
561672
-2425789
-1175552
791300
420144
603775
193730
143718
-536298
-276189
-939099
-809921
-229405
804981
337191
743567
345291
760425
147519
-877762
-1790389
-1212566
-373737
843537
93317
131934
119156
708797
332009
-537715
-1775846
-827846
-27005
881115
30613
-156644
12708
399092
-353935
-510776
-1375848
-377077
571691
857347
26581
-250594
-320639
129595
-550697
-295915
-824785
-374852
390794
898033
31524
-311549
-812700
-187462
-414148
462818
-252637
-293218
-75248
814949
9436
-160884
-883996
-199315
-105242
543935
-493399
-213927
-83360
889704
244157
250362
-336610
-87033
-186601
97984
-1110422
-587222
73347
1086134
387851
57819
-269653
-443061
-1271389
-749526
-1372162
40974
923594
1267979
438373
-320144
-547471
-309010
-1822527
-1624356
-1433233
855683
1407814
839243
67076
-707500
-1094962
-263367
-1675686
-1546977
-566760
1974046
1734029
578107
-238411
-516640
-565489
71797
-1343678
-1147193
-589404
1980738
1139863
1140851
40027
-304098
-179894
718957
-990577
-725413
-1373110
1425203
-32756
1006619
-123534
179322
785847
1971802
188564
236101
-1862899
684545
-1974756
845297
-919535
100926
2212684
3183275
827667
1552039
-2163184
-219401
-3585375
993999
-1552368
-249225
2956191
4001075
457375
1538381
-1801093
-456146
-4153119
1097688
-2053795
-664961
2880881
4055682
-211415
920874
-1068476
-185471
-3687073
1095457
-2188727
-754045
2826576
3772770
-559753
374233
-562751
-609435
-3007335
880737
-2555844
-638450
2968279
3143269
-1021093
161675
613560
-439705
-3191782
821164
-2675033
-648544
3263176
2812288
-1499507
-377439
679571
-170631
-2673320
673330
-2454229
-851977
2557846
2569992
-1217007
-501250
335583
-242856
-1861648
589647
-2516081
-798836
2173559
2437946
-1013359
-651775
560424
-184351
-1618821
663187
-2922724
-1067691
2199917
2468465
-857070
-384317
700409
-499375
-1681028
737429
-3131317
-1048039
2181370
2296904
-847253
-372597
874511
-779538
-1815251
930371
-3132994
-1154248
2197727
1979675
-934723
29206
1282771
-865561
-1903552
1012661
-3085188
-1564508
1725218
2218461
-249824
531093
1154149
-1358581
-2311507
951135
-2925871
-1230452
1046643
2291794
736538
523892
159041
-1591140
-2348236
684199
-3087136
-915981
1367451
2162179
1130081
68793
-263295
-1640567
-1548671
876198
-2890733
-1363849
1716593
2245175
695699
-688963
-461201
-1586168
-1228134
1082547
-2811868
-2040327
1374171
2374403
44471
-1380970
77807
-868268
-579997
965790
-3060133
-2399877
1186814
2260788
16391
-1518729
1096479
-282545
-595304
930702
-3031751
-2008862
1289622
1774226
371796
-1125240
1525561
-205211
-1540538
1175510
-2542424
-1506931
1611571
1891996
489825
-1167646
766190
-342887
-2180915
1111899
-1906667
-1037536
1684610
2077262
313466
-1135810
301095
-223768
-1937608
1000018
-1167899
-281475
2064346
2208881
505584
-989756
56321
-506670
-2222538
927344
-874864
-37573
2162345
1878156
929834
-232702
156924
-688448
-2612691
1013540
-571435
7914
1363309
1145721
1116896
358456
321759
-778586
-2717251
771043
-555941
474418
1153505
897376
1401693
1092197
230981
-1270145
-2802964
555455
-339399
1269480
1277998
339190
814922
1041965
29963
-1084951
-2429984
751007
535394
2069619
1165129
-37181
626316
583818
-769536
-1003614
-2220716
1156276
1258670
2068984
886300
-60763
-104346
88945
-668250
-1096409
-2161577
1214443
1660924
2200413
920197
308463
-477453
-544154
-553323
-1026617
-2364696
910523
1283135
2174431
1013454
49821
187224
152612
-833112
-1458556
-1956508
794891
1029010
1938435
1009973
-324141
156582
416155
-833266
-1288264
-1565784
648682
1248243
2064522
848091
-717440
-502420
285775
-277784
-643029
-1390797
602978
1362633
2057411
470024
-1241963
-985833
291381
182085
-41216
-1194285
545336
1239796
1731515
-176133
-1373706
-808412
558521
345572
155488
-932888
369497
1191171
1568223
-672868
-1893176
-1469955
399729
1333827
830049
-342254
397540
876213
1081179
-897856
-2198101
-1810379
875846
2254271
1159359
-406523
562023
580585
785575
-783849
-1665884
-1280052
938999
1909092
323920
-890895
282286
348214
943758
-421297
-1010377
-399874
874448
1064930
-123134
-943561
597861
537552
1067898
-234345
-768774
-160765
943655
76783
-865032
-700002
1450074
1136057
1506159
87628
-720589
-346026
423465
-1349635
-1569667
-824809
1696313
1369935
1419089
-217679
-706165
-893683
42637
-1215018
-1073033
-752278
1130149
1021825
1021483
-1018974
-874598
-736230
165176
151336
229028
-698311
773126
546229
966285
-620152
-804484
-489863
108199
-120366
428938
-524536
1114297
671037
851876
-675748
-1006035
-770221
-270961
-251061
727941
-420398
1210326
694868
271134
-1256019
-1174360
-599359
-492883
-690765
909280
297562
1090603
581790
43981
-818597
-305427
-554409
-790989
-1402874
65388
738154
868422
187043
83448
-310272
-11414
-916034
-1530891
-1533360
274043
1483708
693509
60924
455476
-10363
-486451
-755569
-1153820
-1290572
431834
929626
508424
37561
855361
606668
-701708
-840949
-282959
-1062724
264180
366263
871610
522630
960395
742164
-673266
-1484105
-350931
-942026
-215649
316947
909900
532732
723389
197790
-796151
-1707222
-487643
-838774
-31290
718640
611833
55306
475453
-405448
-1114327
-1088489
643302
-569543
37091
705233
543562
-116847
197180
-520169
-633264
-416062
1365666
-381861
-404774
218803
941467
521303
503457
-160056
249911
-188412
280050
-1076164
-1235505
-260313
993150
745021
770563
-79531
-114193
-496364
-173827
-1689094
-1203186
-25265
1142127
639934
552959
90621
-71724
-868674
19624
-1577696
-1018708
-63805
748559
200634
218376
235801
437725
-808706
-205221
-836760
-479969
347006
575505
285576
462919
253521
553814
-395806
-320876
-840237
-665505
32854
210043
124875
541656
-44872
444439
337357
473915
-599557
-396505
-498346
447703
631750
984476
68366
326179
-112427
20921
-940739
-534513
-420862
634856
887075
898945
-55286
291568
-146668
-391095
-1125400
-775811
-97608
442544
322384
131498
-609183
-232322
-265204
374183
-441539
109472
506992
365869
-124366
33540
-680114
-210715
-661062
201732
-57363
636493
419324
433143
-277831
87088
-637594
-100714
-261286
-115411
-695487
857379
398146
578317
-31558
146473
-370513
274129
-459891
-95191
-438506
597602
123253
632492
238039
522899
-52668
658434
-395714
-405565
-74283
537823
-865097
538160
176270
723916
22578
769698
247218
145074
-603115
-126922
-974776
467073
64302
636418
-97839
262544
68949
353442
-307907
-369042
-672908
394711
-256246
233331
-36319
223495
-651240
-726485
-99978
975376
36675
180576
-803902
150326
485104
472589
-698625
-1305027
-490890
1511385
744023
205185
-816876
648050
1381546
756092
-690169
-1136793
-766264
848528
136860
624916
-179804
1482842
1987602
1034725
-1089872
-1558853
-1392180
-65563
-262759
1135709
296206
1744045
1806337
139834
-1787119
-1273803
-1250181
-667833
-146678
1473726
529493
1393358
1207794
-535966
-2352202
-1432174
-1136769
89305
342195
1008930
293831
837685
470960
-397497
-1649214
-750495
-46321
625408
50263
729911
216274
1120199
587207
-324746
-1115402
-315522
270814
127372
-902572
819548
299902
1226576
739350
-144094
-765073
-44530
98110
-426345
-1684115
713193
239183
952960
520969
325481
-113792
10519
-111945
-379019
-1779127
608015
353615
1082866
502845
58685
-191660
513077
-216074
-365148
-1500323
968255
767968
1255689
540534
-422838
-1153900
710896
363270
-568738
-1747828
1100558
899538
1172098
433742
-252321
-877352
696047
665700
-858453
-2528474
953107
818449
1289840
779936
153974
-743444
278778
-351564
-1225461
-1960748
849248
595761
1238599
521967
63626
-664174
-49578
-989962
-1474680
-1206774
509977
-437276
399313
-257426
505562
202437
395342
-1049310
105426
-420639
359225
-267929
160294
-471286
405657
-502884
163997
-239984
284311
181826
412534
-513479
313526
-358456
408459
-612432
-121849
-198759
430800
13808
564834
-545257
396826
-271366
-89209
-313082
280402
-244709
609233
-596565
597282
-607991
363467
-505493
-185026
-413983
536954
-20439
474165
56272
455814
-481651
516247
-182438
328525
-256563
614758
-722171
160448
-72077
356793
-521950
383661
-321047
501220
-632469
297543
-799896
693348
-170001
692366
-291296
450217
-418832
547213
-857239
-313802
-1056110
792397
-18520
708433
-436355
326201
-602932
51782
-533276
-164496
-809741
1166241
188777
202123
-875837
121605
-283869
-51127
-570270
386715
-230709
1501986
-197892
529874
-729131
86321
11243
253976
-858358
490524
-290576
567505
-488298
749982
-377077
585267
-13790
579172
-760322
546813
-540179
41280
-942174
299553
-752443
565841
424579
1074687
-349323
1183816
-599528
255965
-1799299
45518
-548316
212873
587696
1649074
-812439
1590882
-1138138
1059156
-2904136
-214996
-420498
163807
518678
798393
-512291
1091703
-1617843
2216467
-3176920
-177401
-533025
671087
505465
72108
-714495
1175587
-2156724
2341100
-3223339
-312146
-742011
1053732
355572
-59286
-1155876
1840788
-1764990
1870715
-3046502
-336889
-961626
1231586
504071
15818
-1506917
1781243
-1701580
2001564
-2373152
-455827
-738786
1219287
126692
-131471
-962143
1573099
-1477280
533221
-958813
-471411
-740306
1542763
-132305
-564761
-620945
1584662
-1201027
32480
-753884
-308429
-975984
1197078
100532
-459440
-463627
1212123
-702273
170381
-649632
-187166
-876457
883835
72804
-78812
-631946
1282611
-397659
-338614
-591734
-153873
-969988
1282410
30694
-227271
-625133
990343
-365563
-440206
-230741
-277921
-1018263
1268101
-274529
-85390
-525765
1265100
-266101
-485225
24703
-55824
-1011032
1551074
-667715
-281792
66370
1323373
-511142
-1032123
72536
-217143
-1223899
1725737
-320425
-379870
124501
1212011
-779679
-925339
533831
-282985
-1135124
1314833
-152949
459591
-285840
469565
-575078
-606705
235896
-68744
-865622
1361396
-844217
1025405
-729792
152952
-578978
1889
-169171
49309
-1085528
1193810
-669439
340331
-358013
-292132
149773
-302540
591263
-90697
-1284640
897400
-90551
-310206
-392466
279133
628839
-250876
378255
95986
-1202853
1220832
271788
-371969
-402075
544276
720449
-1006101
250953
77947
-869380
1345772
52293
-328257
74182
-180590
872420
-1771325
739544
126963
-810142
1712503
10864
-309680
154850
-677864
1141837
-2044081
954949
128486
-975215
1737811
182449
150728
129509
194894
618047
-1419263
-88680
310912
-838927
1267655
-75513
-255912
-172058
611019
361741
-699164
-497183
379266
-736547
1341248
-217150
-634701
427055
287279
565000
-830118
-736572
42360
-781238
1159782
-119846
-476505
487423
-16682
710172
-835791
-396132
-172988
-301007
1224612
-63230
-162362
369620
-531287
252977
-635090
-53423
16529
55605
1367352
-674191
-96692
397960
-423620
-188190
-415865
-92842
285911
363115
1203789
-995149
504892
-79182
-898743
-162913
110890
-765796
102403
201837
842646
-495361
618602
124808
-253442
-482307
-126697
-687964
227578
-116835
348509
-242921
213214
-226021
746355
-212110
-506242
-512002
301820
-85650
546327
-554520
333053
-145920
270453
-294805
138347
-521342
190699
-12773
862115
-590165
4591
-92050
-489369
-133645
497466
-140104
267741
87202
536536
-673204
-74327
146619
5351
-108400
320190
-431841
264077
152520
322856
-710591
-254707
264115
156428
-17836
247486
-525314
202941
-123005
206554
-745135
-184435
-139694
-265366
479202
701022
-214619
625610
-170597
70529
-941331
193268
-484247
346886
173778
272103
-141410
528119
-203977
183142
-652280
416496
265161
652170
-377694
-493554
-348710
148926
-437354
227744
-560610
317078
313421
768742
-613309
-473772
289056
444540
11774
388464
-675511
370168
5325
342442
-461861
-862353
191947
715088
294704
667736
-321503
404891
64613
-68997
-1040407
-629382
-113782
541840
-62316
655751
-822119
109341
-28133
-325579
-408181
659473
15553
271618
-666271
486428
-933419
163702
-99658
135793
-306221
1231139
-49275
562922
-530819
326401
-567483
892009
-527871
648384
-701361
450676
-558111
667640
-260917
460529
-1069933
487997
-621063
-7849
-446047
738790
-225239
535068
-274990
403195
-1015891
396203
-291103
119684
-528087
348713
-516077
439229
-586998
291416
-601400
974760
-294736
-305187
-363736
170775
-537073
576418
-561732
231800
-156585
433828
-612195
-186144
-675963
553706
-217509
396486
-571037
452957
22349
40495
-730820
519787
-204853
782208
-517643
441848
-437421
652302
-124348
195303
-522208
148683
149710
401757
-444395
550611
-226796
842163
-447602
4008
-21263
-427223
-290302
484271
-578994
643114
-535325
688976
-535419
-398379
112439
100309
-757374
487431
-240382
459066
-850633
327026
-614039
-479807
63001
857241
-198400
573736
41338
529588
-467817
486019
-715140
299981
277512
527775
-731666
571655
-462343
506526
-379048
794367
-603123
586366
136459
200762
-1529841
680729
-609806
825847
-322698
759907
-329000
464005
-899523
430236
-1347088
380615
-278657
461018
-370033
152569
-425447
569612
-625087
335234
-640192
839364
164432
378004
-368838
355774
-121596
351071
-112164
111166
-1198585
1007191
-409346
299534
-602201
539487
-226662
162555
-158754
962401
-905275
726279
-629201
311626
-526845
455533
-392005
31925
-394707
790252
-349417
574987
-5783
541080
38878
737959
-106609
587055
-399905
-114494
-775174
-68176
-291915
509813
-240677
362600
-587141
485269
-382649
423189
-545456
485564
-530620
422038
-623872
-4465
-563445
328710
-861343
588329
-164125
912775
182672
558035
-648136
85457
-308825
263294
-239582
-86577
-336334
684677
47570
564572
-547035
294676
-444980
297555
-241105
465435
-761102
501181
-170354
428389
-272927
657676
-643579
851092
-747916
120190
-277245
805435
-936093
361836
-313525
647921
-255497
706153
-308140
391604
-668645
659942
-1184205
282094
-389998
510161
-314010
546531
-596627
1139344
-196105
-168009
-903620
319142
-365996
435763
-388713
474398
-844755
350914
-63052
651454
-718587
365806
-584124
355557
-584815
771857
-905455
-137425
-968921
1219190
248528
309399
-756925
306002
-165723
429098
-535377
257560
-396297
444372
-206774
449705
-551814
916130
112075
508913
-555024
1055
-106454
67328
-1008973
432334
-470017
1316694
-158842
178983
-255922
26934
-29598
-144878
-919786
691759
-207123
1319252
-311069
-284819
-876041
-103713
-138937
7948
-639791
664489
-554182
1135038
-895222
-284247
-476886
308654
-576851
556927
150480
458255
-1007283
1082342
-992283
-280511
-20703
599365
-113711
853139
-414183
662949
-818890
1078245
-453370
198812
-318291
725666
-441625
331203
-1141805
601574
-351325
827799
-522790
356834
-114556
492049
-434162
-160194
-753347
366789
-432199
626363
-753380
247446
367843
574526
-201118
-272641
-411636
497642
-382990
852826
-480575
233057
-557869
357374
88090
-327316
-324775
620566
-40610
733023
-596356
295082
-742621
223514
16882
253398
-757421
442343
-138837
569869
-320951
136789
-36779
645098
-938034
449413
-881198
485543
-311638
552652
-169383
392657
-54665
605635
-1205455
-506742
-227068
554379
-359553
426120
-424587
-49150
-106863
496892
-894579
-53903
-39028
448616
-224735
540633
-524451
-56484
-313692
202981
-1183285
439166
333624
254356
417185
406248
194927
292691
-40137
-112010
-246823
-790000
-609302
316136
329445
446449
198992
268976
470247
119136
-693217
-978351
-976900
250529
342757
250799
-146962
112920
447356
223549
-583166
-904573
-639233
256484
403716
183204
-305181
124997
63797
-69605
-506790
-645597
-266500
265115
446346
143675
-383089
-104631
-192104
-133576
-327873
-157169
-477440
301890
428780
171142
-399527
-294113
-305543
-24309
180095
56271
-571684
230847
347231
209195
-307434
-403808
-173192
-26266
144655
-159767
-347829
273476
430772
363423
-28243
-223946
-23706
-118372
-313796
-534930
-494034
340867
606274
399408
-113667
-262379
-409251
-622257
-867174
-708486
27423
432315
619621
285104
-418408
-255745
-407570
-865422
-1281895
-619079
694560
230973
475208
78600
-693226
-463202
-284332
-874990
-1238078
12180
961754
257523
491693
-160830
-447003
-138048
-96622
-558570
-1234516
216897
440918
661317
887732
-193799
-289244
220344
529111
-346579
-988108
11919
-341001
851448
745066
-202931
-137819
816980
1737694
99516
-432893
-242692
-890062
1013138
559989
-576590
-343970
1781475
2261835
654401
86830
-521944
-987990
1158784
610123
-950266
-575697
2329619
2526646
477982
35149
-422814
-855344
1253324
673659
-1310527
-766481
2283683
2542193
-151654
-64274
-107035
-345842
1244314
681041
-1444045
-827526
2307782
2499278
-583195
-236360
-31172
-185899
1253241
448248
-1553306
-729805
2271433
2089986
-852486
-261686
657896
-364486
1209139
386683
-1697712
-593980
2385446
1726173
-995716
-538335
621734
-174606
1084908
346574
-1566095
-868593
2091680
1545531
-789183
-633151
431660
-55127
1112408
278284
-1542620
-1004829
1916679
1564945
-694245
-697475
631312
-105705
1201721
309434
-1776703
-1154194
2004569
1528206
-634628
-573225
663959
-240979
1275899
309780
-1846873
-1170544
1884318
1483971
-629710
-455434
794253
-401888
1337421
454878
-1921211
-1108097
1799023
1162834
-459308
-80025
867193
-645707
1374819
494754
-1973275
-1353717
1761001
1050542
80486
226008
681382
-1104808
1455860
385905
-1755349
-1287954
1360415
1397197
487536
143963
-14581
-970956
1268571
245348
-1817477
-922858
1106026
1716997
462504
-125627
-468497
-599518
1307334
385907
-1740901
-1218830
1237239
1689212
356056
-759376
-460445
-464500
1340815
465708
-1740034
-1738502
1230671
1640627
-163697
-861783
-205470
217626
1298514
432098
-1842359
-1923745
1203576
1593877
-328560
-619446
221103
507388
1311101
358140
-1669639
-1672525
1239529
1215011
72309
-662551
634725
145674
1153074
536881
-1378835
-1187542
1380027
1152392
330192
-1048460
568711
-340715
765549
587188
-1038609
-793050
1383801
1420274
81687
-723584
126533
-252585
412505
609672
-589591
-371057
1548114
1462155
-13264
-310567
-207934
-274666
220356
684131
-525363
-145226
1562984
1013587
445580
185183
-89671
-439134
302800
715543
-396354
-142315
1215101
514603
620501
424638
168190
-662113
276133
458804
-257085
166263
1183769
223521
864498
702724
136708
-1037647
158922
379884
-60350
787316
1051590
-193118
586324
623387
14167
-999123
170184
519898
513651
1355547
684019
-224692
488079
49625
-438340
-651612
259486
683284
969333
1279453
645886
-269983
64689
-102703
-415657
-834002
106537
744339
1199433
1167529
808193
-23456
-417284
-102504
-311479
-975106
-52869
569459
938377
1238953
726494
-98168
-31302
289485
-535142
-1051157
-62323
471767
754954
1260139
673312
-409335
-12590
193357
-405274
-866673
-104148
375030
933824
1274778
507710
-713170
-365830
315986
-74047
-475877
-117933
274303
1062581
1174469
364076
-1155241
-470279
239576
255215
-108103
-223852
220568
945544
941967
-17335
-1274122
-376894
198281
559859
264378
-349674
242422
884904
784015
-436142
-1393577
-903859
265143
1183365
578683
-246009
259460
655590
479616
-450233
-1560911
-930615
653761
1459289
621499
-80190
286463
434179
327187
-304978
-1221843
-641813
749424
1155373
5548
-113832
133918
440780
402766
-148142
-789678
-190354
616383
784262
-504326
53786
345117
695761
432954
76719
-691973
-10832
501929
40012
-1032522
369212
796247
1000250
753497
165151
-885639
70104
-89102
-596956
-1139388
408170
877723
956443
637542
20236
-925412
-187783
-99595
-563269
-635038
132772
609173
790611
357723
-405942
-699763
-352294
151367
121833
-15574
91407
426759
571367
383323
-325252
-746910
-230805
11784
-74593
200107
259890
557803
628422
317182
-473073
-838224
-311065
-177418
-106944
304896
274136
613647
556089
-13286
-775563
-677096
-186029
-585539
-323037
325628
285379
549844
514792
-215252
-329256
-279214
-357129
-646272
-864880
-4730
247677
377956
293428
-220093
84436
-118702
-816862
-754207
-882804
115768
139127
274263
300733
57396
209217
-282663
-725549
-684119
-456979
-24485
-74928
185649
353273
389035
442775
-504517
-565002
-422072
-362558
-45646
-34177
443687
530116
401828
572957
-684719
-852315
-370457
-344935
-364682
-13520
437339
442271
144111
319542
-847201
-927091
-303202
-20503
-445708
24763
241925
260396
36814
-123117
-889988
-292373
202044
24866
-397963
-15863
232319
102416
42686
-196910
-570438
87291
537889
-211649
-493193
206010
569176
460651
248633
-30782
75038
-193079
339
-525455
-1116847
298823
518157
650641
232946
-44293
-63028
-269781
-413199
-674495
-1059665
311811
554432
602780
139281
202063
-142782
-292932
-319301
-873665
-659122
3479
348458
247981
34051
293686
63976
-340722
-142774
-539153
-306477
-49543
206045
298421
162481
313014
85335
-74691
-190547
-392854
-582974
-170807
14282
368592
268871
153355
68805
431173
-49730
-239367
-579733
-195354
184064
635885
510131
65369
18884
55950
-104810
-531674
-442985
-237419
269305
680057
310174
-3141
104464
-99327
-286425
-451721
-524289
-183671
180693
309169
-212524
-116914
-449773
145504
-66595
-34132
-84698
-26970
164141
37708
-246122
-184595
-402390
-129597
-35195
93533
92546
151073
190842
-12744
-56647
-292618
-178259
63042
-443695
-194714
492468
122102
288318
140328
-26435
-25676
-38277
9116
-263831
-245731
320808
80385
269961
320115
136987
252509
160972
-69733
-305127
181452
-42167
13152
203728
321610
208348
244600
285108
226671
-96022
-144323
-164531
-29867
155820
206736
123881
81365
142155
5031
33573
-334464
-43011
-55773
80844
39613
-260775
334217
79415
-512413
-481560
-27391
618171
-127418
-3618
-233619
-201570
736382
294342
-556559
-939194
-246011
847882
-178522
6712
-160426
188502
1252201
309761
-493256
-976800
-207955
331357
-46642
258637
338104
616713
1585194
387891
-882926
-1247206
-541564
-229070
73639
539309
539320
795418
1254685
-233703
-1166743
-977914
-522233
-512935
220962
739478
430024
677238
884073
-663680
-1291405
-969112
-417073
109633
167803
535995
244659
406600
530983
-435293
-1027591
-406425
39976
416064
304123
338743
336600
524410
558474
-355198
-649311
-203411
162892
-14042
359736
353420
343356
577320
621821
-351824
-210275
-44523
151197
-478217
235968
350340
265308
514532
482217
70006
-82862
-185552
367903
-682778
250294
302914
437480
603109
321791
-96792
-175213
50488
355363
-444981
386823
448449
682389
632270
437422
-420449
-592616
351424
333285
-432568
399618
543031
719966
610894
434312
-259536
-472813
324051
468705
-936296
385557
452376
674092
594538
673696
-211548
-332375
67215
-147919
-1020424
362703
351862
565744
589679
496833
-286959
-345165
-50060
-687789
-1079832
721327
527098
790463
306526
746005
60476
-251277
-1141255
-1341446
-973342
755578
407967
654257
194092
703465
487717
5881
-1459674
-1468040
-1129652
678063
292468
332824
-255865
423426
371755
60862
-1257955
-1199395
-670376
761770
368645
254185
-541816
190973
-105587
-98025
-976173
-858224
-410047
795334
399778
138155
-887522
-286085
-471530
81191
-527446
-162287
-476006
773556
445040
317941
-775124
-338193
-487126
325297
-126239
-16580
-786393
623471
328030
340049
-639378
-422608
-529182
136563
-228395
-73512
-388182
885319
586445
593803
-219578
-174479
-615827
-499817
-1067142
-453243
-406414
1051482
820757
514872
-497587
-432551
-1182628
-1338473
-1714337
-277354
494710
821098
520947
199370
-852672
-433729
-1199437
-1499561
-1849345
248358
1394340
658574
286170
-96111
-1100429
-559246
-1115318
-1408200
-1825162
756500
1632205
863382
462748
-72441
-610562
108082
-745337
-944923
-2123590
641532
545474
1232470
773741
-25324
82354
1134116
380297
-81939
-1978945
140143
-1347437
1361340
488030
-166207
796625
2491078
2030401
914223
-1455016
-189782
-2961101
1499012
39530
-788146
731669
3697906
2815037
1546448
-782110
-170848
-3457251
1745107
-40163
-1201000
464946
4249883
2894276
1208294
-878395
-68494
-3218578
1836382
-119723
-1582653
142893
4023403
2638757
550296
-661735
235924
-2507661
1751629
-252679
-1690562
199443
3977130
2296643
-225665
-568042
431679
-1968968
1689716
-506216
-1850145
179131
3751110
1890902
-703037
-522058
899403
-1607747
1591956
-556270
-1918008
169083
3664922
1572523
-1031886
-851035
725993
-1128960
1437237
-708942
-1931062
-195775
3279056
1413080
-853227
-783378
506644
-820356
1527446
-879744
-2042066
-413324
3159619
1477047
-671391
-717490
503224
-899167
1695221
-907081
-2232533
-588677
3187594
1388511
-670484
-530635
463687
-992888
1759998
-970376
-2400428
-765803
3059228
1434687
-497333
-244802
570446
-1111079
1975842
-729033
-2447419
-964050
2843923
1428507
-124733
39327
381826
-1512054
1937120
-716522
-2397955
-1279142
2750306
1534057
571733
195166
119229
-1917232
1957676
-854377
-2219916
-1114930
2617729
1891136
780469
-27266
-646760
-1810098
1831149
-908823
-2345628
-798374
2483728
2115453
402810
-380092
-1039980
-1296923
1965441
-761233
-2518212
-1154591
2474697
2064524
-92185
-901740
-937332
-792917
1940996
-815178
-2717988
-1731304
2150915
1916495
-556327
-629297
-365537
49855
1958823
-781957
-2705586
-1856472
2014169
1963888
-650323
-161854
-14518
179031
2045164
-642145
-2322406
-1584556
2040929
1672901
-393530
-245372
210922
-181231
1903620
-163759
-1607252
-955120
2260897
1540254
-230933
-897472
45692
-736748
1342168
27014
-980688
-248754
2524449
1995544
-110329
-806804
-408189
-1087581
944226
205428
-441075
168897
2449570
2079823
50379
-333061
-674006
-1279566
737811
441048
-245982
237098
2162703
1849214
787205
413674
-682497
-1677580
662394
486749
-63122
173358
1592105
1217483
1113881
846705
-427097
-1792121
490179
391391
386784
574172
1514779
755608
1275996
958032
-362959
-2079767
449727
608363
862467
1085650
1269429
82426
867378
633634
-445401
-2002817
665067
1174871
1640844
1676364
971952
-337205
300596
-172257
-797619
-1731069
740000
1440144
2169554
1806334
1009877
-374511
-69674
-543869
-985174
-1935271
534030
1344728
2281758
1729550
1059683
-88758
-223018
-485226
-1015660
-2011506
282861
1068505
1977331
1687636
905212
-74420
214825
55609
-1083466
-2056722
190975
1006772
1861427
1678320
600959
-691049
-56301
110414
-616359
-1580160
148624
960222
1955920
1554093
235023
-1033491
-281916
379346
-115361
-1180523
108996
852269
2020249
1266346
-92520
-1586746
-370208
489911
344220
-690785
-124288
606823
1748614
799286
-681245
-2075063
-338848
861175
1141281
65127
-109852
557162
1482566
448674
-1209680
-2476749
-810876
1062059
1878450
549892
9983
486943
1182489
211949
-1030095
-2274865
-714466
1259913
1862690
435257
21845
335034
852559
89462
-686969
-1633391
-289245
1156034
1307763
-56834
155034
330883
911063
199133
-418620
-1061158
168225
718391
495285
-715873
694194
877316
1477251
481424
-21063
-903738
98866
-6505
-667018
-1599377
1134436
1468219
1919288
618682
-39803
-1301708
-9311
-501926
-903741
-1753590
956771
1239651
1681072
313167
-245168
-1411335
-128140
-290235
-339533
-1025630
617537
833051
1373521
101792
-481320
-1181788
-204421
-2869
400892
-399178
626852
680599
1068566
-70826
-621191
-1328521
-376647
-188521
450412
164429
853164
881698
1019557
-252404
-813529
-1352994
-514015
-533451
199158
328488
793866
780101
789394
-429076
-844516
-1142847
-612342
-1232380
-219371
586242
821930
650977
736064
-428721
-412663
-802495
-893724
-1545747
-871262
353369
658325
347103
595479
-251079
-72922
-647280
-1154855
-1431949
-816589
366825
501352
277107
765917
197444
88593
-826548
-1003577
-1085939
-429596
24829
301393
331357
964839
584373
340595
-1052614
-974315
-907062
-356260
-55075
427962
584011
1118834
497753
339144
-1293022
-1185553
-1002211
-442120
-281945
302367
336536
769799
-74121
-101565
-1413106
-768662
-579059
85582
-240025
371305
192392
510186
-335998
-272478
-1182785
56364
-81741
80547
-522836
337714
262771
479074
-218086
-103028
-759525
344271
-53403
-386890
-745713
860148
895366
1018358
223139
73029
-381447
-130037
-857393
-1035277
-1508064
849685
749958
982251
200791
89739
-509558
-303627
-1102339
-880067
-1258104
790865
755905
990777
238768
463474
-463522
-496687
-1161322
-1030301
-894317
262487
352067
584099
38325
567197
-20685
-187217
-712020
-699369
-565343
105427
179815
623358
52325
475402
44626
203138
-501670
-435391
-746114
104640
266539
971244
354863
508167
-11680
461073
-604680
-563365
-967373
81510
443045
1175471
460927
303055
-84891
207142
-624117
-777567
-778449
-72241
281356
937732
133046
48261
-200972
71129
-490307
-327132
-476844
26709
2446
420847
-531249
-191186
-744118
177052
-244040
350373
87650
273664
-27844
103691
-661106
-178068
-703383
-43596
-395087
478280
232122
495400
165510
212025
-396957
-104486
-594584
-45758
-737073
265092
367106
464660
351279
493840
-126747
342000
-206658
18113
-686278
-36164
-88680
343615
308135
756115
117923
645725
103707
301844
-522920
95523
-659936
260946
200534
728664
173222
554961
95493
501549
-162487
25081
-716697
182403
-33796
449714
56092
364841
-281125
-263058
-308921
276997
78386
90388
-346961
140952
-191032
587974
-345488
-887394
-788478
535122
929917
60757
-394293
132493
205410
1252901
-56971
-1152017
-1478920
10410
940622
43489
-222422
505377
792507
1861386
2572
-982344
-1498464
-334071
104178
485148
373660
1303216
1320613
1986174
-332749
-1590601
-2024830
-861590
-492782
696889
706739
1454651
1143926
1376621
-1062646
-1835215
-1721510
-540338
-552598
712863
727838
1172471
772952
845017
-1415219
-1737657
-1330045
-108555
9586
631212
517647
955051
593306
585395
-1053800
-1227675
-603284
187054
-60231
821988
452888
1023503
758762
756325
-722139
-790020
-391139
46266
-696497
768419
389117
913728
668106
894167
-333969
-20832
-121414
-107485
-1249472
633790
445938
894336
678188
690363
-219932
165580
-172006
126276
-1433372
778290
622369
1112102
720132
327593
-631047
61322
219294
371513
-1416313
925017
817248
1396153
882412
490572
-860371
-381579
349765
308076
-1477548
933644
871261
1475318
977825
668161
-554782
-327605
-15197
40766
-1829508
916288
685814
1323877
801966
811393
-445174
-261317
-413801
-569938
-1706303
823870
579887
1219573
642221
489632
-646814
-498020
-844135
-1057407
-1239389
273565
717993
159565
345644
-286016
-145396
-261905
-550538
-760585
-114737
283378
806395
329185
398294
612830
431521
-720371
-989709
-1701903
-278232
248134
647555
-161544
173969
444013
633544
-366628
-986547
-1140405
-243520
275320
508818
-293854
180374
74365
161156
-753792
-608029
-616092
153961
352709
530420
-344647
58461
-236274
-41318
-624429
-144837
-967227
408983
378117
473935
-496724
-314171
-611978
-69034
14180
402286
-659316
176234
251617
568777
-346708
-497785
-366553
35209
52310
168815
-622747
-13971
207483
612874
-5056
-191567
-41507
356662
-159928
-231795
-1065290
357751
405707
729691
57694
-157206
-454896
-296158
-996233
-906660
-617772
1029158
855888
892624
-251160
-162681
-481984
-545188
-1837071
-1272052
-210970
1472710
489243
545566
-653323
-650887
-503342
-663775
-1749589
-266094
411285
2120551
429291
-87139
-788648
-318022
-485380
-109397
-1730675
399062
-41165
2716176
1275192
212333
-678119
-384783
267628
-264249
-1728109
399048
-802179
2296896
1185428
393237
-633911
161482
1623343
630360
-1131877
397278
-1503174
1037097
1145573
49009
-1027984
1270302
2582859
1736875
-309696
124339
-1531342
-736749
1158045
-294659
-1436670
1772415
3327334
1968912
-408998
445874
-1380241
-1771926
1377330
-650328
-1832726
1688742
3463812
1176113
-610160
181110
-214633
-1982567
1434770
-684385
-2021067
1597566
3527573
934928
-994574
38871
-201650
-1807731
1115407
-911265
-1868044
1687494
3095315
224422
-881418
879990
-10505
-1934612
1074837
-1203565
-1768418
1989625
2720181
151027
-1284180
525795
312546
-1632064
976579
-854286
-2027396
1544053
2478397
101907
-1322535
255567
354428
-1388907
937933
-873367
-2138641
1425696
2274043
206164
-1421475
452490
451187
-1267541
896213
-1099524
-2514378
1426743
2399533
224058
-1135712
472373
440119
-1479666
1018448
-1070153
-2426644
1307307
2230812
160498
-1164523
677630
243443
-1701761
1094919
-1240185
-2322389
1422341
1755910
-13103
-556950
901628
141021
-1517762
1183434
-1273265
-2784575
1368881
1406489
649470
-74218
1017393
-581097
-1554400
1163996
-926962
-2498049
615973
1769780
1055947
379725
14787
-413315
-2185356
827820
-1225995
-2028911
493538
2074672
1291624
159735
-465863
-361059
-1713926
935069
-904107
-2248327
544652
2209038
1343782
-512619
-982880
-202358
-1653956
1195392
-841886
-2743378
493154
2308704
535134
-884017
-1116357
576472
-1080444
983465
-1040639
-3081480
255085
2104065
273290
-583724
-686679
1267040
-815341
798144
-1001435
-2883898
400735
1590264
710687
-610342
193846
853310
-966238
945112
-860853
-2254725
660213
1621845
1031591
-859724
172630
148228
-1017646
917346
-467119
-1804754
593812
1829597
408038
-569531
-276510
232887
-790256
778728
-72536
-1024851
1297734
2048888
336386
-258345
-582868
-24061
-1259486
737859
-193090
-688232
1563716
1573932
644997
419271
-159303
-73769
-1625129
903210
63065
-712682
1250881
962423
599622
526223
317071
-373506
-1868202
566201
-85557
-442476
1449236
475081
879972
1200969
549357
-957864
-1523450
295255
-111204
363446
1477372
111722
519379
905287
541687
-813135
-1371083
240255
416224
1224683
1249463
39610
743366
400673
-254000
-624274
-1274609
535266
1067883
1190216
1221663
-190498
-80259
-4448
380
-821238
-1323026
663458
1501540
1356449
1436045
278260
-690140
-276524
-223064
-955196
-1548310
402963
1054125
1396358
1430534
146214
-147935
298858
-341461
-1214306
-1330089
264562
746801
1293227
1330529
48326
-71437
193414
-199872
-1134251
-1027605
94739
952951
1464940
1299578
-410341
-760771
239327
85436
-520457
-739116
-26338
1077356
1424058
1279101
-1002421
-787312
-260977
324575
23602
-791830
14838
1027511
1266248
799265
-1020887
-683927
-206752
421890
306239
-688032
-99418
1027880
1132702
324299
-1292760
-1305054
-427922
1209303
966820
-293505
-20363
714812
567284
91276
-1861618
-1688041
119729
1687759
1463533
-57260
238520
668857
436888
54452
-1459176
-1309349
170260
1596420
548539
-629849
-180723
538997
377264
301416
-891468
-627602
487780
1399185
-97368
-629016
-147119
654911
204709
379412
-853435
-233999
640342
855769
-799762
-269282
537878
1195965
948295
826840
-985971
82240
-237536
-390171
-1463577
-354060
920800
1532004
921790
765001
-923547
-427036
-261958
-686148
-1260652
-425964
485334
1183654
563519
-47338
-1024124
-583058
-142823
275622
-102903
127109
160956
794511
478386
266218
-905018
-338620
96852
-117792
-145570
357071
335887
931969
613766
-64514
-1000780
-400200
-281236
62874
102783
69585
545680
1014643
122110
-734113
-1121227
-280178
-569848
-274843
-79975
606904
442665
924459
-170314
-231920
-427376
-327661
-499642
-884869
-505216
601127
311319
618336
-393177
133102
41725
-875111
-991818
-1114118
-580914
1406241
154379
576171
-132974
278882
-106081
-789823
-1103047
-577132
-485806
914715
-128564
458250
204389
644147
-228626
-601538
-586729
-227363
-372504
294694
175232
817635
343291
1004271
-325814
-952055
-786653
-42577
-741525
156521
314377
883782
275126
832735
-610504
-1260856
-1091299
90441
-978405
666568
37767
583446
85448
116615
-1169971
-539835
-268749
351618
-571953
552591
18864
156532
-160334
-128191
-863114
-101757
493235
548263
-520424
-33144
250823
631960
212841
42098
146473
27414
-46822
156501
-1446681
-100236
403154
1031264
345118
137102
-155227
-22675
-661210
-544740
-1630087
-15742
565337
996430
236335
310118
-197482
-157007
-448347
-738094
-1112203
-366265
249331
490151
-15374
377935
-45335
-346459
-448591
-403788
-507708
177085
62666
555559
223613
628329
79649
82187
-452811
-449666
-1113847
247050
-403087
260639
84260
208692
-148416
782789
147584
216389
-553927
-244794
-128353
730411
647823
363731
-60399
8679
-58914
-360621
-702339
-319466
99469
1094394
611966
417189
196284
223363
-603653
-582584
-1171818
-180087
-26190
588567
-202410
217091
-753497
228450
-37778
62938
-496529
828838
-50838
240177
-265008
-143049
-585455
-126310
-223571
343645
-155556
953228
89398
118525
-261420
-170323
-536649
394692
-567353
-391326
351424
836696
177552
300002
-235974
-56059
-353351
38223
-295503
-94777
140475
648327
153374
552509
-17522
515424
-80808
55281
-739575
238397
86496
-84637
67854
555398
171731
436278
361810
514234
-78128
-254150
-420455
-330547
24976
542547
-1174
294942
154070
446132
325261
-357808
-592819
-23319
5018
492217
-566523
379177
251486
-388784
-657746
-138241
443498
519940
-157574
-82891
-822889
568354
413201
-242631
-1000035
-561656
644209
1254658
-322452
-23397
-545409
1249118
714451
-195215
-1342287
-210830
411857
333796
-173213
488609
68992
1920944
1290145
-353142
-1418041
-728600
-615622
-49052
159483
832529
644587
1843665
396176
-808499
-1437874
-692368
-969755
191528
752030
949504
663881
1481771
-140085
-1377460
-1761395
-1009324
-239702
385093
391595
523747
188844
800469
-222324
-1170755
-961473
-95848
562269
323348
143899
515959
299227
849225
-294188
-730969
-546254
178618
269066
-217367
408987
591191
524093
1092043
-349124
-422031
-409274
275126
-330751
-926125
285830
426197
390088
724253
430556
75450
-609392
616511
-682247
-875058
42957
470784
498151
737468
93631
-14217
-162803
467099
-168208
-753942
328330
858161
618758
733626
-237499
-676407
-127719
704730
-169361
-1175428
499792
944413
612297
697658
-242736
-581047
36083
1130174
-616749
-1539917
342775
950648
635553
1187951
-51679
-272187
-88822
121624
-969858
-1364084
296619
719391
659490
1002298
-20350
-266728
8727
-317213
-1651913
-1091333
-382675
-160997
-139557
108743
319727
787757
-103778
-154577
-162179
-35142
-464635
-340195
-815917
-410985
-395615
237742
430971
877140
838525
479621
-375331
-90600
-427474
-155258
-600449
-669881
130094
948199
747054
749610
-411113
-30132
-79624
-25882
-311309
6466
157510
982018
388376
-221853
-372101
85101
-15244
-183770
-522116
44037
493077
972945
277290
-233633
-524733
-132036
8575
354982
102184
542176
150887
280733
224601
81988
-504415
89454
316453
840385
325551
213600
-621939
-259360
-373400
66540
-200717
33533
-311425
241523
-150957
-408032
-641839
220611
469760
752084
-261790
118245
-75988
156280
149366
65079
-473728
223073
207777
7127
-995061
-704935
-633372
-361769
10700
852618
775260
1421563
784104
294552
-729381
-332168
281743
812394
429374
1025676
872760
760421
-649785
-1134287
266628
414950
371907
735548
283808
725244
697543
-185378
-1510902
-1175278
-511086
-104510
328774
709786
596249
1287779
851443
817043
-978274
-1136673
-686180
-609186
-215901
610345
219627
766500
876486
1095766
-1048160
-322861
-328007
-82049
-366209
-343217
-838415
-671786
-735788
1084432
-168723
1607800
-431170
154255
-188585
-1167708
-1805290
-863544
-1310370
1287929
248455
2163620
-510024
696965
254738
-955686
-2107574
-785111
-1065120
872183
-278327
2341988
-788629
462752
283867
-920090
-2066659
-251008
-489302
1083606
305684
1514149
-576813
799745
450199
-657249
-1745084
-481618
-672292
211585
192207
1598698
-521254
1070443
210596
-1394885
-1751815
418858
222476
-412740
-329501
1648263
-608556
912155
523929
-1108545
-1400064
249575
-63286
207442
110394
1041927
-262805
725720
122706
-683147
-1287968
279199
553432
257815
-78035
545001
-308982
1013218
532209
-525693
-1152218
115069
29879
-135463
-236787
484601
-521256
1148865
496886
-602084
-1494446
-45726
201072
120985
433424
817818
-356860
1295376
359101
-776502
-1067309
479434
538705
-122589
-122432
403624
-570608
1290445
848348
-668846
-1152009
368703
-95233
-961350
60039
704184
-919514
891369
822084
-12383
-1101317
-27429
-476389
-340718
576089
1575123
-364323
1319918
320303
155960
-971300
-805131
-781895
-165134
553606
826845
-390665
1323870
356017
-717792
-1168975
-851393
-291880
243900
1137435
985089
-685755
853658
406453
-444178
-1106358
-521301
137162
690830
1109474
561241
-707366
1116369
1286005
1439
-1351420
-143189
990180
279113
463626
-383389
-363329
1565956
1316098
108587
-763855
-224632
439467
-1039020
-115965
-249543
-747844
1314845
1038799
-100247
-838071
-604620
295534
-765327
226077
939459
-871253
1138085
995734
-105926
-747890
-129288
605100
-44249
-8507
507785
-635251
601711
316382
-384216
-1111065
-191026
770102
79656
82475
551892
-281045
566702
55034
-1165153
-1750200
-802318
510243
264173
472025
1089717
-576671
179737
120487
-686764
-775804
-314213
269321
-149272
111401
793122
-583778
31959
146009
-115785
-793168
-1133701
-469518
-309801
496121
1668861
-170287
656482
177372
-363003
-654301
-577012
-828327
-598294
506641
1045659
4123
288590
-696801
-728576
-430980
-536229
-657493
-183836
240467
1344714
-394564
-256810
-863688
-367343
198716
-248650
-607652
383324
584817
710270
-796400
-989099
-1137807
-516388
-349030
613422
702403
295861
88628
1162988
-432746
-825053
-1310289
-619001
-581969
-39307
351042
462695
723328
1291547
-434964
-399656
-849564
-505618
-123077
-323248
-496304
290657
910216
993038
-293105
-395006
-876020
-687246
-390681
-386987
-144471
618363
795515
1025286
-236248
-634806
-1195851
-736902
249395
822316
404252
-17308
32963
369227
-427788
-654862
-1015820
-382029
123940
-32655
-512405
224310
377508
1164686
-139991
-555772
-1048911
-132699
303712
402375
-16703
208061
213840
215585
177593
-421536
-856613
331654
1170605
1281713
155203
-960932
-1397861
-433577
-542410
-582889
-480828
493414
1165413
1528073
-203484
-1319164
-735085
78686
-56812
-78191
-426434
212940
446291
405807
-209185
-854001
-473431
569636
461301
420195
-109452
393233
502590
355300
-493841
-1045828
-773602
-241405
-371335
-237016
-532853
77307
143136
-134564
-695383
-462
829151
799182
-1112941
-923483
-1301971
-802670
-181722
296365
116335
1726694
1610647
886863
-931593
-921674
-764686
577938
530119
1036111
98399
-25173
76867
393951
-114776
-53618
-480735
410136
228967
2786
-406805
-263145
-358006
434057
-371973
-242577
-762607
-263193
-151749
389750
-61592
94075
186034
684650
-664614
-381738
-550002
613079
1138162
901995
312798
-223772
-1271515
-161400
-617534
-516357
-173579
814202
546610
39081
-325983
301430
33223
372594
-477268
-177327
-46498
302927
-272277
356925
765126
1086492
124684
-689779
-653634
-171613
-58013
503928
128947
456800
1119745
993093
106823
-741419
-124525
338877
-198747
40334
219519
46846
204926
479093
-517287
-221932
-165654
20686
-599727
-556692
112949
437725
24545
394927
15267
122455
-580083
-623126
-814099
-580041
-153610
818107
820907
888202
259168
35471
-507903
-221402
-463071
-53856
395529
1193855
813739
718316
-103334
-391869
53589
445856
-68400
577839
994509
677625
-1072611
-414092
-786070
-548887
-263189
106952
122408
366218
-185309
-52851
-775882
10891
248730
356710
-316903
-273043
-614989
-88047
-238152
-88984
100594
728370
681128
319643
-963279
-755075
-709070
61046
466927
653300
25585
1148031
790992
604065
-381168
29246
-12827
71236
-154140
449122
-112865
482571
68498
-213510
-616783
-431724
-454411
-430181
-528941
594976
800346
935052
600713
22777
25346
367626
156865
283620
-172912
-129056
-480401
-156259
15003
76978
-3888
129597
-292953
71794
-184981
-143489
-507155
263831
-258300
322598
-530774
-790748
-1222792
-707912
-685724
156797
500900
1025378
1204976
865806
-82331
-368810
-392715
301262
77863
-292055
-212124
504521
277048
69962
-51946
5923
-42001
217268
28138
695754
-313856
-198311
-290407
-366647
-199812
232715
-68881
569726
270123
213526
-44570
102591
-434820
74115
-219549
294673
207423
469527
137074
268472
-203745
739602
-363687
-788770
-373254
-193149
-234337
219979
-112247
680387
529790
-80338
-585229
-7323
-370292
-116723
-337174
-65029
-757036
-171449
45711
619886
-85421
662726
-147947
-129259
-654399
9275
-324134
-427110
-890685
-73596
566958
1022546
-394372
-277257
-472548
163412
18344
88476
-441321
-44278
385995
725595
-88804
288484
86202
566566
12132
554299
997322
186549
-1331983
-853671
22604
741211
302007
115535
-120072
61330
44538
36693
-564344
-531472
97773
583787
-358254
-699605
-972531
-48429
792731
856455
-649105
-107257
-92767
193967
-835083
-1013846
-1097909
-36747
264030
505073
670696
676628
-1013179
-528805
-1386754
-1220859
-122137
1383886
1285211
1518072
750830
157076
-620456
-270765
-402362
-48419
154671
1113324
762477
643610
-412710
-688736
-255808
100228
-292624
-19928
135945
815757
417002
-249253
-700111
-306145
-506155
-230761
-911297
-542183
7040
697507
384709
162412
213729
634473
-587294
-174466
-512353
-284683
-182579
414267
161650
11083
84229
790696
-12554
279002
-185372
5367
-598422
-931045
-379312
350499
173441
926285
-360552
-221531
-743351
-520884
51797
762778
-84039
317845
41361
193441
-686684
-487399
-568775
150975
470681
692275
-425926
-833207
-314058
1125783
-442158
-407529
-691850
-533519
-308190
288420
-240431
-362528
206457
1525822
-605855
-450619
-840992
-572949
-489001
291198
-198488
384975
730937
1158737
105712
-616724
77757
-209682
-175927
-1081969
-874864
98019
1408505
1133102
297787
-717544
77534
354043
163020
-489910
-324020
-330627
1137386
551370
248862
-738116
47977
483238
204492
-474898
41945
-105621
950022
641378
29170
-900981
-188076
320433
550723
-231335
179195
-476469
331223
988095
79929
-894312
-115997
324708
1078524
307317
327176
-895780
-79780
184109
265133
-778066
-299948
-423535
384472
-90848
118875
-793170
555995
614250
418138
-652532
-74325
-92553
268957
210630
809906
-388492
478224
129001
-196755
-1169229
-523047
-61381
-83747
-262616
1416881
814970
1299043
-4065
9226
-1110931
-595701
430159
682265
-394799
1257100
1287870
1177372
-995531
564613
-173893
171602
424443
719713
-713055
786992
1057301
668002
-1770573
-324533
-839833
150516
259254
399083
-702092
914156
1086835
1667025
-1024928
-857501
-1248011
-86991
-319689
-58445
-1465953
792651
497379
2547668
-582077
-1042403
-815498
826553
-133199
-1218017
-2621254
39938
-1567552
2403018
-181088
-1260152
-1099992
1642516
765638
-2272303
-3543573
349962
-2549373
1987791
-397582
-1448271
-1508229
2329768
1908182
-1926170
-3903542
1066902
-2103155
718901
-1359303
-1615034
-2022993
2291425
2139474
-1708362
-4017644
1689338
-1149072
542345
-1133004
-1561752
-2001026
2477433
2151507
-1640513
-3563206
1662332
-831308
-765952
-798556
-1455594
-1879566
2791875
1995344
-2445130
-3482883
2290796
350354
-1625387
-1282486
-1413897
-1962480
2709150
2327165
-2280020
-3266459
1864275
812778
-1032298
-1099308
-1376454
-1696948
2403145
2048734
-1836752
-3077651
1464108
1108605
-786528
-710014
-1305359
-1586502
2805237
2088867
-1827018
-2802277
1209510
893150
-1215621
-449049
-1718736
-1899660
3103356
2238105
-1898168
-2834902
1030819
723253
-1337648
167122
-1720388
-2178111
3095635
2117652
-2050531
-2486819
1343138
973526
-1630804
183587
-1387353
-2201656
3223658
2585530
-1824267
-2540239
987321
480506
-2057250
212550
-1925261
-2528388
2669135
2457020
-1056993
-2287073
75941
279177
-1367670
760653
-1581985
-2022232
2789591
1638618
-703300
-1856091
-469347
-69247
-779056
392403
-1477741
-1965748
3084682
1742562
-1374978
-1940225
-459751
365025
-595360
731952
-1608583
-2266513
2598072
2450025
-1361458
-2129180
-180725
1107116
-694195
583345
-1527044
-2339466
2441929
3232910
-942013
-2511801
-121441
1859111
-1085933
36079
-1441948
-2102085
2594885
3247806
-743677
-1948814
-409193
1777899
-1898963
-593261
-1509686
-2434813
2170164
2724820
-1162280
-1653962
-882592
1970512
-1699988
-489587
-1261933
-2595232
1794303
2425370
-1158149
-1617061
-686571
2084747
-927648
-760863
-652158
-2321302
1059537
1627260
-1180890
-1807630
-384307
1799400
-188697
-809382
73794
-1678382
997238
1176803
-1721057
-2184262
-1254311
790859
79436
-349610
-67334
-1632018
923447
1180423
-1117469
-941623
-1173699
139742
-199231
-526184
-176353
-1501403
605315
642360
-628663
-250331
-1563321
-738224
-452371
-34689
6935
-992662
919561
13376
-750398
460688
-943204
-1233619
-747017
40510
155913
-801206
624508
-1080686
-1014028
678433
-450293
-887313
-264502
-222363
53282
-891276
69918
-1411642
-648886
859959
-125489
-787992
156029
-31736
85375
-987472
-732322
-1622545
-734277
333457
688714
294650
105574
-168608
544189
-457324
-641628
-1862314
-947482
-230280
-41048
-55078
509703
365310
639754
-272936
-86020
-1514065
-848990
460104
-403917
-1047853
378422
642285
614654
-253548
-156824
-1426659
-862050
742005
-111563
-1156801
-14178
472767
654269
-86850
-500486
-1717747
-902289
1184380
1064345
-525934
-342214
-319961
627559
-40380
-536464
-1562065
-551131
1217579
550980
-823271
-446832
-378397
793683
60878
-563624
-1703568
-152526
1355902
899259
-675524
-805356
-408301
1026205
394265
-264401
-1589707
101416
1826566
1869248
-351439
-1988301
-1419395
423260
-183222
-244803
-1226143
7581
1677154
2182195
-134725
-1952964
-1007706
360872
-207745
-105063
-1302580
-349077
773962
1067135
3156
-1176887
-240977
647610
106344
283264
-953394
-179523
762195
565503
-420472
-759674
-105626
202555
-698044
-229226
-999334
-115094
981339
451696
-784855
161638
1021546
-36973
-1385635
-846224
-1560967
-603597
589062
450570
-476369
1190092
1783476
418496
-1021845
-883885
-1311387
398534
792258
905227
-600137
-171068
123111
681092
-224825
-74015
-1115194
655723
738794
421104
-507966
-452406
-1002091
421843
-519630
-82955
-1199746
-37914
397523
319787
-162611
327431
-742970
257514
-890150
-301335
-771273
660533
1088508
715943
483748
560779
-1694979
279516
-900317
-596561
-493068
753976
632242
240963
260988
1216331
-603738
423309
-562687
-301714
-307816
129720
-240487
317093
665303
1830315
-38356
97986
-753401
-220096
-337145
80940
93353
394366
741660
1842572
317557
351155
-523614
167612
-483185
-482709
516781
156171
-249454
1248835
150563
610729
-633065
63572
-596990
-1164606
509888
891257
-589072
885179
318919
741079
-776951
-312902
-515709
-1093120
191296
1426334
-8128
898569
511817
396432
-692628
-94533
-413399
-532736
289780
1257323
-198656
936869
799603
612180
-252527
515379
-142862
129865
745068
835728
-1621668
126241
407833
443087
-760108
7888
-266232
105129
-99675
605444
-1267414
405896
1076906
334259
-621730
-319998
-652181
99875
-318144
544047
-480381
884746
1421901
-300129
-1085212
-753914
-819736
-128056
143105
956890
-482354
1212783
1550752
418379
-606087
-42337
-5638
-140996
-414146
911331
-734161
415577
485021
554520
-663862
-318412
-297077
-373746
-1011407
680302
228346
876236
827674
670105
-210229
-14909
-167399
207905
-708356
-365111
-556826
335153
783457
654992
-94117
-19009
-364601
543757
-51212
-249559
-725297
200187
-30750
523692
-566916
-794492
-1215753
-151439
-531556
229555
101357
1190204
941655
869777
-185804
-415385
-529091
480146
-76892
-235564
-579440
504782
545300
895649
50710
175161
-51629
474767
293999
473223
-684835
-241920
-345719
107107
-337106
350475
-290181
559132
58757
517111
19649
364882
-625139
-32886
-631091
321303
-145795
552186
-143088
196177
-29909
1016773
-578916
201716
-731382
-138622
-481206
337537
-468072
620905
416972
404560
-692009
273370
-613616
-160116
-641834
103440
-949298
-263603
298005
804000
-265819
499762
-350462
129642
-731564
273444
-469952
-463959
-792591
334889
97828
462516
-435193
234640
-518837
106693
47755
436387
-394723
-318367
-694769
376766
-372019
663805
-57087
-255928
-242901
932539
1375542
454907
-2052361
477737
-446775
1150793
141359
-822943
-440749
406740
885141
892973
-1319617
377355
-822152
808616
-375114
-1728635
-1026567
418866
1277217
1591407
-406992
726226
-909076
621830
-490657
-1756095
-997905
636697
453851
972025
506182
343933
-1483831
138105
-798450
-1759893
-245206
1713366
918272
1080065
613303
612238
-1134426
190644
-337391
-970254
-224261
1492144
631845
515600
-333131
612712
-465132
447845
-389494
-620416
-210335
1014643
219673
-241492
-646686
-7346
-555493
226445
-961265
-1029344
-155774
789997
299564
-52013
15585
-93761
-762117
167280
-788125
-924394
-321863
446173
322355
-5917
-47982
254363
-349251
415708
-455747
-227773
-403470
-409982
-588633
-212123
-32941
106690
-484276
-19275
-850109
-552508
272959
990312
-841751
-296467
48879
-101076
-809487
-447535
-845329
-392556
456284
1631881
-779396
-1212418
-142784
198779
-514399
-333451
-905828
-808651
-264725
1204624
-286691
-873556
-9958
117394
-409232
-236695
-986242
-933457
-480298
776971
-115960
312482
499052
-47184
-461896
74949
-658642
-184997
-25489
475108
-307987
244081
425610
271934
-376219
-125160
-914683
-64371
415575
459833
99347
1211725
424456
-30596
-11807
265140
101520
754901
566920
-388318
-520469
-428253
-436313
82476
-194350
-284620
-144170
58221
285326
590472
70227
110135
-342674
-11
-40945
-31454
-252140
-330267
-314391
543208
375002
52032
-88048
-6254
113251
279047
-484004
-139638
23283
380731
449972
-335938
-661746
36785
159482
181826
-769785
-416329
19258
713558
316563
192578
-681989
-35329
153521
506691
-50947
82005
185198
164241
-119281
328206
-688145
-70870
199993
527727
279967
-134487
-434739
-475937
-179024
90743
-36901
254900
211297
167723
204845
-173768
-786955
-611067
-91575
480789
-53121
131981
270908
146708
-252515
-10343
-535954
-795302
-219661
388884
-201836
-474994
-325103
14706
-511235
95147
331671
226262
312023
407544
138938
-237039
-40044
643106
157970
-41828
279275
279323
-789166
-593767
-502358
387521
439711
488859
182548
267460
221674
405430
-1726038
-819273
-975168
-105100
350650
517879
617101
857936
1041880
1018990
-988461
-722476
-2176325
-35008
-97167
63874
1016027
809885
1318985
1290156
-471310
-783678
-2007632
382817
46961
-478438
-276289
577989
698100
361788
655375
161994
-606768
427684
448936
-467088
-1356011
252687
882010
-140296
736267
327213
293684
390486
917497
-375649
-1591321
-264465
1228812
-121728
446363
99471
936992
179081
834136
-260043
-1424295
-205809
1492217
-252667
542537
455851
473915
404617
1016577
-431367
-1441385
-3705
1289818
-565333
-471232
898820
992785
373647
1236053
-707768
-2051420
385613
1939438
-369396
-1235874
476629
1346654
283618
900234
-414366
-1863198
374053
1502843
-223020
-496805
409562
811297
573005
547609
-601839
-1456838
363386
1515587
328602
-708358
100899
396976
568850
872979
-387175
-1591316
383001
1198077
-98968
-772584
206188
431022
593928
999639
-622410
-1782622
216600
1293943
219270
-458202
713387
517692
732321
1309772
-733526
-2045077
659043
1695778
217875
-888637
321369
47286
385288
1295753
-202314
-2224229
519815
1459061
-30193
-1126015
836218
192296
452884
992023
-118937
-1276333
276315
853763
-53692
-327711
571935
675220
757375
1165564
-867595
-848910
128178
262329
-246355
46491
169017
400551
751414
1130538
-924829
-1724923
159229
402630
88316
108118
523460
536537
431472
770424
-511576
-1832288
-209745
938337
349640
382426
399761
497559
537962
1180282
216624
-1753133
-477746
1502742
657677
-215261
-147016
-21160
888200
1443296
170140
-1640209
121271
843898
258830
-1247680
-9614
502543
540416
1583458
311481
-1501181
296354
352143
549105
-1341466
363404
939268
145242
1419253
463900
-1018070
378470
1154556
758970
-796112
-229586
222611
30984
893408
184604
-1060707
-86574
1267467
722628
-339607
-326659
340436
-67386
878776
-10116
-1626560
-207977
899261
946430
285911
-163602
456835
-343182
636626
218568
-1068093
200488
406389
699292
162510
-112857
492449
-291794
609302
499428
-448988
150126
-539936
226997
277983
605765
622173
80248
1037571
194467
-466452
403923
-561679
-339781
64735
595984
88500
243720
802245
-263341
69359
615734
-947389
-388137
216641
57705
422206
-106166
323147
103388
549055
883113
-516454
-311194
225995
71346
-134611
-480206
-339540
187261
388179
347723
645724
433778
-303192
-182734
422404
-380070
-287472
-142119
318996
273204
74127
284187
476586
260478
69963
-384467
143595
43058
273007
418001
-789468
-413071
679930
682508
-37383
-241237
-27453
-48290
97631
229292
-499594
-144997
786336
600502
59781
-209746
-352473
-128919
73299
767435
-111568
-211471
154696
166142
188753
-452016
-470538
-50484
176131
233590
-1163628
-432664
823357
845578
1023605
-198238
-489350
-190756
446353
158896
-809913
-372528
361414
763728
416745
-113050
-463321
-37747
694301
994293
-25908
-770327
-806610
-99303
347177
-504901
-351529
147157
568748
957699
219102
-933975
-925302
468908
640779
113611
12762
74979
369183
435030
-284720
-361901
-768600
214971
425669
609205
416229
511562
485668
613502
-400309
-747266
-947458
-292018
-742739
63736
280170
353379
81986
414930
-1028608
-489635
377937
837380
-566238
-610505
-294787
-100218
-312344
371739
-378107
178532
1367661
1066249
-412964
-475593
-393039
360960
818676
425424
18454
-249004
-198209
328147
-28507
159122
60196
44900
255498
-1859
-826753
-541961
-176853
265412
477252
6485
73403
-157645
-128490
70403
-300500
-239943
-177189
74853
633227
-272958
-88224
133658
711685
687681
-343971
-174494
-887931
-1016160
535724
-157955
-171456
601656
526527
8725
-538836
-461400
-225670
-310566
181882
-153898
-82251
538678
22843
-363879
313263
409051
205541
-528857
-892312
-110099
55368
536825
370496
109142
47139
581700
102131
-483656
-988404
145277
323067
211006
56514
546035
-465598
-273650
-25119
-619938
-196299
-63912
49864
57735
-435006
619808
-53959
-555026
-155600
-68027
-141718
-550542
-510426
-72881
-632268
303831
400526
387857
152906
355343
-458921
-104510
-49040
24238
-134533
831715
352538
231295
136287
-81578
-1076611
95826
363233
207486
306917
905990
-314138
-1092948
-220192
-366612
-690345
124287
463114
599809
299639
-256458
-352769
-544487
-276380
187840
-684842
-8345
-209174
-62165
130793
-34684
-268311
182897
272029
564080
-774084
-237172
-161033
287676
293118
747970
157913
-379816
447444
160574
-436996
-314460
98762
336147
-225466
155498
569996
-97170
152134
-153861
-620636
-418425
-191338
127971
-423948
-17993
648951
692575
254980
320738
-722994
180491
351926
584180
277239
175519
-388381
-136969
-383733
-104750
-516747
-1773
-10514
106392
129370
-44592
-217090
-46828
108560
-278840
58505
-524244
-739020
-334998
-187425
-326607
101081
638118
634811
808470
15143
-220429
-502953
242611
-7368
81501
-676626
24948
285928
482488
-413160
-59816
-130409
148895
-187985
193259
86437
-330695
-451284
190494
-407888
170072
308269
127075
289000
214355
-445336
54919
-123227
-295226
-76226
65126
373293
441836
193500
304823
25253
29790
145469
-592567
-790117
-170703
-60856
322613
93105
158939
588628
682915
-677797
-440661
-72111
-128806
-65968
134223
-56766
-334699
-179493
499189
363091
-2768
205892
-116779
-309029
-225788
144364
-68379
-648359
-841639
151703
1029682
659863
-278660
-487552
33361
75907
237608
-43158
-467874
-274849
439196
777423
43671
102718
446582
270736
514804
453486
254716
-921120
-1387517
-116728
104837
500937
423132
-168195
708463
81727
-26817
-646054
-890834
-209560
384049
517555
234564
-526521
202187
123013
233350
-598170
-1020264
-61116
-6446
217174
-204992
-835043
257117
83195
-317957
-260872
608835
-67188
-634385
-69552
-404650
-741537
1023084
837957
213810
366781
206139
-442041
-354039
97162
333821
69925
674351
618733
-79628
-153266
-627167
-638623
154013
182965
155952
111485
736137
404580
-249768
-649343
-439904
-259928
-16174
-99172
-319171
-258611
910263
511906
198762
-174712
204884
152207
-76266
157825
76370
29681
278963
-6248
340462
-373305
277743
212810
380997
378135
163843
95712
-318440
-899754
140737
424803
447343
-56849
108897
15271
34999
42506
686939
321120
-539138
171179
256673
-316450
-97490
-60976
369149
543451
792563
226521
-840086
-1009001
410917
631455
24157
-204432
73308
-248507
380674
171175
-470563
-480463
542848
642611
-31245
-150206
-24355
-240903
173810
57056
-510013
-69502
537084
434554
-536510
-602373
-711768
-274051
-677515
-257312
27634
958618
1310650
1201045
-559686
-589628
-637171
-93238
-680265
-572863
-338099
1002087
1719042
1405022
-436558
-494671
-437607
399045
-310901
-523142
-338773
833769
1367041
1144993
-547230
-554368
-456671
632205
-13880
-134062
46120
647209
924634
949741
-626236
-599597
-356761
836253
465174
327738
-17491
289822
261808
696437
-580271
-640191
-517339
582894
480009
503911
-141973
-90637
-4103
921858
-391614
-526964
-467041
553126
453203
660735
70695
-52071
17931
584485
-630776
-717868
-741479
230503
54634
407618
600543
810594
586654
623673
-776069
-931645
-800836
544413
430296
665601
1339357
1735085
637722
-253958
-653298
-684431
-540335
700442
533281
553874
1396354
2142262
477816
-1155765
-588673
-525731
-159429
990251
719484
653498
1308737
2133642
254635
-1603217
-862828
-630650
5696
628127
115875
125562
974812
2037150
457760
-924908
-1353770
-1043384
112367
179028
-977640
-882594
228277
1399967
848217
784892
-1536702
-1056698
562434
-123369
-2361788
-2569053
-566853
547261
803665
2111987
-1725752
-923991
1360777
405380
-3364415
-3826961
-974100
-145696
129516
2588457
-1933065
-1084491
1723133
942699
-3843162
-4312847
-673538
221331
-158914
2440702
-2075986
-1098833
2079501
1360110
-3667973
-4040090
-247565
576712
-875693
1897931
-2036311
-1038761
2241498
1341683
-3887711
-3756239
564422
961343
-1227462
1334587
-1936323
-852662
2429609
1481890
-3797192
-3341210
934421
1142412
-1536197
733724
-1863530
-674065
2414389
1430652
-3707947
-3150535
1229582
1598368
-1266505
393196
-1766691
-521161
2486153
1607808
-3305038
-2740120
972265
1413655
-1025974
370961
-1898604
-416375
2664360
1747403
-3183882
-2694159
780608
1356573
-1029427
477846
-2031113
-524803
2871815
2021897
-3262966
-2516016
811400
1189860
-1199264
573564
-2114225
-580652
2997933
2308148
-3178538
-2544537
652899
884100
-1361169
712091
-2290586
-762041
2865793
2444887
-2828107
-2405849
224865
620986
-1172971
989970
-2252902
-699716
2838158
2454694
-2443868
-2277163
-542566
126861
-832881
1271359
-2350276
-641107
2756338
2276248
-2504293
-2240516
-1002111
199913
-119571
1579256
-2178918
-503389
2786388
2251135
-2532808
-2484916
-787152
577598
315629
1211751
-2262170
-673891
2757543
2738039
-2392612
-2835694
-364437
1333396
343127
711719
-2250580
-628079
2794089
3167868
-1916475
-2660292
-83694
1472141
-139459
-246076
-2257668
-711183
2762970
3314210
-1798335
-2556692
-85334
1299132
-430463
-725159
-2235498
-810848
2467080
3007286
-1875114
-2233524
-91079
1066065
-422765
-857720
-1985131
-1053239
1637588
2284400
-2102227
-2193872
-197327
1335563
22005
-386566
-1333735
-975165
1065986
1504849
-2424530
-2475415
-494525
1190169
432465
178531
-843955
-927334
569823
879014
-2387629
-2346594
-646950
592595
583147
485270
-575830
-959185
348987
580267
-2128941
-1964086
-1228048
-470554
476447
923513
-505352
-975354
265683
274137
-1663083
-988114
-1175964
-1141477
147633
1075885
-295876
-801994
-13939
-402433
-1633431
-450259
-1225636
-1396185
38496
1300142
-233116
-813964
-408005
-971217
-1588353
187612
-705892
-1125481
159891
1403265
-313529
-1143766
-1273856
-1719424
-1467597
429089
-133922
-206376
494754
1260950
-300406
-1274605
-1836464
-2073909
-1346018
386879
51607
241040
796004
1513217
-143806
-1156429
-1942982
-2067221
-1425874
243306
65989
257211
865436
1652704
92038
-862074
-1666279
-1935705
-1390726
329932
-179294
-485604
772166
1877289
182873
-754373
-1598913
-1905447
-1191308
907176
368629
-560617
335880
1362901
212666
-647779
-1683472
-1907008
-831677
1190889
530509
-589306
-89526
878399
279604
-515373
-1770575
-1851538
-451636
1678335
926103
-549452
-564960
391266
459159
-260555
-1573117
-1479706
101719
2264597
999387
-798014
-1471423
-368819
373829
-265965
-1339986
-1124001
492954
2625456
1565404
-647821
-2171474
-858316
259796
-261843
-1042282
-833439
462775
2391044
1447147
-630325
-2276079
-929830
183530
-274579
-750552
-548131
271490
1875230
907321
-816667
-1694623
-328381
77692
-353507
-727713
-565060
60268
1395537
218706
-834569
-738021
570503
-296765
-866480
-1244639
-810499
-269641
1149184
224906
-432370
366899
1609681
-631160
-1406691
-1883055
-1004158
-160824
1316508
377492
-71171
560913
1793533
-540089
-1170136
-1690342
-907571
9141
1432304
287433
138259
258391
1000826
-331123
-804151
-1356716
-652586
238826
1433665
359997
84687
-330428
41059
-336646
-703169
-1015412
-328279
409901
1545349
411404
259431
-210651
-598428
-473696
-925226
-1160669
-103166
560626
1426470
505919
485064
250343
-450206
-479061
-826440
-1007825
120039
691893
1232260
618527
1106366
804236
-520018
-567114
-746407
-904798
190485
420017
794599
619439
1350684
1311521
111000
-440426
-480016
-586301
135199
-114379
651249
813504
1249735
1391248
77852
-302858
-453647
-670624
-182342
-551409
844858
1104323
752183
949815
302696
11221
-404109
-838303
-429911
-884928
829808
1337178
580357
591274
382130
-64583
-561387
-1039518
-493744
-794413
914245
1543161
720807
577059
712391
-4382
-370256
-745970
-114858
-263513
1191201
1192164
237924
143532
663277
-142652
-375341
-527830
182136
27715
1060790
574915
-245115
-90751
1017616
-85678
-290877
-524617
115121
72843
787411
100694
-321526
76124
1226723
-594948
-876775
-1092734
-302061
-151989
398412
205128
329240
859399
1898165
-575852
-791080
-973673
-274573
-239456
284319
493540
605896
807055
1675345
-538283
-885317
-1108307
-283036
-508076
68596
675660
952493
917676
1454103
12183
-362509
-654209
15706
-401689
-252320
85854
613288
569028
951156
124724
-186199
-668799
-172188
-334957
-160927
-281612
366362
517440
857075
166921
-184030
-906779
-490611
-376034
-45225
-436058
254843
559093
1070794
234070
-257793
-1141993
-609270
-238802
132951
-377876
328340
705439
977226
370051
-165677
-983258
-399100
-123455
184393
-71873
260050
380718
752948
184657
7862
-432173
201688
326671
651513
-9785
128031
-158710
-52017
-136194
-95484
-98367
503498
236410
632281
132765
357203
-141364
-315137
-392007
-347468
-222108
275466
194523
480399
104769
730070
-26720
-379527
-285643
-458432
-471348
46973
-150044
46787
-169980
754001
278200
-59812
-110081
-379536
-640126
-306998
-414064
-171939
-420512
477301
62046
344046
-43662
-290126
-578891
-283599
-534954
-51136
-528559
54882
-75055
465194
21513
-90213
-271669
-94747
-519279
190243
201095
514908
-233652
-417928
64185
52031
98768
253420
-793950
154835
696382
1018021
-37278
-1123130
67550
59725
189578
129098
-1499536
-303984
928074
1733181
676098
-1090834
227119
-100574
-48085
-288429
-2166600
-491844
924591
1392207
717260
-62051
-75443
-619295
-802387
-911266
-2518070
-292031
1505432
1974827
1144737
579860
-163229
-837214
-1143485
-831374
-1985452
303727
1909772
1733209
643447
620129
-356534
-809107
-1081850
-695098
-1448009
790616
1940364
1598199
287056
125933
-411303
-540244
-823321
-595581
-1035451
768143
1381373
950672
-173759
-67996
-654905
-525837
-732139
-724160
-1140302
497526
940823
643513
-200633
255577
-664043
-455004
-688133
-686466
-1110223
165468
144628
130256
-48231
795350
-532129
-476953
-749831
-686095
-976449
244367
127845
-108734
-209278
981168
-591635
-597043
-937844
-757096
-627303
544289
362077
-412146
-824239
1074656
-678301
-754495
-1250467
-994010
-888722
582983
949751
-209857
-887695
1080120
-732969
-782544
-1359422
-1085275
-942103
367195
722281
27636
-491597
1277523
-732782
-631995
-1125116
-931656
-973570
199790
434522
266742
173973
1524258
-673769
-548934
-1080095
-848175
-727122
534808
463994
589903
995049
1410278
492085
-111772
355118
-113838
-352114
-1072321
-343247
-362549
631162
472078
551375
19145
661421
373546
638736
-262604
-678660
-1054958
-371388
-53555
533942
-235946
282546
284450
722817
86508
-257867
-960395
-142708
-16961
452335
-481735
-82618
301478
492984
-173094
-315398
-1136950
143186
615247
518906
-498541
-28718
288492
738217
-70937
-286415
-993970
-469786
389463
668295
-407950
-349518
-635497
-39039
-444964
229942
-483724
55605
522042
653633
-346880
-167629
-718807
102315
27660
900262
-349592
255759
-199293
185823
-570097
-34611
-419781
177804
110584
1135926
-18227
224687
-179306
474490
-518101
-57712
64641
174314
-446073
567310
-128238
398174
-131093
1310969
399109
268766
201515
115010
-1192058
-538312
-780282
306398
-547436
428667
-320589
-332080
-484041
-64749
-1312954
-432793
288186
1690920
605095
-219757
-1046208
-501220
-699652
-260080
-1436594
-363158
645098
2160430
1127219
335352
-465964
121225
-710088
-747723
-2275237
-986537
-973961
1760265
1236745
91472
-261664
801213
-20243
-364808
-2309668
-279724
-1921406
1463022
-208919
-301858
-718053
1162493
1748284
478543
-1307971
1122051
-2302524
497251
-2513287
-363623
-1436127
1014826
2557160
1100999
-1193800
1753449
-1828081
516424
-3370101
-219496
-1850080
889191
2463508
1430687
-1601656
1629925
-1556850
234627
-3133566
5748
-1810230
982362
2222115
968994
-1875326
1788448
-1070153
-480388
-2865322
-271858
-2079189
1034542
2406007
710907
-1970152
1484868
322977
-514810
-2549560
-269053
-2193312
1055615
2654733
567001
-2210034
901052
677299
-242761
-2128841
-196796
-1888634
1017029
2337675
360748
-1857863
527271
231710
-505972
-1515191
-570131
-1886272
1138833
2145025
304337
-1949827
171185
386822
-498258
-811580
-566795
-2380579
911214
2008165
251000
-1538750
609830
678017
-777648
-792447
-296387
-2437352
1147592
2237886
393367
-1667166
310863
362592
-1335280
-911025
-578589
-2841150
978504
2268880
382394
-1770987
29801
678799
-918452
-266453
-197074
-2608214
579381
1806145
467247
-1128015
221184
687245
-1114726
-644035
-98458
-2224455
832899
1136658
403542
-689602
364317
233286
-1018521
-1032573
-543257
-2646453
1096151
1225635
771211
-480606
500510
186248
-799755
-847433
-365723
-2564152
955747
2141795
862928
-561743
-129085
412784
-1397195
-871345
-57810
-2200378
507815
2240345
984221
-855262
-689897
233584
-1445269
-758172
-207201
-2736207
-211373
1783583
689413
-1112164
-960665
974378
-858670
-139853
-333435
-2900813
-274629
1605490
186858
-550524
-777111
2072772
-687695
-596877
254866
-2684009
-314353
1349451
179851
-233292
-928693
1959653
-882036
-1001576
776722
-2075237
-91955
956249
29728
-1133378
-1286399
772232
-262474
-593269
573198
-1544090
369282
1487917
754893
-553804
-990077
-27765
-353821
-1214301
429917
-1485123
427494
1646406
832902
277914
-1010630
-363863
-572716
-1269953
701908
-889328
477637
846503
213515
770109
-576316
-283535
-805217
-1344682
520884
-762167
275760
102300
-13362
1327247
263012
27088
-1069246
-1483986
134819
-999744
536548
-48737
-83493
1142561
530280
-22731
-623801
-1034353
131549
-605382
813736
-406928
-161244
950130
742036
-14280
-346152
-1375089
725828
298526
708494
-668939
-542179
-23528
64193
-267624
-172695
-860930
1043586
899909
1066010
-158437
-81421
-469835
-556932
-740329
-337198
-1021727
828581
593482
1162274
-143653
-65856
251920
-10823
-1127046
-784943
-934581
746284
313986
821047
-382055
-330094
983907
744568
-737029
-1021921
-1070546
591855
515267
886254
-193378
-311271
464981
327193
-768954
-701498
-942264
630910
777492
859559
-285807
-697440
210736
341598
-386007
-356399
-922155
882263
932186
871070
-578217
-395995
943795
980934
-298346
-1118301
-1701194
398138
563918
870381
-829932
-556709
184901
1091292
287626
-620797
-790221
343287
372934
527965
-1173006
-1455368
-851373
903909
1200990
424609
-90609
814883
484478
594997
-945579
-1181335
-667592
809321
890894
-68751
-504963
79361
-204673
331192
-780020
-490381
112510
671378
615129
71020
69917
-211379
-678834
-230228
-1078276
-812716
177239
917768
467549
518373
995595
769747
-71297
331098
-489813
-179634
664975
624128
-946955
-1101798
-237347
1442733
778584
1059528
-271359
56344
48978
15399
-1508941
-1214900
-1025499
987944
412685
532911
-1255517
-441854
-580940
370876
-154145
256252
-640515
423218
-246781
448315
-731745
213377
354119
720678
183874
348248
-1222486
600873
-144076
454231
-481688
68525
-88655
118565
35651
908355
-852935
924889
134250
214429
-1142314
-683235
-556749
-105683
422733
1568632
-198801
681652
270
-143227
-742668
-72082
-190113
120646
-243308
979962
159207
693810
-109967
-17475
-407117
8926
-519097
-663637
-1157129
726684
910294
765387
-264865
120380
-551550
-624234
-326380
-472813
-960925
542984
850452
510387
-552344
256500
-166759
-823096
-55407
399500
-347046
781183
227784
578307
-187321
581322
317795
-603757
-376531
397861
-499869
442796
283582
978990
321352
881833
445087
-270082
-580685
-315110
-1362397
-279327
506436
575411
-312294
415750
-300912
-759132
-777641
180985
-989016
345997
1064770
342914
-633812
-40324
-899592
-611269
-338422
1207509
-270725
890675
734648
211551
-626713
-175079
-732752
327252
-9522
1009815
-570732
154376
645116
719531
192453
530971
-112714
85443
-403994
284914
-1290142
-646899
227401
1034167
176843
209208
-195439
-478202
-888255
401104
-999577
65274
7003
820741
-92278
150311
54760
203804
-992633
-151762
-1048358
246651
486115
791108
137094
383096
193250
596142
-466758
-434443
-1092116
-490142
130239
167371
-513731
-369211
-808634
38703
68452
515929
102335
551783
387021
610938
101558
374864
-270867
543761
-149024
34818
-794360
202530
-245301
971641
748357
927468
201702
787441
-29520
-59814
-1319239
-954341
-603703
307769
114690
234365
-265273
89172
157911
381827
-246577
-24152
72076
157284
-410151
201108
-335465
44865
-466495
332473
47974
755171
162724
315684
-640396
1720
-838500
116845
-305189
291532
-201611
770795
-189052
405090
-489235
-120116
-715184
-7297
-806335
-107723
-261267
1075597
158720
622046
-19126
253429
-391276
404653
-835384
-564783
-353027
572330
-232063
518708
-72876
491058
-204078
728468
153382
266172
-670822
-241884
-1047583
449653
-7953
816840
-214520
334999
97570
1288592
289374
-245072
-1723393
555523
-46331
676247
-46368
-187545
-580445
154009
292147
696540
-912635
276701
-839402
182401
-331951
-691461
-1051003
-420406
599347
1860640
305010
339986
-1084896
363193
124840
-565278
-679091
-333728
108579
1204560
388699
137804
-1044116
625362
580407
13027
-371584
37693
-3449
688133
9713
685498
-556166
1193261
920383
-37819
-701435
215525
-431920
-395968
-308468
1337897
70689
1459864
637116
-560272
-1360625
-578450
-1085670
-284488
-183606
680374
-311053
613212
-393761
-714043
-1207862
-35640
-210627
713941
250215
260924
-410149
623989
-264047
-674528
-943683
101945
309494
404721
-180842
676237
50764
1061257
240554
-344385
-771509
-466443
-296397
-356499
-798962
545155
-241963
577783
-267134
80120
90422
241309
-203964
-547518
-830990
77543
-483061
299934
-290594
301904
447326
942118
-533081
-782437
-752369
537172
107164
531889
-186811
-669411
-770964
969565
-262294
-336415
-849165
712914
249390
445172
-464124
-746887
-830645
965348
613429
-105511
-1107712
487395
231583
759638
296220
2914
-353514
570430
-219705
-523566
-1068255
657372
160802
672629
38221
161570
-77631
538946
-461033
-281332
-931686
42672
-14587
-81489
99692
522779
688030
352722
-92502
-858793
-364324
-116920
-335444
-362070
-396487
-472023
-33947
95447
195622
681530
426368
50970
-207340
-255712
-161405
-390188
-331994
-397234
-101302
490184
624538
164255
31524
-118926
-187598
-181065
-369313
207135
312215
181998
257679
-632
51200
-183402
-367312
-432877
-473097
320276
447939
832563
116294
-179261
-57965
89071
172236
311478
197533
240257
19497
-1740
-308148
-111083
-160557
30697
364243
204035
145129
-327305
-323129
-225258
274463
447126
262372
20802
197337
-246994
-429653
-997829
-922924
-56514
498425
301209
307937
-143347
-58573
-244952
-451792
-459298
-423685
155946
545084
-815531
-798714
-793935
-528916
-141724
-304087
320295
799863
1091854
1127766
-45947
-235689
-288118
42745
420097
185163
291748
130663
312332
-429177
470439
764333
481845
605820
723948
198485
396591
-723702
-118574
-1935526
-265526
-17263
-44732
995339
1305148
1250752
1456304
-45852
343846
-2502906
-214193
-543574
-260603
785190
1076195
1534009
1108367
256376
368210
-1948317
-35510
-655668
-126907
34324
454372
38438
286989
-67269
254312
-27128
112717
-467268
14325
-112378
-103965
-1038913
-275138
-308692
-211403
970984
-94789
-400313
170101
223022
-373217
-875840
-513900
468364
-578156
892394
-419233
-606687
59586
463783
-313031
-798385
-783651
889718
-301294
1298352
-157855
-501848
173562
416761
-399061
-522033
-608821
132822
-544416
618307
-148900
-288067
158464
253426
-589701
-717604
-136036
387931
-676984
285229
-300667
-509172
56230
220150
-247677
-586056
47306
494879
-339440
439740
-16301
-510485
61302
-5309
-137618
-258392
213966
587365
-298662
-88029
107450
-298688
344840
347253
-134215
-469039
-88454
276523
-440302
-90958
-295786
-544729
143068
237347
-335838
-314520
131131
582249
-121346
188613
120175
-111152
113469
134674
-417397
-54889
563034
516258
-531027
-642142
-124160
-214006
389489
318673
81909
-349826
331210
70598
-544364
-568996
-525052
-734755
160845
574441
252401
19300
-339253
-54575
-518236
291189
38055
-138726
80889
752065
-445739
134396
-946788
-127510
-689162
600130
-46980
-228332
-167180
358502
-636512
-481082
-614084
3317
37232
839672
-290457
-621724
-225820
55569
-521044
-436164
-323433
981210
330489
766778
-157938
-238946
321965
638965
-105696
-86715
-342053
1167643
-138808
-279433
62720
6580
741371
797843
182577
-245495
-116272
-140047
-294908
-896870
-310023
94717
702193
969733
162574
-655413
12137
-812315
334731
-931240
-729916
-68158
518093
1313911
388430
357534
290581
120557
-16969
-1108907
-344892
-47046
126027
402745
-401161
61912
7207
816516
36607
-383101
-4603
357771
116459
40712
-690289
-558296
100501
557050
75992
-326488
-341345
-145353
32932
135613
-233822
-367160
364132
234821
251642
-228392
-180010
-133147
492935
297168
69153
-594902
-331841
-639814
275793
-122481
208394
440078
642325
394086
-220384
-562231
-225901
-753740
-143860
-283556
469810
656938
412410
346064
-543692
-612365
-588800
-865813
-178875
150095
98597
37272
285510
280040
93740
179194
-13792
-564764
-353728
-121980
-228059
-468754
-270935
-414494
-252968
422155
342727
531840
27559
-163586
-69468
-144524
-283903
-360594
-544111
85058
-68721
376316
241016
304937
2417
75028
-18483
45831
-543138
-518103
-356906
-254242
489174
596223
115446
56241
-90389
-315717
-631049
-244820
-65261
139389
364667
320009
116954
-93353
-115079
-673807
-401847
-218294
543858
378661
156113
217314
-190686
-329206
-339772
-643422
-570214
-724240
-8045
131639
777287
1076752
197817
15402
-430902
-593057
-660944
-170016
33251
290601
356654
452877
293104
159330
-89481
-178918
309505
859211
580361
6302
-926892
-830590
-331276
-414437
-364987
-116007
404484
900872
666255
-6467
-741673
-304573
346169
169354
156652
-79311
-99922
356289
113787
-573077
-598674
-600063
976671
796579
966857
434190
415403
253784
-203299
-1136587
-1160003
-1239052
296907
212670
171631
-198526
-108534
-535198
6836
-393362
388050
199922
-429947
-716708
-778508
-796019
-513661
-352019
273752
655110
1197034
1205226
-208139
-380603
-424362
-103159
230799
709480
98799
264643
-102329
-65398
209040
214891
-36729
-209195
-433708
-72440
-567220
-247435
96310
300053
253879
48343
-316759
-359733
-528137
-89691
-148506
-238480
-187709
342893
-117891
-286902
-406008
246295
381170
700358
156843
-628949
-383870
-161038
1928
-212613
-150986
85258
227753
147371
-515841
-444103
-253726
359655
-77865
-199497
101466
138380
-56611
139864
-119090
691976
415120
-68135
-324596
-198512
150552
383842
64857
245974
247599
417166
646759
-255171
74625
261932
328369
360359
-86152
-181690
8036
-485370
-45824
62838
247468
112512
-111047
-251887
-325981
-349351
225324
-276832
-139077
244175
-144082
-415756
-661825
-822944
-483266
-169984
956491
697061
875391
164720
-68232
-135345
-256984
-232096
156948
374977
975407
295476
111113
-237715
250061
399429
274802
531810
502702
438372
107373
-736988
-1205553
-193286
505187
561293
223087
523286
-146461
-123469
-699355
-646432
-546079
-174112
-17303
-154723
-238938
-139490
-185577
-9087
-76467
20433
591411
401623
-502214
-494758
-291126
-83130
320995
182954
153830
32808
-61774
848151
-162852
-102074
-97619
90938
181999
312873
319812
565662
-387553
55678
-252765
-299767
-365134
-395423
-311456
-109478
377648
833169
740431
225310
370068
516996
677581
567780
412307
-177429
-370757
-864859
-568402
-416302
23034
156381
-4997
-8147
-192156
136324
-88480
1271
-237457
194167
-278930
-563175
-848551
-809834
-810851
-327479
-87549
771769
1117775
1139795
287988
-132707
-269091
-474796
163135
-297880
-83427
-284953
470668
164320
345066
168936
-97888
-143464
148431
55734
120465
-220544
-168734
-326063
-75320
196082
191635
370377
153604
65195
-146727
-43967
-25293
-57195
-10874
152571
312567
494611
526762
393129
120794
9305
-419783
-394857
-103159
-176613
63427
-4554
207655
410642
550154
518893
-159754
-718772
-34803
-186032
-62804
-117308
-308551
-314963
-310709
291169
492619
375945
44053
-257153
-306457
-121024
-332335
-238880
-1248102
-440783
152285
1191734
-122480
-535842
-228795
-130611
40084
153471
-376911
-109749
-41545
424677
3095
58976
492257
667837
565786
381288
-98256
-103368
-367273
-756724
144807
289034
724293
757404
314294
-50536
171683
-351830
-464024
-665166
608517
450884
717478
219165
-607207
-871822
-460121
-281057
85237
-155121
492485
243051
-12953
-317949
-880818
-775337
-261032
20109
394424
359408
-381282
-462301
-840056
-551460
-701649
-131645
899144
1210783
867879
527784
48438
80827
-195498
282314
31050
395015
380107
673778
-363369
-456720
270570
232000
165860
233475
131398
438279
277483
146876
-591792
-743078
-317886
-239470
-312430
-368111
-98373
360676
850223
361415
7572
-215811
-193728
39783
-90459
155657
-381759
-236250
224390
-86643
447182
-244546
377695
490830
332635
213784
-530857
-540585
-432744
-141994
300206
-100384
82908
12866
47375
-3043
-31657
106820
230629
197218
-445766
74261
-128580
-149369
-65092
186379
361525
494657
90010
-613481
-904043
-326981
89411
-107321
-196588
-466548
-229555
-200146
-34285
-182707
-327745
238335
-181477
-133525
-146513
-428808
-486099
-404426
-431933
-275341
-56928
979197
1154936
-636016
1059260
-359423
774425
-897678
-479168
-1717952
573978
-36804
1247229
-627459
860033
-35644
1185831
-736110
-318851
-1684992
200447
-107408
1218669
-1036681
665490
-87673
977976
-728122
-31334
-1376421
500515
-16695
1244307
-1175351
490232
-321696
563079
-685445
315141
-1456408
414708
22468
1314612
-1230484
379142
-823535
643104
-560526
868666
-1342546
249756
56289
1332406
-965145
497647
-1128432
556403
-715280
1046833
-1643382
635192
-162964
1268598
-953434
540231
-1081210
481236
-921687
1160681
-1439606
1206587
-312407
1268623
-975465
529690
-684515
454749
-1404911
754112
-1257808
1566315
-387382
1492834
-988498
188910
-645869
246672
-1816026
168887
-963965
2182762
-312334
1464165
-735112
402451
-431821
352308
-2194068
34193
-728555
2335161
-893951
917499
-1216400
181356
-634377
244642
-2526695
286728
-601554
2665605
-324101
592713
-1351939
436724
-778044
601129
-2681998
597992
-1439151
3011235
-946757
333184
-1031247
1200752
136326
857825
-2724907
1181999
-3361618
2863813
-2901271
-108015
-1097706
1631392
1673103
1415028
-2772436
2495975
-4768138
3084519
-5482157
-482265
-1762318
1821591
2815740
1627923
-2104719
3330818
-4592356
3178015
-7306705
-446869
-2462640
2102752
3017865
1682144
-2368785
3852978
-4272717
2965632
-7220244
-448793
-2861092
2305999
2600394
1480795
-2751091
4134256
-3404554
1796339
-6133094
-418927
-3015572
2705808
2627553
877073
-3175474
3934128
-2248074
900535
-5260881
-587327
-3076478
2588514
2473455
473180
-2803480
3192844
-1197618
131450
-3496141
-610833
-2971764
2594919
2131932
389435
-2480610
2374998
-889973
-123630
-2511363
-490470
-3086148
2457780
1999746
276883
-2226052
1892341
-483308
-550253
-1857028
-660697
-3381481
2437626
1942663
478037
-2312247
1831926
-284125
-1235884
-1217550
-596547
-3820533
2674432
1659269
244897
-2092664
1853228
85044
-1608141
-810032
-335738
-3967723
2700981
1568769
449887
-1927870
1963050
42793
-2074151
-645653
-372401
-4120050
2535281
1069903
713537
-1225080
1497325
-235860
-2199382
-322608
-348258
-3944808
2623909
461480
966712
-609597
1305207
-584363
-1742322
-410925
-201659
-3717784
2696008
521835
1300400
-784954
737152
-385821
-1667021
-641635
-262667
-3862221
2372318
709944
1639037
-1156495
363133
100001
-1466630
-560267
26562
-4024835
1807182
1507752
1297270
-1125365
-423513
1127510
-2111196
25373
14992
-4058749
1451649
1826789
629178
-993807
-452463
1810582
-2380884
-60895
120756
-4227179
1372278
1562836
118606
-605498
-734051
2459975
-2806257
14168
324730
-4030812
1397071
1218386
21967
-190495
-1236368
2941337
-2785371
61611
889545
-3424174
1687197
949887
244689
-328555
-1309854
2463641
-2478137
-339559
1203437
-2815896
1975598
1093062
454808
-550150
-985671
964908
-1713424
-1254722
1051287
-2359784
1949859
1234457
460566
241588
-579614
304063
-1409612
-1974901
794676
-2028353
1876659
759598
407630
1577584
-623606
298877
-1804910
-2177499
579832
-1487994
1984639
129994
54031
1792619
-317643
257592
-1917567
-1756697
342888
-854911
2196146
-547717
42984
1738636
-24556
118915
-1358531
-1839385
400296
-449638
2207567
-1266500
230034
1351594
74440
-393909
-671740
-1739153
808407
224614
1937911
-1343556
632174
217472
-81917
-181438
-341485
-2309983
1154712
770002
1848177
-955841
462434
-358739
-168189
-824881
-468106
-1935832
1336608
710279
2002834
-463974
266919
-94125
150220
-1531247
-858442
-1532357
1152003
481573
2030342
-679098
257969
535179
256406
-1462648
-679702
-1666005
1003981
613329
1891505
-979641
-344049
564350
344589
-690925
-334204
-1612847
1015323
787057
1562243
-1035868
-444174
585145
462589
-639894
-220398
-1776759
1112666
874586
1376648
-1330440
-534495
384187
563232
-376147
-201550
-1514548
1156953
712963
1300789
-1722140
-547925
83908
1201009
654449
-265183
-1542019
1077335
198224
1045113
-1885423
-634427
-694313
1842009
786841
-281195
-836350
884309
-67959
982414
-1813196
-759721
-691814
1382993
592583
-203412
-266978
845266
-76026
1153872
-1566200
-456675
-325640
1151617
805
-278944
113807
796748
-312100
966704
-1526715
-33448
118624
967765
-552579
-432758
483507
1139372
-414513
983716
-1495047
-158125
28857
507903
-1458853
2263
463972
1778723
-47966
1332938
-1694362
307315
-186867
461085
-1431295
-19718
-953731
1781107
12850
1685778
-1749871
700058
-482779
565397
-1274529
392023
-1806623
1567010
-316068
1379488
-1790786
614873
-1116344
820962
-900989
1018961
-1657850
1409887
-627402
1067727
-1977585
604571
-666744
458454
-245703
1617042
-1687867
1480065
-517899
749040
-1759301
610120
-635073
54412
-578094
1622460
-1229509
1523284
-594916
585735
-1377205
497053
-1359913
-501939
-677581
1834544
-213188
1403207
-763608
585384
-846699
211729
-1239692
-383314
-1140183
1764348
194804
1247869
-890135
1000524
-660658
-312024
-865691
-222403
-1486219
1483135
24466
1455044
-838300
1353987
-643338
-779894
-654443
16601
-1265789
1003351
-150241
1496502
-812726
1368530
-576567
-855991
-518557
188266
-1098526
1189403
-206823
1457991
-824317
1477474
-524236
-757322
-607512
465900
-1680811
1096017
230404
1334596
-876258
1448563
-790653
-495607
-409487
1034888
-2130899
850591
334189
1316558
-1001598
1051308
-1268212
149868
-609688
1141306
-2238058
1079035
85908
1115617
-959096
892372
-1459435
549975
-810188
1154305
-2135606
1385140
171306
1289808
-685647
871584
-1032581
555041
-1132330
1304954
-2458263
763177
95953
1432659
-463001
804968
-423544
510068
-1304259
1001873
-2303523
692193
-197781
1630329
-394194
932644
-180968
322368
-1444455
508570
-2161293
1049827
-495887
1188778
-680245
928433
-410298
696816
-1042117
656959
-1928892
722575
-229350
1108340
-468777
1000098
-614133
963907
-552363
597736
-1575415
342136
-465178
1122485
-353526
762353
-1009858
939731
-797290
491065
-1172556
633571
-315738
1411389
-183521
837711
-904423
1136283
-711348
497626
-1549307
586245
-548792
1349396
-307642
926327
-494439
998865
-754648
908443
-1352989
377168
-516539
826780
-929340
743653
-948473
585993
-668798
650852
-641139
1199790
-432021
748780
-1195306
741555
-1186913
764746
-990788
707371
-1038978
1826992
-569167
996141
-923364
775873
-1442462
1133097
-1598876
637716
-589560
1639657
-1375522
1006858
-724721
844515
-1056160
1096228
-1452218
390821
-904551
1397586
-1539636
1038068
-532776
1195738
-930405
1303572
-1183436
831050
-1203301
410089
-1389877
1023809
-630667
1269512
-851687
1185500
-788076
1096323
-803220
435541
-1901707
914842
-981858
1357026
-708020
913632
-1262284
722442
-148230
1664464
-1661312
887034
-1407089
1515539
-233745
182092
-1297567
113244
31684
1705437
-1069295
899620
-1692794
1872882
-146177
-134223
-1549727
-508593
-66965
1663203
-729894
1106523
-1620162
2326737
-105635
-156312
-1259192
-156732
-485083
772384
-519635
1436996
-1385596
2575995
-36472
-363590
-1432823
230001
-945111
396324
-418126
1752192
-1275430
2564657
-415420
-267643
-1442767
470317
-1249148
691933
-501080
1774222
-1011129
2568249
-714084
-257312
-1426260
239678
-1085776
621604
-1075759
1279675
-1003575
2113400
-958373
-300577
-1381172
616775
-678281
492250
-1218301
1139898
-774484
1818972
-823030
-25098
-1008650
387925
-413258
-57465
-1258492
1236909
-554607
1817096
-713014
583773
-347572
229352
-745949
-573274
-1461321
1172598
-526327
1646494
-795498
413322
-570139
1155600
-818248
-564330
-1402259
1112099
-392757
1218494
-931706
181758
-687047
1896578
-698064
-448153
-1993215
1335304
-80806
1332691
-540519
-212236
-914848
1654077
-1109645
-219257
-2076205
1411236
-56522
1475331
-445553
-63348
-999411
1266796
-1256570
-301168
-1271641
1260288
-269943
1522677
-449596
302596
-542773
859210
-1540285
-186437
-1019911
1356074
-182090
1472001
-871614
344015
-472030
368819
-1832222
582244
-342425
-309046
-802317
-41302
-658006
68304
142336
1008842
603685
1078220
-284483
-429714
-700830
-16762
-848728
-360777
-610951
946208
1542229
1457190
-34265
-325261
-660200
551176
-491379
-363651
-648448
602120
1245129
1327579
-475983
-274184
-668699
797002
-173460
-277808
-96322
710239
771608
1218459
-908473
-300514
-631091
893544
122018
86266
-159305
514391
310942
960480
-405785
-425419
-676047
793077
421897
626876
-182004
130488
-333696
894474
-222816
-369081
-653494
698025
292158
821827
-271741
-58199
-351615
937559
-594976
-309965
-774378
480152
-179571
531883
48728
351747
21844
1018778
-621119
-498296
-943861
676573
31809
417447
903261
1372475
269390
387495
-1407638
-680122
-1050129
648397
339162
274122
1009883
2231253
540679
-238638
-1952645
-277944
-517533
937111
701550
557978
799727
2217258
198053
-1317750
-2566492
-178051
-65040
942537
198003
276958
605872
1996678
241963
-1125595
-2365769
-844781
-165170
553235
-458906
-257984
342146
1750178
683332
362145
-1688183
-1040318
391762
178412
-1691194
-1443467
-493828
1057752
392143
1938906
-675581
-1118079
1223443
645495
-2791891
-3197150
-707679
124216
-471668
3102018
487073
-1270891
1562412
1401970
-3301226
-4162798
-576930
547100
-1163940
3110081
875478
-1374795
1803460
1986369
-3279211
-4014916
-412291
1332067
-1710831
2494000
1077959
-1370277
1856069
2069150
-3431758
-3663862
94847
1748051
-2110168
2142144
1571241
-1249775
2166720
2185741
-3635304
-3354364
724145
1834391
-2376430
816270
2208595
-1065222
2117090
2274208
-3682892
-3368977
1121597
2256511
-1979283
291067
1833067
-848824
2027466
2200267
-3141660
-2924995
924929
1985902
-1480861
388619
1485146
-718978
2256582
2161887
-3058496
-2634128
690404
1984606
-1373858
213122
1580166
-801259
2463578
2644670
-3158738
-2564932
669331
1647960
-1560995
293935
1938158
-963438
2533551
2867186
-3296047
-2482212
623551
1573350
-1633269
445217
2313237
-965081
2411426
3135486
-3152474
-2416363
555926
1340413
-1648241
338201
2491947
-995057
2280343
3195362
-2502575
-2308973
-241705
766787
-1393597
645706
2705535
-1005070
2251815
2799207
-2415961
-1781407
-985709
428754
-586262
1135075
2422927
-716820
2393044
2888891
-2898338
-1770401
-1088645
646539
-235844
1149044
1854062
-824908
2157998
3255795
-2722726
-2551518
-498654
1198255
190201
576582
2086503
-923280
2044751
3513172
-2016957
-2766300
-242145
1813576
14401
-276513
1855117
-854689
2152382
3855013
-1717528
-2569703
-251910
1827441
-293281
-1266012
2135548
-921612
2092176
3655960
-1867913
-2222542
-68441
1125026
-236020
-1858898
2722595
-1098063
1370726
3209262
-2033638
-2235453
-109204
1011631
408083
-1580729
2849729
-1020865
718241
2526337
-2152085
-2152640
-293808
1358102
570420
-829415
2114682
-855814
297834
1641340
-2358576
-2238649
-648226
1011367
646457
-135704
2044328
-800024
140174
1317992
-2209702
-2037364
-877724
-146341
675513
205521
2372264
-1010743
17992
882815
-1646516
-1005135
-828369
-998616
461006
414495
2436600
-926035
93014
288365
-1559775
-351128
-966787
-1632589
133519
774775
2619756
-720553
-62061
-224851
-1821358
250480
-513229
-1371202
42005
905193
2016111
-816066
-755746
-980015
-1829509
708933
-272727
-820940
323178
1092496
1589340
-1072244
-1428082
-1449573
-1380259
720716
104617
29873
379839
1125471
1547035
-958921
-1733075
-1770528
-1396924
447647
-26467
572291
657124
1138625
1571168
-652059
-1455129
-1546328
-1585996
623167
-245562
-406995
586329
1749249
1485717
-564360
-1344693
-1329905
-1423901
892575
213741
-906694
289249
1494107
1325471
-400485
-1409637
-1559839
-1183515
1120944
583387
-593468
-92525
910366
1104694
-304568
-1489249
-1661365
-810101
1493959
1003528
-480293
-500239
433342
787717
-143838
-1495359
-1432250
-340935
1949964
827434
-881613
-1040565
145862
855051
101875
-1311213
-1183190
-123648
2487656
1250852
-391701
-1928409
-598609
548248
23709
-1024642
-782935
93220
2513139
1617241
-262657
-2462732
-1155347
497103
-244814
-885620
-505958
-9460
2015661
1077925
-379885
-1985377
-534304
856941
-85591
-563484
-400608
-294704
1560975
241533
-720486
-1011403
80317
717015
-350265
-789708
-381892
-343291
1375911
213201
-716333
-342289
1061564
423862
-995039
-1620486
-645024
-562664
1231430
277464
-420989
378283
2017852
793349
-1015548
-1905786
-766266
-442579
1350273
234521
200892
211356
1586881
622947
-502786
-1462184
-534950
20857
1845422
56941
375821
-612497
147824
106723
-313197
-982208
-169850
-197730
1617391
-40080
145990
-335326
-241014
-209522
-597326
-1182415
-13518
-24408
1489575
233229
458340
49355
-358354
-716376
-597927
-1258368
237292
427725
1640312
360444
714165
575341
-448347
-1539829
-446276
-1090721
311637
339020
856980
139881
1020844
928185
391463
-1572089
-313845
-763272
361329
-129732
603261
313597
1391229
1323390
446290
-1888901
-265494
-720234
207716
-640955
938102
758584
670699
1103369
414058
-1424456
-120834
-753786
96254
-1139498
768102
1253811
105499
424683
596871
-1194964
-222466
-1160868
-110964
-1110853
582490
1524607
534063
161443
952565
-994628
-220719
-1115394
-65802
-686685
822472
1272361
569744
199622
1019160
-1091178
-148607
-670484
328572
-347352
1202206
858657
-123242
-375813
1252625
-1154236
-34098
-597789
532406
-131125
1026745
221717
-422295
-791322
1486963
-958676
-316685
-1051703
148394
-259127
531473
-308329
277019
59946
1954074
-253452
-533131
-1068508
-188811
-450832
496248
205843
534076
517005
2049926
-293586
-709690
-1170702
-26703
-467900
185251
648188
784473
235029
1904395
-544684
-249362
-877637
307839
-440941
-194407
86992
1051163
63445
1255671
-697805
-81806
-872927
17766
-478461
-157670
-405673
744735
391748
1108888
-81584
151585
-685688
-25831
-255082
246345
-631541
9184
77087
831982
-101463
21704
-1141430
-403834
-457738
315674
-539188
455290
376825
1162764
-279015
-35389
-1307372
-476156
-418245
279020
-510861
524134
430658
1297396
-82990
222046
-729986
148831
159703
652946
-98912
130
-229126
324676
-650291
156511
-315444
513500
40924
692686
5355
503156
-436232
-128959
-1030258
-137410
-260096
581688
-67338
800161
-294467
667765
-65461
-14861
-1149891
-260270
-500195
388117
-128408
356532
-256438
923996
-112954
89882
-818473
-265470
-707836
-44113
-427664
113486
-613235
1052896
-8673
50789
-8638
-162501
-640406
-100474
-645872
151628
-904195
194724
-41957
740498
351864
8701
-515184
46287
-782108
498045
-372633
312019
-661211
263082
239077
49590
-240775
371487
-838764
313990
321772
1105255
-130217
-903100
-818748
163385
88874
693709
-1318318
24819
575406
1543038
558319
-1153903
-1628040
42300
-31287
529131
-2094652
-377036
746842
1250419
630327
-313000
-996796
-247073
-561341
-69555
-2590762
-517759
933096
1596598
891237
492605
-479071
-496434
-1145843
-191332
-2481328
24787
1541136
1624361
329914
879886
-92806
-635886
-1455022
-152299
-1950161
527795
1890879
1813005
308797
545423
-527688
-190351
-1044754
4901
-1201211
831336
1197792
1263997
-451193
-41031
-393653
-160179
-691061
-244182
-1323392
702567
876238
808410
-524793
-13853
600485
-286097
-772994
-371288
-1403805
344264
438153
448824
-186142
467127
1291987
-191988
-773039
-202708
-1118940
339970
-131854
562
-142302
656392
1244014
-165747
-739905
-311742
-950894
572563
51928
-386567
-752098
1066409
1192542
-451315
-1134285
-620236
-968460
626538
1010940
60167
-1434554
1120171
1359299
-463018
-1314361
-670468
-900030
580843
750277
170015
-1254354
809496
1805440
-287756
-1136610
-687643
-1127871
138020
393071
344971
-355030
1369275
1339598
-286437
-1020760
-571863
-954095
430334
207287
479203
283752
1584883
501968
32269
-61033
118365
175500
376922
427414
-424345
-914992
74340
-105629
-21581
40876
-372329
-122081
388110
58770
512978
332248
-188310
122248
-141861
19101
-79410
-107259
15534
-378807
237719
556871
130915
-35902
-126510
-127545
110908
-191806
-171310
310247
118510
412092
-143884
-730652
115626
-49875
175164
-258145
-302070
368409
453627
394861
-374048
-281858
6721
5884
193894
-63458
-302310
55861
78478
-131948
142929
246311
-88382
175611
328846
292369
238381
-360920
-21480
-49402
110461
-211419
-173436
-153374
-154382
-198640
185775
-690570
-343068
463052
817196
417600
166978
9996
157580
-208736
368865
130226
-595463
-23743
586337
-255940
-78093
-91701
296553
-31738
-120907
483607
-12540
231222
430817
-316016
-279151
-508080
249700
438485
-36634
113295
318253
10678
-494680
85849
406003
-329069
230321
26643
-194143
41123
-163239
-215213
-1376309
716868
153494
-373187
662519
454576
304297
-206684
10517
-125603
-1722430
221480
-32887
-351789
-114297
857162
738685
-686255
507492
263119
-1382759
-314538
47678
43645
-496662
484708
330906
-116384
-411445
743646
173899
-782829
-90012
158743
-458118
-342143
-332786
330270
-476419
807692
891239
-518619
33620
433084
11554
-513679
-526627
192806
250487
-136110
763354
-887118
-27604
332386
109978
-476684
-577595
-3832
537750
88595
1392041
-1214670
-153701
626218
-7159
-577844
-130250
123988
161564
-639419
979355
333605
-143733
667910
108634
-1281717
-326879
1081133
261531
-1020270
506974
539829
-19216
503141
140836
-649318
-311787
721682
84833
-524631
437675
-40900
-7567
236385
-313019
-284698
-197176
501896
374438
-364563
24234
2268
48264
435779
-121897
-464561
-251243
412151
254672
-368446
147226
-91518
158719
701975
-94764
-621318
-75379
340690
240481
-395004
215162
126838
-91659
467677
-72371
-1169441
50259
1095795
293136
-909476
99187
468577
59592
647706
445947
-907255
-721175
1237470
27116
-1115602
105447
879423
-100794
606504
206233
-323215
-169111
-38347
131425
-475400
745855
493873
107646
611060
-166703
-791275
776749
-695477
34096
-167960
904166
-306615
157787
648538
-115001
-1054215
494150
-94395
-197597
227382
893497
-143982
28156
413760
49200
-610787
-163360
227689
506917
-169391
711041
-505928
27642
476266
305736
-644812
-694823
199222
1069036
-656037
457870
-331327
188582
913475
190751
-699396
-345535
425935
132387
-457153
-358685
805235
242857
864780
451014
-1100995
-401156
319998
-212649
166018
-732080
1764276
310339
808322
763912
-830550
-196503
25953
351196
-549080
-604208
836203
93686
234888
349723
-609416
-175084
439018
1157913
-605411
-344650
170894
187146
49786
373777
-1110821
-724095
579938
702088
-207904
-324659
382073
-37044
118512
509597
-491033
-505430
483652
504505
243149
-684922
329551
-277062
254514
311632
-261823
-758937
-87354
-69327
476795
7763
1064747
-117916
442502
274660
-704474
-150265
172166
-384650
204969
145854
677230
-39328
326691
-192989
-943255
438001
-325630
-600956
768863
387462
139704
-165281
329926
-33264
-105389
356320
-291323
-619356
134479
216045
231457
-246107
-210570
-114759
375170
95134
146221
893985
-537328
-532709
475825
-155007
-260868
-197268
-73075
165984
-157477
502948
80502
161248
85882
-266988
-23986
104780
-341020
237236
-218224
-127592
772120
447544
-89951
-216631
-27225
-71800
-213927
123119
-150341
-59422
224296
377398
88366
-201695
-47573
-324908
-89047
180781
682392
-111942
200859
-35229
-261260
-189896
-116768
-54581
128960
155501
-76686
-364329
851880
280494
-239577
-99531
-526274
-358353
175028
455807
-378809
-39077
453782
324337
-56968
105413
-373810
-215006
358532
517425
74370
-480976
-899068
-92883
223234
-154438
-192652
160066
441586
615403
365658
-382784
-1055453
-45948
627553
-127576
-103668
-378072
40444
318192
-134109
-56116
-438543
-293801
1111299
109301
162875
-359455
61900
26098
-154770
-446448
-424146
-179831
532465
-76191
179207
71855
-66792
214667
263722
-763236
503472
296449
-296805
-412888
-124174
145229
-106740
45690
251797
-99277
650448
961828
-404708
-236751
-473055
-9626
467614
386757
-270803
153781
-408234
352051
225816
101080
-62178
-124377
67626
446602
-218195
39594
-164361
342510
170204
-167125
-10586
-154126
-418909
312587
-71857
-186250
-164837
221254
580901
-149250
-81387
139465
240372
811830
-341494
-336239
-34815
-622078
287834
-239290
-302577
121806
518754
129237
-420228
-57807
-125302
218330
133943
-24657
-3295
231725
301844
-406308
-317608
909845
-147148
-354293
-612162
5655
51495
108084
206897
48867
-391372
664545
566773
-644307
-459320
130620
240587
-3953
-275248
342942
-142507
-350019
590331
-297758
-322615
-141253
-142841
47070
-254913
164200
500864
-384196
44794
-52847
10852
-140995
-348601
102578
2499
-15592
731282
280365
29492
-656474
-70682
-132497
-136865
-165450
-235161
344803
544699
-277543
237047
-5914
-361449
62836
85755
236511
-198815
533201
134288
-912396
-341400
391528
-541479
-179948
-256976
238980
-174672
29443
-533877
146437
-101039
279033
191540
243641
98433
-74013
202784
301665
-401330
-53479
355426
116618
-381336
-177865
-133591
-104118
70620
266607
219920
-436673
266688
993614
-383065
-61513
66650
481566
-14340
-39035
413598
16201
-717557
150901
-725903
-284779
-169956
116629
-239187
-245870
595306
727670
38042
75499
-202836
14815
143163
24256
-205871
-263463
-253357
-364870
208531
198667
274882
173479
129224
135391
31133
332404
-111667
69722
-312136
-163100
-347427
-179538
-400246
-224228
26146
59249
-86460
739687
519644
321775
-145450
-279404
-555463
-38480
447714
-200451
11289
-372511
455806
365980
89636
26295
-289315
43032
29196
45416
236248
-221137
-396278
68973
201756
185916
112371
18328
-161076
250316
-267347
-167442
246869
56023
-459047
51817
160082
268408
7149
16732
-133851
-242005
-147353
153310
-553599
-90828
33472
103693
205854
-118240
317962
606897
-546360
-851382
52089
-126668
-15158
-22734
34405
-132124
-323575
590284
446655
15277
-294933
-90244
-114810
-154479
170524
296894
-689680
-199114
9734
1458403
276936
-89123
-178035
-192319
478069
111606
-419092
-85672
-412587
378332
587194
93100
-32847
1598
178712
-81714
-259083
353719
-105467
-606172
-88098
143635
389670
143160
-163154
57126
-3093
-226726
50313
-821623
-217215
-90526
203670
-305016
-490186
-252938
47447
698284
573506
-621498
-84861
-69923
157623
-39265
-629937
98842
346279
-89460
-119316
219265
128722
-362682
-273621
204647
-713806
413888
959642
214272
99038
226930
-646059
-313958
-440165
387054
-208408
156304
209684
315110
-341099
4579
-672875
4932
-22307
23686
-73725
344760
214162
-33084
-576700
-184349
-176586
98211
3264
-57039
-233591
405581
647344
-193635
-396455
-215606
322496
-47176
-159253
79883
-376295
182364
-56253
454586
506042
-649690
563920
72897
86990
-30044
-238791
22308
-661314
76518
659872
2337
-216405
-16228
83552
-103593
-197820
172049
192594
-288644
-111816
616399
-420945
-170663
-171125
117593
225035
347327
94955
-392743
-775074
177789
1053499
-119386
-187293
-61335
47920
10605
498046
-121286
-555764
283628
608915
26993
-68127
-125117
-262195
-105096
277747
114614
-202931
721173
603767
-974593
79739
-1061672
89645
-982467
359962
388661
1531210
363560
761498
-1116711
76850
-886388
-82706
-1069742
112485
-164622
1595147
815577
1025319
-970405
354821
-714145
318248
-722497
109496
-379652
1192387
562059
823428
-1044191
338449
-656620
698663
-343219
300725
-330483
1185672
449363
701981
-1120769
382389
-488095
1138025
-131130
446141
-673693
1032227
-74445
573739
-1135937
127694
-790226
989720
-122328
711783
-647351
1031041
-435186
871426
-990384
249561
-660180
976673
129641
1101700
-581162
746797
-876568
460248
-1155623
132145
-825086
446732
-218012
1207724
-79694
1158247
-703501
847018
-1275327
77339
-556830
787568
90733
1534372
672641
1420748
-1042430
187626
-1162810
40346
-737668
654183
-25637
1522386
666588
1672143
-962147
112178
-893670
338371
-430386
954419
359261
1845028
526885
1963630
-1222970
-586373
-773576
373669
-382024
865441
-342928
1656230
52810
2496006
-1548115
306069
-855173
-98608
-770724
-63950
-1062349
973826
-805774
3218633
-1162576
2661464
-820910
-33516
-772816
-1204778
-2061148
34792
-1973754
3447493
-1356538
4799639
-760390
459510
-300411
-1213248
-2843740
-1073832
-2678388
2445204
-1869187
5902223
-941411
626692
-268350
-842683
-3215730
-1343098
-2793293
2548364
-1853466
5550687
-983932
784281
-117934
-225407
-2878286
-1206013
-2693593
2176102
-1532550
4439710
-997856
854905
-334285
-334323
-2673642
-763820
-1994781
1826039
-1230318
3700867
-909661
984393
-10672
-60780
-2431094
-825460
-1315078
1547507
-1171662
2193602
-816762
977379
13623
148399
-2564997
-889567
-560730
1716118
-848659
1367021
-844744
1263490
67354
279000
-2173818
-725792
-573694
1253765
-328800
1070346
-831439
1543314
120249
310076
-2218280
-611366
-688614
1262695
136766
812101
-940686
1675723
101437
718129
-2063799
-567590
-630330
854220
149009
561638
-1199042
1711434
263255
954272
-2206033
-770915
-883011
709566
297801
620015
-1269330
1592072
284239
1370141
-2280101
-1105289
-631141
866316
457315
653962
-1150385
1559088
103810
1822060
-2207332
-1256667
-996478
659601
108412
841435
-1461792
1472902
14774
1396278
-2225075
-982745
-964979
323615
778674
1134451
-1298188
1653713
420402
1178339
-2344643
-824749
-736708
121261
978264
884141
-1499975
1726557
709736
1096847
-2173689
-1114677
-127173
-24682
1429266
298413
-1413755
1751032
713357
1249967
-1366450
-1320155
27902
-297105
1441733
-164622
-1567479
1698789
681510
1547616
-1011853
-1602171
335187
-527582
1625321
-511089
-1706358
1584697
594690
1605341
-1100459
-1349367
587492
-814011
1288962
-836467
-1854098
987732
-74844
1280377
-1426570
-1173680
407607
-347661
1288613
-212055
-1587287
764365
-565514
619263
-1679845
-1447322
129126
352710
1276193
743320
-1155273
613434
-827919
228126
-1565201
-1839757
-92297
281414
1209349
1214215
-710777
418308
-874129
330466
-1635240
-2439845
-499014
-423442
1442139
1664511
-533698
126785
-1068951
414600
-1087392
-1686208
-577967
-768101
1163655
1347989
-358583
-208079
-1404345
371781
-1105197
-1230240
-741662
-937588
584550
1799417
-396995
-403350
-1366696
425013
-1254453
-553169
-440234
-524104
284052
1781440
-676845
-896540
-1677067
-276177
-1476633
393378
-33837
-208455
436490
2021271
-797414
-1170290
-2126777
-731282
-1249773
498381
56680
580989
714926
1973568
-792595
-1009758
-2373687
-990108
-1059396
30817
-25872
1172783
929677
1680169
-525050
-750653
-2163715
-818626
-1131646
-168660
-232819
482119
778641
2116142
-406235
-838411
-1999623
-570000
-604894
377340
23294
-125902
248533
1797377
-427991
-777735
-1811682
-524294
-443001
268919
33345
-94294
48217
1658763
-449443
-695625
-1831560
-356822
-271518
879787
346357
-90157
-223028
970476
-335513
-445690
-1674618
60034
218388
1476113
-152538
-1033017
-789972
557194
-375374
-124708
-1396009
242777
495587
2029130
-117915
-723159
-1073872
-70068
-231540
40122
-1257971
378524
415749
1834312
375542
-460999
-1295984
-613796
-308235
-78411
-1176564
489802
250439
1403745
183626
-270284
-1111254
-551227
-490519
457
-1027054
477528
-73313
826992
-281910
66808
-367726
-37759
-872655
-181893
-1362399
362644
-213769
830360
54560
711612
-23835
729095
-1360073
-760102
-1858164
500140
-445299
1163254
-112712
499435
54866
1854659
-1242025
-630905
-2063533
426059
-678674
1135386
-198260
659712
-102323
1929415
-1076546
-273004
-1782600
447584
-299294
1601157
-141832
660612
-839611
1079149
-1022955
23138
-1196208
973394
-122789
1465491
69733
219746
-1238283
560881
-1122441
-211563
-1097153
842512
-236950
1242261
255462
682847
-711213
400593
-1100187
-85189
-1047034
636280
46460
1783413
729010
1187800
-589145
-399331
-1141149
20744
-1099837
573892
242850
1281519
568559
1378862
-206310
37833
-939739
277247
-1105549
513388
197852
684429
480849
1601004
91466
320702
-1104400
184174
-1322025
275620
144911
862669
535402
1307258
159885
476115
-919655
243955
-1272443
153050
-158875
865984
701526
999812
-269675
322144
-824362
226276
-1498044
144619
-242834
851192
689236
1449106
-346539
343332
-635030
388707
-1360986
511972
-93012
769188
27141
1497329
-528538
409012
-919078
338157
-990822
797280
-412701
1047415
-164856
1307980
-616245
834385
-649067
374707
-852882
904942
-383657
1172114
-372802
987618
-879476
601689
-1114947
-166135
-1213498
409287
-292982
946098
-640394
1629727
-132533
1302313
-1099662
-26080
-1040344
28070
-490204
944402
-424613
1584447
-129924
1333532
-1335640
-350255
-1400462
-142310
-615881
945683
232784
1755924
6307
1360103
-589320
203144
-959082
400531
-682672
294911
-353622
1399282
-98210
812166
-567007
137859
-1072847
333473
-843774
140933
-529758
1224511
41314
1031351
-627184
81061
-1047653
289075
-832634
599879
-562480
891655
-41734
897950
-648536
94092
-1072073
212772
-755454
480792
-597528
970948
-18978
813868
-489460
230588
-1206601
-64862
-687268
534482
-715807
899046
-60650
937648
-287284
646317
-871752
727109
-242696
893552
-424667
435344
-869262
497144
-453344
686720
-538740
1002161
-393836
1000039
-286230
902307
-1257342
265482
-869751
275288
-630158
968999
-579465
1420560
-380696
709760
-863063
677032
-768286
128639
-823516
665453
-770767
860580
-375943
1032336
-486652
962968
-650863
111077
-1179562
436181
-1008974
543266
-852622
1193418
-180802
908042
-634940
226110
-1115368
340958
-954560
457928
-1045077
466350
-315345
1363106
-474310
627703
-983628
298179
-827400
970429
-196951
203849
-1355578
752456
-452852
943137
-995534
285185
-559608
779322
260754
577937
-973713
-27654
-521887
969076
-1147062
237481
-843093
684751
871655
1309679
-337617
-266284
-553676
858568
-1395197
150806
-1242607
414756
435390
1210349
162851
162404
-966932
440995
-1983376
-268820
-1320511
532923
675615
1943155
539081
501597
-1014779
329667
-2041669
8419
-1284058
800576
748990
1717244
-200103
838683
-1120565
69371
-2159766
79290
-1078353
1107313
1025601
1628298
-22239
928885
-914835
189410
-1825653
240043
-600612
1119033
557405
1126988
-162529
725375
-1067987
169392
-1471715
113469
-841944
835389
451490
759923
-99653
786730
-1111835
87640
-1427287
73694
-1289204
229603
-41538
630010
236860
1237167
-1042499
-51187
-1439759
33794
-822241
578308
-701511
622722
66847
1325562
-1055863
-104645
-1194512
176907
-472663
726152
-1062129
86429
-271040
1864136
-1179469
-332101
-1537926
-333475
-627187
821755
-219011
601434
-438870
1767835
-1263366
-417695
-1759642
-415754
-628939
813699
-91339
960288
-432390
1265734
-1162806
-121729
-1577280
-174786
-907544
386936
-132483
1043572
-62639
1377551
-1218791
-206878
-1532953
34168
-772899
544400
193027
1426515
21569
980598
291232
459517
613982
148319
366727
-114822
-386365
-627565
-482871
-766749
492822
605724
637264
338864
767815
544077
427276
-793133
-1677506
-1515766
237122
521953
509308
-255059
333621
599914
785229
-357224
-1380554
-1405233
232295
488288
532155
-526068
87640
393084
4634
-494511
-1010460
-1109541
396800
505574
451858
-609179
-146323
143585
12926
-453647
-672051
-881475
486758
632766
536719
-511086
-518428
-437993
-102271
34197
113174
-801137
304103
594064
472602
-560778
-618364
-743554
-32915
326295
210120
-587455
188746
455101
607821
-164168
34281
-189538
69517
97525
-296292
-965444
294446
569841
711729
-427995
-166331
-282704
-842382
-914093
-534283
-343490
815903
1012659
1035529
-253635
-207367
15454
-1116399
-2027939
-1226930
2102
372446
656638
606755
-721630
-885338
-414514
-1066474
-2057186
-781438
1264825
316831
157366
-160629
-832552
-518444
-46787
-816964
-1654188
-518055
1614593
1052730
1011063
79356
-650312
-16048
231318
-811818
-1374847
-1101497
396427
1260875
1252801
-203769
-225307
997617
1409392
-46211
-701170
-1101226
-682075
1439952
1258659
-1073281
-676700
2161349
3149571
582124
583720
-313700
-1761545
1523220
1468244
-1450820
-1349945
2894813
4363567
595507
464857
182975
-1958603
1747011
1604881
-1860687
-1995549
2768261
4311733
393847
-405982
952919
-1288546
1890543
1733787
-1861810
-2069209
2942799
4149166
-136450
-1043500
1100313
-1326558
1750533
1565125
-2189828
-2184988
3016569
3617535
-568334
-1089172
1810139
-377782
1670928
1359295
-2277795
-2165944
3336638
3725080
-1108802
-1844262
1630621
165355
1672845
1263851
-2141710
-2214456
2765298
3151713
-875517
-1566824
1133024
-126689
1658404
1077138
-2252498
-2026451
2565339
2903141
-701535
-1750748
1045468
-1378
1662737
1153534
-2570854
-2536275
2612256
2779413
-638331
-1400745
1375783
-49722
2030855
1402139
-2640416
-2719693
2665979
2770937
-558484
-1300116
1432475
-374002
1905315
1384818
-2554586
-2787257
2633047
2521984
-643565
-1227413
1522576
-190161
1897820
1390410
-2553928
-3003403
1997038
2450991
36496
-497450
1542749
-425459
2352698
1605506
-2296943
-2685061
1710947
1967568
905305
-152872
753553
-1101347
1900696
1120359
-2540440
-2585568
2028602
1945176
1192214
-213955
338798
-1052029
1988280
1273954
-2333989
-2974216
2158906
2669702
855665
-939973
-80726
-902427
2035790
1434142
-2057144
-3207556
1618568
2755022
505160
-1698936
-36095
-143198
2011327
1407820
-2204359
-3736784
1226971
2649978
483925
-2000455
340628
811291
1944052
1311751
-2339138
-3582015
1292571
2142119
308864
-1287109
695702
1547755
1879267
1489381
-1682620
-3073032
1554204
2216510
512945
-1094811
112494
1227625
1523367
1436447
-1136982
-2546600
1602112
2085074
502046
-1345966
-254226
774206
838281
1187701
-552489
-1503497
1945575
2208151
665428
-1142014
-487710
219784
307143
911902
-459055
-1142419
2098362
2194089
1154780
16495
-406769
-141385
427984
1172076
-248626
-763967
1526503
1020063
830747
677272
-165571
-247653
248522
1016125
-258820
-178405
1304975
497360
1224686
1548380
155863
-631657
48930
680159
-311466
251492
1566861
-49451
591175
1446146
295626
-745390
-62832
626629
368274
1185657
1727238
-296067
445782
899484
-183243
-775342
49877
932537
1071776
1590899
1233074
-569402
-22009
334153
-305758
-948337
41273
1012834
1623029
1949272
1362628
-207542
-235936
-622836
-580501
-839673
-229695
622077
1304871
1842898
1556844
-259242
189569
348113
-594309
-1522474
-319762
532907
1076678
1527519
1451360
-634432
-145467
893754
-330905
-1388236
-366565
357363
1164073
1727920
1261861
-815748
-403006
625680
-13988
-832084
-409854
236496
1292426
1959345
1033979
-1228914
-1234855
195716
368941
-224921
-409393
189240
1324698
1712325
522957
-1605460
-857294
732324
812762
-40799
-542044
-23794
1201962
1565593
251783
-2034113
-1393636
239938
1534567
520384
-552460
-112559
831482
1112467
-110069
-2364751
-1924802
92144
2375049
1506149
-118360
391085
826337
751842
-113429
-2028515
-1623859
299709
2067721
763007
-269841
143252
432353
691166
204508
-1402166
-475781
721385
1187266
95411
-342792
148255
385113
511731
168193
-1227856
-360846
889610
627242
-604501
167289
933197
1297625
934238
396286
-1036335
-367238
639710
-309787
-1721349
406772
1255502
1725565
1275748
587990
-936909
-338298
-79796
-791212
-1756966
175595
777365
1435659
951092
-216630
-1548925
-531136
-271282
366487
31139
67852
376132
734643
555498
-40063
-1357698
-124816
-8741
162754
461516
98140
672409
999534
465886
57628
-1070196
-335122
-224395
-176953
323077
260806
789136
1096327
134591
-620572
-1567791
-605830
-666295
-659363
761489
305381
694070
1036178
-21675
-555910
-808489
-173776
-644035
-997841
-362370
258911
494096
557627
-209555
18123
-318975
-376102
-1270540
-1612353
-386988
391860
544974
545758
-29366
420816
-705105
-816775
-852443
-1404570
-417178
-69534
218378
373688
80042
967780
-614155
-1066676
-94280
-649494
-346005
-245729
348169
803103
393966
1143307
-417050
-1481526
-327946
-375667
-780194
-182507
436472
972794
457152
785855
-574830
-1477635
-599464
-564503
-875230
97618
422211
569715
80631
270560
-989745
-1186982
20753
-90898
-1037029
-167644
76830
216322
-281450
-146330
-1092807
-579797
856007
671246
-934068
62608
453992
787293
3011
55664
-252879
121563
269637
-142497
-1610348
321388
565577
844533
390304
279296
-190240
-243272
-240258
-773542
-1866819
645792
1002961
1178830
389317
393968
-119324
-770479
-474948
-721248
-1869105
-83817
387228
602642
-198828
209105
242198
-339085
-631427
-244883
-929603
-77599
340519
779634
282432
480106
422633
72362
-751679
-797614
-1098190
-347300
-121043
350931
94909
41043
5160
552504
334778
-63752
-699820
-283591
812
788648
520310
213212
-214173
363677
-69240
-404963
-757999
-324351
261856
1245691
905435
534697
178835
275367
-480313
-847120
-1430877
-479619
-40374
650348
174161
-307041
-491380
92414
186789
-105386
-331724
-228878
-33905
179722
-289562
-193827
-495502
-319325
-206591
242246
285342
361828
273108
50765
-284285
-252571
-539956
57864
-493904
-175840
319518
192981
373546
226950
-291630
-201488
-237575
86620
-513187
-258082
170516
49640
399782
514594
250464
150056
74837
98394
-930623
-42530
345957
-13595
336185
472745
297441
455318
243089
729829
-123818
-290732
-431184
-145384
155226
317968
257987
524353
-114305
414908
90696
325369
-301242
-88065
229290
133641
-93812
598901
-117656
-332293
-723269
37288
751110
-70493
48152
-352894
-558786
878709
207214
-555788
-1593778
-797329
1383145
-278362
87130
-471845
-504536
1618187
505216
-676470
-998146
-564040
541123
-289621
326972
48156
247830
2412656
1014410
-705337
-1553093
-1215317
-250713
-361510
517006
617565
511673
2326437
535134
-1289058
-1292352
-538009
-828478
222093
985569
1156346
725788
2058356
-142399
-2034635
-1923938
-897938
-640195
77703
486617
768523
291489
1035107
-540866
-1414704
-1263231
54111
276176
292363
302774
365403
410177
1046386
-491691
-1054030
-787346
462100
393055
649766
482331
541045
706175
1262619
-216420
-659491
-410776
161900
-289449
475471
441077
568269
468579
1055957
-49187
-172433
-58249
63910
-411640
249215
203512
406286
453823
730881
-189440
77439
531695
594137
-680977
414707
512572
855408
817954
1002950
-360054
-1184241
80836
1039891
-751583
550514
665682
1131574
849679
709682
-517780
-995736
118164
1303975
-394499
427553
457671
935054
907290
1067171
72927
-528125
-97399
417480
-1050455
572959
458158
855041
891235
1010266
-68855
-274522
-156115
-487075
-1593382
749626
136278
140787
349006
315130
-116612
-564422
-1166728
-706248
322175
671489
54423
13238
382063
351325
-229759
-967349
-1569127
-287184
844333
700265
-180799
-391495
362326
629625
-105305
-1098875
-1471329
-278583
1060433
786376
-148943
-682910
94699
301658
-429701
-309816
-1004604
-372317
1094887
735097
-273974
-788199
-320567
74372
-270236
11484
-481704
-71075
830516
729956
-81301
-515315
-490832
-15117
-17788
404154
-554993
-693977
448501
715544
-233888
-625275
-428512
-141088
14943
585297
-452495
-216586
748514
903696
144754
-349698
-118347
-143650
-828673
-505706
-1024543
-4850
829096
1112617
169235
-807522
-344577
-206346
-1369904
-863855
-414138
1033269
1489426
592948
-148251
-823374
-396160
-121798
-1885877
-1318523
139642
2084833
1498891
648074
-544131
-1174284
-543057
68145
-1651940
-1233690
286012
2577883
1589191
524850
-411559
-271697
1002
533130
-1633331
-1060411
-238644
2183321
416328
431157
-969050
48371
1220750
1074157
-1222193
-103572
-1367024
1028817
-600215
418272
-1520499
412767
2493189
2067311
-1230419
498751
-1797336
211342
-2099432
122537
-2476571
472874
3787320
2840151
-1499721
1059221
-1670520
-787313
-3143645
326692
-3016993
267232
4663775
2993604
-2544263
850696
-1425239
-1164329
-3080510
193379
-3568839
167855
4796932
2789618
-2784600
580610
167446
-1556111
-3520588
120039
-3799437
261265
5163006
2268390
-3715866
185603
1182408
-1315528
-3139832
6421
-3918293
152345
5011429
1849836
-3319970
83190
1511812
-1390299
-3042438
-170924
-3725819
404342
4904332
1446075
-3803458
-320501
2056693
-1089491
-2840975
-230274
-3873103
111330
4624802
1301990
-3142884
-275190
1657010
-1063820
-2067762
-384921
-3962740
126466
4267249
1409533
-2900187
-471356
1827641
-1230482
-2050975
-180243
-4286733
75450
4539613
1085675
-2784289
-262490
2015142
-1517452
-2083886
-256165
-4604454
-185452
4594479
1283767
-2545781
-74438
1979479
-1936912
-2109356
-118920
-4438627
-335229
4066999
1085069
-1870988
-12982
1718290
-2039832
-2326987
-112859
-4373218
-171184
3703549
1344985
-1094508
223915
1088854
-2149057
-2211313
-335519
-4450404
-315341
3694330
1499866
-464434
-459072
346492
-2234450
-1849853
-259035
-4165670
-311775
3654238
1601517
-463851
-1035981
154740
-1679016
-1408599
-113232
-4253748
-954359
4083064
1839419
-1234649
-1810969
690380
-1264277
-1181246
-151393
-4286261
-1438044
3725779
1680432
-1369947
-1811814
1597216
-567608
-1505831
19937
-4316322
-1660708
3866684
1734218
-1303813
-2061438
2222080
-273190
-2187698
126408
-4035294
-1282614
3724401
1394953
-998499
-1595721
2009715
-111440
-2812197
484054
-3167440
-888439
3573795
1319765
-1010385
-1789606
1178666
-123806
-3045404
573273
-2576989
-461772
3755993
1511536
-622305
-1633085
526962
-262927
-2902665
792468
-1877390
-215287
3058721
1111795
-320731
-1093138
345256
-307775
-2734618
968845
-1349159
144489
2667189
818323
467857
-487062
-320821
-977120
-3141721
854912
-1326579
395259
1916371
-47285
864419
552097
-248290
-1099620
-2697257
787255
-830946
1059549
1262229
-256346
1285014
565533
-787162
-1288066
-2831117
808511
-338266
1499901
942531
-847776
960055
893906
-930070
-1426410
-2026561
1197892
731285
1832269
468100
-1056868
188472
6004
-777196
-927645
-2214242
1317511
1161360
1867838
153202
-849897
323491
-62951
-1268883
-1241113
-1722717
1334704
1193793
1563842
137400
-919651
51543
22909
-740246
-1196800
-1770855
1137742
1217634
1641527
131057
-1043645
396372
368523
-1112891
-1430255
-1457001
1041604
1203008
1652430
85083
-1713637
77566
830107
-859445
-1014021
-1028071
963501
1363309
1527773
-285939
-1703614
230229
812500
-579454
-818381
-1374140
908236
1588496
1521686
-895565
-2164360
-333522
1275069
448377
-493259
-1147386
702522
1378769
1151114
-1295736
-2346270
-174177
1530496
1095940
-151697
-1297862
765812
1143364
792775
-1548524
-2530685
-658868
1617345
1825442
-169886
-884846
688090
957533
817165
-1383242
-2229037
-359776
1665903
2143572
-272735
-1432178
561551
394407
440506
-1038998
-1790953
-16317
1916995
1486098
-766720
-876935
713561
382589
597952
-806387
-1422335
490283
1269311
117938
-1182751
-619669
1207956
752645
909022
-414551
-1168074
332175
832659
-1008325
-1543067
-208864
1580173
1080807
645749
-877752
-1118435
121961
712059
-999450
-1394725
-423559
1282446
770387
642022
-989480
-1302810
22252
155602
-803315
-338744
-95608
1143909
676887
297508
-1205360
-1034044
45332
405207
164621
107393
-832361
943454
461016
277476
-1232357
-1160022
281528
-26303
121972
1112143
-534030
1179845
549496
-75613
-1052598
-1003039
-107691
-223212
-505010
739035
54739
1030181
314336
-376132
-984383
-715219
-192966
-703332
-563050
1477521
807581
932462
230839
-500901
-719205
-384686
-231163
-999058
-1242347
699634
1491768
701257
-24913
-35744
96234
-646652
-659168
-900117
-1116357
1076922
1607524
696257
-239
192464
368335
-1154980
-854132
-204820
-859184
719799
1326610
805221
288582
505606
655003
-1337158
-1022720
158133
-854229
387730
1006412
958758
387552
486602
440070
-1484634
-1309630
449588
-909501
-242279
1260956
865755
201892
116897
-148426
-1460459
-970431
988580
-547592
-108435
1429023
750813
-39078
-129960
-377177
-923864
-534070
1041357
-596637
-542544
1329458
599378
135242
128987
-393560
-552779
148460
1165401
-979802
-1032048
1190662
1086273
464418
13850
-122538
-233256
-354023
285341
-1535701
-1445621
727106
944148
397966
104811
2944
-74023
-702861
-23387
-1177070
-869637
1134251
950694
373656
-64506
68924
-155960
-1017032
-266163
-1230531
-758214
1146779
669409
135905
-78339
261409
421265
-345542
-22756
-664503
-654720
662191
573284
297396
65050
-87231
148751
-278600
-240590
-500830
-125097
479425
668542
676976
475836
-46964
352444
43944
-281531
-1012784
-758630
230320
666486
835549
352455
-340480
131069
451087
-100080
-968939
-460043
166349
699730
643866
127966
-396241
-190474
-408498
-129595
-454637
-212227
741561
479652
127888
-169311
-787526
-121580
105467
-27544
-352917
493728
610543
516671
-207471
-284837
-395360
-164830
-252769
184740
-181191
680673
629037
431886
-192109
10383
-506285
47426
-326377
-464138
187317
862739
-64481
571423
-72290
91811
-64438
456807
-28767
-585263
-505148
649052
-147765
628181
147407
402341
-177912
399522
-31534
-108405
179345
-81857
-1015846
598653
54007
372156
89144
177726
7667
-162452
-48881
106547
-1003488
438634
-186879
366087
180265
-122492
-394225
-586749
84399
770167
-242462
410095
-672781
188276
673953
-386556
-724533
-562786
159280
1140584
29955
340601
-745935
529022
1476566
-146754
-1362015
-1532025
145093
2035122
167236
634264
-652100
975212
2083685
-326933
-1295099
-619312
-324475
416920
106432
1115522
-107429
1408807
2121826
-957539
-2243153
-1295578
-507590
499313
181118
1417918
256658
1082131
1497506
-1134739
-2210160
-661985
-294500
-146893
263503
1105913
123641
828168
847304
-1740337
-2162553
-342349
334092
440689
311671
824330
151052
677079
553976
-1248019
-1375595
-52724
566912
214642
-574537
678801
140773
889447
599898
-880398
-873459
24571
596919
-260981
-1455110
408339
136479
896782
386363
-578434
-138759
336159
27232
-846416
-1643158
532251
236321
752980
445917
-788187
-523104
719683
46178
-836109
-1525375
667249
492410
739524
110054
-621977
-342011
827153
268763
-1260254
-1900432
791777
734259
903016
356548
-1012498
-1114993
1146798
453901
-1360830
-1644589
776025
739524
760196
211650
-686786
-681089
931224
113044
-1678475
-1923110
682196
569887
782564
235966
-536465
-568821
389051
-331323
-1541838
-1174239
611968
648331
814651
-42305
-851920
-535821
-208352
-1345224
-800336
568388
-103411
35354
-152458
241872
264014
237598
-908662
-559602
215392
392331
40757
56986
-484548
275215
288950
-6819
210319
107807
-156959
390802
-179216
73284
-313806
225690
-54601
-115901
229257
422394
14678
98776
-213947
21098
-160594
-132074
-66223
347283
119699
453531
-654982
-262917
-34362
9846
-228483
-223920
-93229
682298
447313
151970
-573519
-85588
-33031
197454
35688
27858
-232010
273860
-173662
-235139
-121308
149360
-50927
285657
-60567
246187
-180139
-349812
-77458
284329
91585
356827
-222460
-55053
-417732
106646
-46579
-627375
-274445
832995
694532
419813
-42433
-3395
-418236
-172766
299456
-30326
-522478
759832
830993
-116770
-156149
127886
199615
236558
182042
427884
-236926
709334
227855
-418037
-265024
-255241
190566
399037
-153501
15520
-20256
28053
-373283
367512
-27199
-462420
70493
76628
-266701
-25847
-473906
-229331
-693654
1046978
-187870
-460714
576010
714959
62093
-623590
-195398
-563304
-1552717
439663
-162653
-564479
169551
1559981
81412
-1157560
-80424
-201330
-1733259
359220
-14541
-616695
-227165
1256905
129732
-828819
-606667
1127605
-759641
-210221
-121199
-393941
-339519
585504
139
-454241
-668145
1525123
-569376
299865
-17155
-204959
-144698
339990
-356814
-150099
-78087
929661
-427136
-270199
-51574
-110767
47378
565268
-510005
-439274
-107586
1330236
-67835
-821645
-84189
110735
-250471
341657
-189622
-256096
-173192
375772
323890
234933
-141437
220178
-218750
-239285
68790
526327
-576952
-39993
353132
451797
-57523
45915
-168178
293765
-30996
121477
-295109
317627
6759
-113857
-152044
-388528
-262202
737937
-87785
76103
-170518
126710
-411878
-104108
-144437
-164580
-266589
566922
-273400
-153109
-108265
257695
-84363
-214236
125959
45059
-433149
487914
35560
50742
-53894
200114
-242930
-234107
-217921
-67363
-513587
-16154
340090
749720
-389949
-744608
-85189
67953
-220502
152882
7719
-72642
-275141
994375
-723548
-732339
314486
545744
-98299
195490
-75952
619529
-121173
-310612
-408773
-186788
666564
65229
-6821
56219
-654315
532753
366244
-859774
-370537
479566
615582
-266317
-29459
53496
-821773
371473
663973
-521125
-451765
769838
807648
-662497
-165599
-103479
-260569
498738
60797
-18146
225593
343609
508979
-1226834
-89412
137512
-163974
187881
-378308
264741
317484
-500939
406251
-1196349
120282
347472
-475074
46522
-126080
30718
-300824
-354867
351621
128693
311221
618841
-242044
-425444
-102030
-209398
-202803
-87679
285610
733332
440720
724587
-23227
-153941
-128419
-224532
43413
-845093
-5836
161734
242060
206275
-151666
-154568
-308942
433450
522782
-815956
-89553
-20262
126723
18446
-109235
-703357
-276300
915987
520004
-694498
-399574
16904
2101
136334
205719
-212916
-437745
448875
508341
-362992
-655935
341205
-25825
390220
305353
-271398
-929527
140698
245299
-30243
147750
564134
144507
444730
-172841
-767208
-348626
187294
-62656
84859
190785
357226
131386
343266
-633233
-611713
136038
-448949
-309021
871086
318032
46507
38344
346767
-225625
-1404
-167579
-298258
-263706
175507
-74580
282554
498
-23487
10012
309350
-385800
388846
591387
-889711
-421950
685022
-61123
-15799
-89315
61524
-240696
205947
401419
-137558
-127029
65858
-111659
300202
-18067
-306757
-292902
-305646
336589
827983
148594
-224024
-72096
202427
-229871
-286450
-195977
245322
463784
162137
-35900
-269695
-87928
162156
-265272
-163614
-19771
612179
-47009
267877
-371450
-170332
-76496
162134
-16739
-31611
-193195
-18251
442774
1168261
-128823
-496479
-74776
-296394
-331581
259977
-26180
-65559
514416
703537
-371868
-468377
-126988
-311679
-90008
445438
91624
187469
-463592
-643516
-118443
174014
-114513
66960
198309
405865
171955
206090
-545562
-680327
65555
702119
20490
8573
-428044
158375
-106214
82411
20314
-631912
-178995
1073670
84615
-30727
-576981
13940
-385626
-134567
-482510
-464173
73800
863836
-61449
234306
-334832
-347244
-95528
200330
-360210
956641
225074
-441220
-352451
162435
-5631
85319
50595
537978
104619
647716
244082
-802003
-162535
-74013
72906
559127
-122282
-49279
-197778
-170251
154707
82149
25481
-9956
-440853
66306
-149809
109519
14047
157832
662970
224425
-174688
105497
-517264
-158860
359776
279814
-192467
4406
101564
649301
-186195
70521
-116252
580475
395545
-540139
-549328
-103257
-92472
1163865
-293232
-56564
71024
484305
-388239
-343293
-47477
137402
393603
497704
-143040
102719
146038
304804
-722682
112680
799674
-203450
-410503
-207800
128842
317851
-9864
301544
-491898
-305288
724776
187367
-845124
-147095
212598
355223
-386804
-102407
-39910
-383508
24765
502228
-396833
341015
-224996
-16781
-265188
-85150
23684
272089
-128819
234554
-245555
541560
-313648
-93716
26113
109038
25651
851311
465908
-123211
-856153
218748
-26685
143762
-340979
68171
462756
443437
-523959
-21084
-585149
-111818
-86066
160368
-112564
-41605
206663
-217840
-979230
99442
63003
363029
-278021
646
-184022
-164039
-386611
-358083
127163
187261
30112
570419
64941
-9365
-347272
421125
74252
-209370
18955
566975
-54431
-165239
48564
196424
-43483
302603
151519
-144329
-681412
508299
319226
-145638
-131802
238062
142949
-97323
-79741
542987
-276643
-261363
-194134
-241836
-222599
250560
33086
-154783
-131467
800336
171348
-152821
-183748
-199572
94685
345180
-206441
-257676
-362344
-223589
-496169
246529
63768
404775
111870
206275
-279771
-70517
3748
127970
83533
-117183
-156340
286209
-171134
-109945
-173667
396402
14232
258984
497802
552658
-120423
-219891
-466542
-366757
90315
405389
-314699
210474
-249375
479531
225989
-116393
-220518
-195697
-105082
104265
103822
235793
-423941
-124736
154110
308288
154975
207678
-216216
70577
-80458
-209667
-373541
624890
-20268
-350143
55747
222941
-38078
30172
-143122
-19792
-404264
-10963
-244915
-179467
-90588
188444
31656
191994
-392476
559222
69840
-550497
-807762
364652
-44533
117546
-137091
138924
-335120
-34287
450518
376602
-179607
-153999
-202622
-75553
-229007
598831
-134669
-508446
-381250
725618
1497341
24186
-117273
-109478
-46827
898176
-317753
-376506
-23622
135070
436824
315091
82123
75887
54026
495442
-544229
-415588
-114294
-232039
-234627
427493
192853
441344
-231264
82258
-458665
-371342
-37011
269873
-774569
301220
57028
190836
-614853
-166800
-687547
-141768
677452
333203
-489606
605112
-204198
177912
-574432
-327412
-40125
423468
55158
451303
315130
15028
-389164
133833
-42710
-113916
408944
678001
39430
283336
-231758
-846968
-511786
22792
206244
41670
-212187
177189
33085
-167510
-466912
-467844
-164889
75140
-252082
100922
-34833
143675
-330116
-337547
-139703
-2396
-21644
94393
-176635
57838
329630
595243
-358954
-412820
-328731
241205
-69413
165095
-60266
-79472
-167329
-233328
514761
276418
-726586
563457
-38053
137016
-404375
-223865
-452857
-250657
638523
786627
-432173
-520213
-104540
147356
-254113
37478
74399
48695
-355148
229076
-146852
-278739
-207492
85542
70571
257526
-95202
-115876
-584433
-459648
234544
1172819
-292352
-50463
-167936
56260
-127581
506584
-313101
-211766
393174
629078
-36680
154072
-140518
-158244
-174868
394073
-108914
-73287
627104
937569
-800299
-124689
-522675
-156219
-530951
16727
23165
1193925
900840
395044
-666808
3158
-368372
36991
-492472
92812
518960
1316940
448008
-77596
-768657
214612
-47962
62221
-522705
162513
673883
1379061
228398
-374431
-891769
190268
107987
151788
-205300
491613
176420
975873
32883
-385907
-844117
205622
186092
542802
118871
669921
-125820
418732
-212785
-364428
-749406
176294
66348
611509
-53571
308013
-627173
459412
178207
65069
-684185
256252
14415
535867
-132060
198258
-444074
743152
30356
-30930
-1030731
-130853
-233078
322327
-2838
725911
473741
1460812
43897
-360263
-1207452
-244925
-9314
407277
310048
1293850
825636
1348849
-587827
-966857
-650879
301425
516533
700523
310643
1701503
948981
667336
-1718359
-1403726
-710260
436087
689545
722233
-83328
1469210
824124
351988
-1925294
-1010519
-867153
51741
-18993
165251
-551375
1282661
538295
872066
-1475579
250709
-766345
356256
-56595
-590634
-1386900
481806
-437976
1335668
-1183377
1594792
-610832
695679
-152694
-1345103
-2439693
-191586
-1202154
1675517
-916255
3227444
-446107
1284399
-152184
-2109248
-2828769
-149461
-1590880
2103028
-561492
3790345
-629392
1733227
-91303
-2565642
-2844731
675410
-1381097
2113763
-335439
3711279
-568921
2125306
-55269
-2624602
-2721492
1193008
-1083060
1090680
-50813
3495179
-426256
2407322
-21675
-2759828
-2472163
1665255
-634831
394348
-55524
2672281
-326932
2534776
-100898
-2714928
-2033109
1581880
-391295
-95183
419904
2455976
-265909
2485930
-235386
-2673155
-1518675
1894407
-230943
-426238
485565
2176414
-171643
2550256
46758
-2323819
-1501258
1524701
-78142
-334227
369500
1486486
-217338
2581353
155319
-1932119
-1609906
1329035
-57679
-664804
494875
1483203
-384567
2818633
87005
-2090017
-1531701
1259957
-59920
-684209
836006
1449087
-230411
3083788
175413
-1974469
-1452694
1172526
-216658
-884707
961007
1316538
-543505
2930604
213908
-1682274
-1147244
791398
-651340
-1030301
1308559
1661438
-530515
2943344
220537
-1527080
-1430176
357950
-891021
-581600
1640666
1765511
-236479
3068748
285500
-1316530
-1826031
-286180
-315660
46723
1663678
1470168
-376796
2811796
135692
-1324406
-1777546
-420275
373163
374748
1480776
1019487
-531013
2799121
607341
-1514520
-1537661
50220
997685
115756
1240885
426460
-513923
2958514
1217936
-1313146
-1395900
408981
1123121
-803537
599274
180663
-568428
2987168
1189393
-1547199
-1426906
345219
1148701
-1654952
564565
655536
-656525
2691697
681759
-1591835
-1243229
-41637
989419
-1454320
842224
1408144
-746107
2216598
230442
-1775668
-1280019
22049
1189812
-725654
805775
1723820
-570256
1847499
-114273
-2070207
-1649366
-267340
793263
-461915
680710
1982987
-682261
1291586
-274906
-1801474
-1325143
-308257
492015
-487314
602385
2067577
-840844
833421
-497702
-1590492
-787254
-578143
101232
-409700
821701
2363119
-639360
832355
-500101
-1087587
-433661
-881936
-479981
-500336
847476
2272906
-455357
608067
-1008344
-919308
-465965
-937968
-441879
75385
1045274
2160401
-520582
78434
-1680620
-829821
-5344
-583140
-544510
447322
1053942
1881283
-895512
-791191
-2055833
-534720
201733
-126935
137896
879264
770691
1889365
-979595
-1050817
-1947110
-491494
-97246
-73702
116353
1005991
986604
1806632
-913340
-965651
-1603298
-379864
-59340
170740
-75836
351932
988302
1933644
-793221
-872860
-1629244
-311531
192931
-133854
-229658
614587
964132
1479155
-693951
-823035
-1699420
-430255
619707
85237
-123352
730009
588202
973564
-657624
-1000503
-1636211
-152533
905724
335255
-200170
268274
256211
1051511
-633482
-1078699
-1535040
334438
1280114
615913
-648596
-331984
-32338
1009293
-436092
-801700
-1188313
755121
1424214
814201
-472495
-585774
-552057
487289
-579789
-788881
-927432
1149723
1681898
1246947
-590585
-1246185
-752651
164165
-646493
-673528
-814668
1038147
1409786
802143
-1133609
-1541651
-199507
846027
-359988
-114952
-505305
828790
986996
329397
-1350327
-1127643
333092
677229
-515854
-281973
-809763
646143
723872
50976
-863515
-299286
712722
740871
-1133038
-816379
-1341943
174970
364481
-37784
-596937
838884
1354537
934522
-1423546
-932263
-1314894
389757
527173
367398
-255707
1265336
880124
583951
-1153094
-486233
-889968
880538
766221
722512
-151390
708439
-199609
64353
-951112
-359857
-602361
1023709
308386
389175
-434946
25083
-305393
728269
-909632
-383888
-777119
966831
578540
462478
126639
277113
-701522
425286
-1120784
-412584
-525957
1045458
831244
672562
247098
521573
-638741
205676
-999689
-181462
-96580
1017902
357711
266399
427416
816087
-680411
-26126
-972482
-94624
25342
625188
-7467
502473
879473
1444559
-228225
-736181
-764501
133454
-264138
119654
136513
858564
926616
965081
-699088
-898662
-554658
203607
-566114
-138441
376587
684212
548426
687438
-726838
-523120
-643797
-82829
-995607
-440471
621656
742403
301123
1007372
-367103
-175208
-953662
-233184
-875558
-242411
847394
1156394
59292
1089505
48680
-382469
-808549
70140
-359198
391689
1008782
1199089
-458782
466517
-424616
-679724
-611160
223377
-306232
650931
667377
558755
-1064893
513474
-231714
-417580
-687540
11803
-521340
406677
68251
5627
-1098558
1153339
577899
6691
-1154740
-430854
-634923
43249
-218829
508251
-133372
1579265
1008242
208103
-956675
-381655
-507705
198683
-62832
664120
43417
1419630
408183
-271315
-751330
-107724
-302987
49485
-157038
649103
-61871
1481929
334078
-330211
-614041
64150
-320321
-165553
-486578
459555
-267430
800707
327053
-65474
-432968
93063
-299387
159661
-251072
428591
-227361
370794
-62435
-137455
-536010
-350133
-865638
-99143
-631005
29205
-82878
1050384
529502
453767
-571700
-509826
-821882
150613
-378426
47644
-84994
959607
375186
418666
-518800
-206908
-270722
580567
54232
568049
25522
501844
-209054
-497016
-594168
81912
12141
764427
-3825
350321
-132580
506809
-583130
-475770
-631007
240046
-44696
663795
6489
504559
-347950
424952
-607724
-177420
-454009
221523
-328679
577925
-289710
454555
122185
480876
-874012
121254
-553928
72881
-455239
141289
-656042
270435
23152
593254
-581419
473523
-544808
21161
-584852
167268
-736101
266333
-358776
-48633
-144815
1238683
-498475
87803
-623151
135351
-535192
249853
-121895
239391
-330976
900073
-488010
270825
-473232
264416
-287430
437850
355612
609665
-416389
-28699
-366091
711787
-198555
31371
-228555
634261
604953
293038
-891884
-186740
-305192
781790
-626311
-749677
-617993
701204
1021153
299865
-1126586
129648
-436451
638994
-1252460
-1361144
-620419
685022
717985
723107
-298308
427748
-956003
63450
-1786890
-1458217
-181854
1558368
1272469
1000836
-86451
437251
-1330175
-155502
-1630365
-922161
435848
1858312
912230
1054983
144686
-87446
-1058192
160699
-1049216
-284390
921920
1775622
396865
255267
-713059
-303978
-951567
76457
-897392
-287282
352731
1170688
84649
-139889
-425414
579016
-857030
-111491
-1160833
-366817
126340
690900
-68529
-143192
235427
1306415
-587823
7405
-992048
-119141
86902
224292
-483364
-74227
479476
1464016
-595241
-36243
-921366
-238918
-7478
381197
-408921
36688
309211
1496665
-812347
-441846
-1134950
-208976
108150
635624
-324186
137148
243654
1489533
-903650
-551594
-1119786
-255227
396001
866968
-878642
-57398
482152
1568884
-887216
-484206
-991920
-308833
-34554
463057
-781373
226109
1218051
1981489
-900167
-416341
-991172
-217650
43499
614485
-376541
652120
1128973
1306514
-713711
-332325
-984799
45671
286610
722800
135218
1275804
815303
184158
506832
289177
588855
143860
394781
-392222
-653300
-819901
-311940
-325648
716706
340128
612142
460822
805862
233586
-12506
-1232695
-1239122
-929693
500299
187690
359495
-8692
504639
392795
371022
-827287
-1005741
-803023
484070
154177
253147
-378831
288501
112395
-16231
-831493
-899171
-400594
596963
125973
136956
-581934
147199
67267
123678
-782005
-554210
-440272
708905
325103
291582
-676014
-293780
-415039
81773
-370150
36506
-516095
593763
259959
210084
-682307
-507923
-636555
318838
27026
288331
-230729
451699
167779
360203
-181349
-27602
-464324
213505
-135845
26523
-630236
604897
263598
242808
-405054
-97024
-790652
-652081
-648084
174258
-88196
990897
723511
676439
-234392
-22980
-760563
-1127060
-1465307
-261312
35103
504497
233343
232157
-768531
-628161
-1066101
-1045165
-1501624
465415
1260621
239347
-259404
-185387
-779237
-257319
-857067
-790405
-1454833
860318
1242464
780451
402168
254392
-230200
127042
-766422
-566182
-2022626
50432
-131216
908781
410664
338473
714990
975916
114649
251096
-1844149
-252939
-1510323
942213
-18644
-207078
927401
2235209
1408102
1164344
-613608
-156446
-2917821
1043957
-91575
-566704
679078
3014499
2045657
1266291
-433172
-34098
-2947707
1202969
-169500
-932130
157182
2840124
2047369
1014223
-578971
285097
-2404477
1312630
-75948
-835613
186605
2685483
1680531
471170
-537351
158072
-2295140
1185500
-282583
-1159093
72718
2591666
1413254
57591
-370015
862703
-1486218
1082245
-357993
-1232888
50816
2878208
1378126
-702572
-757262
909618
-882356
1074127
-445352
-1163318
-97087
2376929
1111588
-482578
-665455
365849
-810170
938286
-713879
-1119985
-31659
2205944
1012842
-468119
-831662
200326
-564824
989252
-796441
-1408600
-409069
2117954
975899
-278132
-431825
360123
-581996
1355092
-712451
-1529598
-477046
2266314
1087314
-214038
-421233
157704
-862203
1202763
-723221
-1604053
-679340
2329663
1096038
-472955
-527773
352025
-686242
1228719
-605246
-1569314
-1149122
2013508
1332659
19162
-96216
502927
-924698
1604633
-416067
-1314838
-911839
1709110
1090461
559552
21524
-154941
-1386336
1222526
-823373
-1608542
-635511
1869474
1100133
660475
136290
-446884
-1101509
1343110
-739957
-1714924
-628922
2146540
1380684
190905
-182024
-748454
-1061037
1393593
-582219
-1550214
-946432
1679005
1503837
-150450
-519244
-706358
-612190
1416450
-634179
-1826100
-1485140
1317986
1573959
-435383
-550967
-311136
-5832
1445782
-706208
-1908835
-1464595
1256953
1205855
-408722
31278
245761
390673
1628817
-228631
-1372019
-1218576
1487418
1186505
-149002
-203036
-1136
-86674
1485508
41105
-857508
-793287
1479588
1150570
-268714
-812952
-284848
-360545
959156
72924
-277295
-146474
1702023
1606422
-71032
-783920
-569919
-743190
502970
35331
-165820
-52246
1927581
2017565
484135
-187807
-778130
-1107800
595338
378632
122608
-97104
1167128
1216222
618841
264552
-629451
-985911
477438
452833
310117
-50686
871474
987654
1102166
853761
-296554
-1468275
316252
292801
233700
126983
1004962
405211
735264
788041
-126587
-1329952
335933
556929
740616
816989
1051689
-141487
507772
543104
-391374
-1392411
564176
1018002
1350956
1022969
617786
-446329
42777
-115331
-582506
-1284667
596671
1151131
1867025
1328242
739392
-76034
-302446
-982750
-720145
-1141374
279876
835749
1626836
1278088
854985
104937
189036
-289924
-913889
-1657033
195181
799522
1331751
955545
541232
-292079
320324
370261
-638668
-1563000
133828
705298
1338149
1027291
457806
-324865
59208
166808
-352050
-1256927
112555
674384
1467225
1019568
231169
-887858
-532399
157563
11834
-617961
104094
626332
1429439
678340
-197136
-1093678
166547
851483
266862
-680078
-99243
289022
1228396
571254
-527112
-1573946
-212484
683461
793497
-35846
-195732
121480
969938
238915
-809139
-1934045
-875235
678859
1685812
816503
208300
459863
912065
66948
-644145
-1610370
-697172
646149
1368507
396136
70131
100524
548359
112156
-259185
-838342
70872
438748
708003
59757
99955
33890
492460
-35805
-285619
-821115
12307
295798
361902
-241054
728332
860621
1155372
180662
98057
-736581
118086
117698
-613933
-1588038
906903
1203186
1649823
529321
331518
-695226
-71083
-480586
-879287
-1773214
626935
758239
1354357
143830
-441453
-1246781
-284199
-215106
409142
-446153
417250
244803
679317
-118061
-267451
-879096
28830
107332
649729
-139037
532500
515738
735838
-46637
-28969
-820434
-291127
-272426
299537
60714
651069
601712
766061
-233345
-701077
-1481257
-666381
-657457
331528
892745
601256
488697
733699
-332074
-593800
-778740
-335261
-778040
-217618
147182
522543
256687
541114
-289409
-250070
-345656
-573287
-1446910
-755560
171315
705920
311849
599077
-82404
-231704
-711574
-621262
-1148964
-750078
49587
373346
66042
454444
130796
176859
-773977
-542681
-432942
-194612
109118
204413
221388
836468
358976
411062
-713918
-822435
-632390
-167926
-129383
241273
338845
1001412
249486
283866
-646551
-740597
-1049527
-380559
-251596
446821
181359
505338
-134362
41353
-1027368
-561140
-548699
-97889
-340087
132516
-77032
193654
-499621
-246128
-1035769
29512
277129
477722
-122286
370407
320234
538770
-220151
-29104
-328545
400299
-373183
-275577
-860568
636792
411693
744025
308409
182481
-429193
10643
-770719
-720450
-1176383
995558
810620
994947
295674
229639
-667294
-544733
-818693
-672661
-1125739
282727
274474
489006
-167852
359579
-74081
-305640
-812706
-315384
-409109
273644
355587
708681
119539
612071
223532
-92102
-977708
-650689
-802885
63437
-29778
325152
-192642
184168
-120373
448694
-62085
-27688
-428487
157331
157046
681319
179402
318286
-112067
304690
-475078
-308028
-446609
149683
390730
1153060
639743
526170
77558
251029
-702044
-806628
-1072521
-203195
-88943
624336
-195619
-166515
-391720
239929
-22921
163497
-281383
-31694
-237596
173506
-461890
-18340
-601560
-136831
-247274
659506
238875
494612
2232
62820
-496946
-113944
-690314
51144
-312519
266178
40840
415952
137819
207029
-426940
41825
-450584
-54479
-558829
89766
24408
349148
282976
621713
-29223
334195
-87765
-42872
-886541
71786
-43829
302927
181607
604030
113261
524315
177411
673685
-282409
-219877
-808720
105251
-48749
550264
236575
359491
-266632
363135
365574
591141
-763400
171956
-144815
474129
113438
232162
-423517
-319002
-319579
543070
261632
146950
-388641
137481
-151300
369219
-421049
-883611
-1106692
279494
1118118
120896
-352664
84161
43122
910963
-189600
-577312
-829436
-132848
547469
227412
-105927
593647
639821
1412063
105919
-637561
-1415894
-623949
3139
269544
205534
948337
739583
1438016
-231967
-941242
-1061108
-335074
-730645
693446
729270
1371120
780250
1137544
-869622
-1585190
-1526421
-660526
-641574
349768
352086
949970
188110
327786
-916447
-1044027
-866239
53977
52417
464427
126064
648070
317779
450795
-741240
-798845
-431596
316370
-106681
747451
330096
858045
583192
881828
-328534
-499830
-454663
-158797
-777776
623963
349750
751413
347522
589774
-215527
258915
-266608
-208069
-828773
424680
141387
498750
212047
328190
-129912
723739
278277
-46498
-1243910
659704
510467
961800
615436
433069
-705054
-374753
84762
239991
-1119872
771768
686574
1183201
557432
206486
-759422
-377864
69785
674208
-834717
592544
444636
1071044
657356
722671
-141985
-218624
-270648
16218
-1197849
759013
482119
1006267
520077
645884
-176226
-209566
-558604
-415320
-1092340
180632
473527
492825
174774
265642
-102158
-374307
-469975
-444657
-627102
345658
535758
513591
278973
677125
526486
379712
-535794
-1500855
-1293005
135534
500145
394495
-178960
194250
552653
686390
-264988
-1114978
-1237275
116148
433438
431343
-403521
67765
389026
-61861
-330607
-893315
-906846
280379
503962
382155
-423869
-129491
164591
-31712
-342547
-684822
-728908
336556
551634
373513
-445164
-523738
-367541
-129376
141232
162297
-623900
196345
585466
417960
-401834
-456212
-539160
-47947
332000
62767
-595402
27789
355380
449433
-156686
-31194
-43788
91295
249632
-283447
-693398
203779
548626
652637
-248641
-113591
-112594
-707642
-783346
-604858
-418656
683268
947080
854250
-178456
-231433
109221
-986621
-1684966
-1201536
37518
199787
563419
496977
-590416
-728605
-228329
-867742
-1593626
-783550
1126357
245070
133822
-191952
-702546
-587097
111074
-801575
-1229493
-639521
1614492
906077
940542
32919
-658906
-81512
139368
-835899
-1004839
-1060489
627549
1022090
1160190
-267506
-316753
698360
1288171
-206215
-342344
-1091541
-218554
1235930
1190608
-951312
-639930
1679755
2799589
317255
631518
-380208
-1233271
1252659
1354709
-1337744
-1307337
2333713
3816819
342903
689959
38530
-1330315
1522235
1515528
-1646049
-1799861
2269814
3724098
179977
-345948
816151
-875928
1603097
1645936
-1715487
-1939036
2405654
3704512
-249741
-748384
848582
-865453
1470669
1492332
-1916333
-1949056
2510071
3139133
-580882
-851150
1531100
-174563
1452191
1280364
-2038944
-1944634
2737202
3335286
-1045209
-1533418
1426062
250103
1427505
1306016
-1919488
-1961908
2327647
2727773
-832500
-1336456
986957
-38329
1402414
1079415
-2000722
-1806653
2083313
2576889
-696271
-1445636
967972
110811
1407485
1188794
-2305070
-2230527
2197110
2452490
-574167
-1226979
1251438
-31950
1734578
1422876
-2291749
-2373857
2191893
2407350
-625830
-1117344
1283144
-253835
1564706
1321133
-2264932
-2382239
2150249
2166490
-569550
-1036241
1450256
-46252
1660841
1426264
-2301991
-2530164
1566735
2128546
-91862
-377127
1318088
-313631
1950210
1584170
-2028462
-2400454
1422639
1625558
815433
-166905
883322
-969897
1600654
1108200
-2190481
-2240650
1639052
1717828
998564
-158124
329980
-841147
1652508
1335887
-2026956
-2554892
1739215
2319466
764375
-873791
62633
-833088
1741941
1426520
-1780299
-2755920
1362308
2309574
482415
-1616332
63913
-115444
1630440
1389049
-1942635
-3275040
976753
2234471
492604
-1814118
478231
745385
1601824
1315465
-2037003
-3077826
1045121
1888167
274759
-1120683
616689
1354835
1556182
1368749
-1513424
-2712374
1260198
1892370
491673
-984132
198267
1136676
1267021
1386854
-1063948
-2275613
1290792
1634845
482084
-1251420
-72741
776051
639024
1086901
-540305
-1275453
1663266
1899094
608664
-1008971
-367417
251413
237622
827010
-475945
-1018080
1694697
1749434
942588
-24631
-221975
67405
346574
1101973
-327608
-644882
1315703
823673
691809
579996
-113310
-159177
167005
855372
-379347
-157689
1027339
367394
1064225
1325241
187986
-315669
-3385
557271
-351474
236221
1361593
-68726
478169
1277821
310354
-583376
-142063
470044
169290
980193
1426504
-186675
422857
789556
-87969
-519485
13160
778611
759683
1402788
975033
-565438
-40773
374497
-235511
-664412
-22965
834720
1280991
1678174
1206030
-203560
-187679
-511469
-445553
-651193
-253682
467888
1003358
1561925
1278572
-202929
127324
349308
-463580
-1158864
-323635
394012
792489
1318495
1306870
-483386
-108223
810894
-314514
-1140222
-374973
274125
904443
1532897
1071825
-775604
-374927
505058
25703
-571921
-404266
156338
988544
1747682
906634
-927107
-1115244
205240
297674
-197909
-362472
144882
1082837
1542049
559508
-1329757
-766711
500185
618840
-14640
-556611
-53016
951460
1414344
269819
-1671486
-1261652
210627
1321964
497756
-484467
-95297
630381
1024111
-138671
-2023313
-1676646
5607
2066396
1334235
-120781
362758
677539
718938
-22727
-1694670
-1472787
280692
1702763
602739
-354252
89297
251547
649830
170937
-1197127
-432477
689680
1098029
168999
-394380
93119
194325
461839
101302
-1008352
-304904
887504
587424
-440343
66319
781290
1086146
939002
359220
-755055
-413778
526521
-351336
-1449489
301737
1119379
1370533
1176937
472170
-847004
-260677
-43992
-698057
-1443223
41506
633238
1128573
827398
-201117
-1258191
-495317
-131096
280977
161156
-36759
342978
592022
656220
-1306
-1044158
-47289
-36942
2123
376547
-8510
572094
821123
419747
12959
-907836
-346292
-70159
-150736
337393
179055
725252
886722
168355
-557412
-1243116
-442561
-488310
-669108
620384
143124
601503
819165
65365
-453959
-643996
-75414
-498657
-862927
-319166
197067
488250
413789
-168411
39349
-280332
-334598
-1030640
-1500814
-270826
234635
480965
374127
-37657
384950
-503426
-712594
-603442
-1222712
-369729
-136861
199312
247688
86316
843125
-453010
-864415
-13837
-583031
-324434
-284964
335882
601399
412352
1009615
-304334
-1295072
-161674
-388431
-651876
-175112
455640
800246
475859
716217
-476230
-1387277
-470101
-619195
-743240
-48611
362435
404209
67428
150440
-773737
-1056729
157532
2941
-844497
-161359
75728
133363
-178605
-122470
-903905
-500317
843653
530746
-848278
-103861
365505
581533
7846
81421
-155550
63270
423757
-157765
-1231035
279363
592922
721864
393652
160275
-75994
-311978
-166379
-739508
-1681299
424963
797673
895036
297605
280400
-40741
-588032
-250566
-524829
-1551951
-68086
400254
523606
-93381
149366
185881
-401768
-525288
-294934
-761508
-153107
300346
580406
270516
370584
444958
47462
-529980
-748035
-867833
-384711
-148125
185308
37475
-69280
63128
460134
443062
53781
-575358
-262096
59368
701028
556191
213970
-216592
284921
-104388
-442671
-665970
-326353
264586
995980
797983
417612
270211
155435
-308149
-802455
-1200503
-479943
-12642
499100
263276
-359396
-359071
84846
201883
-137310
-204658
-234131
24182
151382
-239717
-144653
-411175
-315700
-89504
106617
245666
244381
240583
-38547
-180236
-313730
-304839
13330
-428257
-164220
321623
118882
353677
140028
-221300
-250989
-256608
72946
-347588
-281332
288541
-5327
384559
354755
301173
60516
154869
-47639
-744673
-72906
345896
-68963
311393
357929
250092
390616
255870
658988
-123563
-289706
-291363
-159432
219973
209137
272386
380559
8402
415541
122103
149342
-252218
-107010
297846
15688
-61926
493917
-118744
-340477
-586787
-7749
678518
-124126
60919
-431392
-549257
666750
285268
-373164
-1279810
-706280
1266533
-300179
174144
-535322
-414480
1371718
486575
-659054
-789632
-500512
451676
-390745
278739
-146994
179794
2102961
1001018
-442098
-1213038
-1055254
-153805
-360644
520908
474599
491471
1957395
552639
-1185600
-1089608
-557341
-683103
138084
869313
856367
636416
1771563
-61782
-1723000
-1635604
-749339
-528203
-43856
426504
510654
240382
875517
-418723
-1201847
-1007454
71205
362610
170216
305943
220364
388565
859144
-351678
-923322
-654755
381078
411591
534768
443417
402567
659920
1014562
-202029
-652138
-324307
142024
-156144
309356
350211
355685
357076
974974
51692
-188022
69481
26177
-239076
114543
175655
277638
465359
581536
-105606
-11280
368636
582928
-468444
303968
446377
626733
659411
823242
-289785
-1055212
173754
898544
-536511
385221
543106
872327
739622
585582
-394886
-891166
225648
1124664
-222610
282387
427275
723691
855352
894364
125893
-487488
-74473
389565
-880845
433261
362615
641091
756276
874287
-26950
-174169
42623
-459891
-1365853
-80436
-12647
-50119
-19955
-60345
-28601
-105946
69944
150427
111963
-24871
17688
-48449
61422
6538
4769
-9812
44215
1365
21520
-57503
26806
-34055
40303
-20152
18382
99928
120184
-13469
-21169
-80211
24704
-4837
20175
-9895
56474
2741
94294
-49635
-40322
-69625
8149
-23224
16352
18307
117264
20314
17527
-105051
-17954
-41552
29149
2630
57699
5286
78175
-52607
-541
-30080
-9154
-41109
48093
-22683
12374
-76714
-37503
-63250
66179
24912
75511
-73319
3131
-41014
57134
9560
31558
69664
184786
25481
-32297
-127854
-47346
-68717
-4841
15379
47343
28913
209543
63151
-38567
-22913
45241
42826
85702
87323
170059
34890
102895
-116118
-173594
-39537
72507
104447
83849
-40899
78998
8023
16231
-175788
-66855
-101351
-77969
-31491
13602
-65661
77927
4985
55099
-94422
171134
-66717
-22499
17224
-36245
-132555
-44456
-105217
62364
-163326
220572
-51802
10777
47876
32394
-209420
-171189
-145932
14586
-228911
329140
-27270
25756
-17455
-8325
-211493
-146222
-160161
209891
-139249
287962
-51198
68211
-8461
-50544
-147847
8349
-144741
282250
-131266
207683
-45633
96077
-41911
-112277
-182096
60324
-74115
194565
-48033
242577
-17712
138115
5541
-98354
-161892
104986
-48767
109831
-80646
59955
-14101
158526
-27328
-114915
-163638
48393
-12898
106571
35102
107189
-24314
158966
-57818
-134164
-40454
160081
-77367
-31287
75049
174050
-12744
163057
-22115
-122400
-74210
105101
-55247
42649
36215
67925
-12952
129494
-5819
-10614
-95940
81712
-32332
-40061
-14880
65533
-62788
135776
-23685
-50581
-105713
52683
-43774
-14045
42222
91225
-1690
180212
-41081
-57048
-96811
76484
-7513
-12777
44959
33762
-30695
172334
-35654
-36874
-14650
72725
-107935
-123928
44041
91738
-92881
151384
-37268
-87703
-68969
102475
-154771
-93522
168646
166939
12874
224767
16711
-29204
-139676
-10066
-82101
-11932
148698
85142
-34893
163267
-56513
3808
-107466
-121863
8814
79495
160159
33190
-39070
154148
-53722
-39190
-14950
-43349
48206
89217
135248
-59035
-45780
168342
37798
13994
-36614
7279
65686
4487
72201
-126593
-40367
195321
60434
-54414
-94582
65770
95754
-174492
37403
-111451
-40821
160314
-46601
-93048
-93570
-17398
21406
-133105
127070
80348
-22546
164577
-53470
-121530
-71906
-8527
58217
-31011
104284
149789
23424
161750
-70138
-178561
-118795
-41999
39609
-63169
68477
151976
15797
116270
-42926
-114249
-119395
-35756
9793
-152091
42539
143867
-52264
31774
-69543
-128805
-22579
80195
69076
-95833
24049
128247
-25633
56753
-37031
-94015
-34514
-4430
-37273
-125237
-4227
178785
-12976
76620
-34928
-60656
-100658
-16871
38012
-1567
42775
159138
-12829
37635
-148900
-137954
-59902
-4795
-31075
51098
103628
134650
-52127
-47574
-200600
-75508
39200
594
23027
118004
57686
136792
-60688
-53218
-181291
-54814
-28289
-49115
16587
165835
73854
96044
-35989
-26145
-81869
-1485
-57314
27928
-11960
-82202
37013
209855
-43679
-46868
-89185
20380
-6063
29529
32564
-19840
26084
96854
-45109
-17243
-107804
-44816
17309
-12565
17139
93153
21285
26673
-41521
-34374
-119951
-40767
33221
58518
87741
77679
-12481
4553
-46826
-50168
-111323
31323
95512
89015
-73815
-61527
-45447
49178
-26162
-16067
-73327
46955
70763
77385
19314
70477
-76057
-17784
-28542
-34444
-48545
111374
104729
104293
43561
-10925
-130338
-111578
-81085
-93013
-67598
113915
84508
49799
-84310
-114316
-22776
87884
-23883
18258
-177
76366
27652
-9424
-186905
-119000
76109
106440
-16875
7155
-56085
75030
33560
4578
-50492
-56104
42448
124963
-98906
-92691
-171984
-820
-23745
-8389
-62403
28277
124578
187090
-112242
-67089
-146758
-17579
-25339
12285
-39503
174094
114150
68143
-77848
13736
-60088
72308
96507
134949
13736
112184
-97300
-150506
-63207
20944
17356
131884
-12732
27506
-69369
-32535
-12315
20234
-56649
-34531
-93383
65242
-11665
4170
12366
40809
5135
68043
-90146
-19660
-77548
77254
105442
123572
36284
69902
-8003
-3120
-81109
4615
-29848
101111
43113
-46423
-40117
27587
-38544
151098
-69093
17357
27512
85279
-57111
-33464
48285
150962
48966
5211
-81714
9361
-26146
18140
-51427
89998
119534
40324
-61966
-45282
-4494
63529
-21758
16651
-46092
21771
84712
-8975
-141985
-41977
-18260
17757
-118474
-40003
7700
2552
51072
106779
-81192
47786
-68300
-8075
-98673
-20657
60458
76782
-4960
122594
-1533
22522
-101226
1214
-11067
54457
73799
147275
-13499
11602
-95322
2801
-16693
60905
-7512
85751
86380
90349
-114599
-32206
-139086
-44185
-65170
-9144
-89917
16043
1525
-63555
-183535
123234
62650
79949
-96177
-10879
-49594
-29186
-57549
16871
-376
144215
91088
70049
-103052
-65221
-99011
20395
-19080
36251
50828
139115
16105
12960
11625
59040
18309
81807
14717
9462
-74170
132213
-26054
-90095
-55899
16921
-46851
-49002
-70519
36576
-59710
78499
57880
20795
-22718
60639
15782
28610
5330
106129
-51167
-66520
-79781
-44338
-37708
5788
-85301
-32193
-68100
20741
-21887
95688
36497
42562
-34711
-33728
-118224
-38582
-72980
-24278
-14158
106818
52888
123088
-27548
14802
-1480
107052
56792
106899
28906
1983
-73357
-95154
-67954
2559
29103
104837
-31014
34174
12956
92932
-72975
-70076
-103721
-12190
-5609
54240
-3942
72085
-83327
43112
-936
13295
-13559
22933
-46454
56567
-26108
6823
-19919
59756
-51486
25038
-24835
19876
-62191
-18284
-77354
8713
-24630
99309
-71902
-8842
-39993
18025
-40632
22314
-91265
32251
-79570
-81132
-20885
160458
-24883
36788
-44788
21155
-66572
54269
18525
3693
-97520
67382
-47069
13951
-51192
71089
-31045
5870
42861
121741
53667
-57531
-39472
56414
2797
93097
-42351
5864
46264
106940
42532
-44343
-4876
62158
-31909
13715
-108685
8172
53959
-42385
-108004
79534
-25153
54582
-130698
-107373
-123157
-29008
27087
112267
7271
95146
-39477
25871
-179222
-88429
-57523
102187
123394
52923
-103061
110992
-140472
-35148
-193173
-81020
6286
165539
120914
156887
71570
13961
-74827
58700
-62566
23740
140983
169072
-18142
6202
-115845
-114636
-98149
33142
-19258
-4028
3016
83644
-16115
-35558
-87950
-11750
-95687
-10100
-102571
-30900
-32975
29678
-40534
-39234
24021
125421
-36984
7187
-87229
19874
25850
34091
-83033
-24783
21442
103794
-26670
37610
-41934
3520
9407
23751
-53746
-36629
-52505
141004
-65262
-31349
-123457
-46450
-53851
30624
108051
101404
-46229
82193
-79576
-35525
-113594
-9815
48552
81790
-76136
21755
-31054
34918
-58289
1896
-51187
303
-44457
-23048
-110403
13673
122955
212252
-87320
-23414
-72422
-8780
-19239
60882
-57197
40853
132496
165997
-59481
-3193
-62623
29197
29856
108636
-5442
83143
70269
29513
-696825
838537
-836527
687956
-761811
795876
-275543
422422
-717750
287833
-785174
1117485
-879197
490822
-473216
859180
-208341
569333
-1225792
368595
-892478
1279676
-902800
302344
-269467
730253
-360876
763878
-1269508
378961
-917004
1229922
-872429
432308
-427073
842085
-752264
833485
-872985
29614
-791372
1208923
-755351
650920
-725213
821349
-969280
1193496
-1139917
247565
-752909
1124261
-863474
743649
-1039065
738754
-868783
1438939
-1261994
770287
-852636
1179698
-836000
733390
-737531
683285
-800012
1337732
-1395151
578376
-982614
1153249
-822493
431459
-281002
836355
-858216
1271072
-1482493
906385
-895932
1172482
-517347
260074
-213816
1215997
-1173818
706033
-1562565
1274728
-621282
1197742
-474035
311566
-533175
1539310
-1435452
231770
-1422142
1534621
-556150
990719
-707404
470387
-614246
1518509
-1526994
611025
-1600204
1982453
-150671
641872
-953442
498933
-788106
1720121
-1863837
1606731
-2646263
3174129
497757
338115
-1027593
274806
-653330
1641015
-2490177
2911931
-3824082
4618290
827136
347226
-1547937
-123811
247527
1281769
-2756473
4081703
-4615218
5476178
963635
770271
-2245145
-178584
770128
1645976
-3328310
4392568
-4335080
5345876
936586
1061519
-2750996
-75616
803187
2305408
-3882864
4318675
-3450833
4377718
1004569
1213043
-2982320
100854
913563
2156284
-3891399
3562400
-2183968
3039656
1120344
1204572
-3209108
200253
1238054
1830658
-3567058
2538858
-663523
1682467
954287
1283954
-3266402
275541
1566062
1341935
-3237338
1993316
-27203
1180966
809136
1179752
-3031708
277241
1344217
1359242
-2705735
1382964
149980
759125
778499
1224858
-2969887
434259
1059057
1344151
-2538007
1001131
552049
134644
793676
1419990
-3356983
675026
958941
1201101
-2391557
950588
886630
-314101
763088
1568809
-3706665
847305
987522
1147988
-2299202
874060
1178864
-762318
713602
1846541
-3800668
898998
989628
922598
-2261711
794925
1417835
-1089144
614595
1802327
-3620703
867928
662816
854285
-1821774
806058
1366717
-973689
670643
1648637
-3553703
1261695
-235473
1094906
-1278568
730795
783843
-541321
586452
1730082
-3647093
1382351
-356896
1038127
-771883
388064
797199
-661337
397263
1764139
-3434507
713790
503787
759124
-437421
-318200
1409144
-1265547
330883
1953109
-3046395
-8591
972377
995436
-581868
-943031
1920458
-1548364
371906
2084215
-3073486
-79205
1167221
787402
-503417
-1751290
2688976
-1737112
302902
2008845
-3184317
35270
1137158
121984
277058
-2406573
3462020
-1661679
59232
2146199
-3247118
193163
972531
120732
440216
-2259366
3139758
-1206850
-140209
2023801
-2984734
242618
673820
597554
-70296
-1375975
1913675
-190859
-181045
1808797
-2579093
71571
631699
337532
-60617
-976890
1245596
487889
-176928
1583576
-2285571
282221
836477
-231287
589046
-1064420
1060864
429114
45197
1172178
-1914100
527482
392055
-622832
987588
-857033
1095516
329072
300745
886397
-1718881
912590
-21920
-722248
940955
-352109
776596
16425
188262
597325
-1815505
1525397
-472671
-669167
821605
214725
198564
459425
-41344
353914
-1428898
1766524
-816343
-351903
546244
445301
-205174
875190
-284551
216689
-841405
1342837
-756235
193122
122278
464469
-163411
828593
-472476
339544
-630929
1149479
-750781
327054
-310285
550756
-36475
717436
-509903
480715
-745950
1396706
-621226
-146961
104407
602248
-458271
540526
-473280
415370
-792987
1379248
-453541
-588472
485380
630626
-501107
417755
-538351
218643
-550052
1247849
-232926
-484472
180415
664417
-475720
505519
-657493
183855
-285353
1275230
-278779
-720760
34828
604875
-309223
761453
-821748
313888
-280092
1471697
-667903
-390540
-151435
543478
-125110
481848
-878150
424900
-246090
1652229
-821535
-64307
-777981
593904
144017
118684
-826621
473677
-274482
1536736
-610620
-199807
-1160585
724552
585325
-40266
-600732
510535
-527986
1400297
-752416
-310250
-960623
691797
739329
-108488
-452427
529510
-584813
1382880
-851942
-200986
-572910
568787
408601
-322775
-643561
604577
-752781
1297599
-757805
-276779
-231353
1051360
-245748
-181638
-886521
845434
-1060527
1298561
-867204
-121131
-703
1387160
-821846
133733
-983421
1022885
-846768
1560998
-1136465
550228
-582992
1234551
-1135285
573783
-936787
1096099
-688124
1673626
-1503101
831158
-869414
940937
-920804
919543
-899607
968101
-885417
1584263
-1422070
589683
-565916
632688
-743158
1397779
-870003
1013051
-875438
1516872
-1095006
507913
-265575
326405
-986954
1614925
-968266
1108957
-604145
1159388
-1133398
553475
-210533
267744
-944088
1501326
-916351
1166471
-525034
611115
-879498
749511
-331137
522827
-1389730
1069207
-887910
1121248
-776591
673053
-526737
718784
-254250
382990
-1381625
809976
-842852
1145365
-1114152
910109
-258137
53161
42918
205581
-1378221
907176
-916202
1161215
-1305071
990897
132651
-450408
-85202
719896
-1451374
1036879
-1091253
1200401
-1224171
854541
319253
-288447
-518774
1215573
-1378279
656899
-1080888
1219701
-1079638
968600
107522
36787
-824520
1364280
-1391053
360491
-875276
1195526
-1055993
1324190
-349351
19649
-1065802
1714305
-1919920
566377
-927388
1191452
-1062020
1183232
-890176
352078
-1144172
2104970
-1844830
719664
-909548
1039426
-937028
890439
-1024689
860392
-1119500
1935871
-1433601
227765
-905559
784579
-680196
711790
-627260
752574
-868812
1857515
-1563795
347522
-771044
1042864
-676544
556401
-331109
619617
-1123173
1815444
-1898523
621460
-819573
1118995
-847288
477874
-382945
981780
-1223194
1493493
-1348178
426087
-796203
987954
-745688
588690
-640640
883461
-955524
884879
-850418
197252
-830205
829528
-647704
824258
-904558
823793
-577959
794744
-1030315
523062
-1072333
729771
-720529
796049
-1137364
1051509
-637017
1136713
-984507
765594
-1059098
865537
-453061
800063
-941567
870669
-650138
922382
-1020555
334786
-959150
1013394
-460098
727249
-670183
683367
-597613
793407
-1081854
306316
-831617
979994
-844464
1063460
-993962
860622
-903692
979916
-1168445
980869
-671205
915242
-964129
1131144
-1244450
1108450
-919186
896777
-1396735
1515772
-601740
873838
-926079
903643
-1124877
1326891
-1065919
723674
-1173917
1535697
-634908
839510
-860471
824765
-1213248
1354492
-1113723
642138
-671876
1352297
-681451
862935
-976570
1107583
-1272777
1169372
-946620
775653
-828812
1256162
-776185
948564
-1050796
1194978
-1076539
974472
-843055
942032
-847447
989205
-752740
1099034
-1174573
1012326
-595088
849210
-553235
239544
-677295
1221611
-722412
1336064
-1645547
1056640
-236622
572360
-551435
-212319
-605658
1513487
-713044
1314847
-2121410
1096332
-44766
406115
-318971
-72963
-724659
1405092
-866097
1365879
-2216824
1215759
91316
509714
-812543
382013
-594585
921558
-1170813
1541623
-2305773
1462879
314637
503271
-917075
983705
-864901
410823
-1262493
1670124
-1966941
1573350
144926
431830
-1117174
888986
-1040584
738040
-1068043
1477910
-1533092
1444035
-201276
568118
-1271916
606404
-750368
884202
-903143
971213
-1372644
1337095
-362559
306470
-937152
490947
-44037
706120
-882749
884959
-1321903
1286110
-417418
219221
-624266
390662
137979
607364
-765610
940541
-1187870
1283109
-744365
385722
-612904
502624
-37076
581733
-748764
717113
-1020120
1062160
-531029
487506
-878268
1245716
-650956
732552
-849123
661928
-827278
982368
-220914
206291
-1316059
1664638
-559436
838611
-911606
789019
-780881
854880
-299352
277795
-1366312
1453935
8411
450705
-916682
750780
-820304
854651
-311952
300251
-1065756
1463805
-312726
457878
-912652
790434
-887970
1132339
-538501
478005
-749536
1219817
-737047
397303
-922703
794523
-911334
1285942
-741826
511427
-294769
994939
-1072068
181421
514554
-583522
948163
-614633
709638
-316780
965739
-292790
310018
-1220657
420975
-585441
1017484
-749585
394041
-348726
1068097
125523
393459
-1430949
486600
-699237
1279953
-805413
179961
-394510
826712
-46641
476107
-1386828
572735
-713546
1318484
-674647
114116
-333450
770603
-543261
792457
-1258724
575196
-610972
1385943
-580577
265644
-775525
598878
-672732
1039028
-1020050
478089
-620930
1238323
-568013
489478
-1016927
543936
-719149
1365245
-958121
423483
-711671
1265708
-533889
681325
-764530
487857
-800918
1254873
-1400042
502704
-731072
1253796
-603304
483329
-411812
612112
-1002069
954631
-1507485
560624
-626588
1469347
-284937
230316
-168850
894845
-1425450
132824
-1683438
492549
-600555
1261109
-372442
-7000
-441276
1332052
-1584208
-212987
-1512775
376705
-483513
1071607
-483011
143857
-524383
1426751
-1571300
-198198
-1635932
399644
90742
961597
-748082
356558
-585162
1715777
-1750412
382057
-2486781
142275
638357
749634
-981667
256693
-43237
1876766
-1768848
1826564
-3334941
-27375
1069275
514268
-1737193
13713
717548
2258842
-1902388
3426150
-4062767
-120420
1513709
761119
-2585887
-525041
1516766
2424525
-2489751
4143409
-3729196
-73764
1577869
1192882
-3230287
-886080
1791104
2933151
-3288777
4251111
-3153317
-54164
1724903
1476609
-3524206
-724910
1746505
2971279
-3640767
3417069
-1882220
-40161
1696816
1474306
-3845284
-574394
2053001
2848112
-3819799
2772456
-583587
6829
1655965
1480124
-3931516
-416096
2397215
2241903
-3574336
1756808
459425
167789
1529961
1431151
-3844732
-488954
2285772
2304815
-3159161
994881
568434
290959
1381906
1444518
-3693706
-399315
2038072
1999835
-2754005
740316
758916
362762
1523929
1410923
-3966584
-208112
1760375
2026757
-2520105
667289
1123571
468508
1571556
1718899
-4346160
-74868
1877565
1802423
-2438529
558875
1457396
425680
1548760
1961844
-4498592
-68294
1743275
1656294
-2445491
683186
1779518
481414
1490675
2086551
-4416161
-122915
1425912
1543578
-1820380
686159
1804758
653537
1507147
2045994
-4193081
107752
603578
1645020
-1273153
742174
1241394
679119
1371071
1875201
-4167644
342358
386709
1548411
-544351
428466
1083760
720692
1310761
1935556
-4217398
168937
741578
1582372
-495362
-53943
1000031
775834
1198086
2288935
-3961899
-777848
1297395
1683614
-501979
-1000677
1760770
764449
1219307
2273260
-3779145
-1181871
1463380
1554946
-569810
-1664098
2482304
785980
1103504
2358011
-3743653
-1128995
1368467
1201212
-44860
-2224980
3319019
760658
1010745
2485460
-3670313
-791381
1408752
900291
241914
-2436518
3191651
590109
615531
2428542
-3301568
-585329
1294918
999188
209349
-2132550
2428453
296062
209617
2242516
-2880081
-393440
1246593
1112647
225330
-1457389
1493968
-59077
39159
1842192
-2487031
-117944
1208101
808014
616627
-978214
1046748
-265484
168259
1566470
-2101698
3762
732245
-32380
1188281
-542243
1167649
-444370
302307
1235187
-1822077
546942
402091
-494038
1288738
5250
976141
-503897
228475
731907
-1675512
1319799
-63302
-766540
1155263
434798
664911
-480637
68690
596790
-1284413
1827912
-241207
-668170
697011
639672
165625
-402900
-183625
517110
-712636
1855880
-377748
-215413
242113
446643
-110696
-361436
-411940
505822
-257848
1796430
-287453
44538
-189475
524119
-158683
-355263
-628781
421336
-239151
1747620
-208647
62723
153778
552155
-366500
-286159
-637585
362323
-453131
1783967
-263675
-476329
459212
957896
-450878
-255697
-691394
295414
-288733
1774778
76884
-865791
132735
897672
-315508
-149543
-787193
201772
29064
1773889
-95723
-1116881
-104734
796077
-36955
-10354
-920059
177739
135425
1843694
-331330
-858733
-387063
785872
100930
67333
-1057195
222052
191492
1944083
-622173
-1043850
-913153
725507
611738
75178
-1011390
332957
54874
1920190
-702916
-985853
-1615520
865169
1170031
129772
-689215
427252
-151014
1756617
-627269
-876720
-1462428
643243
1211544
37122
-615357
439636
-303832
1570411
-574294
-579345
-1026691
739001
811579
15111
-628361
542180
-498760
1500625
-727779
-630197
-333539
981308
166651
79957
-597795
947989
-467978
1556807
-627354
-448205
-104091
1238827
-804364
136882
-780808
1221599
-209478
1766131
-814352
-96388
-511093
1206016
-998796
247183
-929756
1159267
-334112
1707687
-1263748
120026
-669372
1127433
-653568
308605
-950915
915197
-420998
1738296
-1341991
377883
-780192
709607
-529455
323824
-772600
1087059
-518449
1714242
-1193171
114830
-464996
137599
-796170
309708
-798758
1232682
-307388
1167198
-1212819
119009
-439724
110729
-945531
387925
-811362
1280779
-274259
855660
-926200
481182
-259734
-88734
-1683076
488538
-796131
1169267
-387929
700823
-566740
558918
-345684
-62347
-1769604
564520
-686010
1142911
-744628
797372
-255434
196266
-165814
-484
-1840688
451216
-862491
1097713
-987917
1098674
227848
-364209
-167772
455289
-1537884
316150
-1004143
1189540
-968081
1086523
628123
-569447
-580906
809192
-1552140
317835
-1034745
1254858
-843238
1048349
529143
-304028
-1054983
1076049
-1576218
428704
-927724
1123166
-831914
1105703
-56727
-318158
-1073952
1494501
-1696600
374669
-902055
1136177
-894995
1034425
-629605
-6202
-965411
2062112
-1603042
414508
-776165
1128695
-720619
994075
-714875
410730
-1044821
1964420
-1713917
444584
-786856
1088524
-374792
881250
-611199
639679
-952210
1744950
-1746770
463193
-579507
1118451
-395903
717041
-362736
559766
-1045929
1559561
-1794896
242592
-793508
1062762
-558255
480344
-27267
847804
-1133955
1425324
-1553112
286954
-801795
1057968
-520445
500068
-355798
1011491
-990182
950282
-1240572
342916
-947441
770605
-526629
624424
-747884
947307
-382217
890169
-946295
354657
-999769
727271
-346886
862196
-898735
868808
-422963
904790
-960687
339494
-1086439
850127
-118960
990555
-814912
762161
-433891
793456
-1294167
254779
-1146286
804587
-328153
694648
-825614
721186
-541699
951179
-950845
404014
-870559
814366
-560695
852318
-944237
440080
-698752
775282
-905883
528611
-568915
918368
-755511
791146
-992268
791740
-918016
660917
-1242611
412584
-473932
954341
-814214
947488
-1129415
1151925
-966424
399365
-1149617
261330
-531391
953637
-610952
802254
-941341
1210779
-917614
499927
-960494
271318
-657191
830354
-698989
1057073
-1056571
1393526
-753689
560802
-717426
253892
-726200
837520
-791333
1068159
-946573
883174
-535364
869055
-653716
386869
-704476
953343
-1101522
1072600
-614721
783960
-876284
232908
-527593
397140
-670489
1061876
-1540888
894931
-7963
606309
-884446
-505168
-548828
344203
-635705
1121176
-1943786
988613
404073
787997
-449291
-721026
-1046111
232993
-783783
1332419
-2087006
1247507
835854
660445
-850777
-190820
-921107
143058
-949278
1476857
-2012833
1490536
1006308
611157
-955961
219108
-1152987
339974
-1059560
1723390
-1695050
1620499
718573
374428
-1580438
372279
-1017441
415241
-1075036
1507478
-1516159
1448257
454437
381426
-1467653
355700
-666811
632754
-913381
1099375
-1222036
1465849
89144
304130
-1270125
406670
-205986
725765
-656200
953314
-1106994
1486411
36180
272277
-907134
229869
119239
685625
-594882
865804
-1068901
1317408
-251539
328338
-525716
498560
167222
571568
-692457
765085
-917025
1168469
-220855
346100
-661954
1067554
-204941
567545
-634389
797047
-578877
1295694
-242939
-97623
-1240551
1497170
-5764
584209
-691078
822487
-479762
1069689
112391
42935
-1618072
1692050
191486
613981
-790464
759383
-458298
1170467
113104
259830
-1315497
1324725
7700
754814
-739708
783316
-596081
1186266
-129309
394185
-876209
1079324
-494629
746636
-750607
719533
-614421
1264016
-425400
317283
-462023
980465
-1190094
-761681
-108354
-525395
-7991
-409169
70690
-161129
1003405
696916
549792
-718068
-232993
-577222
-69913
-513714
99819
400709
1396821
778915
338527
-723709
52826
-273444
185131
-687347
-100719
374325
1229953
738509
157550
-868487
-20297
-115446
275778
-145865
342006
83178
1026372
185481
102299
-806876
116798
15568
620908
132354
557032
-13938
507731
-150880
-129840
-803032
-56726
-229524
476675
-50635
371243
-464057
472122
351385
364531
-671669
162351
12056
786735
218680
520374
-340196
480875
-262217
-66050
-1037376
-351431
-531694
272674
-209207
574749
373773
1428052
293593
296609
-976480
-217259
-145765
662040
423850
1100025
748159
1268386
-429614
-971150
-757498
50194
30817
534659
223443
1364706
997396
1293600
-1013432
-1003742
-976034
3079
381905
824846
263808
1421665
1086285
1105159
-1258709
-1112030
-743221
-56
-6540
361140
-483548
1084881
537425
1101109
-1198689
-71732
-942109
140536
79638
-278852
-1087536
158707
-206470
1265861
-717492
1161746
-1006578
149749
-67283
-802539
-2341018
-401793
-842185
1589930
-673762
2743716
-753012
627924
240586
-1242143
-2904717
-991190
-1470741
1587938
-571126
3493207
-1010674
871995
214504
-1787154
-3163846
-763255
-1369773
2047401
-439004
3875819
-879300
1334056
496286
-1555122
-3044930
-342590
-1145248
966821
-502707
3455027
-936286
1503921
429300
-1771411
-3057554
293869
-529947
1102787
-619824
2751748
-799995
1647032
563352
-1458529
-2556686
149201
-360389
423259
-136749
2244063
-648210
1699306
308665
-1662849
-2281661
668012
-14578
210392
-61405
1915603
-649526
1895153
627879
-1288312
-1978301
309941
29410
207238
-72057
1350786
-698316
1737434
707866
-990475
-2142693
336139
96580
80506
108460
1364970
-782002
2011808
728167
-971312
-1971182
291028
154978
-167905
216938
1123274
-726477
2202775
916999
-767086
-2035904
124021
-208871
-315654
350560
1263156
-1085983
1957955
712414
-559750
-1653213
8213
-320910
-447889
760380
1501586
-856133
2244859
823162
-453476
-1775360
-241744
-940274
-412466
821759
1450627
-997423
2106589
931174
-396849
-1960656
-839468
-466147
24937
1453007
1530699
-837873
1975273
748806
-126983
-2082235
-866489
-189614
488235
982014
1211358
-999247
2102779
1016382
-256313
-1923676
-808008
507437
412701
1149569
524786
-971928
2043128
1463395
-119983
-1554062
-522423
717646
-179960
527200
194362
-1167687
2052857
1508153
-285050
-1684732
-419966
844114
-640191
553889
262671
-1040658
1962053
1209140
-217507
-1389250
-510695
646771
-806974
439368
548521
-1087381
1455438
562963
-690892
-1499350
-723369
870700
-448312
856680
1111558
-851433
1371253
223399
-990249
-1845281
-1022121
487223
-264088
809169
1408379
-892731
749620
-95130
-891941
-1528893
-585160
294464
-153045
572392
1500055
-748288
494677
-376674
-1144323
-1424603
-1140804
-312839
-415116
880742
2174898
-661061
510276
-379477
-745091
-744394
-846822
-480958
-641093
613002
1827686
-511185
160731
-832495
-799851
-929849
-988549
-598718
-387929
922449
2204014
-448667
-48995
-1231544
-771566
-381477
-478915
-655230
-94911
899721
1660422
-708271
-778745
-1976899
-881332
-435238
-71899
82891
511593
711205
1891729
-706747
-972652
-1981274
-760383
-485286
-174045
-94926
780511
921314
1845282
-818240
-1112290
-1743991
-817130
-366706
355317
89686
298943
919922
1861420
-621783
-978806
-1797886
-811059
-453138
78604
-206949
440853
955021
1797838
-512965
-809382
-1795030
-794784
139554
319721
54375
454400
530367
1100603
-473755
-865127
-1698292
-577126
257371
284993
-125727
33187
337112
1252939
-397513
-964188
-1744179
-323926
783665
1111899
-110935
-226417
-220461
760797
-220533
-682220
-1324182
113811
1094026
1047388
-59243
-712736
-819423
447021
-480555
-743545
-1202692
510835
1199956
1543568
-43783
-839174
-909117
109280
-296419
-516159
-978185
573196
1073393
1248741
-424748
-1362811
-851092
301087
-302218
-186280
-585838
583788
1038425
1026049
-777648
-1063733
-437302
251307
-511857
-397992
-955028
358991
497439
469674
-557181
-488709
416130
875609
-766428
-705180
-1292543
-17298
163614
355204
-403736
370594
909654
964049
-1120501
-936591
-1347469
233164
457894
672903
-260528
658116
575943
768739
-1083337
-641932
-1321409
254300
389119
670153
62514
850191
239268
498860
-1016847
-675685
-989334
552349
269288
897810
-246088
254866
-265658
723723
-789000
-385284
-851384
897101
566072
903509
191396
183114
-728358
38501
-967360
-529424
-830452
589210
512400
748391
93258
622844
-231244
361256
-881993
-284205
-468628
901348
485585
733419
635355
825711
-552103
-197513
-1045461
-351654
-323825
681479
214176
615649
711367
1303642
174093
-306616
-644587
53438
-336574
128892
-20523
804860
798081
1123331
-295012
-573385
-677409
-34383
-648059
-67978
88845
918507
836453
934985
-176506
-402695
-492808
-76803
-951695
-297561
214899
723377
682922
893722
-198120
-56442
-747784
-205648
-1000302
-248964
430492
1038187
381941
1024096
67627
47694
-599544
-6029
-559965
188779
647517
1182464
-13325
431599
-366187
-287213
-724028
-62401
-584284
387373
374189
821348
-368945
628466
36768
32933
-423109
78182
-532407
495579
284085
320499
-804322
732754
91395
157517
-1170217
-491986
-813630
47154
-199971
527638
-238318
1302668
808724
888857
-671781
-256380
-573620
212142
-301999
553968
-2352
1134300
420513
27893
-987962
-580121
-793901
-138652
-224044
551775
275064
1670560
736000
452406
-397859
125252
-295704
64481
-373696
292717
-437695
703260
64951
212486
-495077
-67346
-604431
-44821
-357045
501806
-58259
720777
149389
174072
-378343
-277093
-911204
-242099
-680943
-13102
-238425
903934
700888
617315
-274706
-212249
-731210
218964
-201051
37089
-308476
544222
95137
492910
-416255
-273262
-730143
140898
-263496
630983
7728
772655
75441
74001
-489972
-17545
-219698
669640
-18894
349009
-89355
491029
-320420
-216170
-463620
206359
-48027
543825
146912
548109
-307454
424088
-556710
-315957
-495573
98643
-427283
617336
-263176
643522
87073
508182
-685109
51986
-501949
56136
-410594
237523
-504826
84445
-118396
801198
-459972
403066
-472680
-41394
-645776
173323
-623734
472305
-428351
77184
-264560
880342
-460340
-35021
-624282
-20356
-605942
201508
-68905
274718
-297350
855560
-364351
241310
-525320
260722
-544629
381153
149621
714661
-363635
-4307
-315527
494259
-266431
118708
-415744
411483
288437
426286
-528955
-131457
-293447
521931
-482153
-475757
-922202
620324
1177550
801183
-730664
-176718
-248272
653407
-870540
-809423
-902220
385843
572143
735253
-215641
185750
-790267
-78445
-1611190
-1312068
-859023
1093066
1625809
1395122
149677
512592
-849943
-96462
-1457802
-813549
-423530
1280038
850628
1102886
182018
157488
-1009096
-125672
-1395791
-560773
214315
1557881
1000645
867023
-212475
-95608
-1005734
-89340
-1077439
-363666
-50751
1175392
504814
426885
-377164
480749
-814709
-93648
-1053218
-301079
-206119
798932
184345
67801
-98503
863325
-617039
-84237
-1005491
-241030
-244440
250087
-354743
-2172
322337
1317430
-774022
-219969
-1086731
-453751
-209876
549608
-77904
124914
177008
1419715
-768333
-350538
-1060172
-144125
-300721
437657
-260767
-175730
57497
1451936
-799517
-524453
-1250642
-560333
-52859
759500
-389368
211623
65803
1452015
-976909
-614636
-1156720
-390948
-179476
576521
-468552
167574
637997
1889824
-920766
-421874
-1075585
-338937
-220103
577372
-255639
387283
806728
1411352
-753522
-467043
-1158763
-362768
-69067
654410
214718
1313329
882822
698756
281272
104832
195735
260348
769381
602105
-304226
-902973
-831931
-382086
242235
-85590
-265398
-100103
136862
88694
183276
-353653
-76204
139450
217804
-66894
-187643
-117416
-62824
-267422
-135393
-261411
-23554
290036
309850
68239
-40796
-381799
-91873
-128663
183747
66989
-391895
-180623
322879
75954
-145237
-702882
-440386
-149343
531074
207286
221554
-130723
190625
131478
223762
-162101
-104
90212
266907
-239750
-54929
-335460
154756
80488
155629
122213
-34363
-327378
-158688
-264344
-48940
208333
543697
282613
26135
49645
-157885
-934890
-955721
-621524
305567
419551
606664
392519
-107077
-363277
-114791
-777943
-1042944
-531688
605982
497111
-284801
-386755
-336692
-551039
-140673
-435125
-360800
260155
1146696
927061
95877
-307369
-104796
-93598
39473
-347926
-225146
-491223
377515
372550
670761
324013
372737
224767
439001
-270517
-213483
-1323469
-207708
-615431
179191
-123374
357493
1089871
1339727
545456
901566
-1025512
-515436
-1973780
221524
-605362
-77562
1675288
1770109
854387
1194152
-576529
-630655
-2384796
413169
-805279
-426498
1049206
1689628
351336
511238
64695
-46619
-1658835
534862
-638833
-463971
524736
1316340
-102594
11184
27438
-109427
-759186
461664
-534506
-327095
483643
870383
-3318
33624
345416
-303438
-797858
216924
-711734
-293075
782922
801716
-264339
-336668
844172
196363
-663230
323827
-576782
-429408
611657
836506
-83139
-502573
-40386
199118
-190830
257412
-383236
-410743
129070
758008
170977
-460576
-205587
-35880
-65798
178755
-706258
-461875
291761
793556
50091
-252608
150900
-25625
-159287
358006
-967120
-628972
332481
863004
201220
23891
179219
-295870
-509298
496394
-759801
-447989
401210
756273
-49807
-198312
123400
-275876
-546455
386781
-819876
-715398
207286
754031
147455
73521
378720
-94124
-386366
571217
-528674
-767775
-255038
798119
777919
292177
-66835
-437160
-870067
380541
-508736
-264865
-254800
733108
793405
195849
-404717
-298584
-645365
185603
-849078
-440184
382166
945722
441501
-129565
-206205
-324006
-284616
569041
-513269
-853576
454853
869812
164422
-642601
-54884
-437619
-244583
580664
-558726
-1154673
-3156
808477
-8981
-716393
150635
95091
7871
321052
-924043
-1044185
-214544
383227
248988
-287129
710867
337083
-114057
475240
-565039
-580098
17140
325708
611078
-175928
559524
2508
-754917
754925
-185990
-342197
95200
662597
372457
-371807
-238913
-155680
-535789
579524
180330
17717
146322
724226
-22208
-301097
-652206
76757
-314326
220472
182446
258126
725899
993105
744572
140719
-494737
-359966
-964040
256200
7760
39683
272801
358981
877425
377615
12114
-346347
-766210
364071
251415
119099
-265176
7253
750817
629277
191584
-487213
-852521
24161
1122
288223
19344
50488
494348
861336
297145
-458469
-643500
12543
175122
763466
248264
988
-12699
265525
-65523
10818
-475157
350182
707762
806866
126872
22822
-147881
42395
-282824
-202143
-635488
631333
1013926
636900
274771
75043
-721109
-540324
-173166
-222030
-542466
348137
712904
885242
643876
380518
-152636
-259122
-493242
-553615
-672686
63520
120548
623406
421467
-18844
425706
552995
-326875
-635120
-457925
76766
234144
474984
269389
-156488
104129
316973
113711
-265372
-502339
41215
530556
703234
309617
-320773
-694256
-122971
264754
244104
-279655
128121
472586
545360
39189
-465177
-359727
102696
302943
221852
-368599
112081
335360
479126
-231206
-351414
-267646
277017
500866
36954
-267197
-166695
80499
367641
-286811
-744398
-1110516
74904
1052469
855177
390529
137408
20836
48809
-249139
-822253
-999866
108035
954121
690896
170738
216842
73655
282619
66908
-46309
-62524
15229
73280
-151589
-369161
-233082
-180380
183310
89732
144799
230167
172335
-100886
-86062
163184
338683
210758
225322
-8608
-207694
-60329
201824
-515763
-452016
380
990791
815767
859876
373989
90403
-178680
-326492
-1119081
-1030540
-841872
613148
728633
625605
-210881
-126880
-649838
-232713
-17603
121512
-629677
-99956
-44575
114661
-533290
-383649
-375030
173940
663202
954494
-751
52265
-95326
246993
179514
26932
-5371
9823
-38725
228441
-207458
455172
312436
150891
-269863
-465799
-503994
-471291
-187982
631655
308905
425982
331709
-102809
-548574
-388144
-372364
-335025
-403358
111765
610998
147789
34091
-33424
201138
319700
-227705
-419949
-887847
-353005
604126
196642
-42221
194852
151511
-103396
-430885
-703924
-797344
-138744
620467
145029
-39808
381968
170645
-451963
-166643
38331
-176218
-72195
-95839
84855
58147
422118
465570
-182200
-357380
275781
19310
-101659
-266825
339839
433521
426388
310705
17266
-678296
-340542
-347746
-301839
125439
277522
192002
246575
-127161
-150764
-485414
-297697
-481848
-272495
324099
-84558
-325353
-116537
-563736
-419251
-105272
721970
151890
199363
173247
135497
-29516
-114630
-313446
259745
132233
490202
68422
-159380
-392332
300247
383136
357380
147541
483029
-25788
-327259
-651477
-771054
-257543
562257
581864
488260
266702
-214156
-498031
-360292
-801550
-597665
-314436
373519
93975
2225
124820
24132
-408502
-67489
-146025
139455
-173727
19280
-23466
130670
169903
486878
-121135
-410392
-224206
-54378
147468
-34997
102693
274961
-2021
278731
434866
95415
-161948
-451869
-355107
-193542
-84565
50199
-370181
-110461
322782
528791
225637
306441
-214668
385832
600506
725478
315741
296723
-279198
-350329
-718175
-509088
-360811
187291
340324
285797
26701
49344
74636
54562
-341030
-436712
-53362
-220437
-397584
-331893
-365367
-445177
-247567
352731
561391
671052
482099
29065
-361078
9253
-297167
-69550
-372835
-144165
-12395
618858
88595
265086
-96039
-47995
-291991
94052
-60854
-110339
-446167
218015
17668
258000
237874
155030
42624
160317
-371806
-267415
16620
148966
-192105
226402
286522
427926
246456
457232
128094
-127607
-272951
-260148
-577705
47632
28886
368710
88766
225216
500864
643451
-195575
-519979
-590588
79716
-37591
184044
13439
-154137
-280637
252539
345151
266795
-191225
42120
-288867
-117407
164623
-51500
-652251
-1072189
-118922
1145423
791185
-70313
-618129
-84165
310023
105893
-292311
-537970
-321265
507101
739423
129503
-137030
489308
797108
527595
-101735
-459196
-644269
-339143
-110086
276974
263916
699624
780969
569469
-283555
-255895
-591127
-785429
-334720
669211
479941
733451
454374
-172003
-862630
-455986
-617338
-507873
-59761
540172
402778
314054
-100875
-215018
-737887
-675262
-388295
318778
105657
-147342
-118394
-32355
-312250
-25698
-174743
111559
493505
513160
-135392
60532
96297
449491
326403
97814
-43300
-23853
104252
-341827
-734811
428541
272751
432464
377851
334418
83397
-160597
-267717
-466671
-827766
89629
-26621
83928
-89235
419607
476482
410312
-60209
-233835
-480075
109614
191002
319299
202369
-93964
-363937
527504
25189
-124137
-378949
558614
574003
467467
167759
-424220
-828668
118631
432342
56132
-859964
361133
338825
417003
233626
160147
-183641
-48218
250367
-191734
-752566
174836
193636
541633
544928
443467
56166
-260737
-799064
-517742
-234894
277314
76770
281953
-64334
34063
-29251
-193734
-497333
-239305
-41906
187998
151215
283162
-217377
-276819
-277665
-458195
-646999
28767
736862
78998
-25592
-19931
143918
592726
846991
360418
-408495
-823279
-538056
-131670
-182569
-399550
-432774
-327294
13368
370295
314220
421080
280573
-28591
-103607
-171765
-279689
-278753
-366232
-275734
153148
289891
407449
110788
68324
-7389
-286465
-271166
-171333
249645
381638
116708
-213157
49103
87024
-18040
-426129
-562359
-324819
356675
588983
675329
-81288
-150477
37543
233252
173808
113031
122793
196988
33991
-19964
-214040
-157086
-61777
155395
400042
221453
-43313
-304326
-221878
-127774
104066
340727
282940
71572
70304
-76568
-594881
-1096887
-757656
114680
431752
320962
346001
47412
-200193
-114092
-224216
-656311
-525958
160718
459447
-758354
-679588
-464280
-493483
-260933
-25238
236832
504373
939909
938186
-62622
-310804
-180338
144758
266639
264764
281853
-114442
-74171
-226518
625641
696258
528152
500977
596026
278977
270185
-763793
-815202
-1456648
-54138
-56880
121159
1007397
1248088
1318695
1250280
63806
-555934
-2017238
1199
-428095
-433286
734131
1394025
1387723
1109583
605855
-230666
-1751676
124044
-279993
-523241
-193608
718142
480034
40851
428613
297194
-187844
254338
-17277
-361483
-569117
-84245
-214880
-481499
-59095
277023
672385
74901
116419
-74479
-357232
-342485
-139022
-444280
351648
-71700
425920
-182130
-122060
-155051
-112255
-216385
-278729
-591720
520149
619463
725573
-20535
76314
-148813
-270542
-87944
118332
-602767
-406343
86490
791191
-38601
250352
-15063
-593748
-406488
114406
-56118
-221207
-296478
473574
-91698
-82131
-130674
-360978
-173304
172516
32258
4130
21709
412349
168069
-45611
-351666
-495815
34911
287549
266758
171912
-48460
-69649
328492
208907
-31959
-263148
-11898
104064
-73580
-53178
-99676
-72547
-36254
90320
-218662
-435554
-67412
186659
152979
158911
234245
221758
276417
423512
-137933
-745885
-219810
624747
552647
39211
-205666
-397031
118496
309729
299023
-361840
-124898
297849
463491
-344726
-272730
-170799
-271551
-163708
-110060
126422
228547
227617
-149009
-191333
-208638
427466
253790
416244
-226352
-112248
89516
117621
-636064
-341232
-126779
294329
202504
299869
-298651
-578870
-269914
-101590
-497262
-145930
386872
724257
-69264
-61492
-334995
-691080
-480434
56583
3355
492604
657308
582873
101750
263876
204921
-98146
-210345
165558
192240
482966
171550
-134913
264559
631816
567688
21989
150805
105638
132106
-531038
-270329
-260710
-101142
670983
696025
147123
83490
-169696
3874
-772743
-77438
-895
-514738
358305
682667
605674
402591
648015
480016
-119249
-346004
-510570
-266264
203630
163957
-141928
-262262
307900
592346
511291
-79533
-130336
63230
490953
225966
-455543
-709241
-253577
473439
491183
-35128
-105470
-301556
4529
175409
-96055
-318592
-222628
584464
478773
112649
-21894
-254565
84729
438371
213790
-1814
-612316
-339875
-200551
285101
225135
94318
576486
588712
251562
-111992
-498384
-296517
-444930
-117299
93236
351178
735316
398882
147243
-166961
-697955
-783824
-423324
-30041
143617
-75590
152430
368001
349812
372343
178681
-233269
-527593
-227151
-28611
-361616
-465307
-267227
-49119
-53826
339302
634903
442985
-187750
-67642
-180997
-171360
-292273
-188208
-192091
-151756
113503
506277
288931
167766
-164372
29773
87488
88124
-236205
-624334
-461872
109923
639726
507459
-50013
-21492
-34125
-153446
-292779
-332638
-241770
235424
469017
337308
-59056
-124883
-117774
-403964
-205520
-189798
338024
450235
247789
191795
-346695
-392537
-273108
-272406
-396624
-785989
-392474
413213
977470
924118
90972
-197361
-438892
-282417
-298214
-469560
-300979
260233
651570
544148
241253
41608
-94689
86349
563148
635368
104498
-320887
-624473
-557947
-380089
-446388
-294791
149012
570094
758053
426195
-367734
-489529
13438
239376
147495
43989
16399
94421
115659
-13411
-534584
-610917
-269083
828377
853752
814548
532288
477005
37485
-372585
-974753
-1093305
-1086844
157486
330117
260868
-64471
29528
-447290
-274763
-50898
436556
-10007
-580207
-663184
-481974
-541486
-461808
-265275
45379
730869
1410936
1022520
-254957
-443424
-351696
202841
363203
358517
155620
34389
12102
93345
186105
221247
-16742
-139351
-180375
-270972
-537462
-274554
154287
469856
128373
117638
-193476
-334271
-367737
-227470
-177162
-393561
-277483
556821
-194994
-241131
-160749
284459
574098
440056
-5569
-535655
-672935
-153647
-56822
-220426
-36129
204674
250398
31619
-459365
-496952
-404581
209674
-92050
-125452
182949
268750
-95094
-57842
222246
516965
114741
-395547
-299460
-111493
151909
415690
269550
-47760
326478
597081
228524
-377088
16994
344761
332288
212288
239699
-183686
-345697
-177902
-180060
-168439
93953
67794
8225
-295598
-120978
-89403
-75489
-264470
-181447
27896
-198297
-456462
-535028
-669037
-385190
36107
789333
733721
538671
-34184
-109054
-106327
-243638
-237389
271848
391552
578957
470505
86558
-439297
167765
422459
403597
386021
551355
483870
-243527
-698092
-840585
-539457
428258
422009
371326
461872
-87461
-301514
-559431
-583242
-410737
-393110
29658
-56386
-152326
-59893
69636
-139571
-164179
237233
509560
135325
-522480
-373684
-211552
-70233
376732
357315
-118871
26891
217134
458396
-240357
-81387
108911
67405
145642
520371
401700
213890
-252302
-373838
-332862
-336225
-229916
-379650
-405923
12721
620296
770199
701777
82586
267266
498860
674565
548685
294936
-237336
-428408
-677237
-559614
-294341
-37946
128287
100107
51381
-63963
162042
4504
-18142
-249003
-124655
-378039
-643098
-721943
-657288
-683995
-462338
192851
844720
1097509
877895
147308
-271417
-252995
-274571
95805
-254970
-317456
-115693
497265
195544
345346
100934
-107174
-47289
40088
126158
68930
-371298
-221641
-121238
-3852
275495
232133
230543
230740
-66430
-184556
36201
-101644
-184355
-30113
207170
402345
474898
449402
438347
35131
-205122
-283566
-493469
-153679
-123713
104943
85473
135631
419620
843136
331692
-460823
-591751
-119385
-141951
-86486
-3922
-301156
-425728
-138558
493848
514825
219999
-28880
-236551
-318171
-96473
-66624
-443361
-1184420
-564028
606821
1293646
-155940
-467814
-333095
-38586
182907
105503
-294269
-462723
-138027
706464
6805
146304
319582
570478
691701
281911
-17398
-219109
-657544
-688222
106150
412035
607916
524808
519431
152966
102448
-391107
-815607
-666117
412174
565216
517982
33295
-362212
-645032
-395269
-98275
-148024
-334085
309372
348237
-4306
-475810
-439850
-465932
-366778
-151379
314709
306139
-508203
-451911
-571246
-698511
-385096
260083
694293
957559
782282
321117
-7057
-71549
-20139
229314
224643
406794
331239
320528
-234901
-597994
277876
217043
146109
212176
405274
441656
197191
-114725
-498355
-663434
-254820
-158766
-286347
-384221
125831
567860
711891
182372
-27157
-42332
-150092
2286
-15148
80602
-257943
-284384
289512
188181
240399
-40609
366220
475651
331513
138204
-233786
-695273
-600054
214392
358559
-144596
46067
75522
105143
46432
133042
172576
-68518
36996
81538
-13076
-161263
-166073
19782
286434
559508
512526
-108122
-812161
-650895
9199
72690
-146811
-168974
-331305
-111863
2676
-80230
-263714
-226590
314408
-137456
-84857
-135549
-335920
-425171
-303099
-361902
-364701
152428
926850
-96783
-309075
-367880
-166162
-481674
-445736
37421
518103
560707
952230
-155294
-549065
-234753
-84223
-340736
-503822
-879914
108962
1220776
1288898
84555
-532984
-414258
436244
-108506
-398353
-756072
-325861
1203999
1234460
22463
-578303
-536901
628072
180148
-508196
-246208
-33238
845346
1454774
-137228
-561696
-521543
612906
442572
-229891
-116797
-99139
292090
1039752
-149263
-718995
-716822
123460
504281
288475
245244
-186544
-39146
732991
43412
-579941
-498480
125569
529897
718821
283208
-513568
-223022
494085
2629
-571195
-552933
58567
-115335
341582
451052
-150148
162261
882901
-50287
-616140
-711331
477092
52453
-189452
891827
674530
602896
301720
-130453
-702047
-1052273
226654
287381
-645916
607668
1545694
1237258
43144
-135391
-543437
-654219
306442
790207
-258045
609904
1991107
1488780
-845372
-391849
-540849
-158370
485338
305846
-500784
455074
1612334
1607992
-869848
-761144
-927746
-158272
161933
-119500
-1183327
301381
686655
2091357
-63223
-1111927
-1147738
553100
312197
-1029935
-1813604
-120962
-448820
1615856
367188
-1278288
-1555500
1493779
1560505
-1610374
-3229585
89239
-1725651
335928
456051
-1406512
-2078047
1689781
2478280
-1675800
-4395991
257038
-1033621
-427177
347284
-1477811
-2377638
1857288
3025131
-1494248
-4567075
222712
-211071
-939188
83569
-1601730
-2428678
1853418
2948282
-1845111
-4229874
564774
779704
-1799475
280268
-1543177
-2465214
2291841
3252784
-2240367
-4156239
982714
1525712
-2074269
-929024
-1425906
-2355193
2182102
3410851
-2438709
-4239707
1042176
2098306
-1583841
-1084611
-1511158
-1971792
2056620
3078643
-1932031
-3746214
778349
1724325
-1288022
-525804
-1586083
-1963741
2357922
2871651
-1946513
-3351411
501093
1882645
-1183698
-380852
-1667005
-2228923
2475575
3300824
-1894439
-3183430
655532
1580368
-1610775
-373952
-1834516
-2509281
2648510
3527306
-2093096
-3163145
460300
1567241
-1869790
-157642
-1759325
-2625443
2411238
3800200
-1990186
-3119224
576999
1583057
-1809933
-192102
-1698220
-2497366
2072618
3607517
-1198281
-2669715
-133369
946714
-1911555
-234444
-2040340
-2502582
2229859
2801039
-1010830
-1896880
-674372
192121
-1054950
213863
-1807708
-2350705
2539577
3194319
-1590585
-1661757
-1040840
388378
-1001520
686767
-1832949
-2328397
2087110
3848929
-1510791
-2538626
-861327
953045
-623062
331261
-1702507
-2430116
1677132
3994007
-760177
-2926887
-935260
1754583
-638050
-103259
-1848253
-2531425
1589053
4147319
-574801
-2627897
-1060470
2404241
-714048
-930946
-1754766
-2582709
1700763
4021825
-882788
-2031986
-831072
2105657
-871336
-1960731
-1473211
-2642456
1101219
3530121
-1012091
-2137851
-810210
1572257
-94373
-1978966
-988090
-2153276
633941
2844351
-1147289
-2352150
-973024
1452997
409960
-1290868
-433870
-1667248
523406
2269228
-1259923
-2088423
-1323082
994977
305769
-914811
-69604
-1402199
395481
1901920
-1338596
-1763122
-1473230
-97390
207759
-585978
-57329
-1326308
203936
1124303
-978253
-515209
-1020149
-825224
-190649
-587835
43639
-1265844
358671
345046
-1061406
176834
-716443
-1508840
-620580
-229770
118001
-959409
577436
-113028
-1364599
455483
-225121
-1333118
-468903
-205459
188599
-727679
55818
-962350
-1676884
746196
74194
-1089878
-93274
102972
408019
-604630
-659672
-1459076
-1393913
287909
181896
-231421
28214
246143
487785
-365582
-797137
-1773902
-1207303
2227
-210213
171522
409645
168546
583029
-241899
-507834
-1545864
-1558301
539478
-234854
-847191
74790
950863
647720
-224966
-549820
-1307675
-1447459
937414
439289
-1227120
-299303
684499
619618
63435
-549361
-1503532
-1468618
753369
670087
-772675
-294858
264214
670292
181214
-666476
-1766579
-1266711
1129674
1170200
-348656
-510987
-274655
773064
307813
-696882
-1823394
-707489
1578071
1300553
-845024
-1178800
-475587
638911
451358
-572544
-1761731
-756150
1806741
1776263
152366
-1592270
-860925
610097
292573
-484304
-1458677
-772670
1617190
2287783
648655
-1896412
-1407485
422679
-65915
-418490
-1113695
-486083
1416181
1651226
415615
-1858756
-1060211
274991
-125061
-134537
-853060
-530248
1285757
771820
-303910
-901589
-219226
307127
-374901
-324042
-848598
-546044
1226866
767625
-674434
-438993
795771
296339
-786105
-871523
-943894
-587169
1015862
564109
-1182030
-225003
1468328
380842
-625317
-1215080
-1305000
-499727
629108
535654
-478169
-31913
1012206
234498
-371714
-921855
-1433307
-110757
1284598
470130
360004
-257193
-360052
134444
-339846
-395503
-668083
-152821
1293445
368289
10504
-74032
-910886
245055
-591881
-700912
-664161
-196200
929181
277623
426239
652535
-758009
229621
-533629
-1023826
-578433
111408
1231647
512345
519261
1193847
-562600
45958
-501484
-954480
-247711
383832
514682
93565
404508
1327920
549736
72064
-454336
-540589
-80241
-6261
126108
-234497
666455
1688119
1014674
-64122
-546041
-354807
-168432
-756810
664090
373418
184387
1562229
686498
298656
-390927
-185912
26572
-1357593
412826
1269649
-294282
820658
528515
560426
-242447
-532063
-88778
-1296609
-77353
1451145
127687
425973
931100
532559
-167734
-516526
-268403
-840055
35254
1102149
-41428
480145
1132673
122895
-435649
-292328
-209160
-656288
607178
1351841
-516995
199580
1331393
364885
-327694
-319620
14806
-98216
646041
1111772
-794361
-539611
1212017
54781
-415151
-755443
-254071
75544
287026
116352
-411787
-24342
1796454
13364
-368493
-563711
-401929
-470250
109929
323666
-520620
354788
1710143
-94565
-798561
-907949
-313678
-489255
-373664
971301
17026
399315
1685906
464261
-304419
-545262
225333
-101130
-793186
51325
354418
159722
1267419
364188
-154416
-559070
-131320
-71442
-466090
-391770
200403
330190
1045668
372132
-54209
-411395
-392003
36798
160215
-208504
-317069
294241
507383
531646
146268
-503186
-530180
-57825
-46335
-361512
-297174
320288
787362
687845
186459
-769395
-737688
-191988
86205
-496962
-157780
258937
1107419
583195
172045
-458806
-271627
189459
407564
312929
-310421
23999
345976
193244
-87320
-34663
-46318
275683
171067
335921
334075
132970
-304401
-216406
-515812
-113824
54346
140710
486319
17205
158582
586877
-160035
41796
-464278
-304551
-43012
187822
-248749
-21231
594895
435379
-27575
220548
-319514
-356988
-315455
67792
-314045
-631208
700515
460969
-465172
264227
-276528
-137142
-421492
-54752
-6856
-512502
-385210
33436
92428
340086
-100709
9991
-252568
-505758
298455
146200
118258
-698102
-476944
274672
-222483
148303
72023
-612218
-220883
129237
1043945
501915
-1116258
145466
-462915
446676
464503
-1064967
-425401
243051
1473098
1476487
-911800
341538
-505018
572764
720461
-1615592
-885822
249429
915824
1211713
-324792
429885
-673184
318260
258330
-1999347
-1118619
574134
1019981
1179371
403141
690274
-642104
-6214
115967
-2281949
-954809
1062027
959339
336574
665888
464037
-724337
-586893
-180994
-1992086
-708414
1471563
1253198
725182
525326
195448
-363844
-480367
-301104
-1219069
-76711
1123218
1215956
124813
-60827
-165528
-318912
-14989
-356005
-1329933
34280
885041
883679
-326640
-452561
-258983
-406445
-42584
-380557
-1313392
-280681
385759
386919
-262295
-249713
-216952
-389303
-270117
-411245
-731522
167712
82016
-182959
-220468
-126650
-163791
-268485
-173387
-343448
-806444
348230
502040
-879782
-735581
269133
-76079
-360254
-548584
-766407
-1149809
-51291
1537676
74329
-1415148
165585
-125192
-368782
-741426
-823472
-991814
37317
1247907
339190
-1325565
-358355
-148161
-171893
-446759
-608552
-963698
-330880
623462
-48462
-580379
375040
-243593
-338524
-399966
-732455
-753061
-34710
388739
45820
-13823
901954
-207579
-399731
-561880
-26027
-670722
-395423
-711617
62082
1143517
1521443
-129310
-233698
-659576
377092
-168524
-443944
-964521
-100711
951846
1656957
-113526
-304436
-722108
651047
200122
-463469
-641109
187366
718643
1555588
-247638
-435321
-836095
734748
137997
-108302
-325212
131692
454698
1206033
-238121
-577033
-813754
607592
417828
501213
-67655
99435
-430644
1003491
-106000
-473244
-853088
297698
223217
658076
19866
-278933
-591869
1220045
-19833
-321189
-796411
213802
64804
479220
230734
-164798
-189601
1033757
-263058
-454567
-988446
192627
73235
-23046
503847
724234
490157
1020321
-339551
-747131
-1258998
223593
301421
-97333
470511
1649992
1214680
711069
-26596
-346042
-814165
540491
526591
-84819
206105
1921240
1311061
-460377
-239795
-524251
-556316
788052
420243
-221884
141966
2096330
1245660
-322036
-593721
-1130408
-456661
486394
69093
-673108
-30554
1952349
1141408
675140
-778542
-1539743
142406
580849
-697280
-1640770
-727966
853382
446528
1790593
-993875
-1736951
758493
1389187
-1063337
-3532439
-775599
-344984
-390769
1916376
-1290716
-2002784
1109308
2768451
-1353359
-4359092
-842027
-401235
-1068994
1140072
-1454968
-2471033
1269946
3640054
-1513870
-4628099
-681303
338589
-1097481
308625
-1588711
-2705401
1423081
3838187
-1525655
-4673775
-218009
1077695
-1641581
-178686
-1459582
-2743346
1765471
3989183
-1970352
-4860119
544343
1588134
-1696282
-1266216
-1544300
-2589678
1810921
4087909
-2131932
-4705866
707563
2253677
-1756874
-1265112
-1632925
-2362907
1860524
3829905
-2058859
-4293294
663210
2295978
-1380976
-1033320
-1536802
-2254196
1919315
3810797
-1995038
-3680542
265418
2183997
-1170631
-986856
-1731975
-2289722
1907104
4157790
-1865678
-3700943
179499
2087813
-1464001
-841418
-1905178
-2652595
1985557
4379626
-2105530
-3467193
256398
2150163
-1698025
-726661
-1795925
-2654946
1964369
4630623
-1963704
-3444199
345871
1866047
-1989332
-820490
-1965343
-2846534
1793015
4461334
-1540512
-2888573
-160833
1300026
-2029265
-383947
-2069170
-2839511
1819106
4074330
-1456772
-2017653
-699146
417627
-1584104
171826
-1981857
-2509548
1897712
4051254
-1594093
-1918365
-1233847
281118
-1009717
374014
-2034177
-2464606
1735380
3967547
-1011344
-2710094
-1077634
564328
-40650
-160403
-1948707
-2626221
1423658
4400434
-542963
-3044480
-1275270
1589632
40873
-543621
-1942792
-2528795
1215850
4896260
-307794
-2937558
-1106354
1875420
19030
-1703848
-1898811
-2696352
1135961
4891132
-576187
-2803586
-786333
1623674
-50309
-2356093
-1858705
-2613841
774546
4433699
-892542
-2391353
-912633
1608411
70300
-2232225
-1353449
-2342051
367855
3641581
-1100752
-2170122
-1277160
1966522
5649
-1413317
-528569
-1870352
291003
2787059
-1355986
-2581244
-1413370
1200404
288948
-868272
-70069
-1530694
156069
2370039
-1330953
-2330883
-1002135
-3517
367576
-925544
81183
-1607172
124947
1832632
-1285405
-1109017
-944900
-905801
-72080
-815049
204550
-1459028
332494
1190690
-1472084
-119283
-688971
-1435265
-706971
-471092
219878
-1006948
381772
499485
-1872236
435623
-398101
-1356132
-888920
-131128
194271
-807111
217538
-463763
-2122746
908164
-107643
-1218375
-514175
391752
254612
-687571
-387086
-1434329
-1701238
719933
25998
-215059
-69460
47734
371774
-347483
-845423
-1802087
-1661922
299867
-182250
102092
260205
325703
608810
-99248
-791091
-1371530
-1847071
165746
66058
-539230
-148940
817234
689720
-49025
-565617
-1261543
-1725763
457636
390324
-1235808
-303157
850767
632964
64434
-488970
-1558435
-1836518
873375
832950
-716192
-413481
437992
585897
268291
-609517
-1718863
-1630193
1078520
1138861
-487700
-595914
-74844
587708
505795
-784408
-1779066
-1493218
1529897
1317007
-465586
-889151
-409710
703518
731317
-688141
-1673272
-1206356
2113611
1557819
277254
-1570712
-1333900
628291
460880
-626680
-1457626
-834566
1917911
2298235
740857
-2031660
-1697056
435456
126066
-629914
-1175901
-899662
1608947
1960841
656731
-1946996
-1341166
469494
137127
-278562
-763879
-941885
1412862
1324611
-148227
-1544237
-595789
322600
-12883
-411657
-686568
-728045
1335146
863894
-494796
-1258347
593027
50150
-476394
-1163450
-919183
-1135915
1115201
660025
-672716
-397348
1928226
108516
-576851
-1522475
-1176601
-1008577
1342020
419962
-293397
-310070
1563374
201433
-208179
-1025622
-1074018
-642325
1681744
190408
15131
-381658
199708
218353
-117718
-851583
-811227
-571809
1201320
427444
-25327
-167420
-310208
141549
-330189
-884338
-709956
-309273
1359352
445037
362890
337724
-585925
28951
-391632
-1139744
-547915
16712
1470122
396138
318310
839612
-305233
25917
-317750
-1104806
-429772
250017
777033
-85940
744315
1232272
443133
-90216
-353052
-1024453
36504
39336
321991
-49626
753497
1638036
1121065
-158963
-287743
-700193
275828
-638751
181763
467893
275761
1552138
1022486
146446
-132527
-557302
184404
-1253750
60816
1020450
72017
661437
1046219
391628
-38729
-743960
-50614
-1489366
19950
1233054
477135
348478
976954
325546
-130700
-808455
-105311
-1373243
190876
1317649
478246
297570
1347366
274322
-88282
-515361
207608
-995018
753806
1269863
-76758
-531691
1528312
233633
-124014
-510116
199333
-547397
857749
774604
-491863
-929698
1660915
96047
-170693
-692770
-205464
-325954
682230
135768
-414181
-287937
1791483
-186318
-543488
-942388
-474292
-348847
173771
376326
-183399
59813
2267077
-138855
-418422
-988618
-200049
-278367
-209190
492974
156370
-154444
2155584
213170
-216342
-963862
103499
-478310
-433785
90332
444878
278747
1496032
302021
-78587
-668409
110160
-356872
-425710
-264663
92880
364021
1170387
370917
214887
-397247
8229
-199754
104862
-440074
-316213
-107950
864569
270065
245705
-789572
-567711
-444903
223317
-532523
57714
146486
1267988
506656
330193
-943213
-755526
-280722
233504
-578652
-52885
335701
1121932
677119
467871
-652865
-224372
70335
285091
47083
-249217
-203963
678619
222672
148677
-466523
192666
2120
707799
-48955
373892
-184088
302947
-154492
-280436
-295066
402537
-131980
730800
-117585
326264
279489
361601
-82337
-358345
-382608
-3842
130809
276451
-270963
783562
339816
-68872
46766
-314409
-543153
-114480
-213006
7942
-739392
736021
647530
-233139
186953
-102186
-449760
-181814
-375252
-108490
-707800
133869
-109150
238939
205131
7745
-376617
-17043
-529551
234961
-415654
69201
-518423
-125548
159468
-20128
-170174
222570
-451532
-69455
187695
733777
397120
-773652
157857
-63324
51533
961758
-908941
-400322
217407
1135522
1040415
-844147
221786
-236996
111071
1113394
-1646996
-1145096
110693
1433384
1429286
-449960
427938
-317227
61990
795666
-2271855
-1281470
124937
1275788
1031046
359260
346375
-411093
-466863
458738
-2625608
-1202488
774948
1690200
663899
749757
275140
-525070
-785106
214924
-2287145
-712673
1394265
1585588
496708
855646
239964
-299222
-440899
82537
-1814120
-107554
1067770
1353595
134757
21878
-105966
-343548
-254905
-135781
-1626017
-85953
1010563
965062
-26980
-486011
-458365
-365314
-319563
-257888
-1624505
-163421
685426
713623
-206426
-312480
-325768
-155489
-247690
-138141
-1261529
111829
-93597
46346
-498395
-68848
-184519
-172057
-232451
-289377
-1122293
185031
254457
-34123
-1078201
289825
-323513
-283241
-620107
-631246
-925938
153979
1046281
349838
-1702211
108519
-311473
-164715
-818937
-660222
-1287396
55380
1244416
256736
-1450313
-325954
-287440
-99088
-782126
-677722
-1323938
-267499
831682
280138
-1082532
412392
-437890
-143462
-590319
-432697
-1206102
12594
442515
71511
-585645
1032759
-361151
-14036
-585423
-467264
-1056511
538831
352884
-72477
413636
1294285
48339
-27524
-449426
217845
-361847
-257149
-1241205
-585084
543566
1438862
267383
108049
-609286
712598
253348
-314232
-1258127
-931590
68136
1595910
150945
-54649
-888147
771074
416401
-169206
-710236
-450087
42130
1420469
70807
-110152
-966927
520577
162522
-65636
-457919
-110847
-359953
1145377
98250
-327233
-1141733
120539
180363
594378
50237
-74454
-851798
1107045
244511
-69786
-822094
102052
42116
732271
63299
-445437
-1035064
874560
266950
16094
-982179
-117235
-411761
58184
139888
-71336
-257451
1428588
200820
28717
-944990
267357
-32847
-452510
-28428
412593
219111
1154108
85773
-300885
-1509955
-206191
-18999
-798413
-505072
1332097
1593269
1434891
245297
-58533
-923746
345607
466671
-555345
-890559
1521731
1667140
381418
193390
-264983
-734540
378222
55225
-902339
-936980
1345181
1507259
922476
-230006
-1148828
-587771
391462
70439
-962318
-1013714
1117715
1314601
1749116
-219031
-1566038
88565
1088092
81293
-1736731
-987812
-23824
-215049
1632478
-303468
-1873548
654117
2752796
404621
-3121523
-802481
-1051246
-1543661
1078903
-499293
-2631187
496789
4153979
718820
-3565863
-624503
-179650
-1911419
-304899
-559995
-3022806
455663
4971405
1027217
-3802605
-713395
730404
-2204597
-1028611
-659231
-3433801
319351
4904179
685106
-3889471
-258317
1687381
-2085056
-1610746
-573782
-3436100
719684
5329386
261621
-4438206
-168745
2307520
-2052876
-2603220
-710236
-3323925
569106
5156337
-183883
-4406017
126904
2763953
-1686833
-2325683
-912659
-3121719
671356
4854391
25541
-3918748
-516593
2469094
-1060867
-1785694
-876817
-3104037
547143
4711823
-142187
-3498532
-523688
2513070
-1074451
-1744988
-1036375
-3381341
596324
5142408
-129623
-3367000
-594381
2262279
-1601835
-1730244
-1213479
-3713768
510189
5303422
-490052
-3389747
-454614
2465210
-1612347
-1626449
-956846
-3733175
234443
5350069
-279979
-3058932
-93540
2415953
-2048646
-1922437
-1029198
-3754061
121769
4975101
50984
-2258578
-558875
1341682
-2228208
-1628270
-1385465
-3811997
221453
4410624
-55218
-1076753
-922835
610375
-1649857
-816487
-1085158
-3355311
391564
4558303
-87652
-1206583
-1294316
220539
-1304257
-998974
-1212843
-3401222
51998
4569400
410906
-2080069
-1354835
646130
-436262
-1075504
-1102803
-3524373
-637289
4831334
1196536
-2413943
-1863765
1513377
-45958
-1541961
-1149674
-3535094
-685352
5105124
1067010
-2374061
-1561039
1948150
273525
-2610363
-1012070
-3439476
-722178
4914611
702751
-1955286
-1347634
1424807
269063
-3430572
-915073
-3294639
-1063625
4451741
286076
-1826013
-1571440
1513463
601412
-2811216
-355118
-2549088
-874007
3834315
234387
-1712888
-1750839
1560059
410600
-2170387
270440
-1898297
-675288
3332303
132736
-1831509
-1571582
547319
298414
-1905982
653833
-1465662
-410141
2933903
-272507
-1495950
-1096378
-510801
178566
-1859521
590975
-1539074
-230669
2282811
-166961
192342
-299879
-1087092
-599028
-2204488
638877
-1356330
149437
1678550
-888687
532094
27800
-1335150
-1204183
-1490925
602445
-705249
760952
1119538
-1628641
1050991
486211
-1211974
-1231317
-1312662
652874
-363159
593878
-18230
-1974052
1082646
465148
-986019
-890299
-719597
775294
133582
333155
-603169
-1422920
510044
-22370
-189614
-429022
-973645
848392
555171
170691
-788855
-1568611
137810
-72219
-80739
-580910
-716040
1079261
775805
382280
-393634
-1812608
166480
133124
-1139242
-899835
-12743
928224
692217
550975
-286486
-1665021
616452
663050
-1435373
-1120308
-226041
809211
882722
564717
-738589
-2061859
291452
994485
-471501
-848550
-380078
744046
1055363
342705
-1104169
-1990884
807967
1603284
-230989
-903342
-988813
652236
1249004
263299
-1225918
-2012283
896879
1147188
-43506
-963775
-867094
644452
1315888
207785
-1437024
-2093570
1066488
1820586
1383495
-1009686
-1588638
709744
972246
34669
-1263799
-1889223
755339
2360543
1849972
-1538512
-1974171
339356
373447
-46910
-924453
-1779634
720540
1799669
1373425
-1185799
-1358826
461413
451279
158009
-680872
-1662638
618259
1174851
558004
-1019268
-465159
565920
427214
-50541
-469468
-1314546
968692
1150834
-324833
-1417586
371951
490853
102648
-663939
-570110
-1557254
756768
606183
-948788
-1012462
1554644
674464
368770
-844815
-1168987
-1596548
830929
336443
-12445
-669097
811185
610630
590584
-379542
-820365
-998538
1405633
292382
12968
-807250
-538964
599677
602444
-155015
-567986
-1123202
762586
148054
19807
-111914
-550981
479557
161644
-663283
-845062
-1214329
834590
202654
352507
973589
-147886
430805
253971
-961112
-733382
-370066
1195692
125556
144158
816540
-30383
361015
187836
-1013826
-433364
-184292
106103
-832973
-13358
1277969
1615576
280970
169590
-794256
-7389
-554093
-222043
-597003
30595
1420596
1738864
19355
-35817
-561863
399698
-1021936
-113573
136846
-465146
1119580
1584953
468611
335006
-272096
552483
-1607113
-569562
656443
-486853
77031
1285582
629138
420251
-524965
360180
-1635894
-775112
820639
118780
-44194
1422452
524100
297434
-541806
278720
-1529142
-565311
819187
212177
-221420
1715259
239815
156348
-318127
292300
-1338245
266601
1245938
-142389
-925287
1909313
504546
301901
-443244
213840
-629341
590448
571456
-659382
-1576469
1518790
178408
47672
-639907
-222440
-562743
218780
1014
-339125
-801854
1997493
274812
179717
-633809
-383314
-582542
-162719
262942
-466346
-870881
1988961
134306
-81615
-927627
24669
-310331
-388882
291572
-60005
-736782
1960344
769940
507822
-468872
539669
-253397
-805151
-580133
-89871
-583249
1121468
330142
194536
-599885
85249
-248964
-225367
-413301
-37363
-124592
1112176
382290
645864
-111471
121885
-71715
425768
-600386
-718396
-599336
679376
386869
768793
-364489
-348809
-300484
351980
-683737
-258489
-454572
887122
513302
730095
-701473
-740711
-429265
307679
-387484
-256677
-44551
1223194
622925
802446
-345332
92853
82070
354572
-42111
-280119
-594965
568231
124828
205206
-321343
112624
-411923
652292
-54416
375404
-100986
454184
-174661
-272603
-437181
146313
-242813
545065
-367350
262575
485170
827625
183515
-120736
-419500
-30620
-100821
63499
-747178
774054
613722
98270
308093
-17682
-492649
-95303
-151671
100740
-890763
457192
335193
-216361
299719
216546
-165198
40494
-399367
198824
-813175
-37489
-327859
66423
371339
290662
-163527
206277
-446360
361731
-260329
46555
-597811
-400977
134599
-13702
-190346
639315
-462283
-269660
-289834
820473
1030528
-525106
133278
-203621
-43212
1506746
-858289
-757798
-193350
1143129
1536532
-434057
290250
-307587
183216
1855119
-1288620
-1430969
-895438
488593
1563027
362592
477161
-213071
55919
1631217
-1799028
-1686757
-452318
965743
713490
581918
776596
50136
-86272
1567521
-2158200
-1848599
-146955
652135
40793
1031756
486959
-48665
-510238
913929
-1984988
-1223268
528038
1267685
404413
812969
526271
249262
9219
840143
-1537176
-860672
108731
985322
-32507
-254765
63214
154101
240868
466585
-1664124
-683295
345438
764664
-260859
-769140
-181452
10555
-12618
306153
-1578917
-524055
112862
581730
-229299
-687662
-61041
102388
80194
394351
-985324
207520
-153269
23821
-823241
-784553
136608
323229
232580
287749
-1001131
-235035
279106
69966
-1500922
-294146
24669
224657
-288966
-326478
-1237538
-117045
1475616
952029
-1843519
-1020061
33364
397432
-270534
-19431
-1117943
-399195
1011111
671957
-1857935
-1287358
127143
569467
-50152
-23453
-1309353
-690577
506520
320789
-1380554
-240073
-143721
338036
-93133
46527
-1153178
-90581
179937
-43097
-866262
384359
-53316
512294
24763
-45051
-1066536
330266
-27009
-663114
-266492
1271712
-305072
283937
89411
117807
367730
751022
678153
390537
-890252
-1057496
-476439
65627
-70644
-521695
-385270
546111
1006483
1025942
-161645
-909790
-401407
334965
222367
-515606
-662438
127878
479314
678156
-93928
-727905
-341455
438155
456838
-387577
-336064
220832
233958
664089
-48074
-871891
-336852
645361
563521
-161609
-570010
-243504
16121
652026
448660
-815755
-516484
365141
437514
182722
-235832
-141767
-187144
727891
524473
-630409
-531834
383347
624677
541355
172434
112691
-588460
292347
-311538
-794562
-323137
374506
400002
51425
-213640
262918
-639471
-40629
-391259
-272478
-247872
697161
898254
209840
-84275
690781
-313130
-829478
-1376893
-663966
-746925
64226
238812
-391068
-477368
942321
406015
-507145
-1174655
471696
-481159
356372
444154
5393
-49683
1279754
489477
-751977
-1694184
-413006
326265
1246798
396808
134303
-102912
1391868
367761
-856601
-2100612
-963710
137956
1266021
-193353
-274007
347777
2189243
632566
665172
-1139745
-992462
245313
1219853
-966092
-1425777
158080
3254002
368492
1937381
-495096
-73110
657377
1884066
-1125752
-2953930
-247565
3031065
-477391
1601903
204279
1716733
680895
2401579
-1216346
-3954751
-687850
3118484
-858273
1106753
524242
2561781
767595
2925343
-1064402
-3800783
-643506
3247432
-1154990
94274
742619
2670123
543764
2870277
-1432034
-4001848
-236774
3774762
-1219929
-314923
1185228
2959396
725694
2914017
-1289759
-3817940
210140
3531094
-1310288
-1354346
1229378
2530002
865629
2844643
-1436593
-3876328
64443
3524623
-571438
-1556640
744620
2057579
744229
2784900
-1279593
-3655532
283868
3005339
-412525
-1413790
918147
1668364
1023578
2833505
-1453114
-3781360
208274
3036729
-112643
-1271687
1289651
1298745
1146023
3303322
-1357365
-3780364
531984
2841490
-351397
-1618804
1385476
1046744
879632
3390209
-1261292
-3893133
233130
2617660
-515986
-1384062
1970541
1315177
1005673
3525277
-1213663
-3707977
51242
2255152
133431
-860807
1901536
831859
1144710
3571390
-1057824
-3192548
-61765
1404205
224019
-559054
1424208
458597
762769
3049818
-1174924
-3021379
21891
1244642
562555
-233869
1392043
821417
1092316
3243729
-1121629
-2951714
-379394
1662095
407315
-498020
616067
786085
949814
3423898
-677576
-3689033
-829844
1830061
978153
-1243124
893547
994893
863521
3182138
-503164
-3961984
-709577
1853825
1020198
-1471375
862215
1653433
740915
3344910
-129760
-3686237
-504158
1728589
1220291
-1434639
795574
1782981
814696
3441053
171748
-3214190
13101
1470095
1220163
-2056590
316534
1544958
189604
2875049
110808
-2784188
19452
1187608
1379137
-2064418
503817
1599024
-446861
2341394
35017
-2283440
156834
1582173
1442641
-919292
179376
1315902
-649473
1736725
-255204
-2128927
154973
1304605
1171163
133582
118364
1463386
-447558
1736537
-368874
-1978056
-225448
-288029
762781
703688
774812
1834781
-596623
1376075
-561182
-1205585
539869
-581924
494568
888870
1048733
1217387
-564150
772647
-807456
-434837
875011
-1282299
-145011
749666
1194795
1473391
-414318
772053
-616239
370353
1141388
-1175086
-412430
613694
772927
775242
-484690
325341
-599935
754069
750967
-692621
-240735
106295
318309
1239078
-753482
-226810
-394321
1061015
1069162
-204970
-148163
249486
352200
770268
-1141348
-704014
-634032
594655
1093993
148868
214988
973750
499332
388344
-949904
-590196
-857481
488547
856208
-484769
-268890
1414695
848893
569103
-862645
-550645
-678177
867074
1348289
-661799
-853641
694854
805011
632283
-778040
-702668
-492993
995643
1132347
-992248
-1109723
589407
866655
1115955
-744212
-963164
-502014
1064036
1336723
-606000
-793208
338180
679710
830537
-868669
-1051614
-418458
1304475
1231377
-1213759
-1586853
-574190
1116009
1745297
-767701
-728731
-397857
1278726
1073038
-729162
-2011746
-853109
1461674
1565399
-354997
-264377
-264417
1234726
1409912
-246024
-1534109
-1137906
653426
796869
-706772
-382797
-355930
1036152
1415364
-56343
-1149874
-567514
631069
334458
-521838
-103029
-228584
804030
813776
-680264
-939921
105446
827689
-196036
-199462
448845
418861
1007179
1094534
-525479
-722532
456172
105881
-1438218
-715855
100488
423701
1245960
874031
-737378
-659797
365026
532324
-422639
-1048879
-409828
-334509
722199
255926
-927125
-232180
914970
977320
848923
-966135
-439395
-241239
1053599
605024
-58220
-338502
235987
-77845
829992
-536991
228424
148445
1145305
443389
-590167
-473106
-313980
-912293
759088
-581868
121639
278554
657286
-152243
-706084
-290989
-6533
-819091
734187
-669764
82460
391045
819996
262374
319052
520743
-228229
-1759279
-681477
-602392
47746
410724
489835
324625
230907
135510
-15733
-1434728
-809355
-355997
277800
214336
39930
497179
236459
78039
728102
-1250210
-1094007
-778808
56669
-32205
104232
1175700
458930
-175042
815083
-437173
-1023320
-706122
215969
97502
85357
1328867
335004
-696460
187397
-570357
-852480
-657189
174933
-52904
-101457
1175627
367202
-873283
239802
-322726
-1002408
-649463
-30820
-321400
-211317
806427
-8864
-788034
852976
342053
-1204014
-756744
60837
-122003
61913
460525
64542
-379116
1214608
629963
-1223182
-278606
455162
265805
688472
569200
129814
-667849
542203
-305833
-1577695
-404411
350287
402282
669635
134517
195470
-808606
731762
92700
-1311844
-333326
272085
299654
172477
-17579
428517
-522338
685264
329131
-1319802
-1072572
-309526
-10201
-178245
354319
965125
57749
771592
201857
-513970
-584614
172424
280107
101752
39063
632256
-274
503899
-326495
-834115
-763990
-352688
-236967
-89878
-329454
207857
565720
1097611
380059
-402415
-454580
-103097
308174
632710
-29779
-76744
104160
262342
-27730
-648240
-627914
-189559
357477
804998
-16993
-71064
34455
431668
-436550
-624238
-954084
-650474
-336377
-132250
-578368
9239
-15792
928335
633899
52497
-353702
-77369
-60631
211600
-12314
-432171
-204100
71574
-4498
-71362
-36226
460931
65128
111189
-17688
6779
-117116
-61774
-771744
-389619
-313032
465132
58363
528512
-190295
332222
150920
-369301
-812638
311638
-402968
416880
272612
499920
-47966
348801
365463
30696
-781979
230579
-521252
38417
-120391
374377
-47153
556150
540272
200834
-227305
129002
-558435
-1126
-198634
102151
-188315
-102650
62454
387217
272697
797248
-350906
194074
-420476
-98908
-26031
213512
-509767
-518051
-577272
1228182
-437748
273968
-549437
-696076
572531
653209
-288336
-854453
-1072784
1040168
-415234
625361
-494443
-733102
1054000
1416951
704049
-583332
-1839961
-75467
-528277
848410
-407168
-638018
1457049
1300026
74662
-712546
-1056070
-432053
-658705
661763
-479606
-858519
1384223
1284574
21553
-299062
-590297
-554264
-600772
638749
-344992
-585852
1108168
881793
-817981
-605954
-270941
-213541
-1011689
55544
-920969
-601288
1124888
1084282
-6675
4134
164367
378991
-505039
192141
-602926
108409
1228247
926364
-336197
-172984
-143647
442249
-88056
375897
-354236
228924
1163510
754368
-239397
-450385
-137956
422564
-292392
82072
-640344
-93756
652500
241806
164274
188574
609217
790697
-466844
-142
-551581
70969
586139
293415
-305202
248050
990400
557441
-119124
267870
22751
595907
444201
-256569
-1439500
-171457
1387549
990776
-280608
-76593
-148769
178244
857961
534257
-1167156
115966
1188499
1009795
-495029
-298829
-201985
455886
1111860
803291
-902245
-240999
726613
590662
-217782
-110208
-315227
95184
634856
265538
-507108
137577
552587
222179
-346169
-272005
-415152
137698
443190
-122415
-271806
775727
52142
-334604
140984
-453589
773853
-441952
745375
-379503
234399
247794
375862
-861369
299108
-663699
738917
-350757
119222
8227
1222093
229846
560673
-1604940
234871
-528676
1045673
-564124
-235863
-205150
1260908
325006
347829
-1316808
164346
-427564
1142161
-720765
219196
-134232
899100
-205528
150489
-1001526
160235
-303632
1163327
-625066
430399
-330008
723028
-718055
829735
-1424305
194257
-310207
1151502
-502063
435471
-717035
162143
-519045
1483621
-1226383
227789
-382836
1207918
-191233
185145
-588573
168276
-331893
1012975
-1126767
129060
-625039
913280
-131192
-15557
-352421
782094
-89669
964856
-1642457
72418
-451360
1079132
31509
332604
-193131
875935
-493786
-111851
-2117721
148783
-195320
1290506
-298577
330196
31741
1391726
-948907
-958967
-1810834
-159710
-115777
1451501
-332867
-26639
77263
1404116
-1704855
-627064
-1808374
-192203
328134
835462
-700317
130866
-263096
1759901
-2338294
550352
-2576669
-455683
1152532
841425
-859583
-342738
227545
1681117
-2379553
1727502
-3414048
-355704
1127005
834687
-1281166
-1314922
1142601
1885342
-2041265
2627906
-3188974
-89868
1420892
911244
-2680096
-1246068
1293846
2072186
-1280565
2726298
-2017005
-46687
1756169
1000095
-3842546
-1174411
1839128
2381185
-1528124
2728412
-808881
10124
2300485
1045523
-4220394
-1250389
2554936
1960513
-2081502
1809832
751106
-16114
2448231
1108339
-4501868
-1281490
3176565
1872924
-2096866
1130217
1134857
279515
2341915
904356
-4361886
-869271
3189482
1190021
-2571394
1627855
1537199
401361
2426815
433577
-4469278
-193331
3154069
1179638
-2690212
1086309
1768926
397088
2196423
945853
-4345455
-254513
2639298
1272056
-2264204
540504
1619572
437643
2016753
1151962
-4309835
-337636
2455524
1490542
-2508150
594696
1811436
511862
2261154
1281107
-4782776
-197220
2438836
1295079
-2350057
629958
1967779
669532
2331128
1347701
-4722026
-248371
2354760
1131185
-2397895
944464
2086811
524055
2439568
1114902
-4568302
288391
1901693
599347
-1998620
1290510
1917380
610959
2658330
1324384
-4907071
599104
949833
574650
-1394904
1865143
1098237
867262
2327564
1518833
-4298048
-170523
626037
964748
-175056
1014204
1480078
857180
2113179
945636
-3482943
-855095
879431
1276650
297560
-73053
1496173
830450
2046049
1356498
-3672078
-1102197
1181626
1915451
-7010
-731587
1625511
720046
2107200
1938426
-4007109
-1286643
1918631
1497600
-302657
-1722856
2244424
732971
2145242
2096403
-4314528
-1373011
2238542
903726
-303256
-2050435
2906534
953767
1873127
1956434
-4145183
-730163
1414547
1015277
-710243
-1236381
2804511
695322
1668483
1573554
-3821617
-428565
938555
1757270
-1048188
-380968
2030278
330818
1371405
1419814
-3315525
-676751
1413892
1123522
-551445
-537524
1552422
-238060
830599
1188937
-2874163
-323178
1867648
472121
150609
-671663
1547085
-650974
900442
695713
-2777803
304743
1030092
-12427
702866
-212408
1907101
-692447
1009438
739940
-2377555
811744
359162
-277238
512615
406755
1675226
-472265
711976
328622
-2195732
1307819
-463625
-352275
880300
1246248
917827
-393458
461495
-377525
-1465942
1970517
-679276
-545180
701765
1337911
311953
-418380
-180393
-747509
-269576
1717883
-892358
353977
639308
434898
622195
-391710
-509021
-197081
-8008
1630620
-662267
124240
246992
738655
371101
-633847
-810681
261873
-187457
1519557
485405
-342921
-150444
927561
477625
-590252
-759350
-136637
-165247
1524833
71972
-546164
680428
993019
29920
-461882
-570172
-426751
-105897
1734140
-123120
-464419
562713
881787
-308146
-325305
-879564
-386766
184601
1876218
-73532
-1003175
251581
736748
123922
-140241
-1215812
-242220
292599
2469878
-361795
-907778
-432349
492437
579054
-122143
-1154150
-32028
469996
2197702
-789348
-577361
-735184
256420
1002123
-365853
-1218888
114378
770019
1882335
-405926
-899190
-1612636
530504
1224328
-308985
-886221
296733
478365
2012689
-605525
-1644050
-1695809
678962
1639118
-223542
-466421
421847
221280
1806637
-559812
-1596669
-1239302
1275065
1071964
-117940
-758426
269121
-1663
1443414
-660447
-1016816
-722525
1761930
487434
-93901
-920155
563561
-301235
1477557
-825019
-799327
-41002
1880689
-708129
-158928
-818048
651666
17275
1998825
-1280694
163496
78042
1283719
-1364623
-188949
-689293
760004
-29093
2017373
-1138720
215871
222625
668457
-1173924
-237418
-847225
918948
272300
1296257
-892474
-216705
-460280
618041
-369101
-11413
-771010
646557
153472
1430611
-985850
-71123
-53090
16453
-671988
-18171
-751699
668917
331761
1192428
-972003
-9679
-150825
71956
-341506
-27311
-586661
1094424
596108
556827
-1080097
590114
-377631
-274140
-828723
17340
-627069
1348970
-75197
299317
-406012
536270
246150
-233565
-1444527
226511
-451863
1194871
-840602
393668
670975
163630
41607
-591563
-2003539
266769
-602317
962373
-805820
703160
704490
99407
-429446
-7890
-1697182
192639
-815793
573404
-750128
1149697
377884
-97820
-384556
290998
-1034343
-126782
-805166
744446
-835851
1588545
495466
-368339
-642021
895041
-1267751
-144559
-677033
958994
-800449
1700619
383005
-438513
-1223499
1330569
-1921570
104181
-699165
807623
-437635
1456529
-694446
-248150
-739451
1548405
-1692081
120744
-425656
584122
-255000
1060118
-1146909
-317435
-120316
1495068
-1198115
-115583
-499445
680427
-146106
273187
-144102
262627
-240046
1882403
-1651073
141078
-671441
904198
8172
298492
-144883
686472
-481864
1430686
-2211311
31691
-670367
986348
-313474
582640
-135310
586637
32323
854863
-1366080
-18732
-377752
801072
-601589
509880
25709
225999
-289095
422905
-959690
60165
-631985
546099
-570206
731302
-105228
639645
-221683
716959
-1420970
230209
-904365
357066
-359792
528923
-1003924
888022
-99725
1080121
-809959
124981
-1025713
435634
183428
640349
-600049
433287
-671
487216
-653175
-158926
-1118700
704159
53063
398069
-103820
790529
-212867
678278
-1218151
-129988
-763654
1035858
-446751
870800
-1119597
613465
-297969
633972
-1428068
43962
-393918
834926
-531710
815657
-799100
296601
-641666
668399
-1460107
265535
-225992
534044
-275195
526303
-1033554
1217299
-631624
-308363
-721329
97399
-234607
678403
-458268
487680
-834265
875474
-348571
-202640
-614023
76724
-485846
698730
-628105
764950
-394661
880389
-1203487
493234
-7468
73752
-589483
627441
-626225
506935
-430610
969701
-339811
345070
-164836
108110
-585921
719783
-553374
399023
-421706
533859
316194
167438
-793913
119398
-522930
1188767
-1283196
477428
310592
350407
-512236
-441754
-310928
154098
-303222
958770
-1912347
505045
772608
915739
-695972
-1208731
-435417
167773
-367104
715718
-2243346
1051386
815379
910897
-1068336
-444617
-165106
-2466
-823777
663820
-2293622
1333995
1624395
1151338
-1065730
-91678
-498952
-79676
-833654
698204
-1664986
1836860
1155024
410475
-1051501
513196
-1300919
-184927
-444356
614204
-1250598
2163346
931902
271374
-1109621
-322092
-853236
-61554
-323387
595016
-1039005
1468790
666992
-142730
-1038220
-321664
230672
350310
-484775
431461
-858378
1452780
269960
-179876
-894593
131420
557707
432726
-421509
300139
-779382
1671963
-269644
-53147
-652492
757967
563569
229067
-363394
210300
-680460
935185
124443
536347
-1201550
1414999
183732
323978
-580818
186679
-350316
796965
-48459
284456
-1083181
1222564
392490
341610
-717003
360280
-354227
1238647
270301
-529164
-953050
1259078
704482
236602
-664076
534160
-256930
1095711
145615
-548511
-1098724
2080423
728096
338813
-729708
513500
-636588
1404064
54613
-160121
-489181
1560944
41690
465205
-712341
303536
-554964
1395026
-47946
-89310
325636
1316552
-995329
-168048
364288
-197385
349195
-318214
-52807
-1196949
-589104
267118
754762
68340
561465
-417482
639605
558559
299558
-505522
-425793
-994137
430274
-163697
503301
-566110
460665
220798
207164
66887
94611
-611630
252703
-276818
319054
-484774
264912
-4544
479372
-508734
209159
-771217
23281
-52643
282443
-559292
76739
-126547
817958
-84225
180985
-1397691
289804
59100
392570
-509439
15541
-541494
502048
-204816
143802
-659902
521835
-32551
644950
-412785
2595
-494162
-129982
-172743
382538
-418106
537194
-315852
270619
-620403
118035
-21283
-102293
27381
1090399
-47300
695942
-192201
225493
-608564
-125400
45124
-78566
-883240
733105
452979
619773
379375
715201
-130755
302301
100469
448687
-1183780
317737
9195
179175
-121691
237692
-110002
299792
-429807
-129127
-1049205
424407
-206993
1295029
-83999
-759560
-677922
-630
-667649
22716
-1364477
689766
-668912
3037733
397103
-493224
34918
191455
-330336
-886073
-1768962
389774
-1976597
2851270
301752
-459183
-51841
1409259
364924
-1429532
-1261787
271152
-2932291
2249917
399220
-603193
-702281
2109524
913949
-671435
-1265182
1371293
-2163032
577604
221144
-705848
-998276
1987045
1326107
157035
-1350289
2216041
-1701772
-248479
426136
-699040
-1132274
1675860
1109792
-103750
-842220
1455534
-875469
-640873
534949
-616104
-940165
1770725
991359
-289422
-694982
1473647
-599567
-1792736
292664
-514905
-1070003
1776394
952951
-875424
-676658
1570778
55520
-1001495
190083
-560244
-1101600
1387500
1170398
78208
-1178816
588412
330744
-379080
221663
-411774
-1031798
1475359
875493
-213812
-1198851
866033
164512
-924293
125315
-793946
-1245564
2110830
697226
-298865
-1024620
680009
-228365
-837400
-66719
-864743
-1485290
1937633
627250
-411736
-880817
824601
-3374
-981905
353795
-547448
-1545856
1868458
696169
-366913
-761966
862071
-161749
-1274158
70513
-817379
-1589709
1621645
952582
108998
-884482
98374
-211495
-714834
-29187
-738532
-1513978
1314737
142806
983388
-1024366
-85543
-52124
-153734
271612
-263343
-1192063
1482596
207940
167199
-469065
-102187
385397
-875764
-5596
-669918
-1533130
1423816
1083359
-633195
-310502
231870
676962
-1250098
85170
-495686
-1763741
1200557
1649031
-209594
-735534
360714
847580
-1692332
136818
-513429
-1616271
1551097
1363470
-235135
-523218
-169434
1023557
-2102174
36253
-515477
-1651783
1062980
639160
-89838
85874
-922936
1305792
-2038515
84365
-355819
-2070180
899617
467469
-35965
-604074
-267780
1154648
-834059
413085
-84294
-1669410
509659
488204
104751
-784237
355985
514275
101346
783421
331498
-1223568
262204
427361
-530795
-534075
-598556
357647
-679
621435
151209
-818140
903909
565281
-94038
103413
-1347302
99462
-592879
428530
-309341
-689262
501116
374166
856572
645463
-955528
-158855
-714338
554569
13678
-348759
587716
-87519
670074
463222
-657392
-814986
-614919
307829
157742
-177977
731669
-982990
587984
946591
137363
-601614
-63345
230668
178203
-198120
53265
-801392
619478
369610
266996
-190740
-93830
121635
202057
-261045
-154206
-169350
369087
141571
664260
-87418
-287111
250068
711864
-87115
216219
-586154
-366440
-327031
655966
-180097
-321266
370095
821284
430673
860860
-577871
-57631
218640
-1003759
-863335
232891
216190
462636
367968
754940
-441859
144816
706158
-583394
-822831
-283091
59753
582319
374592
212000
-416514
-52386
511260
501370
-628279
-604885
-24731
668709
337780
200101
-636713
-93939
816978
355307
-419100
-508953
-110993
718079
199325
434879
-669802
519598
-60449
64855
-508723
-580916
-9562
847727
414801
320496
-810931
235823
371968
1231684
-420759
-1010946
-120434
431131
217478
394546
-699797
-223412
571060
1387403
-233820
-1092242
-180113
24134
-102281
421138
-1031426
-516803
-53835
507494
345665
24604
81524
513630
329307
420949
-867395
-328624
-496238
110605
262996
141663
-151762
330313
-304524
380431
-642086
-76430
349844
281618
-321707
820847
-307732
94417
-985480
83756
-1064560
-10507
98889
199552
-296710
1260672
4878
629499
-317911
151957
-930927
504660
-502710
647715
-616826
84376
139792
1081767
165378
449972
-491412
788338
-102598
459514
-867290
-1084056
-25925
656432
210582
570938
-874303
-14617
-264638
-47019
13649
203292
-14673
352451
-405893
345851
-665010
116927
189829
179783
266126
430076
-171103
527727
-401164
-71055
-219510
544453
-135864
300547
398885
486548
-24416
664929
-315331
46203
-227008
-385031
-771661
13871
-156942
1510755
-162386
491858
-229616
470814
-549232
-447423
-299051
88378
365364
1002687
-163263
448331
-402532
399373
-709089
-233172
306504
-652868
-494325
809231
122665
683562
-290321
501238
-719091
-617244
289906
-182641
-1087169
563714
46080
589874
-595289
249605
-405409
-620542
21404
662719
-718018
658877
-167939
510459
-397090
487883
-264980
-154215
-406572
585402
-556972
737274
-230191
475987
18070
808809
-399400
306036
-237627
45005
-1578527
879273
-72053
555006
-321103
383371
-408902
422490
-537081
181454
-1291310
539085
-187252
199207
-588331
-90699
-399485
-115904
-875713
663040
-224896
644292
-377401
227330
-260113
-229621
-358262
-90786
63735
576342
-610810
965074
13912
449845
-458975
351759
-183774
-158484
-177458
434238
-1136547
359484
372124
809304
-131629
618914
-53616
-158670
-887421
439182
-414141
-219353
-16723
539859
-147103
121727
-351143
118581
-769999
-251439
-189657
203576
-146671
656832
94214
371050
-103831
936561
-284481
-555531
-1060575
61897
-305254
438411
-488787
-227847
-668909
490209
-367182
617836
-134146
534851
9019
635018
-218167
2194
-258597
39272
-280269
-38483
-434725
474131
-23329
744375
75271
678047
259884
689351
115480
-59319
-1002184
-339503
-466495
170518
-152185
782553
-753365
450472
-188344
789300
-418052
384613
-493804
-69472
-312487
247128
-425895
517077
-709138
303967
30503
915346
85458
196406
-542062
98289
-402670
229941
-665890
414790
59635
470272
70072
362747
-431011
-68281
-600442
31108
-756050
470014
-47366
145679
-48301
497136
-222720
515695
-598430
499758
-750905
-461450
-582410
684570
-66900
540549
-191924
445694
-338295
539034
235840
180963
-850953
-136322
-204969
369976
-358546
775679
-149744
-63679
151892
687270
776644
-299475
-186893
401961
-448745
1238600
-297890
-554571
-388751
429715
999550
402868
-44660
121257
-654486
964061
-702515
-590560
-372619
-259089
133607
1138605
-82878
396084
-824143
747059
-571148
-662355
-890874
527101
23509
721745
-175291
471374
-987217
950468
-282969
-206478
89082
398775
-973717
692924
-344119
507262
-652401
807590
-281982
-19157
-319011
537880
-150453
423030
17887
788163
46018
846790
175867
116990
-905104
-107582
-529076
-509983
-407401
305533
112599
484574
-582655
-363375
-387397
-12738
-105277
-252522
-393333
280398
-304612
494336
-615674
-306184
-475367
-95296
54613
95186
72967
450891
-129088
753414
-209854
234790
-763419
-139122
-417866
-124181
-33038
393941
1029
320047
-8648
174624
-153256
476806
-1276973
280362
-255117
257133
-376055
120924
-537380
-204650
709543
1203095
-880725
-390800
-150719
528760
-295181
256845
-274845
-108106
-266113
778019
-471585
-968540
-86423
617062
91594
504781
-539240
-516190
-507000
513532
-135096
444723
-316035
475727
-33744
707362
-406376
329539
-331947
13867
-200377
299518
-114850
507607
-46697
520005
-300406
537870
15992
36957
-341993
185185
-91540
-387472
204885
-99088
364497
102592
49595
-27177
405389
-285041
-160918
-416876
-83325
-310326
-108311
3277
958955
754066
675494
-407156
-196606
-290754
346560
-283067
-249042
-432649
554042
836239
528005
-287538
-246797
-344878
430729
-269782
-18675
140863
515964
315951
275784
-618823
-125031
-223163
604361
-92992
132686
116485
445270
82602
377989
-771983
-173499
-247667
458749
-86167
35163
-241863
-27979
-131948
813055
-54826
-162105
-199149
637592
407489
387743
-93849
110549
-58005
388721
-644735
-374740
-543404
91429
-124303
47624
-354224
277536
513398
979065
-381530
-135148
-327903
482002
189415
567206
423796
476029
167350
22870
-1291638
-272688
-221124
678696
-15065
79304
540188
1070254
177245
-333982
-1226269
-561762
-505327
669460
380960
154005
568852
1248672
-184931
-575776
-1172819
-115799
54672
506709
-148497
-34204
76386
1033335
-589368
-595124
-1251176
-526648
238753
739140
-99100
-453816
106690
765537
-584954
-74119
-1071120
-561480
155693
306868
-504002
-1001158
-170202
934404
-98685
650140
-747418
-468930
720121
410863
-1342844
-1387545
-149335
295154
162158
1152922
-47560
-548377
916874
488709
-2236300
-2046190
188795
447300
-30342
1731884
726318
-509503
1415938
940139
-2271838
-2028516
595953
592606
-744270
791845
959533
-537529
1389771
980169
-2444103
-2161371
771497
1115241
-597212
1072245
754910
-426979
1536652
857943
-2305300
-1465071
1065772
529201
-1360921
978871
1540489
-346557
1682925
740668
-2775176
-1377092
1395410
978965
-1316177
384383
1447972
-248573
1456704
1110374
-2223731
-1304396
1179328
803118
-1093777
240602
1074580
-294508
1370286
911610
-2097151
-1198689
902902
1026704
-1047735
224513
1188072
-159711
1601662
1137251
-2304393
-1175416
1003659
888065
-1026745
196373
1129416
-146932
1766129
1248771
-2178564
-1044935
769955
646501
-1285652
426515
1399829
-455167
1633854
1078032
-2422526
-692482
957925
369486
-1164387
685399
1543832
-136442
1911177
1558346
-2327906
-906923
452518
186519
-1173614
858049
1285629
-300069
1566527
1361708
-1668311
-1107455
-248766
273666
-133501
882920
1625266
-108228
1615659
945745
-1673512
-790355
-445432
485848
117511
646887
882209
-123440
1555590
1379055
-1825893
-1114064
-118152
797668
312648
304373
1009342
-250555
1539683
1682353
-1754699
-1359678
548938
982396
-132844
-358445
874197
-247030
1450294
1809312
-1758432
-1576443
444789
1025343
-293729
-545253
1272706
-71716
1577743
1705871
-1711429
-1019676
300119
807109
-580038
-640110
1526387
-175888
1311711
1321751
-1958762
-1075466
81387
826239
-277663
-426108
1864878
-192033
1054194
1340769
-1714995
-1200018
121681
575109
-289387
-399000
1437796
-507522
432097
754691
-1627141
-820620
560109
829077
11286
-245500
1145816
-446987
432514
498540
-1856932
-877828
-57424
-33342
90675
49759
1680810
-540641
423588
594408
-1358884
-377119
-17954
-64798
144463
127086
1393343
-493093
291526
14651
-1329207
-128580
-640110
-653593
377627
808026
1471718
-413765
209621
-348992
-1086368
499898
-310049
-645733
140603
774909
1142666
-390596
-284474
-945993
-958657
545481
-570292
-132170
734840
537705
891713
-462351
-479424
-659513
-578332
618986
-244751
-385716
108937
825901
981114
-652307
-944879
-668126
-400379
429601
434973
331846
-27729
464479
983571
-449364
-785573
-881202
-640979
476544
-131513
-77064
464692
867655
693961
-408572
-601845
-783739
-677946
704051
104114
-166122
568611
801732
319426
-317212
-758741
-800087
-391684
892876
106479
-677129
26817
580952
629318
-182387
-854898
-891301
-328414
1230049
540073
-142750
-170642
118671
418223
-146012
-777450
-584024
102318
1245726
249457
-377027
-298338
-149909
349787
-293885
-1051748
-615060
317570
1374139
336987
-322295
-914801
28881
629108
-28691
-594822
-316053
268815
1472268
395221
-899189
-1472916
-271703
666847
-194984
-424401
-52974
354553
1360497
539928
-669617
-1414096
138571
671289
-234993
-606395
-402353
-68506
918996
-27522
-580997
-706013
586559
931108
-166547
-529783
-280908
-227320
701422
-214742
-554248
-125485
921951
201688
-412112
-637307
-236596
-46142
1200983
-49358
-169905
287132
700817
-396497
-627178
-738774
-64372
-176019
834466
-46580
-93970
549895
1025017
-148755
-489081
-959493
-175094
305889
828397
-123842
110771
-326716
345353
175926
-174669
-546876
-84762
209652
1178630
-25361
72700
29364
-100650
-385587
-347698
-581768
-103989
98619
742160
-226609
-11570
-118776
86979
312189
-347197
-496164
374085
507596
786890
-203910
443003
300029
-397172
-642595
-415595
-661929
368702
275630
419419
74571
422192
456248
81523
-653833
-68119
-237125
489391
-158089
-1965
381855
741576
354205
-224821
-1374158
-110952
-408106
151013
-301885
370043
394137
737375
480209
-76251
-887051
-3595
-333923
-41487
-566351
666467
418735
50818
433860
107755
-636531
-328379
-551688
64159
-642455
750400
865028
-19123
-51346
502705
-510944
-165981
-502449
203810
-337941
809034
895721
109902
-388621
269562
-944697
-223034
-544193
-7481
-214571
798186
106638
-178975
97940
795409
-606114
-24808
-85128
253849
-104175
753026
-37174
-603220
-158068
855507
-668363
-455030
-678786
65313
-115320
75374
-74389
196801
53550
1260371
-298421
35531
-340794
228744
115556
272631
-179605
289423
292806
818041
-886107
-475237
-700170
-83287
-342621
193306
252084
231607
661809
1229738
-257313
-114237
-150828
461944
-175937
157412
301669
68608
-355978
298666
-678595
-188811
-507866
-5014
-443760
1716
176025
684713
291691
644507
-545332
50075
-454895
-153817
-331526
-109032
-651219
120932
258651
764505
234442
98988
-451509
21900
155924
456024
-100513
27505
-31243
181588
-426145
-210752
-806737
-98979
-117275
5356
-115947
780853
385143
636304
-397572
-252543
-590827
256984
66193
466265
-338015
-74406
189089
431429
-584547
30391
-244165
312431
67504
338723
-8112
73833
-396938
133955
-620818
25889
-74536
141165
-105801
371097
-396238
579878
114266
-406877
-583276
-119832
-106280
326018
-72987
117537
-296928
97875
-88381
121304
-406173
-106061
-287056
127436
-240059
158335
35392
714322
-633466
-295853
191002
-168593
-366534
7890
-240635
-95811
-350515
533251
304086
171646
-46742
-54227
-260486
143978
-206729
166358
-429841
153027
302839
626498
-227955
-23658
-219625
370603
-407810
62403
175718
272866
-468400
-326556
127452
32880
-7362
255750
-906850
-152321
245897
994447
283374
-779910
-592251
151869
112231
255736
-1240677
93490
521266
642164
-284808
-622988
-147681
-301253
-407289
-272115
-1665871
-104118
934004
1316484
598679
86628
-287573
-187123
-351973
-115587
-1241720
568624
868422
527665
-168023
318516
-439244
-569713
-510574
-90971
-1207167
766626
1294638
778398
59397
6195
-455726
-397291
-532499
17983
-744569
526700
760912
429377
-354871
-95450
-51348
-47208
-351238
-106168
-550994
666928
450391
168702
-489560
-78616
282570
-21319
-232101
-200187
-657680
690816
268589
-107279
-490773
310409
819106
-195079
-434015
-268251
-703316
129890
232389
622657
-215527
426387
724319
-59429
-396685
-245540
-381264
402719
-182643
-124622
-268608
343753
601713
-111771
-473503
-267983
-523032
371425
408539
-317854
-503503
935014
701974
-331121
-671453
-215421
-305102
539364
387772
-329230
-837871
1037884
1295391
-178207
-625362
-194093
-486415
483174
399403
-55004
-295607
811980
751844
-28046
-518251
-399192
-598512
335110
279048
138455
401422
1362163
204220
684659
-412274
419660
8401
348774
-469499
-884458
-1411562
502415
545846
761027
-265599
68191
312935
694363
-418948
-525349
-1305163
174747
607100
670130
-544150
-48961
235584
764316
-591704
-351558
-743568
166691
771981
637009
-668051
-218079
20309
370844
-302593
17103
-858525
46127
404903
749868
-790648
-261926
-419700
386111
44372
506885
-635662
-234884
316499
827870
-507967
-101547
-597642
172828
-80053
556794
-1028217
-114633
492069
764748
-485387
-88811
-468000
68842
-419257
743439
-757030
471417
389507
678188
-518576
-235210
-278478
230687
-1167298
328836
-347488
1117137
328960
875913
-612555
-551158
-424460
295596
-1264983
-289315
103383
1816683
452581
863444
-352514
-87571
-172121
320938
-1346535
-390932
279010
2060510
-330335
417198
-927165
-249326
-56001
100565
-1628789
-243567
248157
2167000
321396
270815
-1177420
-24176
-276577
373597
-1972747
-100004
-403011
2026508
224514
71643
-1266220
858246
745350
353255
-2077871
78631
-1896843
1073384
-691907
-149381
-1586494
1173418
2278229
1031455
-2982841
1140434
-2853859
648905
-2460604
-481120
-2095791
1098689
3404428
1395268
-2763294
1427512
-2193248
562595
-3944943
-459755
-2650444
1168615
3734206
1270881
-2860783
1601709
-1776865
783137
-4201759
-543399
-2911291
1334622
3483074
1013370
-3028468
1915779
-888436
-206148
-3902345
-451535
-3091836
1760256
3693243
395854
-3700777
2139842
-54355
-150050
-4217031
-613369
-3027212
1518600
3587993
258386
-3370210
1536531
506440
-418870
-2759360
-767867
-2779674
1615572
3042733
226353
-2986824
1111938
544158
-552045
-1998631
-644015
-3007589
1650429
3080938
-24107
-2527845
700296
757919
-730265
-1721247
-843559
-3238315
1446263
3277308
197958
-2701825
767965
800783
-1324273
-1398789
-796388
-3617931
1588181
3163372
-154094
-2470328
774549
1174772
-1601242
-1182277
-569734
-3640628
1453840
3223366
141254
-2380888
986984
962722
-1924618
-1199087
-709173
-3736891
1258886
2561258
511186
-1465338
440050
450974
-2064843
-860304
-735987
-3624189
1607016
1978370
407771
-644038
348119
-272920
-1561478
-582972
-605411
-3432680
1583528
2458796
382247
-854456
-232045
-4886
-1549436
-472079
-681601
-3417415
1098277
2387915
1217498
-1682496
-351018
274946
-778704
-963466
-428801
-3617903
691571
2787736
1332459
-1736049
-1098257
1349354
-1059343
-653440
-529284
-3574515
429001
3059726
795141
-1381086
-990090
1783010
-1042896
-1323431
-355350
-3741572
383389
2930741
256982
-1209188
-874603
1871332
-1185822
-1567473
-177213
-3431060
257237
2534096
163950
-942569
-1170383
1984758
-1021146
-1278976
347523
-2721566
445268
2050853
163675
-899613
-1496908
1958769
-1177643
-910489
801219
-2178360
903196
1982695
206182
-999868
-1361722
693379
-931497
-1313532
793319
-1852691
833551
1852692
213276
-396968
-542856
-165350
-720144
-1855536
704143
-1672635
886782
1229253
68571
919183
-388378
-428452
-1252915
-2017661
612147
-1368137
1258711
700258
-507274
1298459
73370
-471318
-1590794
-1579985
442042
-722884
1456796
131737
-768008
1276627
162878
-327052
-1204835
-1524446
457757
-332599
1405994
-642520
-814255
1234213
239811
-682687
-754544
-1003877
808370
223731
1108937
-1073241
-324835
183042
-55777
56440
-421219
-1644855
974612
745962
1147512
-945550
-358886
-89717
-406069
-601379
-325497
-1257589
1100245
665636
1215916
-309068
-712346
183616
259883
-1361083
-1009403
-725136
1010030
556754
1199947
-474637
-572678
416270
596944
-1357809
-872259
-1004714
849993
727756
1236305
-905879
-1109131
435171
712352
-449350
-482938
-1066564
830441
848022
988269
-1038393
-1040199
618256
759059
-402293
-472569
-1298341
866979
1019610
798352
-1317328
-1136466
621370
1008777
-200601
-559465
-1167570
834918
976152
769767
-1473413
-1285900
593715
1372526
1144589
-637630
-1626250
798850
393710
509857
-1494083
-1151662
-124439
1980051
1274322
-662191
-1223079
667011
146836
474549
-1359369
-1075734
-99148
1300240
909815
-647275
-736238
632550
122822
685661
-989028
-921186
242947
1157474
-20101
-528290
-92476
636325
-78023
398743
-1033114
-555698
481947
981751
-506117
-872814
628895
852234
-118171
178350
-1049484
-792651
259669
510064
-1209254
-489952
947157
1258639
243583
272091
-1351697
-392117
283897
407073
-720694
-479186
-304250
1105432
288213
840242
-1340283
-181440
489013
193358
-451820
78572
-1183369
1017070
-22621
576563
-1060478
-230186
-280676
599614
-568835
596909
-1045588
984726
-265125
220194
-1399913
-35852
30064
304995
124945
1291921
-1002676
951619
-132177
-106637
-1235834
90606
113808
49243
-431667
1319709
-322210
911167
-204530
-54113
-906142
244541
-729470
-633533
-269253
1438605
554511
810132
-400174
-54056
-428988
-59542
-680905
-577064
-610046
1489895
990354
676799
-439140
338604
-109178
-761117
-495807
62819
-1104886
1239918
520552
973882
-322724
546164
-8926
-1134897
-739324
557715
-826343
466507
543904
1077261
-172761
442493
-144970
-1065922
-709511
377827
-318307
521211
495384
921099
-283502
588715
-234878
-996613
-468183
517168
-861079
509385
875512
812614
-416161
627965
-263645
-852400
50644
1132436
-1252187
-97137
938161
884938
-481929
245677
-557742
-191274
-151945
855855
-1252823
-188665
830138
645285
-343224
200012
-925946
97645
-167754
409355
-1277027
407962
888807
747990
-398472
201910
-692103
-54617
-656304
849687
-1608860
107033
857458
918435
-212574
89590
-134954
242601
-1071559
671923
-1131289
-97246
713994
1130689
-7027
161061
84104
83714
-1058288
-149628
-986218
446267
347512
749637
-186318
318231
-138418
330123
-489173
68225
-1262855
293782
181403
715667
-31595
461970
-346900
403616
-17830
258506
-1086038
24402
-84464
753669
173588
206085
-703424
245880
-385049
-67787
-690470
143061
502757
994425
300605
186688
-706082
505529
-63032
-62995
-972989
150236
80271
923137
127876
339122
-264253
480822
-333543
771505
-786992
23664
-69265
393818
-474905
223753
-460885
233242
-135371
138063
9074
687457
-39359
348794
-798587
143487
-422092
146130
-148094
161565
-560497
1220579
160162
650076
-502479
188115
-856588
630879
-941248
81718
168900
918770
-671015
653643
-343398
295650
-559349
483451
-639282
-465152
-335603
1090553
-1009332
692492
-175067
591256
-491420
540514
-443644
306134
-853829
-148501
-633384
647019
-212792
556234
-242178
266323
-251894
529914
-118353
-106512
-1321292
524658
-526332
650059
-66874
325057
-969518
190180
410000
1648951
-1139788
504026
-880764
775253
589768
-311034
-976425
-108723
227811
1627141
-431381
599940
-999503
962141
793620
-667121
-1607818
-567639
304089
1507853
-286315
867656
-908377
1284960
676135
-814165
-1346654
-266062
-56815
524500
109333
1035095
-680378
1227763
606878
-1243464
-1519792
132154
85117
194932
74346
1171605
-575771
1070704
202073
-893195
-1378888
429836
-185847
492722
54973
1030817
-383133
1367306
-160937
-832939
-926522
170429
-39117
258930
-636190
639974
-556739
1247980
-325809
-931469
-969621
485086
-56249
214871
-1055639
544095
-437552
963104
-248041
-616304
-786677
269165
-23771
-164393
-1071916
621172
-168909
952732
-230167
-11220
16981
-11283
-536661
-667110
-1046149
643831
-182474
930412
-338849
-401897
-285558
1007347
-375947
-1014634
-831835
620480
-109649
501890
-651956
-317392
-603003
1547811
302766
-1291029
-1459617
726320
197682
601339
-319706
-681656
-662434
1218180
-256327
-695048
-1723209
728682
209059
747202
-212555
-517403
-790803
802818
-669324
-653056
-651408
585950
-43399
778410
-212691
-276259
-245217
506101
-852682
-611509
-241777
700256
163150
682557
-505734
-407305
-8246
154694
-1269889
473323
454493
-389648
284249
-296651
159207
190676
575540
20236
563771
-646255
-207866
-314242
40398
-369701
-21543
-506705
319287
243070
450990
84126
-82633
-320211
282293
-280925
-34595
-595354
230234
180939
351802
-120176
-17990
-304861
530301
-76433
-187055
-226021
83631
134126
663060
-458617
-52895
-422086
538116
-189595
-199793
-399925
59218
76602
465599
236317
-226976
-461173
460209
102429
380913
27409
359058
-283980
432688
-115593
-579806
-398170
381639
-52731
415519
-358365
104343
-695529
415881
-361272
315480
-93583
565204
-32717
478523
-397089
127321
-721451
67318
-523734
49235
-384212
554625
-151846
74167
-292281
101554
-429050
213730
-528639
171730
-862753
-7058
-330811
-154628
-1999
622738
56788
509894
-526708
675430
-275598
546585
158550
81510
-61225
855134
-94093
-354172
-1008721
-106876
-58326
887737
162372
438800
111055
1008409
-12235
-673017
-914411
-658547
-279205
634321
-321090
429647
432914
1588964
488945
323391
-758804
-896127
18695
328732
-481597
140027
-42548
2099214
-151098
1053622
-1016945
353703
414547
312946
-714207
-1005277
-123927
1156370
-674787
1657801
-1025704
2074730
504961
826863
-823168
-1460893
-39265
946592
-1186584
1611571
-1421504
2844216
433322
1086730
-1021219
-1385495
-315876
1435423
-1510448
1618379
-981859
2802684
246379
1161217
-1136258
-1201350
-54394
1743477
-1897782
1418625
-789004
2597478
526497
1191822
-1186492
-1241215
-27311
1582842
-1531511
449170
-47101
1642230
513514
1284452
-1373437
-1224138
336953
1478930
-1365743
121582
97490
1372094
347890
1158193
-1276442
-1270934
421932
1179637
-823559
249341
143493
1082141
583693
1053438
-1096417
-1196166
265054
1437841
-648926
-42036
301575
545315
565366
1401897
-1124707
-1069346
336053
1080106
-824332
-228768
533213
445702
439389
1364898
-1363415
-1152770
148212
1267584
-635416
60398
876438
383585
653538
1760857
-1378518
-987973
228841
1079748
-476164
-137783
761707
-247213
330297
1653381
-1230117
-954342
417456
655170
-556563
9298
958623
-210484
360906
1356865
-1160432
-609092
86101
693787
-419728
80572
603406
200798
583443
1540633
-1389340
-176568
-725428
843689
-522781
191494
58431
602779
416958
1557859
-1419616
-834803
-427688
574812
72646
-288486
689217
301154
247745
1346542
-975875
-1286816
-256441
737997
155699
-81304
769851
414405
313475
1785427
-585994
-1150837
46938
1123017
31182
-538830
615283
-131822
448200
1715198
-533917
-937808
324683
414038
310371
-1467512
1028413
-150993
32693
1716146
-550829
-625837
414204
59029
799607
-1848301
1488335
-277367
-416864
1457340
-736444
-327475
362318
916533
713130
-765818
721511
-155354
-312357
1186980
-726678
-692605
-180491
658072
134350
-12846
403040
626301
-323745
1208870
-784060
-765059
48876
-28780
550100
132333
503006
611151
-412134
821789
-739530
-390454
296484
-535685
454208
-58714
766142
679979
-156959
607429
-374379
42908
320338
-815828
211572
-230550
869350
440639
83365
715977
-632665
383607
232763
-910334
-31947
18080
471086
162142
29617
486414
-667993
954313
-43034
-684679
-108110
-164183
19125
832999
-295041
-92391
-422131
870202
174918
-75106
221974
211163
-142919
410322
-574158
-346870
-420129
253665
11201
438938
-37589
452643
340936
501834
-535959
-159623
-569114
450469
-99992
43824
-154118
758629
270735
485845
-424288
29790
-542381
665335
98203
-752968
-282077
407234
371167
531303
-342677
-150139
-489848
454700
81428
-378326
-71930
558612
256043
459456
-379282
-394981
-322547
445220
431360
-512145
-268640
326220
144377
694619
-580491
-452216
-389529
504013
93917
-936671
-326179
153596
634562
1271842
-375679
-119702
-359896
753780
-86682
-210142
-709748
-42439
367911
544977
-401675
-83129
-173292
906929
565735
285232
-684951
-369163
-1900
108849
-564984
-112966
-345849
658420
479213
120279
-738267
-35241
300634
170891
-42988
230333
-114583
712745
26475
-107457
-458095
-269431
284610
-387895
146019
454187
281262
841904
377017
-191685
-550512
-160816
-254770
-928885
-419442
234021
-187610
490482
-23778
-741430
-135251
631954
477877
-67218
-820312
-164584
-732130
398315
-89783
-237700
108457
1000519
229314
530417
-663504
93504
-209038
893588
-119203
516006
-556469
420005
-317205
386938
-355451
336122
-308485
698762
-604904
-176733
-577336
20898
-283317
864203
-345803
286046
-354342
584327
-293486
43928
-171021
126749
-690528
633077
-583401
165044
-239051
927677
-64893
320584
71517
-478064
-898257
541031
-446260
293281
128755
409353
-251128
199973
-181174
164480
-842614
96920
-484730
239589
-37022
161543
-54851
616100
-25973
694983
-697034
-234468
-524094
346173
-115594
424597
208224
379958
76739
275350
-392064
-388815
-386196
454549
-287810
399526
405000
-160407
-96633
-24964
-653441
203652
-424899
374277
-492749
33498
458356
-138897
-292270
389356
-501815
2020
-752547
91958
-618875
-238567
275175
86830
5395
836309
220753
-273105
-404959
408540
-332120
384566
419327
245776
-136870
660890
-451477
-615599
-297285
549497
-199303
824236
179158
-56458
-667236
609474
-1038950
-138227
-173362
775905
-39915
643456
-427527
262356
-879116
608090
-454278
-476601
-543996
-21225
-338786
210829
-335871
465167
-257163
801934
155876
-256354
-600697
105847
-48924
250190
279348
398876
-298125
802170
-728477
127052
-578655
265360
-301909
-8299
-81501
647135
-218031
1100065
-569554
15915
-541913
165415
-331825
-21520
-256837
390390
-98195
723683
99519
-152699
-152506
427596
206099
639841
-22570
70073
-245485
-75895
-486281
-425303
-520274
51644
-298530
331175
-574604
197945
-91392
640996
-333810
456450
-729560
-240906
-515577
38831
-658392
318731
-283468
834329
309133
378807
-305245
171279
-69353
59869
-142434
-153107
-60704
107136
-130032
-132974
-250537
455812
-202383
182400
-39339
203576
-350658
206817
-514007
-131246
-274667
513354
-169355
778863
-398782
348593
-256549
114720
-640706
465119
-277007
444262
-91086
535226
-91236
589150
38514
335108
-1076661
278028
-417860
153583
-195638
306338
-324773
756314
-74048
297013
-165685
269320
-325050
168254
-324957
211993
-544541
203812
-292004
311894
-8300
886177
-356657
121340
-573967
362933
-556187
238224
-959322
170370
-285319
1043285
-425907
132744
-413910
65459
-21388
507252
-300336
60719
-472021
595089
-283818
627879
-196838
312769
423239
878694
-42922
-635984
-1100706
254456
-305292
765605
-499547
189287
453116
367860
166073
-231028
-678522
60049
-46889
761766
-482602
6367
204364
279079
-297155
-482449
-472457
302090
-475748
552346
-961176
-143993
116299
341236
-415855
354460
131549
66697
-853648
373826
-1224383
112589
484519
473502
34425
681941
-87538
249321
-528260
664281
-624528
539644
405739
728646
-387617
320877
-716619
197535
-221894
458942
-506053
450053
318585
550295
-347046
-15336
-253538
215174
-478100
94932
-757573
174258
225690
279409
223777
312805
293446
353326
-399627
419203
-502210
503468
-102686
-14529
-262473
-100759
580200
326204
-86431
450096
-276813
479680
-453393
-51394
-481134
233066
466508
411912
-325670
54992
-323648
381203
450507
347099
-765731
567487
-225820
648070
-433481
95574
-233974
469054
354521
440179
-812438
3115
120652
399100
-339125
71882
-440537
-50683
71865
101089
-570506
407061
304811
426623
-450661
51245
-379909
178826
-26001
-11283
-581334
519108
-199098
443791
-58779
-251199
-341631
-120137
-57471
558951
480850
-143334
19624
95864
-204803
-46827
-462083
-295846
-343120
-350825
-223424
274979
572271
899348
-103576
-138364
-318331
-88141
36304
-371238
-481692
280922
335335
710533
25432
-35907
-200833
111433
-317905
-177410
20228
403040
536525
-18992
-72494
-198348
-255002
-32178
-417520
-128567
81677
633269
403411
509125
-162805
-126656
-5136
529364
294578
396196
175199
-83272
-560277
240213
-192819
-223972
-297146
161515
126951
-54680
-275942
-224541
37737
619936
269390
233166
-69008
98891
315647
-228353
-720653
-616822
-49527
478229
-54014
-145336
-371345
-346549
-186628
11575
-212089
154864
622647
1020797
-601441
-781354
-598590
-5703
7400
210302
332615
825195
1104566
469809
226505
-174144
-318702
451152
282194
112310
143535
565096
-50700
-368317
320190
61801
240425
647231
579037
222148
239621
585013
-632110
-642368
-116907
-812229
-142852
785019
757157
706209
616907
1219767
-637076
-357171
-125192
-739468
-308959
524779
985586
-318398
228335
815593
-391177
-93935
-324684
-583173
-367464
318430
-26624
-981858
-607761
290797
196989
629949
-257520
-487432
112302
765394
-717350
-1392062
-863379
-275905
124030
236667
-557776
-713272
280663
889584
-851021
-1612600
-338101
544338
91464
-152113
-564084
-890021
413708
1221618
-573475
-1894818
-269607
108729
616452
-196191
-565698
-618610
443096
844912
-813097
-1428011
96130
153380
-464218
24335
-659439
-553445
802258
803873
-1106690
-1366780
441460
349397
-599677
-172676
-563536
-773741
466733
891832
-960040
-962235
277770
604948
-109067
-209267
-350632
-467430
256389
943013
-601648
-1008321
328091
689480
-391871
-578718
-429912
-520481
572195
1205461
-779557
-1084779
-27553
582971
-399584
-262683
-717660
-610809
399746
984389
-727842
-925396
428935
707267
-288852
-210632
-325982
-377947
762911
830202
-956529
-543419
520660
369074
-969588
-436168
-770767
-850805
845111
1264875
-903260
-492696
416479
-83738
-786170
334904
-775831
-753423
430157
1411549
-392594
-410264
-480486
-199921
-621510
401592
-549080
-271967
600310
671640
-74107
-924500
-628888
-441518
337298
6402
-545883
-559313
473097
546544
-327879
-889105
-747373
139255
496753
418764
-733669
-715085
238735
1008841
-521251
-1002974
-181853
750132
870943
-148323
-478688
-490124
668222
1631020
-223002
-1036023
212562
445531
182800
-854086
-605717
-276798
718686
1392869
-324613
-789350
-79747
68659
-267954
-555106
-727124
-251199
880879
1404626
-442985
-561324
-592921
459636
-635638
-105009
-702217
-581838
678021
1228252
-137502
-257554
96245
713278
-447232
-404949
-117655
-319373
258170
483151
-839127
-1157258
238361
401828
155879
-159665
85488
-308270
399181
457017
-1022384
-673423
296271
238268
-51911
-492079
-126106
-701138
230879
478357
-888706
-478883
-46144
61507
-65724
-24547
-138600
-267463
480233
659837
-604651
-262121
-561259
-491908
-379914
215397
61655
58657
545395
67324
-1023509
-18244
-350776
-596225
-444158
497941
213626
230605
467039
-433501
-530611
-4395
-884707
-504849
31480
125284
-194373
-212098
-57798
-473272
-209332
539485
-56883
-212307
-73135
12005
-72512
-355180
-693815
-507102
-694960
-93991
569682
450691
-189622
232992
88860
-139362
-397764
-538319
-510485
-186484
252401
-61405
196901
370827
45854
-95288
3904
-456864
-728719
-246044
-408726
-269094
449508
789781
113715
-25567
-228872
-740754
-663660
247700
333170
99916
114070
196088
29775
63939
-335879
-742439
-771801
261434
467755
46002
65054
88350
-113810
-125520
-558453
-658633
-735250
281061
-176727
385590
509171
253132
477503
155170
-501459
-707244
-226476
374181
350284
209713
-272075
-388256
264297
14810
-365282
-292583
285305
1196955
925993
-53201
-1159201
-951650
-112440
-347811
-456616
-224553
-61454
898367
913853
-335256
-891421
-118711
394116
345005
27763
-184847
-62904
458796
289240
-379230
-1278870
-293438
451627
565728
167639
202260
91678
462523
-23623
-811433
-1115827
-66201
-99124
-85727
-425512
-536143
-648273
231275
-211581
88524
599156
1091480
-422223
-746961
-728460
-589548
-560853
653974
98
291226
821302
1050137
28421
-214442
-544059
-53021
260475
532100
364089
-209592
-189128
-50390
160994
56060
-312145
-560562
-302096
41978
-266423
-199972
202473
545565
19634
-32808
-347024
-371297
-95287
547159
270521
-229659
-240144
-127041
-212922
-391570
-470673
-142191
677175
695066
-190778
-55298
-162453
-124175
56466
-185843
-404458
127210
239341
85044
-240681
-37097
165919
241551
-258988
-279913
-290334
437402
-29176
-208319
554545
637962
793994
40613
-160594
-29716
-103262
367870
54520
-240304
344798
573833
300814
116257
25510
234229
37506
-3741
-252204
59733
-106627
114661
16099
55534
211427
-72298
-277878
-287895
-687400
146586
405078
89875
-5478
224573
-102790
-471823
-677786
-325667
-797686
256126
999703
951578
277116
574085
126608
88306
-140783
12810
12556
792330
471492
52923
-492806
69515
40518
102107
131438
134954
117571
741248
-143336
-750235
-462807
112431
450319
127667
105075
145339
-22290
-294773
-234876
-461218
-277106
291048
-345948
-378395
-660778
-390008
165814
-49010
62156
435130
480519
1285019
-201729
-119395
-309831
106194
101603
339576
-161364
-244824
129977
482327
-201691
-344674
-301428
-32344
-267162
199972
668735
332629
423117
57415
-18350
-153868
-150642
-80825
-477504
-236720
211604
280167
413111
565044
217075
499482
348300
414926
192751
118172
-565518
-537871
-676813
91769
-33469
-8868
-426485
-532827
-365707
110280
-10303
298726
344065
320018
23341
-270485
-710353
-506105
-240891
-486958
736
339775
760601
891544
392442
-28244
-440398
-15049
21855
259093
-361692
-54693
40337
370463
202482
-2455
-233457
212394
-159757
456944
120988
-140827
-252881
240081
-60826
100911
221280
130377
346711
82579
-363913
225281
181423
-179194
-56519
-50841
62941
290482
232307
578769
-6060
-4532
79320
-578985
-117727
-177536
-162521
26008
-147057
-79296
493556
613232
-251989
-321780
-23188
-33324
-273594
41790
-316582
-364213
-545263
304292
332819
227807
17623
-181665
-379326
-183484
93654
-300122
-717426
-770837
433122
1003096
-63626
-218938
-396042
272349
28370
20072
214238
86000
26868
-17998
126261
203665
212922
881193
224441
-203652
-45285
211809
-153350
-849407
69897
133443
361627
488279
-461269
-232622
163049
559659
-57474
-573257
415992
474370
258987
256961
-1063641
-993424
-469423
509450
67331
-159325
45646
-92998
-349585
-458876
-1128323
-382971
494358
617916
491308
766615
-226627
-567070
-371176
-417735
-992570
254447
796561
1038562
666115
295312
185380
-260718
20730
191073
-271331
221502
678543
349511
-42072
-820939
5541
-21942
-53802
-90474
-263300
244186
535678
142329
-259497
-442720
-389714
-241103
-319152
-410074
-542915
539045
680006
338996
-181824
-11162
-43475
-30281
109253
59582
-496816
-382880
-213625
299640
-303950
141355
126337
208865
76347
-288014
-265283
-393706
-291297
516926
-161145
41627
-236568
-88008
-205796
-112697
-208377
348576
383907
-247609
-275104
-138786
-169406
-168252
-313090
-105174
-65312
294496
362052
-491603
-1041081
70169
-83949
-194124
-439088
-422837
-692640
-45609
239594
-43155
-363084
655014
-316583
-35689
-228846
-181912
-688736
-65646
-52197
-548594
9391
1006744
14800
-84183
4279
-76730
-120348
-422139
-573649
-65243
752737
329071
275707
249608
198783
515649
363485
-118086
111687
-352868
-488265
-334812
-13697
116039
213658
149680
370923
311291
507177
179246
-614683
-628418
-73183
64246
139939
-133616
130493
367072
162422
-190939
-625533
-447171
44036
-94031
65454
-78989
349786
634698
60177
-498160
-574951
-297052
247445
256748
266749
-67808
-142024
-96662
-327474
-371645
-156990
-97572
183811
140049
-99193
-365366
-550989
-554526
210099
478940
563978
190886
-182623
-81313
30522
30921
205928
-138797
537592
785458
324474
-735491
-237030
-304659
-174272
-288732
215789
124226
190793
795027
440969
-388887
485176
613220
948740
516407
363182
282066
-255841
-499377
-838760
-1255004
198827
244262
462190
-35041
-551421
-330501
-350022
-813997
-433981
436346
-462831
-627008
-142601
-511116
-397848
-339542
-301931
-254057
258032
1287566
-1499
-115295
321419
-230014
-888897
-985284
-744409
-888589
-675748
1196016
260821
242936
467997
262401
-761959
-1489681
-653006
-902382
-646870
893310
120560
143274
54792
257541
-60809
-196706
-64580
552392
-349285
-461761
120571
306672
-24602
173695
466004
841260
333017
489831
-154859
-814223
159515
253213
-264640
-373271
376380
1229453
645974
276981
104775
-828683
482213
525284
27978
-235967
346429
762649
515347
-222090
138161
-1305146
365506
514868
-468442
-602244
487502
985444
409173
-225178
636218
-276703
221161
462563
-355613
-575040
1039174
1043156
-332908
-434927
796549
26307
418853
279758
-280816
-344161
521643
887151
-67164
-345142
233943
-263046
155845
199050
-162423
-24427
489511
549155
-217118
-746240
-29820
29502
85700
142545
-399401
-433178
215724
548815
-25043
-221697
384115
185275
522681
344404
-552157
-412587
701476
731488
74852
-539370
30393
-229463
150147
233401
-458586
-608937
909932
748590
-817528
-1032825
409390
354570
93381
213577
-347689
-859146
411169
824874
-502262
-428131
1028172
577967
777469
646786
-334522
-378162
-5587
76360
-22045
124297
407999
-236207
276476
199911
-665279
-587810
528284
-240615
670872
471502
672901
-509086
311570
42499
-516892
-370788
969882
383885
415385
473392
29106
-808248
326924
412664
22100
-309400
396257
855869
462853
-385258
-376602
-1057216
499495
372674
-366889
-858451
146856
758472
105448
-1167482
-205961
-217115
355317
111483
-904533
-1150726
41115
296974
-4194
-271027
577369
978621
670828
430166
-674758
-1245581
145145
537043
126626
217488
63970
784231
897908
387051
-490420
-1189706
-88027
272951
-117938
-590674
-99473
665058
533528
264119
-206331
-815215
175937
496811
83831
-941806
-96707
410692
-8720
-58374
-137759
-540336
949069
1373713
278949
-698632
-503285
28852
202247
245854
148888
-400887
179160
476532
39503
-334708
-319124
526571
247239
575005
-2067
-573344
-22502
592664
400766
473517
66402
-183233
33186
26272
-726282
-745285
300653
360919
302839
703500
244274
212431
-152578
-157950
-534191
-142189
786304
-101408
314199
1148901
204038
-339826
-58474
102381
-36896
-22983
97203
-103285
174832
296296
69443
47499
231183
379991
483522
538945
64335
-10694
-161778
-834304
-117001
358198
9467
271531
437055
501840
596466
44824
117127
-267786
-280385
-565129
-27383
243237
178191
-388
277332
-44016
424600
650299
-205611
-684597
-59993
47439
49487
206128
675181
542106
293936
30641
-428704
-728521
-93301
133444
263236
529528
539694
-101507
-553102
-144744
-215937
-12585
52703
243980
385166
542247
320744
183627
337861
678998
-415154
-932268
-94801
-156157
371713
731962
500472
-118962
145117
-146192
-500729
-478145
-462392
-307724
334824
447605
41672
-682151
-1001617
-319095
871074
882305
166531
332957
439206
232281
-299645
-955576
-898080
-256734
1040324
865355
6935
-52469
-58803
165517
70656
-355418
-216476
-65163
515528
650055
-573467
-634993
-639496
-257971
-295895
-534425
-259886
532973
1136595
1005505
-203015
-17507
-227200
-261441
147332
-8683
187586
1117667
127252
-732275
175774
555570
886080
778353
691479
464102
-172291
-315708
-954000
-1542567
284784
444511
692368
489078
-223784
-828599
-302398
-397595
135087
-185085
-60142
-203293
-112992
-81324
87668
-184748
238718
420499
589156
19249
-145783
58575
114383
436484
783359
86914
114879
-66422
-114566
-46854
22356
183523
478462
250655
-233042
-1200383
-546228
187457
526204
917661
63834
234668
459408
-59544
-607624
-314549
347393
367873
167658
-215443
-6588
121813
229850
-46958
-307648
177672
431976
-717168
-534397
-304869
530338
366022
99331
-186434
-272335
-448420
34485
-608945
-1014188
52357
139039
-71445
-337997
-354258
172291
-186103
-139428
361786
-122717
232117
-280240
-184524
132629
27245
423276
267230
-223932
80693
52770
-45920
-132495
189979
633740
482398
574662
493747
-376932
-726870
-694677
-289667
315381
281132
230765
317922
506747
-441990
-1226574
-572485
-525569
-196688
-311319
-226820
-151341
-449997
-372404
-766664
-558062
642448
1061514
489489
-229006
-252473
-125664
-402911
-243457
-136271
644646
376759
516121
-190427
-77632
-165172
79670
298336
339864
-97924
248378
299524
-226880
-517647
680881
718117
637907
301704
-53550
-382164
-653741
-70755
-264072
-981664
-60623
72000
86759
-362861
-72713
224026
-130984
-361505
222477
-249638
242096
432673
492141
184875
335173
275819
-351028
-928702
-513161
-561029
-59564
-158671
-363802
-392192
-213119
-176540
119850
472415
191851
310934
-72989
-275629
-251760
-191125
-3526
116238
328135
189192
354146
79476
113051
266729
849108
961765
683816
167156
348131
-454755
-851414
-1195811
-410276
-77715
526697
236772
-53373
187266
-18456
243827
-177536
-555842
-353294
-231025
34703
133966
-14698
-113178
-208962
-17307
363937
310925
240675
28441
-74374
-281335
-95482
-511193
22891
405069
-92288
-250680
87042
-50467
-179408
-389045
-326575
-127613
-151391
-334420
37015
157572
82358
177104
178609
-112417
-265399
-170696
-164048
-735086
-118124
731216
113545
156680
68099
185035
91876
153023
352092
-49730
-282640
-403719
-145812
-25921
273848
366993
239365
-166234
554023
747867
762444
-877418
77693
196114
457497
413378
-176026
-84872
515779
99388
-22135
-311028
124507
75183
-46862
-326096
-425706
-539029
-355906
-446326
110593
815233
50128
-158073
-574600
-779223
-291161
-91644
243923
172724
-171603
807698
-181082
-251023
-528552
-301553
302004
540320
260785
-219182
-182653
428186
-532133
-244072
-285828
-70045
1135042
904973
340393
176710
25007
-580782
111420
517144
854601
502201
1037453
282115
-860846
-962789
-1052245
-940543
-123679
151452
471208
-118918
69359
-228706
-541012
-879647
-205432
92362
-125600
-184055
-170790
-176025
129659
-356534
-532458
-324231
507544
623752
240632
186924
246743
258985
570172
5786
-656327
-556403
-91370
170325
326954
234633
250467
62380
77389
-278929
146658
-157365
-368450
243229
-125283
-313369
-408130
-376068
315682
429329
788636
568312
-413781
-481836
-37914
12873
108085
291808
353272
-121464
-527312
-275839
250775
-87743
174147
249338
328368
-7285
-221103
-515680
-470190
40365
1085817
651947
-58914
-9570
224061
214291
330192
284075
-181430
212845
612562
-55660
255951
283151
286373
345342
458917
382018
16732
-82011
422897
-351918
-1428684
100073
-1023103
184988
-137156
1273192
10942
1525685
138924
65000
-1346995
60643
-1338678
-177133
-1245926
555940
1320157
2509126
779822
98776
-1493904
619871
-563963
-106569
-1388694
100053
929415
2596486
253654
-145422
-1574992
841758
-31172
-139885
-724120
859373
475895
2334478
-442462
-923972
-1533095
898635
33753
288589
-687002
1030193
168283
1606690
55527
-858539
-1577673
788936
261036
1307059
-235161
916366
-1061264
1128339
26181
-284203
-1490067
826816
78298
1561544
-379243
315698
-1449860
1379212
-487555
304060
-1473807
537974
-514094
881298
-374071
511643
-838763
1964517
-128108
76971
-1815725
479768
-169667
468686
270037
1874981
-13574
1852034
-1104194
-825296
-2179406
121360
199439
524488
171428
3167088
1308958
1814591
-2172035
-727940
-1458834
751928
956001
1389899
-100381
3116935
1141550
208577
-3779687
-1328817
-748315
1196213
385556
960717
-435438
2896375
632455
220049
-3994488
-519653
-1249108
865144
-96880
447534
-813177
2910635
244528
2334460
-3663438
830188
-751966
769523
-1032343
-851383
-2263696
2138335
-1189281
4060547
-3343450
4155863
-88886
1856696
-1523387
-3560765
-3277341
1046248
-3241747
5370006
-2053373
7194020
-221293
3121711
-1509822
-5092033
-4004954
1838007
-3815906
5053963
-1613648
8248690
-278540
4111897
-1297062
-5019963
-4295156
2996689
-3449337
3561453
-1136853
7504423
-390116
4351510
-1361219
-4862458
-3701894
3642711
-3014320
2516858
-15422
5955037
24232
4791231
-1603596
-4929711
-2729168
3655853
-2586433
98266
929437
5460881
47122
4963807
-1799130
-5379440
-1993770
4313379
-1719242
-727944
701472
4701732
52288
4628821
-1308987
-4527862
-1834049
3532225
-1083076
-246137
805253
3187344
332001
4538922
-1396341
-3833903
-1931043
3406995
-604032
-802875
961434
2389971
227314
5386153
-1282874
-3850977
-1842389
2907694
-1010632
-1091927
1635039
2161732
144851
5783847
-1501952
-3869688
-1833841
2907666
-920344
-1074724
2383051
2136887
-42935
6035855
-1426817
-3790249
-1370420
2815374
-1138851
-1671871
2459947
1834114
-310392
5957307
-749252
-3236910
-1944542
1757489
-1569974
-1345143
3019547
2319362
-192599
5543257
-966474
-1996965
-2498061
432959
-993932
-35850
2917891
2628586
168681
5740210
-1625522
-2034752
-2656702
-48960
-385234
405186
2479462
1770481
-184940
5673824
-939816
-3351152
-2307249
454687
932866
-102937
3026665
1029631
-538673
5458472
294146
-3410108
-2324234
1380248
1701104
-1041183
2408563
477106
-436642
6040410
989335
-3235654
-2173667
1554029
2066225
-2858483
1974504
286720
-295740
6004432
502312
-3058600
-1323691
431728
1804041
-4000229
2193220
1637888
-989117
5402676
31267
-3138195
-1421426
81723
2191577
-3119471
2334203
2658769
-1341268
4450236
-376235
-2927688
-1744368
829055
1978367
-1652854
1251042
2596775
-1354278
3125126
-1054235
-3252549
-2075788
461799
1615637
-733487
1112043
3337020
-1308505
2601773
-1322779
-3412315
-1678679
-838487
1229217
-391978
1519463
3836385
-1367127
1951577
-1176472
-1945173
-769312
-1657332
430381
-478856
1699029
3753693
-960628
1544876
-1522402
-1027846
-732356
-2462893
-555394
-35839
2371087
3824125
-618354
1263993
-2557366
-691107
-90784
-1817742
-1001048
418867
1787851
3138096
-989416
-78937
-3337302
-34893
135021
-1318679
-535656
1188860
1122625
3503100
-1712887
-1235642
-2855405
307901
254881
-109186
-129398
1296958
1212818
2972678
-2091131
-1916368
-2821238
-46130
-222420
931810
576344
962568
1237895
3294989
-1729361
-1457651
-3075389
-38527
15216
-368482
-86204
1859988
1682468
2608176
-1542188
-1031691
-2766485
6900
765530
-1009985
-630497
1763842
1597280
2084224
-1350166
-1481450
-2730066
114040
1107040
-178174
-516408
1134109
925973
2143158
-1356828
-1837891
-2599165
648202
1950797
505580
-846016
215928
153897
2046167
-1455796
-1666192
-2169666
1491949
1667862
-128199
-1306259
24543
409283
2164739
-1195843
-1446293
-2008641
2255618
2071915
1104370
-1657098
-1291741
-157247
968832
-1089731
-1019471
-1456168
2487966
2829112
1720671
-2366878
-2794362
-652394
941657
-1296897
-525409
-1165904
2108910
2185402
1183342
-2376552
-2159211
449942
1253960
-702834
-102611
-1417844
1635973
1065504
9472
-1608765
-1042061
703300
953248
-956299
-63593
-1375524
1410626
967761
-267012
-1649712
391800
805207
69722
-2310566
-666873
-1930611
1042064
685669
-241463
-905146
2548065
1765373
656710
-2883526
-1100373
-2137726
1310763
489629
883311
-282936
2673585
1032181
1095301
-2212873
-757445
-1345432
2642989
445552
1193643
-957516
321232
-609385
1609654
-1474517
-19648
-1516894
2009315
220251
341078
-666143
273352
-1072419
1796318
-1903777
-121625
-1326045
1712152
609066
868892
-8090
501261
-1587187
1638357
-2142182
-138228
-449612
2507228
956401
851740
482659
460065
-2439584
587150
-1936372
-12986
56136
1576133
-84718
843320
664162
1826234
-1329545
-560989
-1612536
448903
-316889
683098
-171207
1599087
1716532
2147541
-1725438
-1794761
-1469171
645295
-910664
644520
814662
1007010
1348235
1784875
-1583793
-1256472
-1248423
724218
-1584872
-114977
1469384
626527
-30076
1646732
-1450141
-151154
-1789468
143904
-1721774
-485843
1535686
1589707
-426669
1807756
-627960
-401192
-2007210
-86242
-1430489
82031
1316047
2045436
-116096
1941452
-553325
-1123827
-1388126
647196
-1076402
1146431
1445532
1399921
-1409503
1907594
-924685
-1309570
-1174830
937871
-693167
1504739
649976
438987
-2714710
1779706
-654273
-534628
-1646662
294189
-696704
906501
-841285
660796
-1298080
2447685
684673
-221328
-1720343
-416566
-1173932
577134
-251419
1069706
-369923
3118275
763195
-531979
-2003822
-204046
-769969
309858
300263
1605580
-755912
3070544
166871
-54889
-1584043
438266
-544956
-120628
-703516
1776236
-476701
1958232
-261623
-535840
-1439490
97725
-878226
-48478
-1002891
1262869
202239
1688734
360455
-324155
-800725
339482
-703647
737670
-967141
-54183
-789763
1161489
-67938
383963
-1280452
-392615
-1334369
634148
-1023247
467037
-319704
1830092
-141819
804518
-1729297
-897946
-1377458
506584
-988112
811057
201391
2170607
639225
152345
-1204366
-128
-307644
1181901
-203468
272343
-697386
1051125
-580644
-523658
-935858
757533
-418941
1222584
-176220
1201224
-941106
467715
-1490158
-157143
-842462
1047169
-582371
1618495
-617779
887292
-314663
1013838
-1988888
484164
-1060141
764567
-458194
1038450
-845979
1267371
-248581
1004152
-1834280
513512
-1282583
198203
-966670
714264
-1376410
1542445
93841
200962
-1064008
1759358
-1164756
278373
-1321866
549808
-1621788
285072
-378798
1242652
-294149
2075054
-1103079
408771
-1501834
813727
-892743
330986
-1204024
777002
91375
1802405
-1071685
862402
-1051727
404953
-260392
1291001
262703
-41565
-1575102
1133283
-695994
1825123
-1085545
-167958
-165207
1743817
1444143
-245606
-3126319
97570
-793868
2056327
-1953389
-1258735
-161909
1361925
1029829
546842
-1854144
348040
-1250559
1311800
-2933938
-1959190
-453928
2025735
1418928
1311423
-912944
659021
-2170128
736979
-3330797
-1672270
461634
2644692
529296
1728806
461143
240689
-2756997
370323
-2940397
-819475
1513858
3413274
931618
1683175
-622322
-117423
-1989411
572486
-1788128
284215
907335
2584251
-7937
239323
-1339537
420794
-1290074
444386
-2068969
153366
737787
1751889
-346345
-423676
-263408
1525633
-1423056
129365
-2344266
-180054
461020
1175970
-204671
140404
800003
2452075
-1356779
331896
-1801950
137025
-356669
421422
-434057
356820
735385
2568093
-1024804
168357
-1713408
221966
-399976
147475
-1306110
1018993
731677
2317116
-1586070
-519836
-1872736
18426
967494
1665307
-2145067
595219
729199
2554814
-1862137
-642917
-1603576
324306
661795
1373496
-2098045
-312588
1421469
3493740
-1629356
-584067
-1947309
-410195
-603
1165756
-1183994
1029233
1616971
2649845
-1535689
-374833
-1937654
48256
-70808
993504
-545609
2005114
1265997
1471370
89301
-249913
457853
-351267
412597
-38740
479027
46654
184519
-753389
131205
-238688
493778
-381548
161865
-65965
800362
295587
93400
-1019234
100737
-235558
714322
-495588
-69557
-86516
784068
288336
107500
-1063337
134123
-189629
850032
-485822
-36560
-27805
515497
1095
218096
-1023221
141249
-142882
838393
-412338
27944
-263020
394441
-237141
489037
-807254
108267
-134112
858023
-163361
240777
-455604
142845
-273016
766490
-817884
69765
-187363
782897
-215791
175003
-561768
-11769
-210475
722122
-752218
143482
-231559
769278
-184090
233432
-148637
250372
-292129
428101
-1049097
38931
-232277
873046
-200637
75122
80030
404160
-609037
-89730
-1092642
63313
-204864
875961
-142472
67262
254280
810490
-896627
-646589
-1009669
115186
33102
915643
-185138
-75996
78680
797669
-1225218
-876030
-1019720
123904
232644
587368
-380438
79069
136157
978445
-1252709
-409626
-1262679
29616
643514
381143
-623863
64611
458532
1037938
-866418
396898
-1811147
48683
948031
144031
-1131547
-218063
966624
1066158
-699424
1299305
-1807242
146456
1306809
49707
-2124636
-536388
1461712
997570
-561431
2047771
-1281802
165382
1598053
280788
-2790284
-628476
1943325
1199630
-1038455
2106841
-875408
190511
1820232
340347
-3091054
-642951
2098484
1269070
-1543078
1956556
-67467
206843
1897071
358665
-3232291
-389212
2415610
1090178
-1962665
1633431
429312
292842
1911931
277596
-3350397
-249853
2476168
852026
-2122506
1361955
1002407
372510
1819665
176879
-3308207
-27884
2560395
830018
-2209316
948684
1089681
433421
1692278
252594
-3172201
-38834
2174741
840786
-1792103
723367
910883
545844
1713394
270187
-3145285
-780
1998033
948223
-1842293
649067
990661
535774
1874063
403856
-3448698
98196
1914546
747076
-1787713
781944
1196224
581924
1951418
471049
-3606740
80193
1904346
757525
-1707247
967892
1276736
617074
1993975
595884
-3485616
139627
1619451
609671
-1519436
940909
1243388
559508
1931979
607728
-3351207
146621
995317
656199
-995572
1166859
1022421
762425
1897032
582175
-3140950
137356
611185
832467
-371768
817390
797465
744831
1783136
470175
-3084278
-65103
717239
997952
-213302
374525
742307
726219
1721208
741473
-3212244
-467266
1224179
1250944
-423232
-126236
1024697
671330
1710789
1012833
-3130697
-768926
1433673
1235874
-660149
-599538
1476011
706025
1794926
1189550
-3196211
-756481
1503258
1055327
-773602
-1011497
2001201
695800
1665805
1116881
-3129109
-462441
1201548
782156
-672115
-951863
2322389
479731
1393271
1139968
-2808192
-270842
1081738
1007128
-555193
-788735
1923351
201295
1012175
987876
-2496938
-209465
1184128
1070756
-313452
-638149
1311552
-62049
714752
807560
-2157667
-150510
1059244
719707
41263
-447817
1164181
-322651
628057
605805
-1888110
114786
707581
389033
644160
-151145
1180450
-411540
649535
452227
-1470021
475334
119353
-154170
717649
242739
1130067
-388085
549606
203352
-1124605
862813
-305590
-291713
841104
619717
847337
-330661
366032
-107907
-858114
1258776
-446871
-448679
694384
718409
400820
-382090
-8232
-165642
-195521
1384184
-445438
-140280
400146
401009
371034
-465816
-311259
-29967
161676
1254184
-293276
100253
235945
397782
159972
-492832
-476499
75761
126997
1156279
-24953
37802
114607
456032
196507
-463602
-489252
-23364
46170
1256437
-189464
-275498
566161
709658
-88670
-425425
-451698
-80602
90892
1345631
-254373
-653875
463693
707265
-64502
-335948
-602700
-135851
275318
1350447
-172422
-667328
269032
577137
114145
-276916
-777986
-85196
494213
1532086
-320909
-881861
-201062
528624
351846
-245211
-838512
-9319
570255
1446328
-666699
-898513
-381489
635738
736467
-181569
-752840
94813
620766
1445071
-519467
-984307
-1073060
625499
808941
-221518
-612085
151280
497126
1434141
-425857
-1104282
-1255344
607019
1078034
-206946
-366887
208494
236308
1191185
-512619
-1017289
-841377
842945
805642
-92251
-296687
214778
103037
1049674
-629544
-678855
-268548
846368
200629
-147739
-349248
402113
40969
1082880
-576060
-586993
85294
941605
-531214
-266495
-444133
582651
125512
1099290
-738385
-251629
243724
1048927
-657373
-227623
-519108
555580
205936
1216985
-716823
54141
27939
590229
-557545
-116276
-480928
611063
330528
1042767
-803346
-68105
-444953
342768
-112067
-24989
-392921
496053
72329
912337
-901820
-80880
-240183
-24640
-43704
-92948
-377748
652744
169743
820330
-653661
53480
-154372
-230173
-357940
-71388
-378971
797299
275628
551428
-659807
214489
-260564
-511185
-652426
57344
-317649
879568
31007
250845
-385611
397070
21828
-357996
-1161287
82056
-278381
683139
-370348
442731
92248
318011
83063
-491149
-1357269
114269
-276497
620691
-468380
790729
205526
-164844
-21765
-216325
-1180942
-4916
-433762
492495
-561606
957561
347399
-460465
-151309
120385
-922251
-100543
-520142
544319
-503699
1003748
439161
-445833
-343536
464390
-1071287
-140305
-500984
563679
-422510
961159
187503
-397505
-380848
747678
-1242941
57213
-295278
631860
-294197
913101
-240805
-401279
-375306
946728
-1359539
24727
-324828
543134
-201054
646991
-599403
-297674
-182275
1112552
-1142764
49607
-265119
656809
-79649
370342
-303324
151858
-106620
1081844
-1285051
-27797
-389973
517770
-117360
378371
-22188
277983
-153155
964616
-1347439
-7074
-281572
754725
-133928
418344
180692
245833
-296573
621554
-1266878
-113319
-366232
559981
-402869
169489
77638
480562
-242228
515601
-871989
-17722
-431238
462855
-243268
315540
-162484
510871
-148207
393545
-765794
44060
-510623
395461
-47764
401033
-486751
463171
-55427
461308
-700420
-60896
-724622
333958
32042
359652
-494179
478152
98072
447422
-607792
-156979
-745596
443443
63654
373251
-270607
424886
-90463
497170
-752450
898
-485407
554377
-105594
389910
-579678
230206
-234985
295055
-697475
79878
-218391
504665
-322224
432207
-468762
241156
-456259
207542
-725869
164147
-65699
480625
-214657
403714
-597568
595253
-508172
-55655
-519140
28578
-131977
486615
-255067
307779
-383095
743994
-393832
-130507
-481371
-42374
-292387
409286
-256223
399058
-382365
762609
-535968
226275
-68764
-11855
-306365
363139
-349589
443746
-446078
536643
-216198
390730
-58360
27732
-339387
344630
-457418
538488
-295930
319675
-374394
156229
-64397
39782
-220580
491836
-814366
568656
167065
366014
-489913
-477923
-133741
96348
-65835
489267
-1182983
684326
569482
547158
-649447
-1063054
-344404
-46721
-129287
381066
-1490535
891919
705547
441775
-477551
-406945
-394473
-85499
-265199
434171
-1398890
1156219
1011937
418190
-720067
-266186
-520478
-235749
-476377
522050
-1198939
1306501
930850
168503
-756042
290458
-647200
-129628
-396509
575520
-830281
1445391
743546
35957
-887960
-51466
-554502
79614
-305390
504146
-584046
1161699
374359
-62658
-892119
-45865
-47773
244221
-255355
277543
-571337
1094912
217051
-77517
-712022
167871
405191
264468
-277918
203455
-526157
1019379
-9795
80486
-299675
447959
404484
218270
-227854
287522
-387551
821778
-114749
670
-410795
746399
211223
215128
-297885
244755
-247734
716553
-121988
-138677
-474347
1101115
236643
141696
-425877
296035
-125361
976801
298911
-472848
-830537
1128788
359043
177216
-425797
384136
-73899
852838
160490
-345615
-776586
1171351
472364
246871
-440303
287036
-294817
817105
85296
-53732
-348911
1008271
-5413
264823
-419463
282565
-182996
910091
-100996
24368
1199
615341
-708970
90043
142378
310232
2206
290213
-132713
187743
408830
-647691
-463336
120678
-239934
360939
-74512
-237345
307907
88074
-299600
138886
-700089
235062
-66449
220391
-141726
-277305
142321
128516
-491121
-45430
-162735
197174
105943
168434
-187413
189573
-314194
114588
-340379
-58438
323754
38397
205324
149261
-237069
101448
-535201
-4622
-322005
549266
-383678
44395
14629
108037
-290202
191238
-218415
107923
152312
462348
-660083
123243
-51041
282512
-49466
-76055
244375
-82463
-184431
-188346
-328892
287080
114661
311701
140556
-440741
157382
72518
-552582
-390843
-423050
182378
312356
296716
264108
-240727
-496670
71058
-634861
-721594
-309843
-29256
16007
-184972
-524141
-41508
-554805
95995
-404220
-263659
546950
-50448
270002
123243
-535869
67791
32404
809
-572700
408863
-317163
-14187
750378
93993
-126063
248914
-58896
436038
-1163967
983086
-1520442
-81594
944635
-206371
-275779
230102
774712
661693
-946021
1665795
-1933041
35247
484531
141767
-498372
-187745
2007172
682096
-694799
1371862
-1597401
294904
243411
343155
-851599
289834
1139717
1095605
-773307
209996
-281565
435981
245942
118935
-982697
671666
673744
865383
-644306
-199283
399391
421429
417824
-152388
-833883
662000
954181
-127654
-261599
-520886
1276687
250287
393671
-340881
-983126
572749
1444828
-384143
9303
-958602
1573217
514511
124690
-216914
-609401
467008
1054318
-538510
-19073
-166277
302928
574117
224664
-628773
-401843
699152
474849
-323118
-16010
-138781
282984
327899
263467
-343378
-883151
762946
464910
-167593
-204708
-150011
644729
450163
216109
-79590
-1172407
566078
730252
-62371
-288154
262708
474912
531903
269990
-147306
-1094203
773520
726085
-114500
-414051
28889
366857
399824
78794
-163620
-952309
393066
652218
-198974
-230541
340323
401699
616049
378397
-455290
-598745
537521
116782
16068
399750
423960
-251779
607038
475753
-582090
-999230
1231356
-250920
142626
409152
354221
-1029007
474779
62913
-243264
-1093598
536930
715243
209928
281789
-275710
-79306
561281
147473
-322944
-139056
-553842
1299264
3138
133738
-1104163
597078
524891
255420
-318705
-402063
-446915
656940
454723
-386174
-838168
605014
516862
219918
-359857
-1105430
107083
653008
-277834
108727
-788667
1257774
426497
247935
-260257
-1073832
357712
928900
-654791
711738
-597918
944882
598995
73929
40262
-741559
537024
454903
137160
-198038
65411
-359539
296672
91008
-250099
-288413
671949
93678
705651
-1129345
880856
-1081307
-106810
176777
-321417
-84392
515774
780683
95737
-94335
432089
-598359
-189016
276306
-116508
-113749
540220
857401
-601369
537212
-41825
-75350
-191755
602945
-318368
-80093
675794
-92335
-317042
531909
280695
121400
-157182
469938
-308277
-331931
897563
-32835
52037
113390
612390
-243339
46250
40378
-128817
-228558
1122569
-293766
242289
-66687
488602
-688422
86497
168341
-3929
561132
850159
-546618
195207
-95240
285872
-851631
159097
164741
131586
1057869
40069
-298638
564362
-642461
-405498
33734
221988
25430
331047
618130
397730
-225320
227949
-167600
-118099
-356654
-101122
11961
469325
-9553
524743
305466
-666919
365481
413086
-538302
-101102
50003
205086
294156
167171
176794
-413266
350634
20603
-151330
15365
63693
-11765
641002
343632
-118905
-85161
-366495
-90121
-163595
36255
-9856
236537
532641
204924
-480583
-443590
134138
151900
87059
108568
-223276
366885
243618
490838
-801602
7270
-21430
218303
251594
-43193
-210032
231656
107298
252623
-841462
-22216
-663692
207001
934831
-207534
77923
352552
128401
-329420
-417277
-452845
-282288
611504
766398
-46202
182379
303462
-16644
28277
-503935
-190526
434786
333667
168642
-131338
-30816
57296
-62976
206575
-289574
-217350
561038
392410
-391434
1542
-116324
412078
108186
40531
-188055
-219380
123107
803576
-775740
317387
83432
876907
169844
453414
-198517
60827
-12518
111869
-1308839
319328
97438
562670
425691
458445
-947820
445728
-731640
-168915
-513957
196094
62309
39654
-147315
201692
-992746
168329
114998
-98067
161898
-111052
41651
268315
-149795
-58113
138395
-240351
399008
16170
-160751
26997
103770
419808
278327
-118788
-301547
-296759
-18513
-379665
-247049
268681
29246
263253
237681
-449220
-566514
-170611
25472
46825
-7463
139300
101752
144023
98029
-506256
92717
481463
-511965
-111194
-362279
137430
93533
319621
-266263
62985
118198
-247439
-262599
-530881
-108907
157083
14825
275544
-461283
270696
404082
-962311
77724
-156872
-26832
-113560
-211524
293326
-117928
151511
545802
-403579
-492060
542712
-264017
-35765
-152696
348331
349831
153430
-118052
141172
-729378
18572
-48786
123105
189709
241025
40065
417852
-604905
-136898
-370043
59983
-264597
4070
105998
67669
-435916
371253
-724199
-340247
-254612
942501
-480817
-66445
-159453
179016
-92491
14302
-623635
603531
47728
537089
-284171
146391
158500
39103
338327
184279
-346087
495956
152323
-575703
-289876
173582
425461
224202
372765
-26196
376241
-457550
-179055
-112772
-778964
115423
59100
462617
-17648
-362565
122245
43220
-571878
98807
-661531
-100511
-231025
208865
-143049
186002
-143049
472850
44741
-585201
177237
42716
104350
17418
28650
371297
-183864
-260383
455756
-482779
176035
-28735
-137502
-78362
-133021
325365
-206025
-65796
302181
224310
-381968
63722
-149659
353371
251402
362871
-113092
502023
-378661
46821
-653702
-49454
-34790
366780
392394
4444
-80607
-166006
1761
-320800
-54478
-164612
-125416
118209
-294894
-357688
144386
-256974
-113977
222067
90855
100367
144663
229460
-565558
320659
-657736
457838
-330393
134864
-310462
78732
199790
180213
-313261
155098
-399985
101266
24969
114841
-647036
-53438
-9735
54240
205050
-125154
-21926
425550
-547902
-260994
409511
28211
80797
167599
76811
248690
-135893
266672
153952
-364040
162883
64708
-79726
206572
-163752
471732
97731
-98908
-22602
594194
-304229
34215
-127831
269838
-161586
103137
196275
-15499
-243661
23692
239552
100457
-41641
195567
-188877
-309329
301798
-160320
112517
-986282
-58006
-25312
-186333
286351
-736122
142829
342863
-467839
-87545
-114793
138071
-121508
-111535
232197
-392632
501908
678184
-14191
-346349
-184820
19960
-45239
-137673
315153
37623
816361
252950
51396
-909747
188700
2879
186970
-91418
627686
38088
798306
291687
-359048
-994655
64494
-202307
340633
106922
393751
270514
349165
-460994
-517239
-609227
-119615
-403387
65886
202191
-342585
82755
323555
-595602
-130288
-114756
27689
495873
111899
396036
-197220
92628
403142
86836
-424856
253064
-170631
523285
242638
147653
281694
198580
331247
9041
-150377
117636
-142941
-112919
82433
-19905
51473
79473
333396
-508777
223525
185798
405682
-292094
-34234
88174
-80930
221348
200412
294234
19048
-725203
1022867
-607571
225896
128602
339021
492164
-29291
11530
-189062
-790986
478710
197979
295720
-12612
311894
130752
222012
-173085
-37957
290837
-152382
222238
176949
67990
238426
149881
365459
95802
-88379
165690
234849
-885865
277080
98415
334249
-77481
518674
-416442
-157713
64315
-36522
-556833
123758
-118598
174136
-4939
367869
-366699
-352976
301016
-348103
-665857
444679
-518570
538030
-213896
754536
-215005
-605474
-1009921
530090
15432
620501
-545141
151362
-38345
576271
-401199
279668
-572565
484766
-52354
492811
-667224
311746
-104887
282082
-625575
434787
-148599
495864
-51270
475871
-658940
417859
-422898
202394
-247940
535848
-290238
24539
-411058
558219
-707391
298181
-773726
248762
-8488
977486
-537205
215244
-374415
568626
-472073
616777
-474103
422276
-186438
500246
-1077431
545306
-387518
543632
-458584
523611
-317059
151314
-807645
361541
-706667
910293
-26927
601036
-581035
247282
-168196
207663
-1219089
222368
-292599
1421958
-323280
604301
-648772
106
-469000
311153
-1022042
-31132
-6459
1677069
-561195
355708
-622742
432526
-217948
461342
-643974
513062
205791
1298428
-1080062
223802
-747112
646279
19152
125877
-1013866
652347
-617581
794278
-812173
239914
-705085
594761
-271008
405962
-1240987
769776
-1519529
1055541
-1093422
-254499
-573442
1124134
494151
566819
-1172965
1264544
-2333259
910939
-2556476
-391965
-766453
1112700
1542671
469144
-1546693
1876459
-2830918
1121154
-3478149
-389441
-980465
942418
1270107
304416
-1496581
1693538
-1738905
1838481
-3717494
-391834
-1008589
1182786
686360
91776
-1354852
1835021
-1525615
1793152
-3068903
-436855
-912027
1410544
260115
-342724
-1102826
2244944
-1307345
953872
-2317516
-473181
-939795
1801985
433373
-648626
-1238665
2162395
-683753
666859
-2325947
-412683
-787383
1513708
216266
-613895
-914922
1659969
-919028
558575
-853843
-457720
-570120
1397173
-372509
-239625
-259325
1207802
-1142322
241991
-182893
-360006
-890472
1520482
-125908
-327926
-414560
1129057
-454233
-157575
-313051
-367106
-1277943
1476114
212099
-202576
-531897
1346137
-608722
-797279
-146555
-366661
-1280699
1739387
-80589
-416769
-616621
1145635
-358092
-795002
148627
-123373
-1230949
1581335
-200866
-216886
-394448
1382657
-342950
-864744
239070
-219012
-1183140
1442599
-683538
317348
293223
782386
-1019813
-997063
331258
-418645
-1076590
1904004
-1098967
281006
424108
404460
-1219606
-171067
531749
-148475
-1052788
1912111
-319301
244111
-401113
137906
-371924
-270760
495529
-41292
-1095030
1171418
-66386
443710
-1074877
54465
361019
-304566
210706
71725
-1297214
888989
-30888
396764
-832873
-74518
1101064
-581788
386664
-148666
-1456366
1207044
180816
-307445
-202495
267384
1376125
-1092478
11472
38198
-1266617
1524741
-16600
-752391
361388
160750
1014667
-1733217
-116402
339475
-1086812
1291059
-271689
-418283
78809
-433752
812897
-1459645
661061
538874
-674159
1416699
-531236
-213226
-270582
-246346
704560
-1069456
760959
628758
-517990
1547206
-234338
-171042
23747
-32423
5862
-1005182
-174644
474174
-713971
1255718
-285291
-432253
619575
164838
-166510
-841178
-439170
193191
-644512
1065531
-884120
-236999
1360182
121072
51655
-1088940
-467777
-54845
-457821
1309706
-781568
-226207
1044438
43940
-47465
-1095018
-15355
-67134
-1960
1475103
-946296
-280581
548774
-121495
70446
-175748
-134789
186937
305130
928326
-1505619
168841
417006
-321988
-186631
200415
-344392
423657
345010
309592
-1151776
690636
-525354
-327034
397985
128128
-654521
374362
291740
536788
-613800
585379
-448196
-210448
-171576
14129
-603435
340463
-120755
756275
-334146
100913
441768
411974
-1140194
-342079
49474
306566
-128304
620325
-507882
218678
398277
269883
-546551
21377
-487284
248937
252886
624180
-812583
-45166
-76975
70316
235933
400092
-670468
359142
178688
307955
-878274
12778
442457
306193
32075
188399
-833651
437271
61216
215150
-924913
368657
506357
145725
-209957
-157363
-511151
388253
-29755
321888
-937674
98941
-178272
620069
884430
23227
-422748
472125
-428289
125239
-689477
173906
-305702
1040551
349843
-297799
-408976
292863
-540374
324972
-483213
531756
64356
155106
-660010
-455373
180797
159941
-286060
616768
-457955
512493
172015
-110462
-972844
56591
754568
499084
-274500
314891
-623185
380378
87388
190488
-1085244
-92554
899687
752726
-333394
376641
-690381
254648
-161976
-346558
-1345476
280871
399113
695547
-215194
411571
-1157211
526369
-461535
23098
-76232
824405
-718553
351462
-403554
645406
-1060592
870204
-52216
442263
183514
816484
-1368333
469680
-556795
802885
-357924
692972
-505377
251433
-704037
701424
-886042
709246
-537276
295354
-951290
496470
-579232
35586
-77983
1165898
-665416
574708
-453478
45837
-879602
811637
-197928
9233
-342974
816869
-309527
458184
-563342
328218
-56528
885391
-1010601
-378770
-608524
582745
353181
464151
-659683
649988
-36594
44428
-885742
-185985
-300794
1031812
81828
422375
-609625
848289
-291320
-499105
-25853
569442
-483788
536889
-774456
742507
-410133
931173
-209350
-469462
-219739
682336
-488299
96230
-736048
896667
-334705
559218
-519953
-157111
-377391
145891
-325289
332677
-142925
571306
-639373
597750
-710656
3804
33057
174079
-780916
673397
131205
258732
-869553
704306
-754009
112352
555909
1000949
-1125551
528890
-150227
648978
-574232
489655
-635245
883876
65661
434825
-1276395
411608
-590565
515395
-398568
495555
-643456
841926
-668449
-299295
-1169315
863034
-5013
525475
-356641
552661
-516207
25690
-809027
562412
-1244598
927620
-61087
562252
-640096
174406
-87462
331749
-783107
803212
-712882
968879
-456495
694400
-357851
609032
85854
534096
-695707
-16966
-610715
892055
-530375
357384
-383379
612437
-481536
353188
-80515
336155
-860921
472281
-461197
362900
-321258
577962
-621478
474508
178714
645361
-766212
438734
-684153
736475
-51568
477344
-562540
465269
-793213
57282
-657564
460170
-181290
742000
-297906
152425
-576250
528511
-435981
312775
-594281
425069
-39138
431006
-700365
243782
-188610
452712
-284599
993294
-241889
645294
-427998
184242
-891346
609975
-374455
425730
-566540
308464
-75685
899777
-699444
236598
-789076
482619
-582947
632683
-370430
146329
-790262
1104901
-580445
599149
-326122
445414
-566936
758655
-1173339
394294
-58307
614038
-1031860
501646
-257525
598272
-497338
664550
-748436
198172
-372447
359432
-1280123
391962
-370759
739293
-527481
585853
-297267
825627
-1142797
-156736
-487049
449187
-424956
612066
-512083
305212
-572145
895884
-149960
222235
-837878
335352
-768752
557258
-191515
394353
-1115836
-30070
328581
1792417
-687621
309729
-995863
961748
87177
26600
-665192
135515
53149
1025361
-394248
545939
-743616
1329515
-37398
-171903
-687054
47875
-375802
57484
-524995
709024
-530656
1309443
-559609
-179378
-662533
279756
-283438
-210498
-252320
901823
-597788
1123084
-809301
-562429
-525008
771116
-472540
-208693
1890
670544
-796933
823673
-1123650
-30530
-222314
601653
-361908
942438
-367982
375982
-679764
1047414
-972510
559532
189965
554207
-209407
246767
-1149360
263628
-569523
1247770
-665883
134795
-123241
472507
-534385
-291453
-1049298
507595
-464310
790003
-613866
330475
-167483
100788
-628149
-221074
-549019
521489
-434937
620496
-692152
863440
265943
123747
-658051
-197845
-336554
511812
-234360
776271
-579275
201725
-395899
933958
-686716
-227911
-199473
648088
-195079
374829
-740692
-138157
-673520
1329065
-39643
-149739
-966180
568682
-244276
439661
-406158
303109
-126149
507633
-666921
5322
-934035
509473
-245511
763509
-146065
263731
-368019
99985
-1392417
368994
390174
457829
-478254
592826
-596040
300405
16692
175248
-998097
577558
273828
591406
-272388
555043
-761742
280193
17612
-27997
-876414
1104646
431603
717834
439294
929574
256017
1099073
407894
-71181
-1424181
-1367119
-1442380
704551
380693
633612
-81448
825529
471756
666528
-1001046
-1524637
-1477742
564107
267793
578601
-555531
327786
235488
456944
-788114
-1135474
-1203377
710258
336117
663978
-875601
5811
65473
211199
-651298
-877622
-1259414
834756
408181
564611
-1162949
-521605
-411969
409567
-318575
-29405
-931611
720591
494430
818923
-743086
-393842
-638984
333373
-213966
287487
-1073415
513335
373968
769264
-529034
-259963
-932754
31361
-202890
263594
-757025
830329
538058
877800
-351230
14368
-936231
-769484
-1033161
-35087
-662385
1078887
826924
971159
-708621
-284183
-913269
-1473266
-1988677
-185197
-8344
619784
375428
711843
-886682
-531424
-719968
-1143174
-2118434
16003
948676
593926
146341
352176
-963632
-625392
-860997
-932529
-2421832
-123600
1306841
1131022
593227
348305
-672691
80194
-416649
-656132
-2715157
-504498
265608
1313860
930978
333107
128136
1400219
808553
462700
-2144838
-808923
-2021290
1441622
844747
-379135
585135
2821577
2481201
1473319
-1174773
-449136
-3648979
1657187
775076
-1226365
-297842
3600051
3738387
1536150
-275390
700661
-3930585
1877206
994223
-1496651
-1227817
3738015
4152865
1208887
-750517
1087385
-3286433
2007000
1114280
-1633441
-1718313
3420641
3951524
950288
-1155806
1416091
-2638773
1889741
982998
-1736080
-1646771
3569291
3578135
116452
-1271799
1892126
-1891838
1822049
894833
-2005389
-1873029
3632907
3401577
-496879
-1837252
1947998
-663487
1758123
798496
-1971085
-2113056
3495276
3431587
-759126
-2251429
1401714
-247054
1697388
472498
-2030565
-2059862
3137793
2926705
-530467
-1826701
1083097
-301090
1861367
255154
-2320406
-2170945
3109448
2834351
-225399
-1703664
903463
-407898
2076601
459476
-2363907
-2514791
3135117
2611879
-366009
-1520397
1063766
-464112
2144534
527304
-2527676
-2872546
3130824
2673556
-175863
-1202753
1272243
-441464
2297638
731703
-2422942
-3271311
2863025
2859731
210997
-1100885
1019747
-768651
2286840
747110
-2112363
-3228991
2401846
2624183
861879
-691980
800216
-1007963
2294039
535687
-2182295
-2701282
2627026
2186926
1171300
-403340
158347
-1251248
2301021
503629
-2437362
-2732103
2775463
2273063
810635
-604686
-336379
-1065637
2404668
615624
-2438186
-3281675
2422782
2728953
359651
-1125203
-392791
-367859
2279632
436260
-2385922
-3662547
1627053
2799637
342381
-1165161
-66176
505857
2354689
607020
-2181409
-3745494
1406406
2799914
354492
-1037516
-35122
948314
2462758
879725
-1838063
-3450843
1721110
2453690
109489
-991965
-212286
1319500
2186439
1183882
-940071
-2807533
1975392
2235273
206066
-1304343
-528350
955150
1448145
1050056
-299082
-1754535
2408648
2700039
695682
-1309533
-913083
-109669
882661
815017
-70659
-1244298
2244144
2764937
1027750
-528146
-918873
-525723
639569
940026
110401
-1184138
1854877
2341281
1385658
630954
-820010
-890721
393822
929188
235376
-668188
1533587
1279174
1357028
1387175
-456205
-979575
157688
864784
508411
25433
1589108
438289
1047632
1530456
48346
-1114450
237242
1041841
809322
505987
1780766
-188251
491675
1078336
-77677
-1380060
442100
1392889
1431853
1321459
1783569
-783902
-171697
357934
-379768
-1400405
339067
1396830
2098677
1992663
1729822
-509146
-235009
-451192
-783674
-1605138
90859
953492
2095073
2020965
1613249
-58641
280341
-484044
-1001275
-1659082
-101684
723528
1756678
1724499
1568405
-313123
264289
531957
-613881
-1995824
-208682
761579
1791662
1673959
1308933
-1052132
-489827
760108
-2695
-1474098
-179424
615373
1759172
1678008
952972
-1186148
-654974
606418
332596
-979894
-210044
430983
1779843
1559589
663312
-1548270
-890488
629947
631389
-500133
-447467
81076
1624164
1255835
32467
-2527121
-1038498
1089367
1739956
442501
-279500
-43881
1256187
940795
-309262
-2909084
-1490169
692728
2364818
1022422
-108651
73409
1129412
760558
-51515
-2320425
-1563440
181474
2129476
996711
-230128
55878
893105
508877
175528
-1685085
-916559
331877
1652568
637609
45509
223527
776322
374191
193290
-1428645
-239012
406583
674403
-249397
654881
928642
1533810
717789
537131
-1263013
-467647
-98247
-415966
-1751420
842786
1405012
2162918
722296
509147
-1513566
-506091
51632
-226686
-2168309
482886
871718
1884675
536214
219589
-1610186
-193796
34640
439930
-1188053
384002
434808
1518969
608324
166243
-1639712
-216195
-322528
599188
-216146
567341
558225
1160328
65096
-108543
-1805863
-479188
-376661
563119
446321
639169
782892
1218329
-240139
-331244
-1676927
-587937
-714831
-89714
542660
572355
585558
1192783
-60293
-241402
-1504926
-686780
-1347204
-860463
441315
657928
440481
1142706
-144755
-287578
-1050932
-698895
-1588492
-1151852
-183436
589316
279995
955930
-175990
-9590
-736079
-534809
-1319022
-1321370
-559970
447176
259597
995719
146110
594787
-930216
-836141
-668253
-912116
-707095
236297
338643
1131297
246848
1039075
-912668
-1466550
-667183
-495375
-619502
205225
325553
1305263
191128
883648
-813551
-1591127
-1057644
-391709
-795057
71439
-9818
922661
-248419
318129
-981452
-815399
-473645
98282
-878228
264568
106022
629431
-498347
337537
-1006039
-416099
39046
432634
-1380029
284033
243791
858907
-272966
365404
-876586
-251850
-204411
161778
-1549031
791988
760120
1381357
226803
217446
-748691
-95639
-818394
-568337
-2103260
828669
646374
1115408
275983
431898
-575076
-341619
-780653
-374438
-2008211
564856
622750
1250707
205145
748374
-141793
-673473
-1131288
-393387
-1611931
55016
224562
990918
-128350
581868
376507
136472
-986645
-479336
-1338531
-123449
-61229
808075
-132657
378166
212275
730884
-373840
-173134
-1095525
86406
188991
1192273
396778
561540
-317379
390113
-527621
-439546
-1182360
-13814
162728
1321416
531371
516873
-241492
529537
-596995
-657823
-1216253
-354276
-264885
942844
201370
125849
-434474
489885
-91284
90202
-771630
-138382
-414886
581272
-351522
-163923
-897997
-13021
-182939
604816
-119916
329324
-136203
264366
-707187
-2565
-774755
-32973
-739784
404752
85350
583340
302064
438464
-463675
111655
-881019
29089
-760088
174985
-69239
419568
417099
806599
-105607
459586
-237982
272637
-1020937
-176544
-418390
187573
231226
915296
170779
653702
165544
975198
-793967
-279177
-644026
124544
91786
767242
108563
627992
-289357
870237
40876
328924
-734803
68735
-194219
413845
-24956
708868
-663332
-408649
-590798
974015
494844
9020
-449874
121850
-319263
906139
-336046
-694429
-1271248
199401
1234015
87337
-269989
251748
-202801
1654532
194359
-823617
-1868846
-872152
753907
3906
49778
593109
89976
2363653
466958
-803871
-1641730
-1098658
-222205
333158
509631
1234682
501654
2417480
147984
-1244176
-2085329
-1217552
-754909
426787
690470
1503031
301033
2081852
-346908
-1880569
-2036479
-363021
-755063
328907
445725
1365663
121178
1645825
-568435
-1617525
-1573277
-17898
-447049
472703
262446
1216624
351469
1236055
-697971
-1153646
-1149584
114298
-339529
901484
412165
1022992
545797
1476848
-417959
-875012
-942019
47286
-538226
811634
291180
858902
344119
1499551
62416
10907
-361725
-3575
-824764
648774
331705
970492
430972
1069786
-417267
295294
34881
222274
-990975
863319
603994
1149862
558131
680272
-911848
-211474
386393
981825
-1384302
879956
683953
1446620
851101
1068032
-585919
-891639
-69462
1147137
-1290658
840647
601364
1613935
1095523
1256643
-315614
-742095
-699876
589574
-1056291
901977
417365
1293689
706190
1143139
-128578
-392547
-684642
15756
-1420068
866350
406182
1220521
504902
792737
-607917
-493231
-908416
-521188
-1136345
-17330
130610
-16798
-252359
-613998
-364630
990737
799611
-84233
-237372
-152176
170696
549668
-211865
-189731
-24714
-416917
41905
-204853
-314229
61856
110662
270685
-111456
84469
378430
-283537
-450095
-117907
-316136
102560
77420
103223
309839
21804
-213671
-351501
-380341
616269
301802
-57636
100387
161606
532030
110866
-556873
-734472
-139504
227788
364008
-53321
-114685
-215263
77629
90429
-260407
32934
414323
-54176
16805
-34395
-141355
-124992
-343245
186367
421967
74371
-73052
-193264
-363898
5881
96295
368045
-166073
126405
1072768
413182
-595815
-1021576
-318768
-139351
32860
434286
238085
-374180
408722
663233
-684815
-1076993
169694
295687
133283
-166569
59196
-260598
-218827
-7216
-891042
-703676
410551
336533
466032
-328656
-418766
77618
46311
-195230
216695
39020
-8417
-86822
283374
-308354
-112531
-61083
335515
47030
1018931
344132
-19063
382671
431726
-874739
-1091952
-325050
328070
-424786
1295472
1156899
902382
285431
877278
-448963
-2055946
-307305
930769
-756246
830793
1354971
1013323
88742
922778
13538
-1370184
-364019
1093097
43307
-862054
518632
826622
107852
653743
104885
-468436
16870
842371
280694
-1155806
208221
-92236
117819
305693
-154107
-202104
539675
294836
-116540
-937634
689977
91575
205887
318440
-433616
-512234
822614
628213
-185666
-1469018
69490
853319
110539
60691
-17140
-327656
370421
321750
198871
-220403
-441064
-364472
219212
-245424
40159
508972
-2722
-423850
356304
230035
-206668
-680558
157699
179175
-213196
-60163
147579
-142968
129459
-270067
113803
-110698
188994
647791
-31902
-541935
107145
-39684
-199402
-20463
591527
27465
106199
390000
-166179
-364447
363936
162832
-68093
-206015
380086
80110
-102081
209782
125326
-333004
63507
-19830
-252331
-127084
323614
48394
173798
131727
327356
357156
-473736
-909419
233319
793419
289161
12067
259799
-88001
-489819
599617
10568
-1023161
537849
1071639
-381148
-379521
161649
106155
-356135
-607736
204683
180042
516922
117728
-354965
-511842
-56046
38250
560110
-698758
-256853
973286
515456
-546862
-360627
68119
-70294
160165
685848
-287001
-549637
774906
508486
-1042170
-581898
244815
230742
361509
87584
-256307
142996
-96040
-110551
-903778
-245181
925647
37553
69003
-240842
-98480
601513
-495852
-217800
-41420
34222
1176764
-319734
-255967
19906
39448
96680
9409
240478
476998
-204175
56589
-394899
-697979
-113115
464504
62724
404779
94383
371322
-336277
-620187
-402731
-749049
-433773
17338
116914
-82448
-5871
831335
215991
62619
-195781
-166589
-93605
259949
402403
-767244
-552115
668571
268927
126419
-98420
-140930
-43600
1034973
378679
-1065717
-559282
555703
563593
15638
117259
-107899
-514930
532539
473975
-629968
-710960
401949
699153
-336347
65236
-420005
-664256
527845
801382
21484
-165542
96794
-323321
-396384
-215428
-681151
-63624
909849
284360
-61250
151941
171966
-297917
-278472
-367551
-579149
576187
639719
-145797
857952
362539
-817330
-185513
-17662
-143882
-421950
3368
78047
-103939
355957
429812
37941
-5660
-142589
64485
205633
-147742
-174229
408449
-766013
-647199
976608
466465
-717129
45515
83332
108729
63158
267164
-257004
-481381
89283
63508
-28257
86283
-378194
-36158
414720
383157
450526
-324334
-824715
-380791
264800
-10904
-196143
194333
481299
221480
-217651
-335990
-295431
-118441
311897
-40913
-80740
249813
523575
-139796
-524572
-242107
-243428
362388
111905
92345
-41226
37877
306618
281509
260786
-544868
-1385915
-1877
228900
20872
460180
377712
-79507
144763
222772
-668057
-758504
217142
307544
18570
379864
24760
-324939
-414046
-305113
504819
709625
410140
-84617
195059
113950
-247232
-370249
-428331
-477495
499939
1005101
-88613
-783611
-201998
97760
296911
-39228
-8417
-156425
10371
1042796
168628
-1115514
-500967
-69835
199570
22642
157109
211042
614558
1005713
61743
-487884
-173548
-264420
243513
546580
-167561
224020
210283
-801515
-408004
681149
433893
73337
-11696
369808
-144466
-428149
-122613
-1042901
-736834
837540
194656
327216
-156090
-572881
-8916
-41510
126018
279352
-340977
126617
-225546
90762
384219
120838
53489
85395
190521
-192989
-856275
-97930
-11916
-22609
615724
297842
-330377
-133837
225714
230724
-302408
-847457
164782
90492
66170
-678724
-613052
627629
502842
390296
116535
-1142588
212576
263712
-246721
-460438
288304
416262
311436
-7606
-420939
-647077
81067
51603
-423985
-218041
893927
-305322
-818132
178357
231598
550332
-200581
-143395
-240030
-379334
581145
267520
-1058198
-66786
666939
371228
-411530
-348879
217221
81677
-1024
584904
-71245
-355701
415038
-339204
98808
87273
128743
369951
-111312
-175354
97989
66226
68955
-566004
336400
373845
-27922
294686
-50224
-945297
-857378
297014
432862
-68621
-81517
68215
316503
57326
-740930
-367248
120042
114215
504322
273876
-51991
-284458
-12390
25540
-550762
244318
1120234
221796
84155
-281327
74405
-49693
-20245
73863
522233
436744
-29794
285590
-213781
-310588
-190888
198937
277577
-398104
-101874
481091
-256327
-446741
-236947
270687
-45724
12360
-1089
-276037
-396234
242783
694780
-574439
-408919
-18481
134240
-199340
-259178
189360
-123953
-671640
259685
301321
235363
380912
212117
-68509
-62826
434072
68462
-833280
-468797
81360
-174760
496581
-332280
-431441
-60026
207576
187233
525747
470166
119891
-42428
-357900
-253239
-175721
227310
99227
-71568
-175332
33235
169759
210934
-283018
214782
441303
269024
-126615
164081
-123841
-860623
-630819
-345669
117022
414297
580665
-210266
-111512
18836
154740
217222
-488127
-561253
363427
108520
322872
32505
-26275
-177701
-226043
403026
401135
-416498
-39668
-275318
-208375
101305
-44414
-149326
550755
165136
-612499
145751
457491
-141317
-240729
-200764
-63241
-115010
27965
483917
42126
211010
596392
19382
-51451
-249203
-9374
136021
-643922
-467683
850574
865151
-175531
-8691
33790
18778
-65180
475431
145826
-574456
-552701
121326
253477
127185
311115
136717
-516450
169278
850128
711874
-859762
-1901573
-59753
113033
489249
-192288
-783934
319487
340486
180504
31396
-664005
-515744
-177337
30731
-421106
-601483
416072
454087
43593
329350
418073
-111717
-408022
-378871
-242685
-75151
301603
447693
-140612
159614
957944
-255262
-380891
-167532
209443
366859
896439
314212
-728407
-187528
538423
-455021
-66509
-111569
474845
609942
93926
-113687
-103687
-300447
-599596
86437
500752
13682
103584
508393
-465493
-771169
-325607
-569399
97550
860906
483156
41332
-396324
36112
127940
-344161
-127854
116166
641682
739174
-22651
-8707
31213
-63866
-164936
-187956
263146
450171
344126
311240
949
7775
181171
177651
-636831
-695040
155798
538404
253931
-152187
34812
-133333
-30137
133565
326107
214544
-909350
98659
487290
-409035
-218613
-195622
251938
285352
523982
608199
-771329
-806711
521136
606236
-54016
-102120
126502
43567
-141593
-58008
286783
-198495
145545
422828
160538
-6407
-224280
-291427
-142854
52768
648606
944307
-301085
-1143018
163025
215958
42766
226627
-28189
-432183
344739
409085
-393233
-802546
-43968
-62944
123164
407995
220195
-349997
318180
237260
-1007589
-1149239
276500
-161545
-83695
-222132
-308989
-619349
429423
560566
56951
352613
233787
-300584
410295
65394
-293628
-460214
-845600
-656909
608174
452684
429900
-403824
40119
230360
231826
90447
-730411
-1019328
318553
543806
456752
-298439
-282463
307575
311531
-608521
-120784
-780389
457621
1248331
183380
-405913
-341696
297730
520493
-564891
-350372
-656827
602404
747682
254407
-399726
-352442
-113086
510081
-163978
192547
-303365
-170824
112622
388624
-601852
-498342
-443825
78105
410434
465844
-355312
60737
383039
480547
-196897
27372
15051
-93011
375353
401884
-914002
-423160
-69092
273317
-354753
-416982
159313
-269975
-514299
812357
-18293
123360
494709
289196
-324321
-571291
28886
163433
-1295416
81943
120053
656298
355844
499030
-72475
-685094
-491031
351589
-827237
-157264
538165
1714223
-111208
-287993
-97510
-148413
3794
499801
-859272
246673
540285
2485902
-1163337
-272409
-326728
-456103
-72300
-3847
-772444
373879
-324344
2752201
-795830
-242229
-432491
504437
-170212
-417830
-622854
-30275
-1203222
2457979
-784551
-561171
-1123806
1268354
883348
-160373
-1393535
1053815
-2156026
514485
-803653
-411362
-1553701
1351067
2160710
312143
-2470002
1273930
-2158908
-463746
-964048
-598266
-2100973
1065961
2493157
544448
-2470793
664038
-568424
-818705
-869431
-570486
-2092712
1021756
2526880
332472
-2573737
390586
-165260
-1627276
-84158
-499795
-2382542
1196037
2562042
-251744
-2277764
759157
833435
-1726109
-1485956
-506803
-2356330
1235021
3238212
-349141
-3380921
532751
1780437
-1172549
-1736759
-589685
-2186240
1002773
2611860
-228563
-2681879
581088
1097952
-1071247
-743801
-716783
-1902857
1504542
2018783
-218493
-2369318
88261
1129275
-754693
-612393
-684617
-2267267
1419984
2342948
-292534
-2152335
320327
1147186
-1074633
-464233
-874767
-2705870
1412709
2553795
-330468
-2005654
277761
1067551
-1434369
-529648
-629557
-2536158
1337968
2909134
-549068
-2443713
193399
1497042
-1275142
-808135
-658231
-2627363
842494
2640067
460298
-2332937
308506
1425121
-1347837
-1172370
-699680
-2613964
908801
1862574
228774
-900779
-239752
511321
-1661316
-733131
-782776
-2476796
1409946
2191434
-675212
-155730
-403781
255327
-1558604
196016
-788092
-2594348
1096466
2960127
-527631
-1068713
-433099
337840
-1537862
136671
-637242
-2385282
679904
2586708
92459
-1466298
-980450
1137581
-1320171
228210
-589646
-2523155
276763
2731475
696773
-1437998
-1731664
2039496
-1122733
-162808
-718747
-2856523
538549
2649026
200422
-1260721
-748788
1912332
-491318
-1598552
-529375
-2622146
236241
2782901
178400
-1162650
-554335
998984
47892
-2674880
-394063
-2337002
-114252
2452849
59417
-932191
-997101
1220641
255267
-1777891
506
-1468585
164299
1820877
-69034
-1126302
-1618217
1108646
159396
-1105347
73335
-1025438
216128
2141302
361384
-868523
-1339140
172669
-112778
-1329707
206543
-1021233
37901
1169089
31541
-317862
-744356
-337587
155653
-1085869
423218
-891895
325070
412155
335229
583697
-260729
-1006076
-572941
-1754212
295837
-900385
493023
560044
-356394
339367
418323
-805747
-693754
-1135776
374347
-404654
834265
378472
-983984
546860
439732
-1139713
-506096
-852222
599541
-263406
454491
-528354
-827732
519205
612864
-724589
-480652
-570872
768934
282517
298907
-998024
-559019
-194560
-762414
320452
331602
-929166
664866
418847
544087
-615346
-697721
365664
-502780
-660779
-370343
-283701
759250
170701
268504
-308534
-1010472
594491
423189
-1313059
-636308
-21378
695243
297450
323322
-510520
-811842
607418
362148
-788259
-610155
-445018
699288
461603
519824
-863579
-1018594
-307367
770601
-190509
-188704
-200258
699087
465201
164245
-1152589
-784002
612095
1127864
-826776
-635587
-437442
606544
760254
360273
-1282944
-1034296
737383
1046781
-139079
-888885
-370667
364603
611543
354909
-1327133
-1101492
376848
1582097
1346098
-577596
-943270
510174
163806
-98893
-1189982
-1029276
92241
1520649
1312607
-785616
-981440
450619
41367
502987
-737393
-649262
638152
622130
224127
-348843
-1153191
346773
-194305
560125
-622415
-355148
570450
832459
-151847
-194538
-229762
641537
-277258
-44816
-695413
-433357
181752
1110294
-1120715
-555811
462454
924433
-84781
-109103
-676468
-333698
-84843
300070
-1258501
-756989
599924
766689
314930
-123391
-1400076
-375760
400139
273959
351086
-262967
-669462
297679
-99553
191316
-869872
-453787
628251
164617
145313
140341
-794745
627691
-195510
66867
-243744
-340657
185754
244449
4436
200515
-934880
596351
-209615
-351887
-780851
-719960
465497
294025
125303
1551955
-506281
599457
-7749
-442898
-874881
278
436667
-32137
-156669
537781
167085
368235
-298622
-215519
-341474
282583
30890
-1000407
-34453
1286878
1041716
312887
-386549
-26283
-336363
-477796
271949
-557133
-663357
1385643
863949
303613
-458936
263218
206035
-1014921
123809
673962
-916012
898560
516256
645239
-98058
144393
168057
-944893
-665975
1014188
-461880
323777
454206
698425
141266
-23788
-236645
-561711
-842329
461497
-412014
883860
618086
498133
-204450
172229
-135569
-614299
-552592
890870
-778262
260606
983601
299800
-327245
-43919
-143286
-578641
77642
1658216
-501289
-365156
1056038
586454
-22045
-355762
-98250
87437
307291
244718
-700734
-355295
448759
164661
-218530
77655
-369744
-224480
106266
236763
-969208
47377
1049479
482621
-165340
-78295
-292304
-448049
-651847
745235
-872971
-626834
1024404
477660
-308963
-453182
70786
199884
-761008
278263
288270
-64082
1036718
659688
31110
-139675
50406
306515
-966037
-706438
-216759
202421
596116
408885
-122921
50322
-78195
479792
94260
246530
-645649
-157901
-32153
301659
-34634
-94350
-400774
-68126
162909
-2221
-220332
342553
365816
707237
421372
136725
-408488
-9454
-266547
-718479
-730393
-123407
552970
663736
414414
-48018
-822086
358504
126900
415038
-768865
-12425
87378
329005
41236
-6892
-243729
146740
-402512
561001
232697
295158
-221187
-24291
-432552
134138
-209350
29236
78965
176666
-142573
526406
-12514
182962
-474309
-165643
-160528
320163
-105041
220340
-118745
388811
309429
408160
-214477
40089
-497613
380736
-642662
-487333
705580
909990
-632300
448070
-209827
192748
-271112
357215
48925
-625305
-597018
268626
-209670
392976
-128994
443772
-368956
-232683
448832
202880
-106902
-1111168
-592810
412511
-232182
478173
-399902
-322688
62548
208313
590472
-20316
-1070552
160018
-462718
511319
98211
-245592
-408200
-614115
682759
1690172
-408741
259628
-887533
578153
622696
-627167
-555681
316878
141197
1175611
-44591
566009
-674020
1018400
779982
-648112
-999712
-676747
-328588
1312374
88329
770362
-516652
650636
716630
-922992
-1095420
415799
145187
-71722
1375
905271
-220059
243294
556085
-1447511
-1653858
332119
190635
224170
673058
730601
79453
-89740
-8722
-766476
-656749
215231
612763
215920
340829
271499
-214363
373510
-124454
-807026
-452435
422630
864227
65571
-405834
55618
-214570
500561
-36106
-809216
-695147
460242
346405
-147750
-804058
256065
-74350
212141
119914
-551521
-206170
-25407
-498363
331052
-986854
153848
-186126
275608
-80729
-195508
651330
339141
-974836
-461627
-390325
301830
-112592
321533
-68581
-726171
-532412
1165785
-136354
-1114316
32775
441845
76882
-36046
-583873
-729110
-262713
1182919
575870
-916141
-1538822
374684
113709
233568
-307095
-355164
-696126
572481
255705
-739142
-855247
226085
34265
341721
-170245
-262008
-482673
85621
-372706
-620086
-129017
65081
247431
160677
429174
764240
496444
-580975
-383838
-902548
-419135
105421
-31876
-261757
168989
-128192
476768
594262
-176270
-154590
-437846
-16755
173923
-114666
-68245
-311538
35631
228459
58111
-395575
-3854
-30600
351331
-52332
-478250
23538
142687
317426
110026
-894992
-166504
12598
415643
-67738
-599635
-233378
137467
392027
73133
144582
-707262
-15323
461650
224952
-217176
-247218
9193
-166340
86186
181419
-481989
-11002
346273
222072
383309
-371851
-91646
-214294
290964
-233305
8071
77556
332772
-102656
261012
-520689
-708010
-676998
142636
195172
-18474
245792
632656
-55696
-6188
82145
-429840
-872869
-92341
-194041
-172326
-396519
237353
90605
-485790
-97599
-54861
-351582
88076
-66299
575004
-362595
4788
154744
-153597
-232898
254669
-248113
-915820
-87080
468273
184281
711041
238791
-15617
115621
19393
-196983
-1784001
-187939
-649560
-123914
637283
370941
850222
470847
900680
494269
-1499125
-632320
-1618002
216685
-88603
-5709
1219040
509541
1562457
747202
-288953
-942679
-1397006
586354
-207155
-410408
135250
1187262
1084778
298235
1155692
-1069107
-206831
747478
159851
-832188
-796553
1097854
1002238
-212143
1189642
-885913
1174829
739088
614006
-850038
-860755
700717
1712970
-753349
1173224
-1314170
1253064
544906
563720
-887962
-669616
484533
1530236
-985042
1591697
-588195
880754
792143
559066
-1234273
-608802
976336
1598796
-1442956
131007
500503
931873
705369
855998
-1444698
-1114045
1289433
1513187
-1268625
-130136
265668
911287
573442
431435
-1055718
-869990
1105171
1262298
-801509
-63837
16067
661176
614405
99127
-1103245
-824140
997902
1324686
-472208
-276865
95530
310996
864886
459103
-1133615
-889317
914195
1144413
-557194
-187978
197970
30604
863559
483755
-1440436
-803100
980181
1196514
-513037
-185990
508044
56644
760867
811939
-1761175
-1224155
1301225
1505897
-604646
-344270
695085
-465179
818544
1077554
-1057183
-1505153
1189353
1169860
-423014
-413148
926707
-764053
684194
471190
-1104409
-447239
523147
866617
-233119
244670
250787
54995
927672
668958
-1829359
70749
248545
825241
-358960
402746
-313672
19199
881059
676088
-1759053
-606415
554588
558667
-103019
140054
148947
-50744
616338
534544
-1270634
-1373879
305780
1300967
-91741
150319
105149
-13138
741788
782034
-1039650
-1401672
237067
1538748
-305664
-123133
291350
-255787
1096944
974141
-901425
-1154852
822623
714017
116037
-1202053
916445
-294311
825565
1365268
-854858
-1043459
870392
193748
566963
-1762064
1327982
-287566
345933
1314198
-476316
-273554
763875
1218921
183230
-1223694
291432
-441055
3460
815198
-574579
-551492
592394
1723010
326243
-289071
-107886
-63886
-3374
1069406
-605347
-993595
596969
902612
526952
-146544
-118175
106021
-141726
818340
-165821
-566303
484840
378542
1081381
-6693
148136
46971
46344
672386
33430
-360569
432413
-395968
523107
128695
839485
-316667
245232
870998
-252244
229232
620913
-548452
259022
46459
366530
-362154
404968
840863
-371825
878367
224357
-1120992
113800
387115
-213156
-8394
194687
585808
476468
1007435
469088
-321537
-240864
-340349
-246645
-70247
-277071
-3748
545949
723584
199178
839917
99523
-311638
-230173
4977
-277457
179196
88102
675855
95114
101115
111272
550986
-169076
-310166
-224168
479884
99118
684342
81466
-736866
210008
684038
182478
-380149
-150775
201797
154568
600065
177867
-454625
-308726
415214
171602
-97278
-106411
-12373
273818
314847
460885
-630804
69316
518729
-26651
248590
-391780
-89362
300807
441724
-164045
-1258846
112505
818976
470836
619347
-437945
-298898
24569
680248
-492781
-965539
-409479
467038
785313
688324
-206691
26842
324348
671932
243979
-509334
-1151868
-130374
471613
328000
-398454
-8008
178402
647162
391037
-119694
-722016
-166329
691776
380807
18386
-55452
-31648
429520
-94722
-282191
-324666
-473955
567065
152203
542125
459023
577887
532486
154280
-590388
-560534
-439096
-133283
-969293
260283
733853
358767
343706
448329
-973690
93546
456526
-154651
-1316525
-401030
285156
205907
140246
-72728
-521817
-69451
1002516
462706
-317926
-375589
6725
253944
768714
-321137
-24417
-426923
226920
165515
112248
46052
312864
-25603
443170
-334712
-339951
-522608
217381
285738
282284
75323
403234
-234676
258809
-365923
-558689
-478242
-321707
-128104
1208559
-169870
322195
187641
815344
-200504
-496256
-154579
-688829
-522266
827066
-197392
156675
413604
204938
-356495
-67288
-518481
-367816
-682784
475249
-25903
291643
488679
14990
-533716
488868
-155507
-214296
-854489
-436818
-83111
220839
204390
413769
-153877
-35614
366273
-178717
-543161
-323656
50022
460669
-16193
418970
428920
-692579
-231689
-111253
-607316
269837
-272713
352149
69742
-22987
591818
-367896
-556348
-256578
-399899
176688
-418895
80871
-40056
-328429
355976
68148
85757
-122218
-2664
-450272
-171125
72703
-336160
70209
499567
-411645
-77947
521707
-220876
-455509
-46678
658687
40503
413997
343819
-341228
-690916
356798
-789032
-176313
-17144
607176
163138
471728
-566661
25601
-487807
-73283
-362969
-694044
220243
246395
234257
540314
-123153
-204440
-146811
276934
-187532
-966722
-227465
116719
120312
121136
408025
-81798
-565037
657958
-449856
117535
-272743
488496
220628
9386
397231
774720
-516087
137397
-932123
-393605
-401569
95834
-98071
-321167
-438
614356
304528
425722
202703
-714550
110477
396349
326722
295909
-33747
-423003
-104472
-215965
-250929
-143110
-123439
292964
208535
549243
-20532
409417
-142752
-34536
-749422
-47895
-607796
-314358
-70860
68468
-630675
156828
416177
701480
261419
-43344
-493942
-200725
240118
-260344
48933
-516985
-130071
235248
449742
-342252
-49365
139693
-100870
-22238
-3926
-63156
-367863
-235274
95967
-100994
108428
431799
-158438
300026
-241144
-302303
-21408
235947
-638413
174099
13747
480396
236978
342513
102690
230755
-393917
-129015
-617278
44287
-99716
205856
279427
114052
57754
894926
347127
-525430
-525204
55777
-139696
55112
25356
241339
-448300
138619
326778
564711
-55759
65781
-209482
-68346
-126485
488050
-409642
-340516
-972686
741822
773081
432194
-244911
-303819
38947
177103
-102002
184952
-630298
-489757
25890
1083776
-121964
194011
58744
276088
333388
270661
-307447
-728125
-676828
484868
112267
522122
7000
335836
817848
165081
31576
-1068829
-1112289
380641
171002
435402
-32900
65116
315330
135541
-122292
-656320
-499792
147037
100153
695571
-287809
115553
708400
-136941
-889020
-378234
1403
-453722
-608144
514853
-486691
-20854
736860
178730
-312984
297466
-248510
-108193
-430708
529499
-49254
380060
315582
329146
-621346
16673
-623979
39221
183518
375931
336
585937
604022
182438
-606200
-268554
-314011
-272230
-29133
244376
-233115
221029
847409
290876
-40389
-270715
87510
-36332
-144352
362533
-190115
360377
-201554
-215
729198
-268970
398070
-120476
276331
475158
14018
455127
-271234
-438810
-34876
400332
-4553
-409475
187064
345088
232057
438120
362281
-168280
-775812
624962
46639
-9427
-110371
267123
374969
650173
543961
139631
-915161
-428324
482839
204387
8844
110397
182383
88968
525323
148016
-608232
-5684
99974
-16313
72065
216905
-13129
-3589
32526
-42753
-679456
133233
312649
377311
465082
-682845
772264
-444026
901264
-298709
-108947
-772783
641202
-443122
583535
-773682
481325
-384739
562052
-475444
765609
-175824
718362
-612101
511441
-864880
769347
-401732
157023
-696167
786149
21583
786722
-640399
514557
-863804
911805
-617087
195960
-316774
807308
-290644
372652
-843109
582876
-825238
848766
-811440
342496
-277353
1095513
-672396
636889
-766375
539003
-674620
1023870
-572171
577525
-541661
581778
-1137800
1139930
-734816
529414
-664583
998520
-363938
473779
-917104
444324
-865228
1256704
-646060
566558
-861415
674908
-346999
313994
-1094884
484528
-477160
1639522
-860174
603508
-829127
620112
-391253
408520
-769894
490560
-443824
1381035
-1390739
356691
-795346
885071
-267320
417709
-535534
1183557
-276057
824402
-1682999
188107
-829153
1067675
-87034
235250
-843215
1367924
-1026301
368049
-1591365
256915
-513607
940485
-477751
421847
-1085591
1480692
-1901760
874523
-2086500
-325214
-140903
1267636
-48489
474227
-960342
1926371
-2565304
1514552
-3556781
-528466
-128345
1134016
415868
7850
-927149
2445040
-2961383
2387667
-4328225
-494074
-74997
1181434
-287603
-469687
-699804
2270456
-2317161
3292353
-4193174
-519402
-15029
1557030
-1173894
-816098
-501661
2615258
-2372548
3226380
-3225388
-515196
205938
1912881
-1601108
-1101919
-221574
2987509
-2532931
2192639
-2128000
-579124
211258
2206026
-1631971
-1291321
-54423
2899342
-1990684
1573830
-1596611
-466987
334920
2009334
-1796271
-1131223
334716
2289719
-2248689
1161769
-96518
-394181
466073
1826891
-2267394
-795065
912288
1960334
-2273209
618434
433751
-278298
187438
1970546
-1946956
-741939
572582
1822876
-1527944
152890
332331
-252390
-130970
1976171
-1758420
-609933
412142
2011057
-1578742
-368567
623620
-215998
-41297
2328462
-2150325
-685539
351933
1771047
-1404504
-386142
958169
-29245
2362
2333217
-2292379
-545978
478703
1828290
-1385269
-378958
1215868
-135107
-12034
2224071
-2600982
-68722
878600
1296484
-1719037
-399438
1301702
-188682
153374
2597891
-2830933
28578
566682
877865
-1607874
309577
1190115
1792
64810
2564403
-2200308
97940
-319082
719003
-555864
234075
1096855
167585
-20996
1948810
-1898279
45868
-654823
657336
200707
-194538
885414
242376
-198304
1870299
-1770903
-373523
-251723
754018
762630
-747928
1203072
61673
-364271
2231980
-1534168
-1051597
371693
1031903
902300
-1579921
1186951
181725
-218695
2548807
-1722740
-1395302
875313
754790
776624
-2360999
1418965
464291
-135305
2382962
-1868062
-910471
623407
104586
673903
-2244738
2027185
537827
-51487
2353930
-1995756
-651445
190045
410083
532396
-1617034
1806511
494132
-96107
2291186
-1581849
-585887
403009
580770
19766
-1294355
663450
208200
-447699
1833380
-1462450
-677222
997996
505951
148477
-1030849
325124
-87020
-353793
1501001
-1855272
-431721
1267937
15462
519782
-992055
478603
-373919
-138858
1542768
-1572090
-38088
888463
-258018
431856
-791356
716375
-369105
129174
1427920
-1669304
211638
254520
-529913
455021
235921
541691
-111598
296226
842723
-1944522
920154
121527
-669392
119308
612323
-4627
72967
106096
151616
-1376345
1308469
-643654
-357532
474856
428255
-273715
53214
-97560
338968
-696113
1187248
-550650
-130767
-111072
343809
-266465
-9312
-574914
533738
-537926
806952
351964
378904
-825292
142032
168472
15649
-554756
386152
-764748
865731
269022
-59828
-157570
608892
-291655
10987
-217712
343870
-912918
757423
-3403
-318389
326886
819891
-505000
160088
-330262
53876
-806862
808023
362269
-243239
-24577
573554
-500703
299628
-521993
-28794
-770381
1248868
447769
-290296
-348131
179785
-248631
318665
-620100
146871
-701894
1126900
-316377
80820
194364
228902
52267
345138
-921091
39751
-476471
1154188
-316467
426629
-546875
-20034
225550
250196
-834111
308779
-365511
1382774
3758
-309723
-1434470
-244577
724459
83972
-543391
606204
-427975
1319061
67286
-483407
-1392773
273167
1017140
342901
-565305
346907
-671976
1044679
-159722
-211463
-1154795
445210
935317
572531
-642786
564062
-764582
939432
-343597
-571749
-1142769
918697
77384
471291
-672600
687105
-1020593
1295859
-663280
-62717
-194018
1332887
-940673
218832
-866521
788867
-998792
1545922
-552447
487776
935
1230844
-1319449
349258
-997129
907649
-410894
1395433
-834958
305447
-840352
837764
-855365
599926
-839540
590217
-857177
1220170
-848455
95385
-256156
919097
-898772
466524
-816190
435854
-781189
1261885
-590928
49683
-351099
669782
-616241
411301
-877411
737685
19217
1182572
-1111561
15113
-529929
355566
-458482
421647
-956307
1007501
-83025
365497
-886639
209940
-207093
854354
-759931
497329
-803035
1167108
-561996
-62885
19409
657514
-257621
382396
-1529950
689707
-729843
1165077
-622492
101421
117101
522435
-319242
281260
-1386100
808056
-731754
847031
-886884
371381
80024
5669
-435717
608229
-798898
500737
-1016562
874278
-993481
532604
398187
87311
-951023
1023807
-555071
296666
-1132674
973895
-1001134
695309
608290
712726
-1330523
1079975
-920196
573876
-885771
801747
-878187
1268943
-78254
323933
-1392587
1294650
-1222820
556973
-656283
830959
-732041
1206050
-848481
-169078
-1321967
1535514
-727076
447190
-681337
796265
-565467
373627
-856299
674044
-1234822
1635494
-665771
565477
-827597
542012
-199424
506487
-685756
896914
-887492
1597982
-1199422
500295
-769700
847382
-201326
626685
-515119
437796
-730596
1474879
-1024665
358820
-648050
924322
-614639
466762
-173347
650702
-987629
767564
-869017
353679
-693446
698257
-772428
616849
-91500
930283
-646414
796182
-944392
724096
-516903
589124
-649511
678204
-1065412
381983
-611469
896337
-529800
723677
-755765
386399
-481569
838336
-728687
568047
-612424
700928
-495982
387420
-1150365
405190
-293039
603237
-477125
1098372
-261610
989520
-721385
252076
-1132499
835434
-468959
711901
-838552
465189
-327030
1059739
-1020061
360286
-854952
806876
-764883
945723
-691261
423800
-980153
1110003
-1122754
589429
-456946
720507
-695601
980143
-1345753
835984
-403337
595328
-1367856
451874
-430269
854681
-626435
846857
-1037962
719764
-578100
374722
-1395199
361293
-604526
877867
-712011
854309
-601135
1208507
-1236766
84663
-613064
414408
-688621
782938
-803010
636934
-867365
1126832
-342832
549979
-811603
388036
-917367
786286
-588830
669131
-1116355
295349
13536
1506351
-766729
377911
-1060071
1225081
-595919
340482
-492765
407887
-241392
527133
-605513
551206
-820746
1556857
-967050
152205
-240988
560275
-405566
-392656
-918835
651525
-659326
1549629
-1489388
269715
-124593
624740
-495798
-318203
-616245
707667
-927157
1347307
-1772115
48832
166492
1183588
-653128
-39162
-382871
590019
-1135948
1214751
-1823007
592843
335987
771848
-818410
988136
-738119
323709
-1070290
1259249
-1566516
1140461
576824
826592
-649497
358680
-1267246
320448
-859730
1320369
-1140633
759822
142560
607311
-898350
-167014
-865002
616792
-667084
904132
-1032971
899827
37378
218599
-900106
-124306
-273155
628811
-651738
727771
-1086846
1261769
147794
214159
-758492
106853
-2758
537589
-525186
788060
-952707
663218
-359052
919409
-849696
347068
-33124
672248
-475401
494131
-868571
353470
-579117
1026868
-672854
599936
-594401
609749
-596451
523052
-633676
729024
58516
381741
-1206954
704309
-422551
533501
-656792
784524
-374752
712458
-145557
113524
-1711525
970528
628837
563113
-785414
656419
-824526
738013
44507
262261
-1160432
1112092
218496
696367
-644202
595881
-989686
789221
-96048
131393
-701841
1467391
-12268
-660625
-596882
-681887
-304602
-451423
30143
184992
1029788
1224906
825859
-678050
-580294
-663642
-257989
-725521
-495060
209784
1449947
1665863
1018529
-612385
-422176
-265348
180131
-514784
-489570
60110
1273024
1323965
639551
-690064
-434116
-143367
359564
-172418
37214
303656
998598
787080
317727
-735294
-450603
-50534
649588
276851
408715
172271
473096
390494
263317
-736568
-476828
-121433
691967
439518
437404
-261579
-23948
221415
549601
-569831
-395855
-167749
692230
441072
410338
-148557
134152
204748
342878
-757886
-638953
-513110
255109
94936
327466
380370
943636
708692
303195
-927555
-824367
-467850
452974
478015
969091
1277685
1646717
451861
-698695
-944956
-686084
-138033
701949
490059
1095347
1694505
1946079
-70787
-1470515
-705273
-410988
260923
1070617
608284
1080080
1628293
1548791
-702141
-1886534
-794220
-330580
304322
609570
51991
630996
1209379
1488583
-509554
-1227221
-1379968
-676073
253149
140139
-891070
-239414
624038
1352908
84859
268203
-1462737
-563457
325085
-492197
-2410492
-1747045
-347325
993276
487971
1946622
-1511417
-152196
927004
-804702
-3640255
-2780497
-1139588
631353
503854
2913329
-1717793
29055
1342961
-822056
-4288555
-2972489
-883888
705367
324616
3173336
-1837109
222656
1774702
-531713
-4195022
-2502092
-306260
569812
-240085
2632786
-1826077
342498
1908274
-534412
-4203841
-2136447
379543
665871
-419474
2155159
-1664559
617084
1991954
-533531
-3888569
-1624808
738941
255789
-752529
1874606
-1567530
760710
1984981
-666731
-3687597
-1288232
1084678
582321
-681330
1415586
-1436816
783639
2077975
-229789
-3282776
-1205108
1008311
629861
-546855
1074918
-1490371
855540
2216979
-6116
-3159977
-1235437
909650
508174
-586392
1081063
-1603507
981172
2476700
142676
-3212954
-1212126
835161
329077
-539338
1181651
-1682572
1020279
2569145
312449
-3073749
-1202881
697016
74040
-567050
1361651
-1888190
886938
2538378
411590
-2732213
-1093508
249911
-293320
-370205
1590788
-1881996
930646
2675939
653241
-2553344
-1354083
-512981
-466676
58489
1924513
-1923067
899390
2471203
773945
-2539272
-1828762
-776167
2756
679915
2040468
-1677335
1031219
2378512
639742
-2592923
-2067449
-474607
503696
871921
1560255
-1827139
843637
2525088
874859
-2589162
-2090596
149577
1062652
843171
1079361
-1896515
817851
2878506
1306045
-2366417
-1714195
672115
916384
148061
230319
-1859516
895752
2998443
1451416
-2221456
-1594377
644086
395085
-335935
-20883
-1823919
796636
2646493
1213786
-2053357
-1525837
423265
131249
-399708
335729
-1756945
401969
1901537
605557
-2225070
-1594972
431455
572144
34658
811342
-1323436
174722
1277110
111882
-2495546
-1721218
263095
627289
311655
991692
-975146
-130867
620097
-451776
-2551991
-1667015
30308
415862
537392
1321945
-787829
-265727
359445
-673949
-2205077
-1605969
-728147
-310275
549529
1777755
-802947
-377559
243590
-499035
-1544533
-1108085
-974120
-795646
407483
1942088
-558126
-270594
-138417
-883812
-1398092
-866585
-1322019
-979197
605145
2108737
-406369
-389075
-767434
-1312645
-1051492
-240099
-950680
-699858
610101
1930692
-552630
-984453
-1697919
-1687225
-819598
-13062
-372111
206507
818233
1751671
-703170
-1403483
-2070267
-1734597
-774439
267469
47529
424076
969545
1920229
-615844
-1511162
-2185162
-1783627
-953214
338239
294487
387950
1061378
2065945
-346489
-1154902
-1976560
-1754791
-835900
159097
-247799
60017
1197276
2040965
-228112
-970646
-1855895
-1713722
-544687
523824
17706
12716
824356
1540238
-138253
-996646
-1988525
-1627557
-143649
1022088
197583
-311113
256179
1142590
-69178
-972257
-2029712
-1415275
338557
1525659
391969
-430117
-314101
759718
91139
-769379
-1752217
-910480
792293
1772587
401980
-729098
-984073
181524
105942
-747758
-1541058
-461769
1252199
2320677
824068
-1089154
-1776975
-353814
3650
-597820
-1104422
-169727
1331913
2326791
539037
-1512859
-1944258
-354772
-113155
-459938
-792735
-64744
1000351
1729003
152852
-1384475
-1234837
239020
-62875
-414139
-857353
-229984
551759
1051877
-259779
-1046790
-368858
797612
-438246
-851117
-1214528
-469334
239063
793578
-303912
-340959
711949
1329936
-1020196
-1468210
-1789712
-747745
305853
982369
53985
527068
1145215
1438983
-1053157
-1420722
-1654931
-510683
437657
1218805
234318
519320
688579
918992
-663116
-1019757
-1259968
-48094
657436
1161525
168375
-35583
-283029
282406
-533315
-748006
-1013362
4997
694161
1172847
245098
179445
-270050
-226228
-763561
-952525
-1049624
180532
907580
1192667
440549
425160
-166447
-204776
-793736
-902124
-708581
624017
1010866
987733
631445
991802
174801
-534384
-809476
-790267
-537377
453774
420340
707351
815003
1458183
862171
-371132
-616205
-445115
-338984
172006
-20028
797683
1208786
1472996
784698
-677055
-456805
-372417
-557829
-196410
-99541
910470
1169344
1046231
467572
-312442
-176678
-353580
-836423
-613379
-233405
956167
978162
765928
353810
8150
-388259
-676003
-1020542
-681354
-187689
1266032
1168395
812458
522909
259907
-359643
-528864
-717557
-221440
243346
1513540
994906
435019
196276
33549
-326271
-321006
-479359
215485
581714
1139891
71378
-22613
84885
243114
-253158
-215631
-342546
255567
380090
608529
-461572
-128480
352980
633056
-764498
-839111
-886695
-168082
-142354
277402
68833
631718
1184435
1288505
-766749
-878096
-906440
-155474
-72062
408698
417926
1041382
1178065
974536
-818788
-911882
-879894
-260598
-283267
387430
506317
1197656
1142045
873042
-284004
-384431
-451775
-128438
-419718
155703
228212
707879
615150
414862
-142806
-289335
-591652
-259284
-409617
20146
-14519
573973
673885
516231
60220
-235570
-782374
-343627
-369616
-238115
-455073
395284
606062
822705
-6560
-514818
-1124124
-449175
-226536
67379
-154235
563116
757735
759567
-2968
-563840
-985739
-239164
-154616
140978
123097
652358
627420
482748
-44442
-201735
-276835
360159
337039
511853
-120248
191264
-86406
-308393
-208210
-44086
-10929
539698
349015
593593
61162
212435
-324753
-477014
-415963
-142420
-118859
407962
210389
367288
162295
726186
-305091
-543767
-410659
-329009
-316882
146011
-152481
140079
51922
599738
-86602
-120961
-326045
-388941
-588892
-218737
-501758
-3235
-40369
326642
-156531
527941
-228207
-318650
-629813
-272102
-578613
-221430
-337937
221051
99170
683547
-162806
-140190
-390183
-71029
-399989
67131
18248
421505
36920
-11775
-90256
95114
40790
104176
-574334
351255
831753
700739
-495722
-842049
-5363
327452
167336
-257969
-1143881
130934
1182777
1304036
-213809
-1078587
80828
239870
-224528
-910701
-1692525
6525
1147727
1234348
73036
-183707
-294310
-410304
-1060705
-1583032
-2017842
313861
1721446
1789086
822161
477147
-565689
-758253
-1371338
-1446339
-1272875
1045757
1821552
1588459
741426
392058
-821958
-846074
-1198477
-1055196
-626185
1524049
1931523
1432311
186845
-154942
-666774
-528388
-827625
-676229
-422731
1201753
1255854
561779
-383469
-71808
-693133
-472063
-905192
-805247
-525372
820813
752851
251960
-172048
570825
-736612
-480212
-902396
-836824
-588394
426491
137627
11595
156211
1247227
-612946
-454508
-848799
-740696
-685684
141780
102904
-39782
78216
1403281
-614142
-580564
-1038277
-757719
-391550
466582
49519
-303534
-249921
1285749
-816991
-874284
-1305501
-908947
-323792
866492
332540
-405331
-277655
1491838
-904410
-953657
-1337453
-932573
-456516
618143
200482
-351304
112267
1947523
-843393
-808068
-1246167
-984534
-642144
452578
191402
258706
748538
1781158
-746952
-665213
-1171658
-841996
-408998
590002
353720
772869
1331805
1413574
-267066
344380
-302975
6275
-554604
-499113
-311351
739700
291801
506360
-36409
314086
193982
452298
109625
28569
-454731
-82658
-586284
-59212
-135876
319405
-95806
384749
-36827
671477
128568
-222503
-354658
-440897
-208474
281387
-163670
236582
111061
211637
-294732
-2760
-531199
377678
-235964
259444
-278945
409071
298213
370191
-420039
-362839
-648794
319079
-100786
289623
-300759
83778
-142622
80541
-405506
198058
-257147
-50220
-33706
322442
-420025
-258513
-398382
102641
-36651
560383
-131762
242192
-346673
111473
-151095
165982
-153059
772225
487273
675340
-610712
-147611
-438362
59180
-266392
196008
-170985
328682
351430
606562
-388122
-104093
286444
706748
134084
554216
166288
200076
-511787
-191233
-1173676
-233297
85009
638142
-43845
-220034
-282967
10661
-582243
60409
-408936
641149
-596233
-273586
-494291
-192813
-598096
345802
-732127
752727
298706
1588649
27951
235696
-489058
-635940
-752813
-714060
-1076078
312733
-29440
1855442
120351
579713
-47053
-459389
-1127634
-318577
-1571248
187225
-492180
2252894
180331
197689
20423
75156
-515878
236346
-626011
489530
-993221
1182104
90011
212694
-221190
409689
486335
509645
-340882
996943
-1574804
842888
279566
6382
-641464
316673
613861
595149
-421365
622648
-517468
518126
387217
350873
-710506
245567
686953
761190
-830048
548391
-1291530
595845
320712
149592
-688226
221874
409256
419492
-257864
883033
-488324
-194178
357849
-80373
-784040
735628
769726
264576
-1032159
770305
273356
-215147
312600
304023
-910626
481970
687363
-29373
-583237
452577
-77941
-176346
136139
177704
-437142
497176
326343
186323
-958789
188484
91966
52163
-17864
144104
-854623
430227
394058
61987
-527909
249302
389763
-63405
258732
156778
-800908
476887
423652
252719
-711274
265233
-22866
-372927
66233
-4457
-800597
898249
346573
-271260
-853958
75976
459037
-65161
87085
79319
-1283112
725341
369990
-85070
-878152
763274
423380
-145193
416148
456399
-916065
72858
263217
-100895
-107689
192124
498423
-964775
57328
-61185
-672734
418449
-248912
430656
130549
488333
-8629
-139803
-43610
126213
-836285
789680
287799
401475
225640
-76190
25105
-930636
214054
306663
-531593
619116
568716
63096
4084
-577598
-99834
-697330
56346
323914
-1020121
54661
620238
195242
-475718
-749060
381138
-282721
-85485
-117195
-1266989
55474
230528
42857
-304119
101377
828293
-47286
147968
-124781
-1224391
51071
346731
101434
153986
-73105
929273
-614444
310664
122137
-1416608
-178598
103911
-359310
-134106
-377052
873534
-54538
201429
228525
-762524
214665
262341
-103618
-653329
-434235
395917
147875
-90001
-8753
-705693
556557
847881
242935
-238584
-507927
232045
-30446
187609
307351
-748522
392378
464884
-173140
-317088
-419914
215544
87958
271450
173617
-629993
131748
47600
402226
520015
-125367
18305
-244866
73637
-295593
-840928
154137
135651
96425
445379
446566
88903
-301297
-264002
-377276
-530767
530876
-17351
452295
593230
198579
71844
6430
26697
-90637
-446931
346987
-588440
-92180
566531
459705
-260228
163637
250336
470472
117167
258485
-62377
-296494
-576291
-190451
281950
51972
-11018
289437
216844
478113
-41217
250678
-290906
-168651
-316627
-62440
43571
134416
-188823
380303
27224
161391
388398
63812
-629424
-239251
-52683
142869
-103092
465994
64439
219719
440031
-154291
-515563
-254827
-114162
170226
136571
704155
-13326
-132674
-532368
-17031
-220326
46264
101640
335212
196272
480095
143875
205796
423253
-252874
-556558
-442785
-192249
365097
279977
561853
-81464
319383
15065
-53806
-596011
-370667
-440031
98660
112683
348936
-720577
-445688
-221428
314217
718959
406744
137366
509205
82041
84769
-623180
-807041
-537692
816434
418653
-26651
-220395
148728
-126730
347937
-383812
-116073
-46738
531282
519308
-135108
-711158
-452283
-627956
-4358
-521111
-43668
147983
934639
726157
624933
-306787
-27531
-284707
250629
-376217
283924
193986
482106
-351208
-32535
266012
705281
55001
919611
136763
114507
138971
-564694
-1481564
-558364
70292
724145
176883
109216
-588776
-97150
-499728
369475
-351997
143357
-378109
120014
-177170
428663
-500496
367614
272039
238058
-150448
105309
-257903
190606
13022
561512
106867
295980
13296
520846
-313552
-278976
-18262
424213
-97996
168456
-805353
-215353
-121754
273533
409475
664099
-131721
538196
-77382
-48088
-571027
111224
411286
415935
-31442
-71241
-128885
335750
-338364
-64331
76800
195335
-333233
-193818
-499622
690920
30323
431586
-331425
-153345
-235979
145319
-558650
-372786
-441666
420691
-236470
-4615
-488371
109308
-218275
83617
246314
29831
-81872
448694
-277432
213961
-324025
553435
59692
-127726
7919
513309
-332214
195273
-120779
670492
128192
655623
291612
-172688
-726869
-123072
-621168
173591
-83661
488305
-32361
427797
-234920
-226520
-805331
-132181
-408107
266391
-321702
-149274
-480112
96661
-710736
-497365
169938
1008863
75526
696499
-432012
150596
-542524
-112025
-117632
364557
110684
980538
-292914
380122
-288717
201516
-107614
236115
-280700
556301
-215121
176532
-576536
-83118
249900
575421
162492
216424
-383801
-215343
-80643
142974
-785534
-270447
-29519
241258
-361553
18264
-236253
-169762
-410365
431954
-255456
547360
52032
587869
-20618
474520
187300
127572
-900548
-345145
-783479
165973
-330124
-128603
-562809
-155800
-290596
413437
112198
614980
93166
7569
-271253
26089
-275809
92512
-302010
24766
150903
247676
38916
433992
38758
710121
400199
765006
291637
595578
-695138
-262613
-1128467
-478074
-278375
472686
105611
324054
-425877
468097
228105
-5440
-614241
-10511
-420805
255278
-108983
85593
-15842
-125497
-208766
619136
-204978
278866
-177472
42886
-354176
213770
-629557
453454
-260033
129303
12526
359041
-103449
35843
-556241
-120069
-511625
-49866
64640
210660
-424401
947957
-72713
316277
-281855
195035
-459574
33597
-1077435
211717
315844
595544
-4402
307771
-139069
146225
128023
498323
-157648
-430698
-344307
256968
-183789
378299
-63407
419747
-297828
719333
529727
523366
-804832
-515572
-29288
620485
-58155
273996
-266826
56277
194381
638639
-276038
-508980
-175728
195257
-474471
-205875
-475456
108120
-395013
-130918
431720
1016769
-309111
51979
-1001178
-42785
-379435
-63339
-110875
525230
394195
609214
-407498
-86475
-774931
394310
392012
450403
-38241
-282061
80111
712369
-517733
77212
-449051
683086
341780
589307
-54561
436126
-394387
-181062
190223
683630
-35482
1096873
318870
-400606
-772257
-582100
-741318
-167729
-205686
553289
-387979
247061
-201367
-258312
-581314
-57881
-143245
767179
-377718
161682
-467741
177460
-422116
-177943
-459633
273794
393372
720597
-17817
248100
-23436
634556
-264409
-389087
-539824
111563
-34055
59486
-34230
319903
-232774
324923
153354
-11387
-536808
94135
-141578
124102
-441061
-109135
-473832
194273
-159717
889851
313614
-124078
-72154
-9281
-215685
86221
-214604
330681
-9823
-161053
-272270
340749
-487581
360507
-17980
346300
-133082
12958
-572525
-320652
-188828
1030172
321326
20725
-252130
361886
-102470
459871
-58230
49398
-186297
565989
239227
-391181
-82646
266699
50098
508716
286234
148363
78713
500763
-634505
-469751
608747
251456
514886
129065
559008
-45022
-109167
-716727
-1046669
-454189
632153
-31424
421730
60514
316483
124607
-486438
-1327900
-449396
-278461
717758
-108156
51391
-61084
254954
47893
-359872
-1353115
-371025
172258
786811
50482
-29189
-243083
227113
-512266
-108804
-843518
-276257
420507
650884
38675
-195623
-671308
-121467
-692887
147369
-472898
287933
115956
615232
10945
29577
-551433
166247
-192641
512356
-297978
-78002
-571549
595340
-88596
49937
-517222
-172352
-173857
121589
-599831
-124133
99069
1033331
350928
344509
-43433
-248040
-510837
-437929
-1387258
-371620
42647
954578
426051
1576
-311759
-507186
-1424246
-825949
-1232203
234866
819370
458600
-170207
-565402
-796758
-155838
-1506763
-880044
-661388
1182057
1476352
621831
27897
-379514
-846391
-18097
-1162953
-910158
-751300
1514317
763655
648811
333050
12233
-133575
548066
-926652
-372034
-1459466
1575556
-671283
601241
210798
-133137
406749
1332107
137430
597146
-1571280
1496374
-2194809
603122
-287921
188282
1125981
1972739
1308089
1132656
-1775845
903602
-3220205
685573
-989787
79187
1423205
2597489
791306
1665426
-1731483
187115
-2962119
913723
-1240382
-84838
1689402
3021973
47902
1285925
-1567589
-348583
-2644359
844452
-1480804
-410567
1681272
2774187
-162945
589441
-522541
-412059
-1919918
653333
-1656299
-463848
1815148
2619563
-246221
-79000
11554
-699965
-1313262
733076
-1881208
-400435
1876453
2070141
-525564
-196693
365343
-418878
-1833869
673781
-1797062
-551909
1965927
2004234
-942537
-413780
337396
-321672
-1469659
451060
-1841332
-642208
1355442
1947679
-762353
-313122
333910
-290044
-862797
610244
-1967109
-529428
1059664
1875312
-427883
-225806
383313
-290945
-1051945
692318
-2109128
-558992
1190243
1895204
-508155
-300012
367234
-555443
-1014112
583714
-2388289
-742717
1086660
1607117
-345878
-48261
743276
-475354
-1027967
1012201
-2018058
-875863
1080856
1513994
-324247
325136
926607
-826970
-1693960
767009
-2087025
-977270
644657
2064831
-88928
549447
640682
-901450
-1994931
678464
-2271001
-737165
514675
1937376
830676
206415
68116
-1374689
-1414931
769913
-2089871
-774929
1123285
1232231
1081046
-405993
-140058
-1677441
-593280
863499
-2038531
-1259283
981470
1300696
433785
-632003
-258350
-1253900
-245808
810411
-2215660
-1617681
465443
1413559
149748
-1078696
763877
-671534
251235
847543
-2076603
-1432260
586541
1532431
544321
-1271670
1441319
-648101
-422771
1013054
-1984777
-994244
751218
1445836
383001
-828208
779495
-322362
-1390728
910298
-1491924
-651613
1210958
1630080
122169
-570116
-264419
116631
-2009463
529885
-1148856
-427558
1538695
1832409
826452
-492736
127646
-187151
-2003005
614335
-650208
-51517
1348019
1386953
799504
-757305
412307
-452558
-1684731
593897
-224004
24849
1177030
1199615
762302
40264
522721
-545885
-1986106
458172
-304195
82837
684621
937978
751245
508143
328101
-391136
-1923810
444389
-282545
786101
746443
948995
647156
731759
-112625
-582615
-2153874
562831
222457
1240697
943267
391850
128070
608989
-316713
-631264
-2051212
863621
884863
1643362
1174370
-43247
-114587
170342
-1001432
-859393
-1483673
900140
954057
1702209
932039
295624
-141673
129628
-681500
-971682
-1774241
702693
919526
1646278
494781
249153
56433
-316548
-238603
-653059
-1740145
550548
817639
1519996
675608
-76894
277039
50086
-334063
-883405
-1339345
524938
846842
1432741
870855
-349811
-347900
28807
-643292
-550795
-931320
516856
920500
1473134
500365
-685983
-541579
170732
85306
-183803
-965452
496983
816032
1505131
44739
-758881
-1011447
366732
261127
104114
-656031
234723
594792
1133652
-436767
-1139306
-1315517
391076
438200
681998
185937
352542
783974
1003579
-660084
-1650123
-1348781
253365
1073313
893740
78483
345784
566249
832274
-597747
-1153246
-978370
710533
1492685
422575
-524223
140532
142246
484329
-574970
-795614
-591133
681883
1235538
148484
-608460
479178
331105
921157
-266727
-642209
-214626
559261
264668
-163823
-1015442
1083332
773256
1501729
106678
-115351
-146327
398694
-755354
-1091817
-1406556
1261637
918452
1306645
-92150
-407505
-985576
356543
-1113220
-627174
-714385
968518
565344
701783
-645287
-474369
-1010119
283922
-296125
-98970
-230079
676547
523371
794866
-633992
-400280
-231043
38854
182129
205760
-700012
735301
459030
768072
-560284
-832218
-700276
-364788
-213101
471875
-179673
1007570
481734
493238
-626864
-891207
-704987
-278363
-333790
458062
-153856
805941
307095
89840
-605195
-580789
-294896
-299890
-1133633
367515
294137
848746
294730
242041
-522241
-166205
-506773
-929745
-1258398
-146510
673167
580777
-43774
327407
-279777
-79455
-390846
-1195854
-743425
317463
785182
405681
-68852
658428
190590
-322855
-334406
-660330
-939821
579969
241881
496390
138712
889515
616188
-433204
-832810
-200706
-1183791
70533
283823
796206
402400
720899
266525
-417980
-1360617
-237754
-941186
-148494
259034
451488
33145
273675
-506818
-618649
-1303678
192774
-381251
728989
392745
487186
-42085
362530
-425819
-413944
-661941
1034951
-456895
91075
22902
551537
134782
322958
-53961
7481
-363302
858844
-668172
-913484
-26594
1041644
813981
667843
206732
24834
-248797
-262599
-1226363
-1011991
-610135
671661
283658
475405
-138879
-210102
-406267
11870
-1270504
-324752
-91518
659638
213804
507042
129934
333469
-622740
59480
-1118500
-908941
157257
399080
64894
161523
62427
489146
-364779
4748
-179084
-539121
195414
282136
31757
269490
-123611
390535
-262854
20995
-270605
-32046
-169609
439323
375625
931199
312406
691295
15168
256885
-1055144
-573994
-838087
340805
418158
712387
14804
88914
-120202
682
-584280
-464028
-107001
243170
172464
285221
-448811
-197321
-218277
-205983
-441923
166598
378159
456959
63746
162249
-806683
36467
-619200
386493
-486418
426798
163496
396590
-61791
80941
-686156
40307
-541732
161869
-263913
546134
-106242
350359
-68739
242113
-212657
75420
-376894
-30371
-643715
544423
248500
468108
97268
379652
-50331
589836
-191005
110615
-274409
16963
-327137
411626
25031
570459
-125922
707367
-41176
101633
-39451
404551
-1000515
409492
-14724
614755
-117888
387071
8005
73914
-337979
146007
-463660
366625
-223646
356358
-143173
-5087
-194064
-505602
-331460
-74524
103097
190436
-626999
250657
-197422
245170
-352604
-777978
-92936
801589
251607
177634
-570988
618084
638271
787083
-161719
-991817
-766001
591020
155714
267525
-456857
999563
1190613
909058
-533413
-636813
-967449
302345
-217092
954765
123626
1652444
1361001
615768
-1142078
-1361823
-1581391
-220459
-250793
1081391
248941
1266309
904300
-155441
-1653485
-1037241
-988276
-56688
-75755
812780
173745
574862
482819
-326791
-1688284
-599965
-265971
438452
355508
740524
355136
667466
468414
-29997
-865602
-468061
200814
31508
-290134
744024
272093
998777
502786
46015
-550103
-192678
111048
-263925
-1027280
476767
29674
720018
276413
177125
-376077
464176
202216
-177016
-1360224
482027
273910
741269
504345
160524
-229096
169083
-475619
197994
-1478848
776102
539994
1018421
467537
-291987
-543298
351622
-259502
37673
-1178475
827058
501322
1017517
431569
-53886
-729211
524031
339351
-657783
-1289193
810214
583621
1001027
501399
192654
-409218
346039
-65607
-823119
-1977309
814823
467433
951774
197113
197138
-696089
66056
-431139
-809373
-1233974
580448
309430
926476
119359
-6275
-706736
-438150
-885645
-983389
-454398
824268
-495010
1452360
-625050
730450
-863455
840066
-363817
78129
-1405915
805989
-594626
1570080
-547073
579689
-27261
778090
-819585
77500
-2146976
923988
-708812
1544208
-838905
425712
-267103
882467
-804213
37210
-1451050
914038
-720655
1386721
-662950
471772
-583494
606569
-1397536
792311
-904918
865360
-579768
1485615
-721102
563825
-1181629
406511
-1255937
1050488
-1277576
886503
-694284
1131603
-1095470
505374
-1296503
774464
-712856
1595945
-1185343
812814
-776439
1440518
-927302
493601
-604284
726221
-1130363
1108526
-1732094
845091
-722088
1486828
-665923
280094
-298534
1191133
-1401511
633762
-1963494
892553
-515068
1691534
-146742
78486
-872386
884588
-2068402
-326071
-1711529
1196412
-260329
1228010
-829439
-9435
-1294151
912435
-2470447
-243462
-1174911
545520
-275027
1087498
-1079337
1360
-1066282
910605
-2024124
838576
-1422215
384685
205445
645025
-1199049
411428
-1309600
1773526
-2474549
1925693
-2749100
462463
1207392
613748
-1575123
28899
-193198
1538472
-2790664
3515437
-3802523
286023
1319000
949033
-2061150
68692
1339312
2623316
-3222905
4539864
-5209108
210209
1503092
1217595
-2345674
440845
2034055
3663816
-3850153
4068051
-4938399
358856
1198434
1380723
-2724900
640383
2374481
4155869
-4362900
4283850
-4720665
398556
1356538
1313144
-3066164
905201
2225142
3327066
-4294580
3038557
-2316918
459299
1245233
1285294
-3616433
801993
2764589
3288491
-4403085
2053747
-1190791
539850
890629
1364502
-3256019
757342
2499234
2199971
-3289585
1699171
-716403
677133
819521
974659
-3011040
841487
1969874
2354949
-3090416
893093
-167615
648702
768740
1340718
-3467392
703388
1969508
1771798
-2879590
633501
450651
709076
931207
1348286
-3865488
776118
1681468
1932280
-2673697
810018
922896
822523
703258
1505837
-4313915
1043195
2054337
1712652
-2481544
326912
1240841
839269
607058
1811002
-4262121
738735
1679982
1527123
-2478272
641455
1421720
1001235
634279
1655558
-3933396
896425
935977
1429795
-1121241
649924
1247802
1216009
699127
1363061
-4366641
1526639
265403
1908700
-796350
647273
-13656
1309382
511338
1660169
-4509220
962951
1131643
1866383
-210067
-374300
568711
1088833
332640
1657225
-3844350
509401
1618448
1938267
-519250
-1060449
678044
1284576
316611
2065906
-3667414
-268565
1810719
1960135
-769542
-2187231
1663729
1363885
535479
1666579
-3870493
-226366
1880106
821603
-550414
-2643824
2927392
1269601
108214
1636147
-3970662
-300105
1788143
434730
658922
-2787804
3773553
1291697
-114968
1898098
-3748902
-49508
1667045
768975
640305
-2353003
2479543
1100224
-346833
1678782
-3036702
253291
1582913
1023864
154765
-1871934
1312027
745053
-430136
1754431
-2743913
259473
1636130
499585
528751
-1346867
944739
206178
-244686
1774680
-1896371
1000399
1691673
20174
718715
-1219272
375794
-123441
51738
1362739
-1415672
1123362
965474
-411371
1428686
-561296
557993
-96298
325538
1172282
-1733958
1466149
940093
-536479
1208133
49199
-39295
-170484
-18245
687390
-1557107
2275062
317060
-204348
1391583
154001
-678068
-352819
-122224
875417
-647429
2357118
-77863
-207699
716614
551783
-953501
-176494
-224723
1131755
69785
1909351
-110621
636332
-201448
-214960
-757963
142181
-56532
1243903
16054
2039194
-535594
37452
-249596
478202
-1108712
29540
13892
1473947
20735
2144271
-197263
-738794
36017
452290
-1308165
34951
-214878
1164180
63855
2000758
-153116
-535758
172046
426408
-1175527
54372
-395477
851976
266601
2004724
365394
-655129
-456852
285151
-1092374
94148
-453409
1034456
562047
1810787
-502021
-1342782
-46284
608608
-460788
294456
-635959
1018498
435777
1910980
-990160
-684025
-702778
826960
-197049
320151
-667538
946102
250658
1785656
-941418
-883848
-1311999
482551
563500
32906
-585301
1203301
-40749
1301157
-1239822
-985376
-1465629
1391980
1298318
219651
-368603
891278
-574417
1058921
-1734272
-740919
-307513
1264176
1354133
275162
-372725
838051
-619294
1020467
-1257144
-541738
-257052
1304963
250437
29335
-722872
1114633
-630212
1299400
-996964
-494242
225114
1608922
-387600
198065
-694535
1501688
-709673
1489805
-812974
81240
170720
1363116
-1410398
758261
-529654
1877733
119139
1900347
-1410233
402966
-1539538
439307
-1429786
1080865
-279207
1844674
-527540
1781904
-1917513
49923
-988178
399802
-1197726
631214
-586137
1516282
-855711
1336313
-1569321
371211
-678080
922815
-921056
591311
-690699
1667320
-537008
1671601
-1549552
136085
-386700
-107738
-1358462
797694
-676786
1702689
-297095
663682
-1702141
70986
-472197
720574
-1218262
899439
-491701
1553543
-838968
126529
-1177384
685599
-562003
245670
-1939362
961762
-590111
1416884
-865023
734964
-703712
179299
-724621
-174881
-1594928
963409
-633575
1296651
-1239626
942302
-256566
-882143
-816492
107603
-1427443
720691
-1032696
1413515
-1165979
943566
283514
-853370
-1134057
895089
-1297150
488697
-1228775
1571802
-677015
915539
308770
-440918
-1155783
904908
-1490855
672371
-792288
1754659
-635214
1194958
-214301
-512541
-1540863
1282470
-1733740
800502
-654594
1593159
-840883
1192219
-959994
-925935
-1817949
1939686
-1789375
589047
-1064413
1526288
-989364
581596
-1481422
586038
-1234016
2315940
-1334827
643773
-824603
1041620
-901163
842642
-1086894
1060482
-917684
1872475
-1753957
707295
-642957
1381358
-382290
963251
-303639
656270
-1375023
1663768
-2243176
860008
-360094
1717547
-506515
488891
-615746
761938
-2033001
1046129
-2157986
734658
-671634
1374484
-592525
529106
-457287
1160474
-1500170
800718
-1599633
645374
-658044
1142590
-472656
829425
-946889
583496
-1192051
788278
-986373
658504
-945091
1002322
-449369
1146956
-984765
787588
-795515
650708
-1351131
361210
-1265798
888559
-422719
1087908
-820770
1563375
-635225
1065620
-1258701
528742
-957836
1373878
99115
1158650
-971523
438962
-682965
511856
-1482178
513797
-788612
1418315
-428667
837243
-662452
669066
-1432017
604574
-1283854
590394
-635227
1075336
-1013499
1115293
-1513053
917108
-824088
740387
-1063601
569121
-629769
1099423
-1057463
661276
-1320875
863052
-911133
1132710
-1497499
564574
-714070
952070
-1052124
943642
-1344899
1615520
-1587036
402695
-611194
485000
-576062
1034322
-892900
890619
-1322922
1155844
-761488
824350
-947660
603486
-660842
1123394
-919965
1624199
-1341634
1081877
-1157049
1250906
-915085
466136
-727942
1284828
-852100
1359966
-568207
1011072
-911001
496740
-978039
657016
-668406
1431446
-1330346
1086844
-413654
1309047
-696381
-597370
-1372190
547031
-774251
1486139
-2056211
1037435
-15918
105871
-949765
29235
-553163
360722
-1040801
1185474
-2191956
1196641
399800
612179
-633394
-261162
-757200
292886
-1353501
1665092
-1900837
1809460
703677
266506
-1671332
604519
-584685
330880
-1268453
2198137
-1486509
2357645
1125277
113781
-1733375
151543
-1474045
844682
-1083705
2514265
-871366
1977293
-130624
-75539
-2350633
62894
-1354710
1065832
-661692
1959444
-1060215
1614763
-538330
-335936
-2163205
130691
-289838
1048403
-706109
1352576
-1187266
1514746
-444843
-216613
-1252116
685439
181037
1014471
-678998
1518734
-944824
1472418
-521475
145146
-782272
318298
-91232
1101031
-459635
1345899
-749386
1494397
-1000283
189716
-515888
711775
-499370
832255
-649743
1064202
-725741
1425524
252702
344071
-1380125
1491550
-1135316
815487
-673711
1284471
-237900
1491523
-313296
162361
-1703161
1349071
-78930
1068264
-514383
1352801
-383360
972796
-323743
332364
-1372165
1568532
-406499
1112386
-455433
1258718
-363750
1202544
-288419
474924
-862019
1512812
-1338883
1227644
-463122
1498960
-363547
1634354
-651547
453143
-942093
649686
-1341299
1125376
-666326
1182738
-363411
1603739
-640076
221812
-480329
467780
-2424634
-205514
2333
-151970
-389141
-472819
-406424
520218
1066825
213836
159085
-41583
-82821
364451
-16118
-296090
-157741
-588107
-111059
248041
-80919
88658
-66589
86718
53816
-123709
323072
29536
-361972
102220
-147180
71719
92658
87380
207500
46023
-347803
-119712
-83440
359067
458289
-198662
619
-82804
196895
178476
-382199
-308455
-248086
312432
356334
-103329
-98666
-38076
250111
516631
123770
33073
83966
-107352
-505258
-9969
-160406
-212030
-380196
-195453
147230
-265786
-108321
48012
270621
226466
172681
326530
254462
-27926
832553
381447
-508698
-838339
-467511
-381420
-170477
-80911
81870
-529071
-122479
674028
61993
-334287
237010
-33609
-163629
-371834
114911
284360
-102673
312590
-63496
-425801
72364
370515
695779
97893
-277721
108652
5090
-86252
29933
-94753
-637695
-387546
208615
-127767
132383
189979
326150
417434
325452
872908
-702952
-159545
316171
-725563
-705906
-96193
366187
225261
597050
1575306
-380994
-107367
540576
69462
-1100247
-749841
777460
-484053
-210035
1294261
378588
-84444
228327
352622
-916257
-877493
104522
247638
-802182
391691
989940
-35606
215356
557760
-175017
-135128
-156325
315484
-732693
-567165
441112
-143566
-74528
43166
-128591
-33715
-200872
-74219
-62591
33117
1112699
-105152
94301
10826
-172119
275917
395649
-474185
-543128
-1038735
1435728
29364
-111620
260777
-148959
-453932
-12801
212203
439998
-825566
-115862
71963
-258012
57361
619240
-86346
-511799
-44995
419142
-279083
-115760
-59170
49038
-83775
-121578
30706
-403433
99003
340929
-156742
249540
101533
257691
418267
-238285
-123315
-115047
-110696
91579
45430
139648
-169822
80129
302456
-97927
34139
-212069
-152756
-36429
29552
416152
-224194
-127482
308095
-150590
-328327
-26721
35534
270022
41710
171706
193302
114114
441403
638093
-400022
-869800
60614
518683
-158243
-162327
-284347
-260121
-303143
434081
399983
-967582
-2892
805554
35446
-273092
87291
37849
115767
-363136
118637
96737
-64272
109911
-321628
-283320
-117605
-74409
520217
177326
-1005628
546150
-212
43889
-584696
641907
-190706
-91743
319479
311146
-771214
179647
393498
-330739
-541800
401560
-60110
-11746
231527
229164
-111142
-369826
-157773
185221
-429183
799756
-102493
117907
267287
233192
353347
-17454
-499756
360720
-615997
445050
-282756
-382892
218779
229183
-44191
-246624
-71364
274535
-10443
-250318
-398100
-519986
46215
701901
145688
-166461
343951
-141392
443456
-1088226
-444132
-524681
-513325
231437
27294
-13966
148189
660274
526069
-430086
-68879
24514
-73277
202843
-265151
-685240
-1009285
498908
329392
222983
-291014
-22231
-202327
694024
358378
-529284
-386839
442976
406701
-77881
-122945
-67082
-510612
184430
464620
-586854
-789449
-192688
656768
85753
74819
-179947
-161671
242464
634460
-27549
-471
-436110
-52176
-406801
33735
-294277
-211368
307056
83430
-293491
57568
-84394
89233
-435822
-127435
-359694
92272
638003
-158985
457525
346839
-894288
-171169
260539
-78730
-547324
-367828
4778
-165066
127072
751010
380816
-100789
-198651
86141
33634
-159452
-520488
18834
-308292
-787323
578323
683157
-135439
6452
-21698
27930
-11888
-53394
205013
-487539
-57773
113289
220676
108213
-179108
-242026
241106
27680
102961
-281943
-713518
-181997
353702
97504
-118864
-148110
35633
-61460
111896
264909
66235
-150960
20811
52274
-206179
45741
145795
83470
-432589
-261729
-399640
155872
319453
92897
-147354
-191941
-144389
174983
29410
22842
-900624
-21383
617718
184188
464571
226441
-123085
-29833
512951
-44642
-551992
-411182
-126026
-188754
44381
-25087
-144750
-78718
204901
622216
436709
-137433
-108511
32216
44896
-211520
-403176
-284134
-304869
27002
727802
10706
-430408
145149
225996
421846
87369
-27703
84979
-39005
319240
194681
-1031612
-187881
-218331
243376
28182
246662
254468
269844
246180
182279
-392654
-179232
-470112
-132620
1200
-329053
-346253
371158
-374850
403444
801652
222613
-160594
-446992
50416
287413
-191782
340059
-415605
-826730
305838
105020
369186
103410
-306409
10233
337729
-217281
258140
-366353
-245589
-149870
-37252
110457
-19403
-418082
-76512
-74158
-76265
-421840
113779
24823
-138692
184104
338113
-20275
309020
328492
402605
-263778
-986325
4949
-96882
-228635
-154074
-375777
447403
304022
-126640
246847
-283891
188583
233919
15003
-255597
-34683
133523
172820
316866
-86053
-364655
-151344
-158213
-271623
-292034
555835
304000
-603690
501475
376919
422073
-89232
-27926
47457
-223025
129224
538449
-662026
-407504
550311
20171
-168342
-282126
40216
99085
-251915
308568
349675
-557827
198376
109531
180507
23447
-182552
99393
-77360
-339137
348635
181512
137368
-200504
-72593
90268
-179285
-116358
76239
-549892
-226890
261505
823551
63217
109711
216976
378120
221880
-105258
-23489
298116
-461069
-19098
-123154
-65279
-263161
-231654
260852
-270262
-242761
609636
221684
-223577
299824
179431
308582
-47342
119722
122278
370045
-285125
249993
-38005
-179539
-538726
-375105
-197307
-415858
-347030
559358
189117
-230210
326165
452429
145287
75128
266743
126942
-74403
-45869
526141
-313694
-838696
-61813
-48908
-264032
-516690
-148077
-191675
-514499
185328
980381
257240
688905
211778
117264
-5184
269250
241829
-508812
-672323
-128589
-146900
229016
-52308
-144426
81518
254646
365574
381243
331951
-217941
-150843
-631637
-219863
-336631
-296415
-264291
-490943
-309614
47340
544134
465365
572083
150427
219914
55589
-37908
129135
209497
-805275
-502001
-135860
147051
382882
469516
55006
-199870
100205
-36768
532314
-438529
-489908
-150608
-147317
224024
87581
-123943
103996
-157025
169951
409604
-126245
-382947
-219733
-121028
95561
306520
-126120
321181
119195
-472427
129592
408829
-72492
-171710
-252230
-63936
15926
52564
595629
412027
-393724
223237
-31902
-132948
-157001
-133843
49648
-432001
-616116
557478
970160
-3901
95614
15835
33474
-196607
192716
220005
-547217
-663885
-23809
575059
70345
40958
-5177
-279768
-192953
673873
267889
-321593
-1512722
-61877
6890
199164
115970
-494443
78664
334573
209827
717395
-235717
-852657
-52713
90514
156709
-195851
188856
548663
-70257
-162936
57730
-80598
-263317
-291501
-125950
-169921
-135704
-12800
183081
338558
967362
-87877
153857
-61501
287404
169764
311679
65611
-519775
-700978
221353
136623
-174282
-405189
-101265
87152
-322760
-13687
405874
329380
136175
110062
284936
47857
-309352
468023
-80449
-549663
-6087
-99751
-59609
408377
266656
351485
-283549
120822
121311
23678
-114160
249316
-135025
394974
-126017
-8427
-75326
-161174
-292041
-17150
134203
368799
148400
368851
-153016
-186779
-96486
55707
-392789
-543095
292932
545225
325589
-142708
41048
143254
-674
286448
196356
20607
-898188
-558960
623702
-271637
-99720
-110602
11054
99540
-153403
538293
39591
-670000
405772
494519
-121901
-290355
-109955
52837
128194
155382
297930
-68789
-612656
379198
129862
27773
-171221
-231895
-243467
-40514
307553
593310
-162692
-718851
40908
60459
-91604
-189803
-115800
-465094
105961
395399
127896
-206747
-170749
-126722
97220
228943
275083
-201981
-55380
226116
-760275
-607797
-86339
57092
-219743
-23109
-369905
412894
500576
-336657
114489
-109030
-282213
468484
-201995
-243923
161885
-101149
-40144
471757
-515716
358274
-265471
291726
-104354
-145146
231531
-18309
-230682
414399
-184705
-90699
-146385
123625
-8649
184378
-371184
276233
-301010
358787
355154
-628707
-31072
80389
57746
280132
-472167
132602
-296677
654644
-387597
369517
-134669
87908
-71655
383418
-295416
120284
-6431
273589
-516837
523072
-274505
169811
-137816
23481
223165
-129820
-141779
101697
-75261
-32468
-198688
222863
19297
-266512
540820
216968
-388389
-9725
-261438
399296
-138526
55871
207493
-289689
-58482
725714
-311075
-265344
-55072
620016
-31710
-27908
22082
257675
-358920
690251
-251757
-274545
12159
227938
194343
16062
-250897
356765
-82614
244201
-198731
393330
-857402
468954
413214
-223969
-122312
200443
-210887
610820
-521685
1303489
-1834926
1503925
614698
-516726
-272265
-102570
159899
287322
-714403
1953438
-1989375
2090145
424718
132122
-845012
-546925
1020514
-420423
-734859
1836429
-1421981
1693979
175712
659938
-1094071
-322380
256235
538799
-1294325
932828
14549
754140
69710
658943
-796654
-70940
-270903
941737
-1225626
410941
576738
-340440
86165
440217
-556159
-87328
-78492
182341
-352038
-135048
1287785
-1100794
212827
340001
-587606
-76361
340980
-114346
-146500
-899971
1860002
-1007438
-108690
575885
-455265
-373482
294353
2951
108258
-530011
517574
-77117
-112013
302277
34853
-330757
-339083
417449
296413
-544058
297071
-226314
79199
387156
-407438
-43024
-290377
443923
-57136
-371845
665437
-497415
151181
696469
-846965
47485
-42303
187173
-99057
-28667
445292
-479086
54717
635469
-736019
74784
-46657
201452
-188453
-121093
577543
-375514
-40816
797844
-588442
-211201
59096
109237
-83639
-88168
510573
-321538
38912
534985
-82525
-313386
-488368
327971
312573
-195753
79841
124708
21326
227276
-240923
459692
-1154689
532231
412198
-190752
-381020
828502
-47130
618900
-623224
110026
-99664
33059
251292
-459188
343228
-108436
-88572
667681
-82043
-1111371
964795
-321877
275872
-856093
1219012
-727626
-47629
659918
52660
-1050893
448794
402253
-213862
-664059
997315
-321619
24174
623238
-311188
-243095
96596
-102697
374735
-1004647
1354312
-492536
19803
538834
-273445
36680
38168
-643616
1090951
-1227318
1133968
-182710
-310888
768356
-292661
-106389
-234492
140150
268079
-297192
-116609
685506
-280608
414329
145416
-174867
-397318
681532
-575482
763751
-1224474
1403851
-120610
112353
182514
-406922
8539
-116815
351426
249710
-558760
895519
70955
150623
336
-204185
-30455
-817555
959967
-278383
86364
270234
238305
-191044
272272
96092
-592669
-348009
653078
57541
94866
18110
172826
-221240
-26357
396864
-542375
-259043
15646
549305
-197403
50838
-171890
-30355
-247018
746772
-535178
-18690
-245895
495103
-569452
814406
-250930
-94949
182548
197136
-540048
253723
-244083
352053
-424268
835546
-326880
-39446
422241
-497606
162675
515069
-731954
184627
298593
83710
-461208
-2917
-85076
-88322
23666
350761
-254241
210502
86865
150336
-162500
58850
-529492
391334
1234
-717373
680197
366512
-430724
50580
-88524
-57289
-189621
80659
233080
-571093
356241
81003
96469
62648
-226810
-262279
175788
-19263
198974
-45288
-495073
199224
170241
395769
-263412
-95950
45311
77803
51074
-153769
-5106
78430
125242
288498
-373783
105265
-167728
391452
-444650
307048
-303995
102191
235530
-153833
-263995
-8476
-169187
451941
-111350
346764
-968277
208374
507408
-284858
73859
56026
-186201
124263
460918
-113356
-547803
78824
314254
-230188
63833
-16179
-344390
236287
69646
163305
109882
-251334
65680
-163769
-27354
-69935
-233887
236010
-110242
57767
277975
-259700
-292171
77896
-181413
305458
-228027
129574
122980
-192283
87869
485940
-844029
143402
-394003
402334
-462074
315373
-84287
125958
36298
403234
-614231
466668
-458352
113682
-71430
257028
-531099
774401
-808588
380638
88026
787288
-281334
-74998
-42218
421178
-480416
509218
-372957
-182522
306950
565112
-22642
37694
-345615
271070
230923
-250758
314685
-315912
-131918
467507
-128432
181580
-96562
21344
134857
-105375
134328
-319106
-213348
669026
-331065
183875
191612
-139839
27331
222239
151216
-59622
-365465
-73892
-195900
45215
-164
-347201
441416
319727
-302525
413942
-635069
-302403
-92891
103305
-334412
266053
226789
-54887
157151
-67399
-178039
-229305
-191958
112825
-435896
520003
239049
-784325
650773
102682
-84282
49300
-206379
233509
-333462
175187
527373
-590155
-162572
779758
-458237
159160
-326530
248197
-43179
-187438
262910
296992
-658079
630037
-148802
-428312
-147962
33524
-86383
131207
-262949
494652
-290846
383806
-243116
-294074
-22288
-18379
-237678
490875
-475999
143794
-209716
887320
-737017
281508
-155729
275106
-42221
60740
-358005
620818
-511199
484916
-286634
-6724
-170986
-59229
146707
-154561
-208765
667957
-291581
-127201
345330
-550751
-31150
-180406
154235
-88117
365109
-320068
104666
277032
-248474
144974
-213233
233978
-280322
-193238
385997
59728
-403265
528454
-244988
549523
-193167
255646
-192342
67877
-128305
644762
-326826
-310038
446654
-425634
-156912
-138606
22496
135554
-444328
102580
483748
-332622
546146
-415882
-145612
-27735
59675
320679
-504920
-68161
224926
50531
-237505
544264
-344155
129186
-42565
193852
-229028
436945
-369692
344021
-342259
202372
-232028
58218
-5929
-144155
-53228
-69060
163601
126952
170093
-383500
-44615
134264
-173073
66313
231776
-339847
-55436
123823
-51261
146517
75535
66439
-469016
624983
-435612
562369
-550505
193901
-349470
700052
49921
51792
-204942
300968
-393713
400532
11316
16093
-557663
722768
-88626
118571
78287
-123775
100439
338031
-470274
56985
207219
-41617
-147086
25960
-64426
100337
-242724
356846
-8567
-179686
324512
-78073
-203634
104554
-302061
392718
-381084
-197649
254197
498059
-428402
79164
-208109
215643
-282645
240080
51124
-237386
-227105
214763
127577
22773
-116170
235972
-344043
-109447
540183
-32999
141170
-1014622
209884
737832
-87114
415915
-751754
297747
346663
-142416
280641
-328930
-263362
233286
-48405
297371
-608664
260410
287139
-141807
123615
135543
-311741
-145851
-302305
284668
-388241
76798
-16211
268149
-409964
705651
-149213
-433524
-425877
497802
-463900
227732
112288
-85877
-331719
761769
-316777
-368298
-436075
208569
-108444
-65108
-107107
354205
-36394
120024
-230128
617788
-90083
-210908
237479
-60134
-322922
506667
-154015
-104688
297756
82798
90597
-380052
46007
122875
48915
-109900
280634
-273772
541068
-390453
-164219
57151
-199375
-20568
-8946
68551
230418
-145786
172199
101629
-118931
87227
-105206
6484
-458030
415648
18168
188379
-208222
256359
-12429
-110192
102438
-40558
192329
-165746
-603939
1039553
-742902
442554
-209976
62170
28556
-117856
399813
-179648
-715013
697457
180502
191348
-323007
118484
-147769
25134
-29339
293368
-154173
-307640
661826
-194646
-161707
-41287
-231899
62214
31829
149577
130705
49070
-498464
301396
-151883
64934
-304479
327526
-439592
261557
181207
-12635
-237292
218050
-215048
105657
-123740
330858
-286200
96692
378358
-267572
-304368
78573
-55943
57864
-481263
290680
-255016
16201
-362524
136723
-248415
857337
-159467
-221671
-583176
185419
-445312
-119209
-883110
-193237
722579
1384623
7549
-140993
-789243
536221
-144642
-216017
-1034997
-441544
577367
1574279
-29681
-107210
-942267
534593
120251
-320154
-376834
-2849
142398
1584204
-149921
-108200
-926123
419645
111484
-38637
-207934
179483
62884
985152
-174556
-213381
-941448
128520
104491
478533
46542
112196
-500946
824122
-24067
-165004
-769066
381313
132042
835521
99428
-138331
-742745
829619
22087
-35565
-866128
247412
-420363
30374
-272916
-68677
-180226
1303347
106815
44764
-1037870
413877
-39554
-372070
-71135
650608
333795
994501
-346303
-332064
-1329169
-23745
36991
-698290
-268928
1616027
1352866
1130681
-249942
-398985
-1072258
229025
523030
-134508
-236815
1757179
1598620
312066
-164368
-112102
-352561
623279
306991
-399846
-397307
1171306
1237602
-219176
-523188
-794010
-275175
936170
240619
-527215
-147520
539572
922899
294901
-626098
-1442452
170945
1396568
-82201
-982597
-378491
174271
-39131
655314
-682587
-1985478
724044
2413407
-75306
-2535327
-435318
-385664
-1458257
1012655
-682117
-2380624
573042
3170245
-187114
-3802879
-712724
262928
-1953999
1230294
-789516
-2585256
652715
3760904
-201493
-3788499
-1028903
1293147
-2396576
519477
-978908
-2734785
592877
3902105
-648968
-3890965
-808432
2355857
-2386290
305198
-892662
-2767075
826720
4179857
-841638
-3786770
-531413
2386803
-2127276
-925316
-905986
-2514650
789161
4094449
-1100678
-4042449
-313424
2828268
-1663234
-1173629
-1060795
-2372464
754060
3858671
-799012
-3482027
-328355
2300197
-1331454
-709728
-1134067
-2441959
898384
3638420
-829056
-3064528
-459918
2410804
-1153332
-861857
-1057215
-2586265
913580
4154158
-895850
-2962887
-296407
2177531
-1519437
-1086687
-1280843
-2858143
851185
4421070
-1005836
-2923143
-383657
2140793
-1660705
-952429
-1213718
-2782717
526802
4351579
-942554
-2584983
-152682
2039791
-1608967
-1254942
-1130242
-2604075
566756
4106808
-405335
-2054188
-531019
1199117
-1806644
-1246243
-1608538
-2871468
596174
3820865
-464832
-1274371
-1067322
468189
-1296228
-392153
-1297093
-2520339
669141
4163363
-853294
-1155233
-1540363
438662
-1117195
-37410
-1320853
-2484911
217266
4404039
-501119
-2233533
-1507519
856266
-315558
-371616
-1318299
-2621899
-127528
4128020
111513
-2393091
-1526670
1676223
69341
-915951
-1363628
-2636176
-175839
4383877
296139
-2195329
-1564416
2171093
322757
-1991070
-1176055
-2478092
89724
4370683
117835
-1874348
-1007688
1386271
347534
-3039215
-1005289
-2191186
-280301
3941407
-96656
-2050108
-1027495
689752
895628
-2822801
-747802
-1688976
-355892
3615589
-205774
-1767551
-1259991
783846
738596
-2033212
-275682
-1301465
-394981
2781972
-466222
-1452962
-1206350
673875
457308
-1477406
195759
-907389
-326125
2226864
-761781
-1403470
-1017085
-425343
199678
-1240324
173585
-1045957
-224882
1585071
-782851
-343769
-114007
-906073
-171658
-1226891
298274
-985585
152472
949488
-1018545
115802
-140608
-1530838
-524443
-940765
405181
-531380
480577
738042
-1503760
335574
247987
-1392815
-741570
-597922
586816
-73744
188713
-66176
-1992189
330608
95561
-987914
-462073
-241544
658890
46345
-100900
-623486
-1531982
351917
-37225
-571844
-405321
-43019
531962
57326
-370281
-989135
-1477620
316322
-89092
65990
-143820
-155724
596860
257995
-264660
-805170
-1834527
466531
54914
-665247
-477276
526514
636931
337643
-201419
-603701
-1859025
450708
723257
-940230
-557686
417759
593313
529521
-146310
-925240
-1845580
381998
705964
-540699
-479347
93791
597978
650477
-214844
-1405312
-1775433
604001
1450443
158406
-631025
-304521
494871
697917
-337349
-1450809
-1591147
902008
1416426
-21028
-863729
-449331
416294
724493
-429835
-1403532
-1737566
1084903
1590567
989914
-1039830
-745643
527135
681573
-272555
-1095285
-1370382
1201895
1893332
1292873
-1523446
-1646525
243552
147484
-401334
-687359
-972453
1284417
1665261
843183
-1606932
-1174469
295046
134876
-182047
-496588
-1101037
1165252
864867
-180824
-1053824
-394503
619792
307207
-78197
-312390
-955627
986548
705517
-743322
-1164619
277910
524317
115475
-739422
-563263
-978410
735814
586865
-867415
-913786
939601
239412
-35911
-1120721
-1011831
-1282887
616613
270204
23627
-96588
1149761
113290
61853
-968860
-924276
-858617
1399858
248736
639364
-357701
-124082
162002
208403
-551511
-382285
-877904
1283263
28367
200056
60433
-413815
308573
47575
-944870
-495157
-921625
771430
-38995
183779
471785
205632
151055
-784
-1141429
-310462
-361455
1164953
157497
197374
887439
255724
-33334
-61936
-1089697
-154225
5675
612256
-468744
-5588
756108
1312808
462
-21249
-628133
222702
-445396
147934
-488920
354141
1187288
1420613
-183858
-124780
-557977
392236
-1007330
261716
435430
119730
1079782
1133997
206654
229932
-362330
601421
-1354365
-224822
979222
-218810
258495
1026794
382025
342117
-641059
261418
-1360280
-544392
1047084
138252
-199632
1361816
315671
219616
-802477
-100873
-1157719
-187954
1089839
298374
-51658
1412214
-12437
-75325
-742119
45704
-894556
389697
1242410
169559
-537803
1598603
239247
292127
-479913
338496
-355228
798252
771301
-384884
-1522698
1408696
113815
198875
-806128
139233
-382994
381261
-276714
-351477
-985957
1669521
124971
124809
-608736
-31722
-587362
2609
-71800
-172174
-445099
1730808
-190842
-329686
-1074471
-111184
-428775
-347244
289037
354118
-352868
2085378
268909
193167
-653106
448034
-83
-263230
-377763
475579
-614842
1243518
94709
167465
-740838
-67187
-307092
-68487
-432466
493772
132483
987090
290223
506308
-289082
-5309
-174026
271991
-508591
-384080
-331576
679852
328178
703974
-424778
-159490
-294795
488916
-602633
-281065
-390577
845072
310933
455301
-890716
-623186
-702241
176690
-492351
266250
74092
1365464
274762
375138
-635798
-296188
-86564
431850
-37181
-37892
31546
633627
140994
177423
-419714
161706
-132366
388113
-14769
396584
-62961
245774
-218021
-113863
-397571
294242
-232974
614233
-408719
489915
194154
310524
12966
-34355
-380829
333708
33742
260221
-626639
536361
151337
288352
136075
38655
-387285
1653
-146415
374016
-682044
749899
-37731
-375889
129152
22181
-320621
49246
-495618
284935
-656228
137522
-154932
138826
147336
114646
-283956
254688
-826525
253965
-616168
432328
-321366
77766
64619
-164414
-268060
583938
-766224
-146291
-425861
738105
587229
-169735
-16084
-179275
17956
1260648
-871014
-522647
-372254
1123186
1420045
-308343
298011
-51779
230982
1708924
-1233834
-947852
-115573
444624
614390
75207
465162
-36242
61277
1219197
-1951649
-1489048
-135503
850370
818320
557411
728968
203215
-376834
939904
-2159911
-1441704
170218
917796
13829
745327
163553
-82750
-982234
387087
-2141292
-986860
880297
1615865
547922
815647
-5403
156071
-676815
386084
-1435424
-189167
575548
1454398
-85207
-35638
-131353
130771
-136259
405904
-1335721
-37119
461035
990918
-486116
-785276
-381994
-8451
-243724
145415
-1264633
-48405
324729
421462
-439012
-516239
-335335
26647
-412146
164716
-1146424
137220
318127
85343
-422233
-367796
-83759
264113
-169072
153231
-1085409
85414
256781
-134389
-1156164
-162731
-45357
199252
-398566
-224654
-1283819
-310337
1073172
815770
-1650796
-139991
-221817
136971
-588531
-228438
-951442
33814
778119
532105
-1630081
-643952
-202386
229378
-405820
-198095
-1001516
-277824
252365
194024
-1135588
172808
-308006
143465
-433177
-369362
-1154575
-70518
-52754
-10020
-381624
1246657
-661092
572561
-600115
381363
-617190
293684
-347874
702937
-230568
405826
-598887
582851
-549881
358814
-331475
590422
-171985
587509
-632765
186607
-664510
789651
-602895
316327
-417073
541607
392
588400
-545118
137112
-758351
748184
-525899
361009
-211868
544702
-495892
722005
-578399
205564
-696227
804723
-480964
558469
-296037
611975
-594712
665725
-837324
147265
-643775
654758
-626563
486540
-580977
548447
-633998
993664
-564464
375189
-631857
805763
-484827
534681
-446605
568262
-608293
905442
-945494
313024
-839684
583744
-601265
385160
-342499
828275
-218959
1189695
-939906
565670
-828617
661482
-353154
419445
-115264
872294
-422838
754825
-1116796
376010
-450268
833195
-337740
336471
-172680
1182165
-674485
435594
-1300449
654468
-574862
762609
-231995
356538
-304325
1201794
-707513
630932
-1254850
867576
-404976
347815
-663265
330209
-708272
1330783
-1026895
1170418
-1578013
2005501
43451
428085
-689700
-161882
-721647
834281
-1615351
1869344
-2029687
2995099
181864
425144
-835107
-367581
-741416
850153
-1994527
2515639
-2737634
4001938
443722
623728
-1117571
-386463
-413260
818907
-2201346
2762852
-2765425
4044552
324684
827541
-1504858
-476679
-97761
1251384
-2477819
3174493
-2492230
3609777
478416
1032500
-1713075
-332388
-15335
1279498
-2571421
2316047
-1506752
2923487
492207
1156858
-1897527
-401138
159872
1522063
-2377760
1901647
-1093685
1996781
463001
1151479
-1812129
-166757
323448
901550
-2010803
1555485
-213465
1154397
462688
1059213
-1916027
-105448
441229
1099088
-1827928
964109
128586
941807
364711
1304896
-1767454
-111995
394326
834784
-1613223
741691
260238
467094
372203
1248794
-1799431
135812
126089
910229
-1537089
592201
552476
248790
262357
1406144
-2099370
226216
285913
795133
-1390302
427749
765854
-117072
331414
1602970
-2070037
313141
129805
667286
-1515214
464546
909633
-321168
185538
1501845
-2102030
554061
117158
404208
-1236420
423353
1064333
-225886
236853
1545768
-2214739
628626
-291698
549860
-1209079
508191
752127
-123655
218414
1615655
-1983582
473352
-505264
466583
-543052
233531
978776
-251833
98637
1438330
-1907538
544513
-418193
467628
-326234
107943
825188
-299584
-5952
1692082
-1742184
103952
60514
498985
-96242
-476902
1284112
-887662
94859
1720712
-1573097
-1755
464035
313048
-174203
-1068758
1522144
-891485
-98050
1722576
-1651206
-166584
373278
177659
204054
-1519792
2060855
-874036
-160392
1655710
-1799444
6909
298746
53752
281496
-1438847
2002004
-657952
-269704
1436957
-1849574
-42119
191913
157714
307910
-1068663
1673449
-116515
-238003
1449777
-1780316
-286363
-1224
-120458
100683
-728454
1226356
510405
-278463
1178878
-1466460
51095
210193
-172008
120444
-717043
799329
593255
-201156
838092
-1393239
106984
100095
-558823
401321
-608346
953246
744359
23480
781202
-1299035
339354
82535
-593221
306940
-492666
653376
409516
24996
392292
-1351291
671009
-388274
-557698
542180
-42592
379565
741058
-92122
179981
-1241775
854003
-425080
-367145
233602
301540
229539
635289
-370030
-125509
-1097073
752483
-535431
203369
330157
280058
45769
1000366
-370030
-40768
-974227
629226
-630060
-42932
-41870
726360
133662
791961
-437223
123018
-731481
619582
-368737
-9131
-156722
338803
89527
733677
-433447
25082
-802966
727260
-415700
-147300
118654
423620
-122329
707134
-417988
-29685
-806404
676846
-20393
-160885
169391
436972
-312788
455431
-491731
-39897
-570032
725043
-135308
-417856
107529
400520
-145380
693312
-564877
-61678
-540021
931068
-101166
21189
-267019
199082
-169966
441793
-511223
128509
-387030
1029028
-99371
121984
-337444
4326
-241689
266191
-657956
201090
-336093
1110877
-145791
295041
-650959
262034
43806
-45144
-509695
159551
-516942
1018437
-350262
-39521
-629550
175004
361246
136031
-328942
367671
-410875
928870
-295792
-55954
-762423
311144
240369
-206749
-555875
268914
-624427
934811
-386013
-81758
-283895
593241
221847
37506
-783947
190525
-969212
736386
-514698
29268
-54536
1008169
-78687
319978
-831487
330733
-770302
1065480
-588808
384050
-373353
781457
-553385
501967
-682816
653536
-772971
1118102
-646592
481145
-316152
729541
-823432
435635
-798925
534973
-623107
1021446
-858816
620683
-562903
581531
-538233
958129
-755611
514501
-674886
1269704
-638994
518778
-71812
227031
-853193
892796
-799261
521597
-531992
887490
-561801
526749
-135251
534172
-539249
817357
-705977
706500
-477644
627600
-582102
596672
17888
409362
-911800
718819
-784285
669291
-474765
575793
-352695
502382
62241
607403
-723900
412284
-646256
721936
-757092
434867
-115088
338081
-8784
387727
-988025
578581
-709308
712545
-883644
500676
11784
158079
-3005
465435
-871739
464674
-768254
636810
-981168
496961
150688
-4710
33145
781920
-884313
457471
-798244
732821
-934708
621026
238072
117710
-402053
1132085
-832129
264385
-692165
819261
-691279
857337
76873
160782
-818653
993410
-1179726
282113
-755249
737679
-704116
815992
-470871
375552
-728856
1267959
-1040150
396053
-626121
569696
-806776
720444
-559823
342395
-767681
1508779
-901016
272306
-901869
452937
-654036
418946
-415893
679491
-644301
1592376
-759260
498821
-645929
573978
-523747
402241
-468873
639988
-646344
1199448
-1061493
225316
-659201
545550
-609195
317036
-284453
596549
-517465
1340590
-812800
287454
-520845
673671
-567427
355556
-477089
427758
-856403
871326
-583327
371831
-609930
569800
-528173
536100
-475264
682293
-547340
567661
-757123
316405
-768106
295402
-711383
350492
-829471
709183
-308263
959553
-281485
412831
-688450
469277
-438768
576025
-655357
368459
-467534
680539
-617041
485493
-650585
648682
-384909
557160
-409871
819384
-548228
558947
-818840
111118
-634777
656387
-468621
815952
-668694
541688
-321103
661480
-865243
455736
-619988
628180
-512527
680467
-594352
682200
-680144
780200
-918628
682046
-509623
503296
-726611
785554
-867791
1043566
-586448
404965
-800225
1059254
-479414
528616
-694838
481266
-887417
654950
-569782
772336
-702796
1038334
-511466
535264
-750137
721336
-899523
833411
-993206
440964
-343217
1012128
-540832
586162
-706390
625126
-701403
774613
-458884
388307
-702462
905863
-527881
759349
-807234
720205
-624117
787106
-144637
482518
-823735
522330
-513418
976452
-970832
613483
-268632
403082
-349430
242149
-374451
692091
-528702
849457
-1351265
433129
-339744
565024
87656
30081
-579337
1012742
-630581
945436
-1620108
507751
-170901
321356
-437684
429963
-189056
671474
-885322
822275
-1779970
593399
163921
700306
-68290
645283
-558937
556987
-969538
929434
-1507826
853947
-27161
596020
-507273
804990
-585483
414575
-776978
978535
-1325155
914900
121752
543538
-633000
422301
-590240
451337
-828013
714895
-1143408
722185
-199517
434765
-568456
461188
-215785
727434
-778159
550964
-1051606
714109
-383335
303260
-435610
285558
69775
697227
-553220
540217
-932325
829986
-498425
97020
-552344
362716
118159
606661
-645929
435831
-908167
566148
-180608
518198
-687827
603350
-245601
725560
-735941
299286
-779084
654257
-362174
365433
-646307
705773
-205039
893719
-704814
323523
-807249
380979
-139613
312164
-881582
1065469
-210252
628585
-733058
361822
-731148
442297
-306634
226165
-796804
1132525
63764
629166
-771214
452035
-736503
654126
-319529
356482
-575822
835131
-110249
468642
-722841
334027
-764566
719927
-285467
456208
-137203
1090062
-622794
58505
-156165
345627
-70554
-29386
-596672
-364231
25573
380135
320025
-14257
-18801
720345
414465
389541
322394
218042
-47651
-90228
-1256968
-720229
-197428
602506
249479
44838
298461
773929
397871
80681
-1060296
-1049583
-224356
468363
158321
80779
-16822
511072
-295601
-154088
-501306
-553537
-123523
404425
155446
336298
90399
426572
-609426
-215236
-845419
-143568
32424
512905
8612
70624
-472591
-168240
-462658
358217
-341709
-34193
-74438
488234
-161869
-412761
-506102
-208423
-16316
720760
41957
-206329
-437941
307308
201680
-80602
229643
773179
507873
700004
-728646
-690188
-459050
177677
294006
-87463
-110949
738038
108036
106683
-829147
-139129
597215
1076999
820307
522685
-95782
637935
-743668
-1351121
-1815172
-474452
252471
828008
201998
-263013
-701147
135499
-857928
-724342
-1141759
1031659
-338168
-205573
-544461
-536292
-791409
515744
-866554
618658
-738727
2377664
646498
485591
-483978
-1071291
-1052645
-205939
-1673407
713705
-1258054
2927150
817062
1222092
-435919
-1319079
-533600
-2030
-1712189
864118
-1176261
2710252
698630
1374760
-825249
-1020814
185152
1766204
-860334
1165979
-856961
1069025
649664
1465852
-1011355
-802100
954853
2933822
-477618
975733
-539444
-53814
832101
1307761
-1417387
-1170013
1236616
2732984
-342909
176020
613374
-223426
1171540
1576518
-1453217
-1315579
1557192
2574103
-513388
-881958
549926
-360551
908098
1428464
-1595960
-1481744
1510602
2249198
-326295
-287506
802703
-78364
864672
1057788
-1438193
-973545
1661475
2094855
-840265
-562809
1061144
-14813
985168
1262744
-1543274
-1033452
1241189
1845160
-707409
-749525
788676
-210397
809488
1435634
-1487079
-935745
1087977
1570925
-954008
-895623
900676
85607
671350
1334794
-1898142
-1247297
1117041
1611741
-661592
-616414
1278978
82187
981795
1555919
-1790562
-1295932
1295303
1566989
-749862
-763457
1013513
-342370
758926
1292155
-1501880
-1018994
1001479
980840
-940347
-620527
1310381
277348
840322
1158501
-1944044
-898225
431777
1027445
-363645
245118
1131015
307050
1340069
1728216
-1803761
-1301949
384684
802724
457906
60959
809743
-847429
704178
1160000
-1441297
-1715553
853653
994372
1091084
-160750
936665
-831958
710947
1267247
-1119564
-1527091
1054364
1719093
789783
-807854
334731
-1044991
969220
1677686
-991727
-1385879
925932
1419284
518622
-1888303
345741
-647343
887118
1451838
-1544389
-1865874
832648
928316
451500
-2220731
882484
500854
484709
1088975
-1867363
-1911729
427808
908541
384451
-791311
1045014
1225145
637401
933385
-1526755
-1672678
483164
1444808
296509
-104223
127748
947381
748451
810419
-1399087
-1841076
385988
617406
202488
-567887
255668
1175471
403806
847090
-794824
-957262
931142
352698
238117
-915566
209095
728232
-1936
366923
-613945
-157842
1331322
738225
451597
-381809
176409
337595
355254
682553
-662300
-51142
717308
25896
-48441
166548
271657
327829
224123
587129
-962529
137621
523015
384234
628264
946122
-51768
272
-196292
-149642
-1028426
298866
610717
148032
461577
1214113
107279
219188
-567382
-344873
-279887
652034
860824
502171
497118
803771
130155
-93241
-346879
66630
-105171
645901
159991
-1580
281189
611826
41828
55774
13167
685021
331554
1110037
585416
-661533
-416268
-51615
-21069
-100087
-216552
369640
403973
1122143
953141
-351719
-43115
134109
-305163
-566066
-266572
6297
143222
837446
911063
10916
36508
484773
-499900
-495830
-390444
-44419
252787
1150593
977458
-127397
-91396
135394
-372261
-254578
-483363
83836
430322
1614879
520637
-573986
-1069962
-78794
147260
94757
-239863
214277
491803
1491576
574141
-33597
-630049
-85691
-69084
-549969
-433365
156949
628589
1327351
648323
-437255
-1015076
-404007
267103
-46616
-625302
-14342
231807
848247
-298937
-1299904
-1202964
97601
1677024
1069533
85317
511626
230043
538792
-530679
-1516707
-1042259
468503
1272121
375709
-446590
169077
-57529
613453
41599
-810290
-378289
1029467
734522
-11622
-1164746
-349083
-699773
254890
-251783
-575821
24083
1646945
943228
534071
-589113
200562
81325
796369
-114131
180398
-180019
879932
-384977
-341734
187101
971802
858007
1603104
305958
66334
-456174
-665439
-1483738
-877212
77274
851439
514702
672549
-409102
-931802
-408523
-75783
-182593
393457
-448131
190919
102239
615935
-22679
-280973
288564
183509
-345545
476394
-442962
395412
584472
858462
264160
-121191
79898
201884
-557167
-156832
-93184
628514
553684
-10611
-753740
-699756
-311386
432982
-181723
358261
-60602
717145
257359
-43484
-479249
-61281
490662
276166
-648619
-588245
-124999
516415
-238086
31048
311170
-205596
-82725
-619515
-1088906
138945
92227
597016
-279953
-193415
390263
-415458
-827179
-337972
-1137863
273606
-478112
48210
-347831
-102872
530359
132411
-565802
447853
-327726
-110948
-531516
225557
74187
566259
612592
180265
-716561
463590
-344852
-565734
-173246
731073
466236
1037082
576302
-214809
-1505130
-45597
-993809
-383242
-102917
624374
251464
527998
-191267
-536367
-1539476
189564
-426318
-167638
-535693
-152826
-263362
-200748
-818770
-474186
-240715
1288876
846825
-141358
-459024
-29037
-84354
-154946
108612
217107
327432
1124233
-41648
-535246
-299673
411025
249797
217937
205005
380573
-355400
397851
-888458
-637491
351519
987215
529802
249447
-290203
170085
-496362
-111695
-679220
-1255329
-180164
238661
-49945
-53085
-306097
13103
-221451
-109145
140763
-228507
23143
525813
366043
684427
147887
71629
-598752
-609909
-976372
-206848
-660765
-311421
-474757
-31364
-380251
468623
325376
942158
8137
17763
-534289
-141553
49554
251452
-150257
12689
269926
411194
89141
-289628
-113637
728578
946395
1081538
659406
300938
-338226
-564682
-1326800
-1153433
-413150
451344
195023
584947
-438678
399341
-91061
205985
-804875
10766
-440489
214547
-94814
271861
-399592
-67982
-220635
409046
-334550
635802
-70336
156450
-205973
-93045
-491086
215619
-155350
-40196
-233841
444994
-157234
100728
-410075
-228927
-702010
95594
23888
-170719
-82584
849486
-132177
405359
-181018
309945
-452877
-226518
-616579
-69718
156135
869620
-156977
444121
-96850
410043
275556
434643
-11590
-216971
-390794
16320
-275248
501857
36626
258137
335706
577019
937422
33284
-631152
-444396
-82241
897865
-215402
81537
207413
177883
345613
-124542
-598681
-37672
-218601
408187
-946078
-616572
91595
95946
-281969
-503790
-163136
1210092
-541339
81863
-1301958
-622202
354441
524965
-313046
241776
116970
688604
-856080
144954
-969676
212133
1488288
1123899
-401791
-277719
-389214
91372
-936485
246794
-252471
654973
1527784
1084187
-352630
-142753
-732866
-366085
140883
894428
631509
1085969
1064656
62659
-1575269
-1468991
-1068938
-250830
-76517
382032
-45837
224840
375599
-377060
-954477
-850735
291534
744603
-316876
128496
-401683
153531
193004
-357910
-624889
-160817
751822
1011224
163949
461156
117104
735330
162772
-318918
-777572
-83633
109541
257396
157762
298419
21121
366325
556135
42683
-773156
394507
-219971
215541
-450809
-193877
-304787
193945
715822
704377
-223024
425396
183322
142097
-242761
208354
77382
559690
410819
-56704
-883596
-29572
682423
182911
77692
429848
123081
205677
-120721
-361345
-487381
959885
937320
72010
-130448
386020
130011
825741
343182
195194
-229854
597796
302232
-588007
47201
399224
224348
992957
611723
234322
191676
366966
-615167
-1297765
3332
19791
97826
228671
223366
-400441
-1029021
-103305
353854
350692
211789
-72390
5122
526700
236667
154072
383683
-196457
-142587
-354026
-39629
15934
73239
273340
-7144
148201
469542
150221
-215938
-288015
-186676
-51586
-37200
-177117
304884
338723
242717
-151603
-850277
48645
-20728
-1182
1635
-74102
501819
637729
249128
-561509
-466576
-538281
120657
178700
41203
-383274
-286995
-166988
-360700
-243997
362153
21046
163158
177420
81639
92771
-315887
-115850
342063
460148
181023
-92826
-407319
-361593
-332249
74469
-316286
-357100
549890
1159514
716532
-306507
-52368
-91919
-205111
213426
517005
-20329
137884
828939
188953
-1001069
305627
677551
742862
256389
276451
1953
-161538
47650
-709102
-1038645
-419883
-165364
354565
-31307
-311570
-93450
35869
-421866
124780
337604
-542776
-388511
-89570
-504975
-482697
-505001
-214360
-696601
679932
616892
-404723
212314
649016
61835
-936077
-1155888
-469408
-1750026
-75877
321654
-208454
-58200
695854
772670
-1322750
-1102801
-160386
-1157223
-367759
262162
-75548
-267017
596388
691053
-289984
-540481
259533
466581
-760937
-470178
-123189
-183733
134414
34750
101221
-16554
501581
993814
-536482
348107
61914
134007
127848
-212367
-21746
730491
317737
444109
-963410
251490
132023
347596
248118
-239051
-507105
508303
395220
1050801
-933489
-288273
182572
262216
-166901
-136649
68345
627709
-94281
245826
343381
246694
144559
427399
-385344
-505336
613068
739187
-563348
121192
445686
426340
180143
283481
50651
-137083
300662
426337
-203187
-36924
-244983
181617
-172858
-150324
218645
53861
72391
315752
-228118
-347316
-238069
500929
-22075
-4902
-27316
-269548
-75051
357330
118989
6378
-43639
226513
376966
156919
-103298
27442
296218
370133
-199002
-395405
-288746
103357
-260820
-17302
-526082
-316986
818688
561000
-910589
-712007
551560
476958
140167
523667
-59784
-839585
487638
554965
-889516
-393222
933731
92236
304339
372254
76823
-147701
-255513
-225454
-162415
348715
584038
76890
131385
-6456
-600350
362330
-132761
-219215
217718
951286
36444
-37515
117934
47086
-473909
475423
412494
-159415
289186
855025
-143861
-633749
110285
251771
189279
8847
136898
640709
197792
51275
-786918
-819332
102255
157823
-229110
-655798
-269923
734475
-330845
-315595
-230926
-190445
336655
55395
-542260
-664029
28042
165219
-99335
-137569
617636
291577
618738
394512
-725705
-1058194
69874
-129654
402658
-324146
900562
183013
758175
665846
-406423
-721020
-363093
-118516
-367434
-990366
376181
284134
150189
164449
-272905
-444414
165947
1072119
-96124
-723315
-114755
158441
-117469
152680
-370281
-745425
640231
1043645
-235936
-859012
-317086
439931
33060
482105
124375
-558695
194043
593694
297689
-592152
-278393
445810
177353
440262
-120201
-1014427
-178770
292675
405445
127162
564311
-59268
74768
100628
-774362
-729792
466752
177888
297774
306811
502061
-366
-14091
-124474
-1050145
-155709
297477
-477408
651655
1134508
149407
-82989
223751
210178
-182740
5750
-122731
-434112
-96125
32130
142453
405896
111848
101298
441979
280062
303
580629
-206598
-996799
35828
489202
-36465
101481
98337
194799
108261
336414
-6932
-131880
-207841
-180959
2683
275232
-225833
-156330
77148
122595
840119
692542
-239347
-732223
-16315
49665
-193092
106459
421465
364627
30508
-165454
-285193
-389769
71163
17258
-28864
95305
628899
191500
-86983
58463
-448062
-7039
161120
217633
286685
246265
396175
125980
866033
459687
-870874
-756849
-369525
-419412
71381
592626
163052
44016
417418
41280
-473447
-56974
-300400
-197725
275023
310866
-64856
-563932
-1070877
-364460
594903
797711
100169
315037
440671
316253
89411
-402592
-897526
-305332
726448
614657
-171940
-425162
-351382
77934
-50970
-76060
-235829
-388541
949571
984575
-288121
-716510
-584100
-391280
-383651
-445523
-286271
270488
1241189
791758
49536
38412
-239694
-120357
628962
-32409
389316
679916
-354261
-1266150
85174
559854
577578
397555
567177
104299
-20310
122831
-568645
-1381141
-53720
46695
373924
310555
-391957
-359706
-375318
18787
248030
-52634
-103510
-228953
-210301
266322
235597
315503
240250
543931
455659
-540186
-104902
-49990
-267739
338659
467496
-132889
-244100
32646
263548
599649
19598
216799
295523
576939
-359241
-994393
-137324
175410
550968
875767
-237140
-9216
334916
33967
-509752
-48047
226631
345500
277195
167036
111677
207002
399339
-203953
-590214
547321
141918
-640271
-645199
-305878
337654
131573
12605
-167192
-582719
42040
463539
-494590
-652948
-12754
219783
-72020
-441355
-137246
46249
-290891
331680
273179
-102753
394655
-353657
-98481
7792
19610
521318
161910
-85895
-13642
27884
324264
-79991
280277
563733
254480
747995
582550
-214079
-1111165
-643928
-376952
15691
-84528
-194959
132590
459308
-576041
-734376
-211480
-69651
121759
-145588
34476
-246174
-202682
-52407
-730895
-464017
681764
519411
585156
-559257
-292091
-433931
-263894
-443049
130042
451837
366173
499189
206060
295407
79925
285451
636181
-6981
-184096
172257
110249
-310454
-964225
264324
173214
155750
13708
-84615
-544940
-342643
669152
62172
-161730
75448
392555
230615
-118189
257015
295975
-716964
-405927
-475672
-86868
21733
292321
91434
-140726
350466
591866
-161004
-380377
-228674
-673960
36697
-220797
-555154
-606115
-403378
-472638
133767
526731
627606
534458
148565
26619
-66108
277100
282882
284209
2797
-233137
-233154
59915
-40854
100619
521497
685531
164398
458406
489989
19326
-659473
-921234
-646369
-229588
509805
50760
61397
-55027
82564
338767
205406
-633217
-296032
-177645
75798
45318
202015
-191771
-303600
-9730
461965
-56887
171006
5121
-331641
-122052
-269155
-397795
214539
530396
-350635
-224134
70713
67792
-119073
-236061
-260221
-389475
-436441
-108422
-81998
378551
110100
189177
184298
-136851
-122174
371625
-278980
-953306
-308542
609836
51906
2950
71738
81274
-118679
281298
631462
137957
-366362
-389794
-134132
-10477
289998
559264
-269037
-166525
293552
1477438
791815
-1094272
49446
-5053
575450
364021
-488642
-91030
21990
38522
133754
54363
11804
-109798
9415
-430593
-819304
-371777
-84588
-39897
287436
819469
242544
11611
-387970
-482238
-276353
-134382
284451
-330475
-457985
928335
-218468
-503770
-632055
-508088
-72775
651243
966498
27394
62653
611355
-129513
9453
-289126
79350
882160
589181
18091
33766
-86424
-798169
-124766
533816
258151
221967
875405
249170
-400944
-442473
-907572
-797068
-496052
211955
68119
-240369
-143834
20130
-458188
-351711
-386930
423906
-116981
-100578
-194995
23604
88151
-151521
-582204
-190254
159711
368945
219267
222114
119892
248478
677432
-58438
-771814
-706022
-64721
235646
-1109
109243
-203281
-144524
-150455
106182
853507
-322178
-98494
251693
-139263
-244172
-514669
-111988
-52702
344841
831907
95022
-562136
-396262
93103
53792
-38509
64887
62921
-298401
-457214
243296
-1992
194770
-46180
117873
182398
17663
-177229
-327774
-590561
9826
1165207
837481
-166269
-31934
185249
132435
488973
362567
-340473
76434
544010
6833
244847
132812
-12103
-100809
335756
391340
-87211
395333
812282
33939
-213733
-90072
-352988
-123062
212244
760458
600535
301500
-385995
-265937
-270236
-111917
-396237
-361843
-555649
-203937
123658
514807
569478
438073
-190126
-56192
-209022
-209073
-346043
-128593
-133398
361956
262928
233951
-41321
225324
28809
-183664
-387816
-171612
270563
667344
181999
-233681
-231624
93637
-127133
-284076
-538708
-207632
226040
627537
706840
145335
-344416
131400
323315
608355
397725
371335
16506
38936
-333530
-474601
-319127
-60385
-114501
241463
-72270
-168494
-607955
5353
77521
554423
301500
473907
187681
326904
64154
-141892
-1000967
-706524
-291133
91878
-199505
141841
-192112
-326173
-373082
19357
-255408
52522
223413
673244
-996887
-750300
-471484
-116178
38147
448101
517167
714741
446046
571059
164151
209074
21976
255950
196795
490456
250758
-166538
-777002
-603638
256072
673851
505049
686159
628898
766738
439306
-339203
-937637
-1432451
-275879
-116376
-254399
779241
1023044
1584073
1259145
790777
-607846
-1630548
-66023
-135506
-482416
249251
758186
1327696
414110
921245
-281956
-622469
20875
-55487
-617200
-873172
-186602
315824
-466163
866275
261554
1149596
164129
428165
-213233
-868070
-627428
-191191
-901252
209503
-269356
1546352
-131102
372502
-224157
-786350
-916484
12336
-684969
920136
6754
1346568
-263283
328911
-198602
-398940
-449241
11799
-1102901
410212
311751
1585051
-52482
541090
-231240
-841120
-679983
419684
-519425
-201516
-206261
1183291
-110542
607119
-48978
-740389
-632154
277286
-286699
-103505
-223434
805702
-126072
325370
-340157
-701241
-433296
325085
40577
228348
90805
668202
208385
519929
-278869
-707245
-245215
480037
111399
91885
-44490
69244
144540
738107
-23439
-466676
-342335
135843
-285740
-91805
161938
340696
-172060
592488
-319134
-759943
-386344
472024
205246
231808
414977
363487
319670
1076637
23868
-720094
-585197
544402
330742
-157016
-166024
-271939
-275347
602165
133654
-287264
-303168
116902
206274
-175479
167505
306357
-196272
488073
-195184
508
-27955
161007
-414754
-195105
-31575
468916
133752
966213
-156210
-292757
-535352
44974
-614407
-235710
206068
631945
2719
711393
-291637
-709083
-653849
-49860
-265580
-156024
626690
804202
-255095
446715
-100096
-670108
-786187
-38668
270890
490776
849733
575694
25504
978583
478506
-105653
-231006
243189
264641
-7738
72770
-214266
-11548
1015135
573175
-154540
-118308
-96281
212420
-816889
49586
48502
-404110
1010654
734767
169677
-82152
-199187
256305
-888758
196530
-18369
-771639
488563
334954
349442
168945
681670
798760
45369
-77219
-337020
-265270
534222
-2242
-515944
-834520
-244037
322115
466680
251765
457133
-197004
597003
54199
-449798
-655992
-323584
586133
487819
144564
99156
-464562
43246
-141647
-136961
-358732
-723644
156711
249966
493032
620111
-267188
279400
312830
264363
27832
-698493
-422296
-423935
381015
454616
75334
541160
86241
73204
-282405
-698576
-361769
-319109
47948
415320
148319
519059
47721
284397
-92645
-562401
-839750
-508592
133844
553506
-398101
-316634
-200233
255929
228173
372696
268115
-112714
-205327
222972
-449498
-593099
-709939
-281534
-247166
155486
403436
689642
223880
397430
-331786
-270966
-538582
-177390
-151298
-110544
-70257
542430
484839
468784
-265958
-126097
-262025
83508
-253000
-759639
-660619
81075
745066
920936
-135415
-224966
-464888
-259185
-168862
13684
111157
390182
335930
351318
-220052
-343369
-373021
-236938
-32206
-296860
-33825
245597
289169
581226
-454606
-584520
-629618
-170999
-211163
-609003
-448120
273291
1017288
1170672
187790
-82633
-548014
-46063
48242
21589
-350158
-168505
89567
244527
-83126
-150843
-252223
368003
867793
1050481
133554
-545101
-757633
-471474
-458345
-435417
-515342
158267
487784
589810
137671
-335234
-357184
207602
349238
375983
86495
251630
178299
163956
-180844
-564265
-658258
-580593
495612
653187
562164
669355
596781
112019
-501596
-788527
-811881
-865037
-325986
-39887
-228597
-218708
-277659
-506750
-208560
508161
1085191
591287
-812774
-872463
-855062
-190083
-171910
103109
171718
658795
904260
1058435
-293424
-184136
-353797
459662
421191
493581
-80533
16637
-297169
70769
-51433
151226
-261733
-132877
-476492
-298445
-602045
-218624
99986
926284
-132721
48966
-274948
73581
-16061
259344
126401
-168610
-764055
75237
-469738
-351467
-312926
509186
578798
543375
-79212
-471046
-628624
80451
-125478
-36273
-1859
257967
39954
94029
-174203
359
-460103
-98007
-431599
-191856
-39738
320105
98740
226121
426230
952265
154287
-394799
-358616
100153
57823
383567
358338
103614
153765
555014
44733
-427030
-168264
310531
59796
102816
229423
44023
-257452
-135043
-241909
-26059
-45780
-3177
-329621
-323077
-90613
59784
119526
129574
-193572
-65514
-522620
-459536
-752568
-591376
-248497
206669
786639
1140332
686927
-14135
-48038
251315
-106972
125530
534768
645737
193579
204930
-360419
-700197
-108115
283211
192546
554999
320579
326230
-410791
-362143
-742084
-199143
386942
564224
223399
491334
-169797
-194877
-657129
-116949
-295376
-433136
-598609
-460177
-579978
-229341
33798
289050
-39108
700953
823108
540285
-457261
-94897
4564
182232
338462
470942
-195942
25365
-271116
154316
-514245
-270770
-301249
-163252
-180621
554264
644958
927981
80571
-111100
-286698
-115593
-188954
-153611
-415200
-110877
156347
605289
540612
212222
176757
544247
586980
733203
361069
-20622
-488340
-615428
-785883
-476548
-346474
-206774
-439208
-276536
-558693
94867
183206
623809
258496
405727
-414490
-561251
-734593
-371991
-499000
-339696
-178336
751510
939803
799407
196355
-36055
-211165
-122780
44305
-13102
-220687
-201379
76417
13429
89953
233288
-167033
116636
48637
241046
31599
-106335
-437377
-115977
-157082
360750
259382
506242
129455
95004
-316998
112393
-149566
-90944
-173314
149189
135706
486858
293974
719405
329523
-24949
-685023
-366324
-325474
-143732
-96777
88487
-177956
241576
547888
648822
-166658
-231948
-153050
-38016
-280358
20626
-379032
-344953
-524764
285667
500154
686650
-167625
-211109
-512548
-65504
-136085
-145792
-1143609
-663727
175902
1456235
-247932
-211298
-373026
5875
144070
367445
157804
36986
-487379
170902
-16449
486417
311323
578033
670572
508183
-85751
-436493
-920582
-631104
-112312
468015
166155
159947
140174
185868
430664
199097
-560893
-585304
388236
721963
200225
-89054
-434432
-503725
-576774
-271020
-149808
-28498
-238750
82041
-620944
-759701
-496316
101785
184838
498845
567700
429858
-642791
-376495
-815322
-413579
-200183
478001
690516
990173
502487
235886
-59409
160880
-196888
346657
319307
638039
279125
242329
-524128
-531002
5901
197945
-226571
40415
260612
566230
186635
-24204
-304547
-156976
-517692
-252107
-575628
-378034
-48004
566606
797485
415545
109718
208392
-158382
198178
-78699
291561
-267176
-505180
-326656
47413
368842
252258
160334
376568
6941
-18218
-330469
-273366
-517407
303264
507454
166899
-296916
-158703
-190584
167013
376353
488779
-211957
-136387
-184597
416526
-272746
-173583
-231774
150636
351093
524650
-203726
-600398
-542261
276881
-142617
-214567
-501312
-488139
-305924
-14119
-129009
140120
158912
621030
-399142
-87766
-233239
-111062
-310061
-196667
-416752
-229628
-39024
938450
29120
-4881
-88555
75597
479945
993045
456419
-549287
-750454
-512855
-167519
-34270
-479408
-500090
-210114
-49327
208299
351381
234073
465948
-63345
-26232
-262154
-311957
-206304
-389338
-292348
227121
248338
405067
114506
127842
9307
-231144
-418885
-145646
128415
562058
233067
-440716
60241
98948
-62827
-454646
-786282
-305289
351463
823904
506100
118438
-164157
58864
248780
347777
133807
289177
281983
49463
-270471
-201007
-220314
12401
98022
315814
213325
-210274
-490184
-295547
-112283
257785
427061
444302
132752
55369
127601
-561698
-1282868
-890771
-25169
581006
263173
340964
30066
-413513
-270886
-200724
-876600
-603881
371838
855585
-785838
-808461
-600466
-445061
-275445
206311
129597
522856
1145660
1093337
116570
-195102
-169613
269786
244275
246600
130506
-29525
-403467
-172453
808716
572273
501466
655755
603974
503206
113455
-455575
-1399625
-951841
177815
-297926
-7341
1010365
1535653
1475942
1130398
708782
-1177398
-1578567
143457
-444758
-664819
783016
1955679
1307078
947172
975643
-815176
-1439588
238674
-211478
-944811
-108871
913643
552752
-335427
622397
358795
-90908
330519
77558
-604868
-378274
51044
10165
-909108
73532
347881
286126
133052
97481
-329475
-252606
-259236
-221201
-508265
397985
437267
-2382
-100730
-158733
-357225
58050
84524
-337817
-714777
245446
1138509
260556
-24595
140577
-283779
-250501
-6177
-53076
-505709
-424427
195816
583781
-55334
216588
-44992
-547522
-402193
247980
-23629
-477491
-181571
389647
-71980
-62721
-347352
-346024
-141760
254046
-29389
6812
277681
188081
303094
21199
-673977
-324914
125781
347608
251687
198912
5271
-370355
331856
237837
-297244
-84073
87955
65742
-209271
-83856
32709
-236913
-30876
171647
-488946
-449809
-26728
217912
212468
299057
386555
15869
433090
495685
-193975
-718868
-298762
737042
747223
-38031
-396186
-536617
41365
162876
111566
-162594
-358475
574685
575531
-459291
-442018
82841
-231822
-65588
-305084
185059
371520
346342
-136499
-457583
-137016
292033
272597
509457
-297621
-340515
450028
-34589
-668576
-630572
224700
73156
240254
378681
-472990
-894079
-4022
-1009
-656600
-332314
752703
608719
-35990
-72761
-602619
-649034
-338143
-90009
62700
384998
1196277
399073
149714
349416
117599
27738
-118250
65320
569719
146413
436998
-439843
221845
774973
410241
59455
113723
176931
83097
-639887
-367617
-129397
-156572
744041
773586
231048
75393
45231
-254631
-547727
-475415
389952
-530378
359612
709958
545196
566057
677102
679004
13498
-541232
-375959
-118005
279727
204822
-116310
-327083
-21243
824385
352112
-80146
-130429
180523
389165
326655
-390233
-895474
-198762
861648
588718
-60353
-305481
-237369
-118217
158650
38997
-445466
-241779
560408
606000
-47571
-83447
-306310
87087
547597
592076
-199510
-562710
-310618
-104374
-15622
447755
88893
662010
795657
252513
-388620
-425578
-410704
-361887
-247227
218519
325950
845223
650552
2743
-66525
-505872
-1108585
-514004
28375
150414
-195745
199606
354667
369420
423213
215094
-242271
-296780
-286638
-200186
-363410
-376686
-351840
79528
-100144
89528
862807
480883
-387120
-54168
-179734
-172749
-240981
-91801
-165099
-251763
294315
444495
269623
157705
-220246
22581
262983
127682
-219719
-760361
-738653
136536
715130
629052
-100496
47578
52898
-192347
-425571
-412385
-31000
433005
530077
304100
-169730
-46757
-112014
-290892
-403953
-85318
175681
423789
329634
84579
-444312
-375720
-305814
-229014
-552311
-819706
-709705
646783
1294712
963210
216499
-65567
-443753
-308544
-264628
-573492
-368343
475978
731101
281768
248623
-35105
-219224
192511
581014
739918
321315
-363663
-714676
-678817
-425799
-489380
-334636
181401
492145
756877
445647
-447388
-582103
65770
287392
378136
92899
99968
112016
51699
75419
-444586
-1012855
-285975
818313
1066148
745166
690764
473811
119315
-392501
-1071737
-1468569
-964676
55425
383845
277582
-80087
-338953
-353646
-637033
75089
692840
417405
-651761
-704664
-578809
-519845
-575064
-79504
63659
810639
1494459
1079292
-232913
-358032
-327439
333362
474660
334214
208834
-116274
-28552
128692
222851
310496
-32970
-202757
-326841
-492075
-574484
-460845
171558
838665
80584
203581
-144445
-478906
-352568
-45446
-85397
-350031
-346053
378475
-244208
-243871
-248608
169331
823942
539464
-222932
-627714
-957913
-51861
-10844
-148746
-80224
363615
280738
-181928
-519038
-551937
-379660
231435
-196559
-152961
33200
444828
-47363
-319894
456906
604155
161217
-309274
-334608
19326
170800
550961
379285
-254822
264090
763557
51728
-423669
-22851
477882
373561
180994
242976
-186925
-544508
-68712
-318254
-253637
155910
109357
-52036
-283017
-269858
-50817
-186913
-116771
-271785
-16857
-285151
-559016
-653851
-602633
-639381
56940
844312
1122376
398213
193448
-85313
65279
-158597
-215836
219747
776382
540454
455522
-175225
-593292
154930
377533
428882
372064
563674
605915
-447094
-836007
-837292
-688836
547693
527784
546001
436874
19074
-502054
-631715
-568974
-556068
-337204
-123834
-93466
-387801
-216264
130698
-115630
-205794
378637
539860
445650
-479614
-221746
-153732
118694
465219
532906
-270557
-179644
224044
192345
-314785
-176862
61266
33500
-65679
505192
604785
251156
22125
-444696
-372975
-302541
-134287
-266446
-535361
54617
672473
672531
548275
251491
206571
658675
798211
679771
319541
-21296
-583857
-708287
-780046
-427006
-96108
141845
31615
-138202
-210352
-13780
73493
101184
-120840
-52123
-376950
-616695
-839479
-658591
-559890
-506289
137362
842606
1145327
984991
249788
-258337
-384790
-45782
-104036
-129027
-396185
-50876
357869
407533
315185
78099
-150118
-32824
-53563
287498
14629
-372426
-342260
80862
1340
327657
299545
260474
307406
13608
-413636
-45054
89646
-155041
-26109
245638
393449
489453
428208
548655
122814
-137417
-306946
-717122
-226240
-106313
38004
238036
16281
346551
889324
468080
-535561
-607843
-145368
-39129
-131270
30471
-287566
-503004
-214811
465761
509885
305400
-48834
-218382
-493419
-127821
105457
-506580
-1228758
-978705
729948
1634745
-214796
-401861
-587182
140675
346166
-29035
-252961
-378306
13816
704689
39281
227745
262399
861893
857368
273710
-35663
-403694
-903389
-739769
5834
513940
568112
627678
486678
79732
-127122
-64648
-759527
-885020
461919
850702
505753
215537
-354647
-843496
-615383
-74927
-491871
-377965
169995
354194
-65135
-586123
-671719
-439182
-324792
-22748
434544
642584
-496848
-539400
-515954
-700076
-417850
403521
643869
974141
951719
260978
61397
-141359
121352
345434
277842
371275
436456
249649
-178696
-930276
230615
268401
142303
199487
355911
466327
269749
-217405
-501712
-682605
-290221
-187482
-342271
-389243
-20294
738551
801756
329173
-98101
-62499
-100886
46718
138912
142818
-96121
-397331
-68588
420620
-58975
62442
375170
576988
404095
80941
-281479
-884277
-647545
526965
471765
-142772
-43150
109994
50921
72291
214796
334015
-53122
-39334
106230
-303767
-149262
-121700
32239
387335
572490
500453
-97444
-874349
-939897
48768
55027
-108412
-246392
-267104
-334010
25441
-48240
-355214
-245093
484144
-226829
-52067
-96129
-204873
-507186
-279287
-308634
-567909
-76665
989621
29300
534384
-232282
632024
154600
439883
-864587
-570439
-967099
333241
40431
336892
-590089
446338
-10542
434506
-533616
-605082
-549682
650881
-3773
422700
-793754
394378
-71427
136824
-603603
-450185
-490872
933721
-17972
482868
-805678
127916
82
88834
-423957
50176
-839266
732765
13395
487908
-870944
-149142
-369028
246298
-93366
337632
-546184
407732
-7380
475515
-663744
-34366
-424343
488531
-95916
325211
-722170
343275
-9545
519065
-562250
309504
-426966
327937
-242054
244404
-906598
729294
116030
607432
-690741
296294
-505723
-367453
-860205
114333
-447541
1125548
280474
781185
-791300
23169
-207123
-588297
-1329096
141269
51914
1238171
-190551
328712
-931866
-318312
-212315
-366997
-1328953
697458
813586
1743565
-160515
74858
-792043
-29780
-129082
-113430
-1222369
449961
748844
1545305
277494
217918
-453472
377963
-6474
-80671
-1336114
-77900
25870
1222097
243162
-211474
-219527
1125040
680945
244634
-748501
-50240
-1047685
682808
344138
-909951
-310884
2067264
1305982
429265
-459407
437367
-2224432
475636
547836
-1386080
-661838
2398069
1979970
-232283
-716789
1149746
-2612551
530290
619371
-1460364
-1130125
2415890
2100590
-713705
-1346373
1733686
-2600252
819855
632775
-1449855
-1256995
2589147
1781164
-693420
-1654593
2087093
-2353654
223164
444984
-1589538
-1311073
2859439
1508073
-1033226
-1810528
2721189
-1677702
-388288
464999
-1594029
-1367646
2983876
1474146
-1301332
-1787656
2123852
-841990
-802138
341480
-1392621
-1416993
2614016
1393797
-1197173
-1767875
1767783
-581963
-702535
159932
-1459492
-1356259
2517059
1308646
-1115419
-1515738
1609895
-468774
-725495
186529
-1759380
-1467171
2593934
1170101
-835366
-1329742
1569173
-470439
-1081105
285525
-1698582
-1611050
2838735
1086708
-975392
-1255327
1500241
-518666
-1425815
257387
-1739103
-1868371
2886973
1009378
-884986
-1123549
1644844
-457397
-1491367
295722
-1560097
-2111629
2540768
1072769
-364767
-795418
1263173
-563891
-1841147
244872
-1418177
-1785402
2255599
923850
190380
-774294
681121
-714026
-1677256
-13353
-1656797
-1687707
2569973
777356
325140
-796366
293075
-632757
-1157859
168850
-1458131
-1986232
2849995
800880
101859
-1220764
237665
-610670
-988665
184946
-1318767
-2364524
2413977
1322897
-467039
-1415390
225706
291896
-1215544
80211
-1529171
-2420094
1975182
1396622
-444901
-1343610
616659
918265
-1477230
81892
-1366882
-2289973
2021105
1243101
-227199
-1089653
545391
1316797
-2272534
322817
-1046405
-2088580
2143049
1268377
-364520
-842834
-148820
1384549
-2456311
324452
-533949
-1835186
2012163
1189270
-589799
-817823
-605262
1404334
-1972102
217655
-137437
-1397638
2211656
1218623
-110991
-792935
-531667
674463
-1704448
295002
-114895
-1164910
1884213
884581
219290
-377949
-357988
237563
-1442489
513881
62361
-952586
1292584
437791
185728
302307
-550776
-20516
-1469563
448293
-94861
-588777
1183903
65575
340778
983199
-487659
-347592
-1460806
429356
-89672
-26753
1207795
-469561
192665
874775
-558763
-327277
-1166017
555123
363870
288677
1151229
-786066
132538
640789
-523452
-591403
-957920
728948
814711
353865
908649
-1015717
-181521
68670
-314623
-619206
-609217
660525
962090
646693
814555
-740140
-47992
-274065
-336070
-761514
-654255
391541
734112
606748
665940
-825631
394576
131522
-388186
-870851
-529516
323822
729608
435753
694514
-1059842
234785
475272
-243865
-979968
-398666
272749
900855
546675
647249
-1136798
-399454
569481
-13030
-640716
-364690
230023
941564
610759
329841
-1322738
-410933
562480
200849
-387913
-354979
164253
929753
568519
-28229
-1347963
-208243
736180
588832
-432028
-415735
-70189
867087
467820
-172089
-1700966
-553377
708135
1125237
60707
-220426
-47243
729828
151411
-164970
-1943396
-577775
556777
1725768
271180
-420915
121901
636927
146221
25668
-1440717
-208569
453566
1319239
-88962
-867283
-86324
374123
38716
198340
-1022125
203953
477927
880534
-297137
-578092
133266
445693
-51152
255061
-1148021
238020
563810
132735
-612666
-208118
636824
916099
191133
470960
-960063
137507
233140
-482549
-1389334
-307734
585945
1166709
39324
215419
-1029168
-58571
17178
-68493
-1110408
-188180
101788
865737
-267468
-121023
-1341564
167449
-22175
661093
-247706
210066
-45040
627023
-196178
213184
-1205705
624350
-218010
533468
-175647
139217
187643
756312
-309523
208891
-1307200
311619
-330085
168947
247630
438968
265105
805420
-597653
-205757
-1198582
166946
-420172
-38628
210724
1036310
82986
701983
-634374
105072
-623361
263118
-503034
-498774
-100139
1310232
-32983
538706
-510361
172353
-487170
25635
-920272
-568805
-160803
1543707
-38032
487475
-353155
411361
-747561
-59104
-502240
-362787
-166740
1212891
-136729
510812
-312172
834795
-804742
-408013
185773
-145925
-250787
864218
74865
847608
-276928
915351
-641800
-953356
77367
-54040
-651372
993740
71216
869766
-357649
580057
-653547
-894247
-183701
111334
-841983
1112235
-126406
521365
-530656
196231
-899829
-394768
351112
435951
-777193
1065904
-126798
441789
-695491
236305
-684376
88930
440578
671395
-1138275
840590
44494
740113
-416911
448761
-350723
301695
-192778
271096
-1722016
747062
139463
885497
-250184
399495
-610379
122602
-578593
-71839
-1571902
679709
244095
663059
-343558
387769
-471831
-160953
-449818
153635
-1165637
651286
-15679
493770
-492268
364322
4792
-204681
-689838
415708
-1006533
1029265
-31947
679893
-320788
410502
54403
339775
-752639
247204
-1074694
507275
-276872
511325
-378916
92905
-296660
628259
-217218
312177
-437538
298901
8960
886959
68248
352055
-307928
360833
-529680
-208266
-778091
278870
-1148
1012578
-1267
302406
-382304
533406
-502253
-207696
-1011663
504525
-243516
577660
-460023
-51213
-704748
374605
-210628
484473
-315379
753643
-233111
337141
-415018
10953
-541601
158148
-260645
374248
-10412
638357
-83483
280298
-532332
134333
-456700
382342
-524414
247189
-130180
740438
-16705
377478
-507834
387234
-529162
393563
-746574
401140
-131510
714716
73006
529534
-238232
453178
-170382
473709
-878173
317090
-330277
325715
-11432
471931
-144126
463006
-294627
951139
-502893
185697
-561554
-69513
-48219
421004
-218156
490967
-592918
499016
-231612
467299
-434063
67276
-124451
296787
-469114
743005
-661024
7086
-997873
527280
402617
564320
-222687
-13343
-605922
976100
-410510
-243365
-961441
153479
759664
963308
-148552
122895
-423694
1548987
-162951
-326979
-875190
-189623
435486
762471
60036
504363
-260628
1913076
-52090
-666445
-792950
-252597
-287347
443114
323275
766129
-204467
1739641
-590711
-1089501
-807214
-66820
-467335
520242
376348
1031424
-439939
1359707
-853506
-1208281
-1050583
267599
-280238
499246
-116595
747371
-707214
886519
-824291
-781740
-493401
878306
64720
436634
-226835
673075
-296812
968086
-799196
-341800
-433718
811400
-296433
-146436
-18024
617361
-77148
1054635
-616535
-167835
-383355
392127
-413961
-728389
-154965
450962
-233212
758914
-420148
221597
-48914
225632
-439309
-659066
-198620
535048
-176148
725348
-637069
57213
248480
336423
-637909
-459421
105504
782357
27562
655122
-934948
-423440
126970
850589
-876945
-700111
101648
787567
28563
512575
-600366
-437002
-28750
1279510
-1072737
-821753
-81977
741510
116135
728981
-359388
-158357
-281675
453993
-1064135
-624437
-93588
651117
10528
520693
-480557
-61191
-364665
138583
-1010946
-173968
-138546
620002
-62376
315626
-823714
-35629
-491871
-138324
-764814
768099
-83873
-95401
184145
-165026
346951
-316580
-252967
626838
-16184
-4921
179664
-529897
224413
66704
-228726
52876
105659
-186763
638542
-460949
189832
-319698
170070
26066
-411575
19995
483752
-211976
353542
-152061
86168
-85512
232973
-242722
241005
-326529
382856
-53443
-181525
357230
-91450
-51805
82977
-360022
336487
-225753
399990
-507644
530645
-419327
-9675
-110735
289632
-186461
507081
-15310
52119
-244783
603834
-887179
141098
-162902
279402
-49754
-209393
-17967
-158038
-172320
207567
27730
247052
-139559
213161
357915
-460754
-46013
331322
-130826
139219
-584283
-77976
-112550
-58591
210392
-114822
-654077
425476
219117
50189
-707636
-200512
-202950
-48355
-241660
460413
-328592
614298
337038
-195780
-369489
-136652
221641
577140
-279227
139774
4785
458796
-544091
215352
-1029709
-408383
370772
293992
-51455
278538
-159659
866555
-1414907
1355597
-1900011
-674435
676043
153889
-109068
46400
210541
1123473
-1578081
1953154
-2596918
-512422
199766
722459
107099
-1101849
1024129
832235
-1630449
1538890
-1782910
-147203
-225039
916257
-534536
-784972
-151544
1208608
-840018
517178
-317566
-68562
-45623
818150
-902074
-212233
-475522
1093978
-371827
-306625
725064
-106471
199341
510778
-953840
-472257
249334
358677
31284
-665016
1773748
-270478
360868
550026
-962865
-621084
904416
-9674
489496
-1558617
1781171
119269
175560
511882
-741139
-769808
616431
11808
181490
-335277
637592
168296
373604
-58342
-658863
28011
388952
-212841
-43750
-81974
824823
-47773
354850
311055
-1046211
98449
159377
198783
77385
-393017
947256
51836
54724
834525
-1016600
-179325
488983
300629
-360624
-249682
797885
4252
188757
790679
-1054689
-77694
302886
227254
-392890
-278238
841614
81302
37913
643070
-931968
-349942
493344
267675
-189423
-79033
773164
188219
393585
276343
-581698
203548
83275
-47576
-187762
111551
192137
-72925
514707
262109
-1258021
991551
-280148
-340196
-40989
728673
-358205
150616
234152
748083
-1037661
62976
166543
-164485
214172
59373
394057
227775
161671
253309
279826
-1332939
492098
-205475
738578
-995392
1191933
135855
163013
66567
48765
-881747
-100794
534754
438725
-726466
751334
40706
81501
540052
-594735
-480073
259368
23211
908236
-1147112
1046564
37648
360385
762539
-829276
-335372
1044672
-623650
907091
-1295094
582107
343892
34167
704844
-678655
-46743
133788
-47836
-100838
-103298
-79804
160719
203493
295260
-433302
230340
-464184
933108
-1095501
1155757
-862083
-101869
344297
199
-275699
-114865
408624
226427
-235596
554836
-520711
-161522
269204
173175
-422843
-343457
788041
-807302
324016
-48128
260170
-426857
475228
-196040
-637190
356199
320462
-378646
258453
71094
435830
-414507
432299
-64605
-797444
615480
18160
-216537
-409327
424078
479501
-37548
202359
275225
-860223
673471
-260413
129617
-441341
756018
-239913
151946
294306
-262228
-431326
685645
-566229
-35926
-216705
713378
-591190
155953
47651
-576289
473557
135093
-555872
531304
-337397
-116307
380511
171294
-266140
-263585
154677
265627
-436228
436125
153018
19059
-20276
-105961
-323079
225714
-504450
214966
638373
-656521
-129278
708883
245724
-153180
-225560
-52233
-106196
-24501
561144
-460524
150068
252785
239271
11435
31219
-399860
70285
145258
-156030
65769
-125109
157022
-66671
96459
-139303
-311425
-95708
174991
63618
12136
197167
130887
-79341
186318
-459388
-90238
-239659
854809
-314902
-74335
-220678
-34612
395224
80904
-373756
-101402
-330621
530779
-572287
551555
-388788
-147239
881780
-80657
-183705
43556
64824
-2722
167831
219477
-384592
-251069
338268
-200472
-255487
168038
61919
497860
72444
-195863
-227127
-179933
339320
-161963
-107266
114503
-123654
536280
-41508
-663284
-3105
370693
111155
183705
-218927
288341
60899
207575
89405
-310617
-600286
908376
-252014
334989
-404698
523947
-111853
496632
-126989
-273575
-495994
676598
-662135
167001
-369377
55190
-200002
581643
-1028180
549348
-223053
582945
-462713
-1933
-261949
-252686
-373262
813599
-610312
545310
424295
-118818
-468345
-172935
-150951
395309
-38745
157220
313615
-430306
254686
71058
-430157
17761
-245809
109052
108878
-98004
-198095
-265055
127441
53120
-352093
170094
-302973
-124715
231758
197504
-133291
-45355
213454
142968
-202110
-6401
-211957
-10830
547315
-125434
-191481
377895
-590993
210692
189451
8800
-141110
518761
-73249
-138597
-77792
-35042
235984
47493
-110780
1944
-232029
454542
-543761
-18449
889157
-464832
318103
-6747
-359946
54818
-226459
467121
-202177
-227303
811682
95408
-616036
403370
-624859
205829
-289383
97011
70241
-25807
-107417
592202
-669897
47941
187365
102808
-126885
-18580
-289452
489072
-357129
219076
-218876
295353
-1781
-234912
-194980
117603
-671210
662699
-44853
191354
-554473
1066410
-493389
83312
-198432
218740
-35724
660350
-290054
489502
-562738
356258
-553380
117984
-22802
-99160
322477
453259
-770524
52978
109661
-283493
227325
34719
300953
32754
170212
-260098
257760
-332450
-98629
459287
-404692
-108842
-487846
112884
26935
-422793
161041
477345
-347204
713173
-639314
46829
-337901
366028
47482
317725
-414778
434426
329687
-417076
50513
-26961
-32150
-66802
-284732
294438
-87313
-267808
715137
-282060
326624
29057
-56032
-8530
-318486
487738
67417
-175833
30116
298329
-589476
296769
-146541
204229
-25443
376886
-380589
384807
-398165
322647
-610298
83990
-309291
-119575
36331
-121389
-222201
-38130
178876
72093
524168
-97654
-380220
20822
-103133
-185903
393083
-50679
-12909
313272
-120510
-5083
-110474
510362
-507974
429540
-660570
677552
-255714
254221
-829697
-134163
-14894
313997
-360646
529940
-383464
-17900
-7203
419131
-973270
11346
-62682
52005
326217
-28545
-281349
490481
-274392
-199703
35009
71420
-9450
110245
-66929
300114
-324354
383309
348124
-659362
-117207
47123
-205183
262004
-349973
346263
141444
-179892
-403455
578464
-44486
132967
-241384
267052
-364946
-28527
136686
189479
-357378
-40797
336065
59614
-300862
193667
-17516
-493950
85052
-203051
707720
-423123
-400163
-20372
-390094
686949
-477660
-142510
249306
-161055
478231
126246
-383145
31028
-149503
735832
-403128
-22516
581967
127589
-439295
-320433
-38048
147555
-145759
373088
-455815
147850
-89746
511081
-529559
147895
154122
441267
-327837
465965
-602937
106735
320835
381695
-1006705
42593
342525
171405
-366756
-62507
-452642
109674
16088
232694
-8196
499802
-516106
-99743
40238
-462276
-178347
707072
-120918
343382
128266
-177844
-169560
-152151
388073
-68382
-165401
342275
431538
-194964
189981
-714151
280574
82059
-45807
110521
-150638
215566
183895
-178268
-23592
-200973
119300
8244
-245957
-100192
-182719
562371
-341480
152662
-23226
408560
-31085
-34878
122571
-110864
24710
114661
119758
214182
-1147778
985722
-200724
193767
-59538
-42716
78142
-433714
131511
610273
-799568
333756
148873
180040
-327773
-7825
-78588
399068
38207
17788
138981
-560683
400207
83922
-115008
159944
-49353
187764
11269
-287102
-219819
621428
-43680
83642
-199854
143078
-495555
463575
-255085
-249776
-18875
642671
79077
61311
-293725
66874
-341358
494638
-100415
-418511
374705
272594
-128351
