-563701
-144316
-939791
286902
-635177
-133585
-1568774
14569
1383322
1850385
-292391
157449
-1109252
841929
-4786
-286144
-480002
359635
333560
1666082
-613717
148750
-961947
899108
41350
-92938
-144515
960581
222698
1056046
-787291
-29878
-947892
551743
-12001
620645
-192262
796765
-666105
632329
-563606
-201505
-976825
598662
330311
1541720
84325
281822
-1273006
681828
-367604
159351
-748318
521732
-300106
881623
-639575
-181899
-840006
1263197
-309168
306031
-971800
522564
-442630
118167
18738
815340
-133203
1326864
-939806
-285196
-1394133
405770
-13976
-213631
279422
2177972
798873
1044073
-824590
-525693
-1575939
128387
621630
567753
73742
2762783
1355284
290081
-278683
394188
-94274
1136654
645818
998906
-215057
2196453
169236
-1190876
-611845
-291830
-221271
1153035
-105682
318166
-125438
1658458
-169295
496220
-956694
-1378895
-535201
393080
-631185
-50360
-880069
1905895
-315212
2580619
-925833
-1528834
470811
958453
-1296651
-1938145
-1571414
695875
-2132132
3531375
-851570
-1539659
552453
2194333
-1724069
-4205808
-1882913
458154
-2975021
4099585
-968677
-1713624
345123
2904725
-1593081
-3995126
-2252744
2170195
-2613647
2491896
-1234554
-1666710
220842
2971656
-1582171
-3379851
-2027988
3059983
-2361783
2148452
-1188455
-1652073
399235
2812992
-1836358
-2850194
-995754
2708945
-2208595
670684
-963042
-1393630
849476
3176204
-2242415
-3449893
-417970
3087114
-1723215
-1035344
-1107356
-1071446
419626
2910168
-1860479
-3045801
-148687
2441599
-1000928
-67894
-1273243
-869327
592579
2315713
-1356922
-2113006
-773993
2090695
-436950
91768
-1037895
-942840
700833
2999061
-1579994
-2129547
-537221
2117317
-793185
-642787
-1444526
-1336714
716106
3775680
-1618944
-2299237
-665712
1667682
-1309341
-448413
-1593168
-1335118
557759
3696392
-2063221
-2351515
-335249
1991930
-884734
-555329
-1106963
-1024787
351551
3902325
-1410840
-2098351
-313371
1492730
-1447941
-862150
-1824262
-1384415
211650
3324452
-829292
-1180353
-1334138
-1933
-954747
73155
-1809811
-1143099
721760
3062696
-1656311
-353628
-1895951
-239783
-168046
1056630
-1408752
-690564
646232
3767889
-1807354
-1854645
-1582956
260850
460732
312214
-1592038
-1000123
1867
3407223
-711187
-2894987
-997111
1175091
1229370
-494409
-1623035
-1136003
-193902
3687472
240902
-2596771
-1183148
1986519
1328228
-1571812
-1679459
-985898
515252
4132137
-205838
-1894953
-337606
1117982
862321
-3150957
-1549513
-920618
217218
3592066
-785122
-1751365
-206236
-327671
1032439
-3143118
-1467305
-858690
-610370
3040623
-887200
-1847907
-764764
298383
1373998
-1268367
-797128
-417006
-719932
1885342
-1080965
-1727769
-887707
1158427
943665
-102082
81111
-69452
-590673
1428126
-1497374
-2286585
-1005425
-342512
703911
62451
109776
-452165
-662779
1207919
-1439311
-1436649
-196899
-1247493
591829
-96540
-24233
-907555
-556941
551498
-982702
73053
-171730
-1907371
-189221
-62871
139952
-614585
-12571
698004
-1610910
13765
-53835
-1754971
-846276
633620
210019
-28043
-71125
7541
-2518389
389707
41744
-1007578
-216631
808992
189820
-266170
-982131
-1115612
-2002161
813602
24818
-478455
-16435
1229095
-4592
-494173
-1725775
-1524280
-1153856
149586
-55236
1286471
485140
478322
28254
-155838
-1456689
-1299884
-1767465
70308
-226032
520922
262350
1190635
315473
-101581
-995218
-516056
-1960730
456689
482527
-1267478
-302903
1861116
242417
-29906
-887865
-651614
-1484980
462844
609696
-922384
-333201
950542
180648
263161
-884016
-1387141
-1627171
379801
1226370
659529
-297977
249645
139875
216141
-1152397
-1329054
-1100064
1323609
1392135
-253420
-755157
-180162
87056
441259
-1156046
-1038806
-944561
1755211
643551
-47837
-1179885
-130781
301179
736712
-742013
-712765
-858357
1955608
1665535
1359326
-1700831
-1796313
112205
-19212
-957199
-150751
-297262
1777456
2015342
930643
-2330587
-1850660
-200278
-252796
-688949
67450
-578364
1380826
375576
-357361
-1203518
-464915
205501
412623
-156729
221025
-711651
979168
-37219
-764720
-742940
503801
27366
11944
-1111374
5365
-724774
1030839
408708
-817799
-833396
1705057
-551056
-701774
-2177201
-553961
-1508300
575942
-104202
-198873
393063
2908433
-552618
-286617
-2081991
-991015
-924600
1553894
40347
1575093
-129688
739838
-492107
281134
-858351
115500
-384521
2266115
19392
579890
-753794
-786850
-201663
144782
-758332
438255
-907803
823005
-176283
-64184
-245444
217584
-310333
-230191
-1510405
-43901
-481148
1514308
480426
750575
753261
70529
-625910
-79643
-1572875
86941
590537
1692769
168612
420295
259898
646247
-512002
59386
-957077
641276
232722
-62412
-681712
951724
871676
1899735
-718683
-29857
-812078
620720
-703700
228449
305198
1258843
1390541
1193269
-561121
185460
-644130
671777
-1245370
530944
1378100
49962
254089
600122
117303
574940
-885114
441197
-1445830
-262231
1473117
329366
-954290
917895
172203
434457
-1554322
-179293
-1019194
-206929
972433
1349704
-342070
1319971
-494983
-24395
-1260746
61659
-783184
755772
827159
1122861
-269950
1591550
-396546
255564
-453576
813506
-390742
1761093
985662
-26702
-1918071
1272675
-49950
415711
-971099
706009
94323
1011130
-850533
-93421
-1765306
1308826
-460593
106939
-991535
-76830
-520221
235677
-1214032
668788
33831
2115895
-941209
-487238
-1389585
-517673
-883251
79427
503696
939425
93975
2444777
-422785
-238889
-1279560
538431
-120986
-13581
200223
1397602
-546011
1441296
101870
436311
-853334
473538
-503730
-329853
-950714
1365763
192047
857126
-164805
384148
-629370
-10435
-584282
508570
-717582
99812
-27842
742311
-51082
771626
-381127
145106
-396201
1057387
-616978
-411294
-619357
497816
-32617
478576
-1348675
-716202
-1118372
106767
-993912
920010
174986
1770826
126235
397874
-1382744
-511518
-467393
622872
-320817
263206
146825
1329552
150084
575801
-507832
832774
150412
747306
341119
465101
-919292
-89555
-691793
20035
-274230
916005
-512557
1186688
-484835
991668
-360540
50094
-678951
-181902
-542271
825811
-194189
978783
-730062
483710
19908
943214
-100673
121422
-798600
265884
-382424
288822
-758857
1664603
-169919
-210279
-151330
67643
-855108
13844
-804153
277418
-1171229
596322
8210
315374
-149762
343709
-621957
221428
-1200222
641583
-911931
-334825
-1023789
1262654
-79021
351421
-775284
428544
-960583
440951
-64401
567846
-796022
11742
-372184
208921
-549255
1134488
-645523
-190485
-33030
1729934
1586414
-690016
-129001
381833
-187000
1913241
-1254150
-392265
457884
1118377
668905
-363384
64262
337277
-443085
1172056
-2166993
-1250527
-93758
942677
812631
664623
265256
475119
-1142591
402269
-2516813
-1102561
265379
1613625
-152430
1130981
-226090
-29142
-1991984
101894
-2632815
-475843
1413991
1979803
111503
1564504
-676284
-47112
-1971410
48597
-1301985
688559
1246422
2175500
410646
528623
-525604
388910
-624721
474885
-687505
962102
451952
1163071
-803758
-932918
-968749
55425
-436179
85236
-1538689
274688
463865
416895
-617103
-333002
-918751
-130781
-1119225
6797
-1389295
75869
-98751
315714
13731
421159
-496687
216511
-679061
286661
-720734
703650
-851021
-437262
-675871
659481
-387427
225003
-624926
-119463
-1207285
-83018
499957
499762
-1653706
1279068
-733399
-209663
-1473795
-676885
-1050660
458932
1309547
1375904
-1931376
-152020
-742393
31812
-1231165
-236702
-874044
197499
45109
571731
-1176250
108722
-738335
114824
-881294
-287515
-1387150
-319376
-325420
281554
-98658
2107431
-1027869
-75822
-972777
-35045
-1075378
799968
-190927
431309
194109
1572267
-551692
334753
-882907
-155016
-929423
1111461
189248
362918
965729
1899437
168080
-329345
155413
-527585
-54532
-427952
1022788
782658
160574
-327292
124174
-453436
662209
-389126
-304100
-468992
-112389
-34697
739442
-304888
330020
-507115
543490
-238004
3047
12025
-58583
-500815
500895
-332145
402690
-350892
430192
-54464
126023
-574297
272898
-446078
760736
264520
123615
-402217
365991
39859
350031
-774510
-69494
-533041
1034190
113506
122205
-459277
353220
-26861
702139
-403428
260738
-317959
410557
-568537
224744
-664791
155538
-453945
284561
14897
217278
-459264
536343
-233726
468230
-270279
658648
-79365
128049
425850
417209
-1108223
-232121
-807958
100430
-459790
363381
26190
-273547
-174864
1107863
-506863
-144387
-338642
53495
-587911
27301
-57314
154593
-677006
905003
-438288
-27148
-350817
489190
70111
108021
-465276
345269
-364108
634072
-303425
466010
-1140606
-146366
273336
375538
-103503
542726
-256033
1109449
-226684
1424909
-2216339
-266490
263980
-292490
-611682
137318
115200
1274241
-319423
2574364
-2087181
-246931
494954
314293
-1415899
-589829
626636
676895
-979665
3132056
-1708305
-420924
288704
971756
-1426748
-953908
103264
1374652
-2072204
2134508
-919453
-290987
213744
1331059
-775875
-714345
-568042
1666343
-2551247
1223043
-813437
-462678
-96953
1145194
-625953
-482129
-522398
1245175
-1590880
971844
-168189
-459434
-33892
1062117
-718974
-308662
-201103
864451
-1739526
-28124
993136
-303524
-239225
1264093
-788678
-781540
69485
1205693
-973751
-529072
-78649
-212613
-333650
1236887
-60336
-758500
-828774
1134611
-199975
-351558
-375461
-253746
-224741
1014624
-535683
-533636
-534389
1178249
-441073
-288198
319187
-186480
127264
1476840
-1055144
-480560
-344587
828495
-420041
-19191
391048
-214458
-26452
1556735
-923216
-401354
-272914
802268
-494084
-184252
709140
-443551
-370124
1633865
-919477
-547248
-150900
801651
-404580
-272232
755601
-84662
-153524
1758550
-368641
-790979
-871501
778279
166068
-282269
389383
-237422
-384835
1226594
-322631
178955
-1364893
830347
521150
-251144
-19276
-162231
-397031
1238331
-1004812
122392
-318116
416159
78091
-657715
174847
-176534
-292678
1743685
-745496
-969767
480628
353012
-91280
-916637
1003706
-238636
-437824
1694554
-238389
-1252570
68056
660977
-245531
-1193401
1181953
-146405
-327449
1499629
-411609
-820226
-273148
238740
363104
-1316018
1650095
-97053
-317964
1395461
-198136
-145972
-186433
-471440
1051468
-1602983
1583301
-264878
-729680
1605383
-187128
-372247
-200542
121397
938073
-1191188
519626
-376069
-908252
1320231
250498
-255540
-187689
433450
290944
-566640
-701167
-521918
-1076611
729777
118113
-256660
102893
225917
943201
-192698
-370226
-239509
-536152
767000
-250746
-451335
-426810
-765455
1166524
-61352
225606
-307498
-252040
642185
320537
87220
-609843
-813768
826428
28476
49257
-287409
-335222
227550
-146887
294988
-523851
-896851
350929
576673
192734
-66029
-358803
299317
-411988
947521
-2878
-637149
-303421
74163
-492173
-87855
-486382
268768
-93356
581941
-254858
-149050
-201361
9717
-417750
-96554
-419083
510119
190912
133389
181501
118402
-881596
-35384
-96085
-44916
-697221
94307
-348941
249434
315019
682981
-332956
-35147
-149683
87564
-342997
-77401
-926025
407271
-275351
-589032
717799
832396
-479326
75855
-195496
138193
-617565
327444
93411
-733231
49817
462314
9773
209196
-403024
-81351
-200211
224607
269346
-376101
-840023
167413
314078
238821
-384062
-70280
-268728
349845
333101
-254753
-409411
51278
9928
272143
-399616
127321
-352047
342756
-483939
-90239
-333706
359244
291250
294593
-461002
-150320
-519039
571135
41583
12577
-1261590
105923
549596
370853
48804
179552
-605851
409134
426254
-76067
-1162159
-274376
415636
119741
17515
225811
-664846
397967
314024
614211
20196
-237458
-77540
171274
-252258
-144961
-791489
211556
-120999
554482
428753
-208864
-300172
277424
-131341
548348
-463208
360526
114822
-73652
9460
244215
-1020671
122787
-353608
786715
-342789
708293
169038
220542
-35983
431893
-756359
117117
-731142
280663
-396942
416395
-373549
637521
-769488
564460
274700
386950
-727208
-23145
-396297
607300
-608927
327328
-967797
-38649
538365
403934
-187730
134623
-885053
633715
-66707
183003
27270
-100584
-516567
103463
-372686
472653
-577906
305145
-124571
11668
-166685
-137398
-512077
320286
-510615
523101
3149
317210
-226863
319024
-23631
-215226
-1170000
284461
-563370
189874
-391775
-65108
238387
558497
-40688
683253
-1171646
441510
-267463
202342
-634593
316995
206478
361330
3945
47322
-908963
227700
-498531
205302
-514794
766232
127888
-548348
409517
764936
-199588
144676
-557102
355771
-625675
412091
554760
-653924
-317480
1126849
-268171
87579
-716379
568357
-256451
-52037
574724
212308
-869628
844215
-381926
411558
-485791
380530
-275977
-41355
-120804
583097
-489790
606056
-554110
373184
-318089
172566
-578593
233777
-565013
102079
-259369
1487189
-448321
341128
-353142
600624
-290340
173302
-423017
511549
-790639
986901
-315403
215440
-514012
372077
-100437
45060
-208491
1185729
-567415
403907
-119305
500990
-170926
185004
-28137
428838
95578
136660
-515765
507208
-619555
-104539
-556497
314063
-518674
50307
270887
345195
-757952
963037
37132
164677
-467347
399931
-374764
-68254
-177484
950840
-885995
-37316
-32442
198442
-627492
-76938
-226235
181947
-577093
746379
358233
433075
259796
447980
-372613
115584
-106170
364986
-1042160
-218293
-56342
567695
98934
306433
-482816
371856
61903
743295
-182475
503902
-595109
134187
-676828
75325
-663681
68196
-331566
81024
-292236
365712
84135
722239
-86344
383617
-297977
227082
-418828
173603
-455774
-467170
-538938
454430
125849
639856
56037
247232
-713440
586410
-273935
506052
-891680
100589
-370045
336861
-12572
354287
-387558
450494
-610142
700844
-65583
166815
-806878
-33305
-372918
512916
-175822
324562
-178586
562290
-572996
356617
-340272
62401
-501900
195032
-211193
499813
-235727
909915
-284896
86686
-75931
188933
-454612
202364
-555775
550617
-846853
170828
492027
1014585
-600015
276934
-417719
320097
-520230
590163
-342908
-320796
-682512
619890
66210
308861
-327634
477012
-757858
177929
301382
323115
-653461
-1152401
-214641
306575
-270669
598246
-1081812
234012
327474
525941
180027
-616976
-1057440
142423
-290418
737420
-839782
445854
361967
62521
143960
379725
-814836
52917
-729069
703383
-660483
147789
226646
678942
-70478
719710
-548316
337448
-637581
1105271
-507035
310358
-17572
-303899
-731448
938477
-381506
329011
-807741
772138
-473993
24481
-93522
579201
-300165
201617
-318036
511664
-619755
332161
-270149
-238862
-666925
537027
-299543
315913
341841
643206
-172916
89838
-423356
334309
-63842
269757
-31050
139701
280822
323361
-341502
386467
-583403
155882
-26294
433168
249124
146944
57999
78033
-465374
375998
-523373
-77735
-553747
617934
264817
314567
-207955
261818
-266126
265420
-185879
183907
-250238
-286370
-652776
997079
-519485
208306
-366317
376600
-223027
363090
502273
-117005
-1284143
692504
176240
204096
-528067
329985
-203672
176251
-24155
612449
-790477
-63927
578599
367555
-381901
42651
-602487
83734
97966
772222
-66661
-27585
-869342
404056
-293969
193915
-576663
206409
-533694
460649
44770
187190
-557187
209315
-392971
342879
-288991
427660
-517863
108455
-184565
-160554
-573868
-521992
247171
-199633
144829
206277
794158
225627
396576
-394850
-608486
-543357
237523
-370950
-234806
-325913
457775
1005512
1167445
-266696
-603446
-641588
474456
19186
-324518
-615545
207326
672692
1136554
-262846
-738113
-612892
558022
325312
-352176
-423304
527399
269490
1017565
-411242
-1078655
-528134
654801
366819
-117572
-565435
341825
100696
769679
-8513
-774883
-623370
572577
442785
439434
-335623
140309
-461735
635747
190659
-483773
-662185
581756
383030
609028
-149264
-128911
-719465
686463
-163455
-349077
-595861
433686
140482
218183
-102221
163708
-634997
675001
-188555
-247913
-615993
554909
496400
47793
45493
948286
-385052
61434
-920674
-593860
-861997
265597
483611
34037
-226209
1539897
324757
-82435
-1443449
-110968
-547058
480989
625886
360289
-273611
1441522
357181
-722873
-2292348
-229336
41019
856238
307856
199189
-338057
1576714
76947
-544461
-2626228
37425
-46484
893956
-41047
-32039
-40735
1843407
153016
864511
-2346134
141786
190313
1023830
-887622
-845488
-258761
2162467
-294071
2151249
-1802385
1286011
580366
1714560
-1364130
-2514201
-640929
2347858
-1301570
2729067
-544685
2547139
546030
2437340
-1424883
-3626678
-1003351
2977766
-1606396
2293852
-112535
3178844
625250
2971673
-1309233
-3721731
-1118544
3338132
-1423534
1060695
435279
2899909
540155
3064537
-1470826
-3728183
-656441
3613280
-1469360
355729
1112493
2602042
667593
3251345
-1593732
-3825492
-106712
3528478
-1406232
-978139
1365321
2783923
713617
3190824
-1626305
-4025320
61132
3873240
-1007901
-1460162
1025130
2418407
716949
3013210
-1479854
-3528207
85358
3215969
-657437
-1123210
1000867
1618065
910786
2965510
-1653551
-3290112
18120
3096794
-373714
-1247438
1098006
1254824
931656
3487218
-1624490
-3430594
154424
2785656
-580297
-1397277
1517402
1081218
885822
3739305
-1672952
-3594905
137298
2734772
-588319
-1279107
1944299
1134208
817597
3823318
-1517461
-3595228
114012
2614259
-401342
-1388590
1943826
980544
795772
3800170
-1190117
-3088623
-422098
1908290
-372423
-914906
1906913
1096700
778876
3553918
-1368205
-2525649
-387662
1022491
155044
-256337
1839310
925431
950518
3584882
-1573774
-2724494
-356930
985934
346946
-192743
1379704
568457
787768
3656403
-1128304
-3496418
-483909
1544845
850499
-771708
1544583
467852
642487
3495200
-550688
-3553768
-734359
1861196
1262759
-1450486
1325106
653313
644518
3783295
-210214
-3493347
-702287
1789063
1495001
-2217583
1168500
955412
670414
3836489
-298748
-3248692
-207726
1296758
1168869
-2476447
911631
1787651
203451
3424349
-212933
-3041242
-193081
1123521
1312068
-1994458
752823
2158581
-236674
2818667
-254155
-2596927
-150148
1394437
1470504
-1300027
277962
1716165
-477379
2024079
-526128
-2421147
-245602
1161958
1398589
-525452
274417
1807113
-493717
1738989
-579235
-2314326
-282135
207587
1123552
127689
635535
1981222
-592237
1445430
-598903
-1300001
182032
-549148
582017
478701
839606
1765375
-531395
1112889
-835703
-541724
266540
-1185920
-27038
730127
1259884
1900678
-385069
918520
-1127666
-138934
749367
-1039378
-419886
805075
922071
1335251
-575015
296523
-1226915
400664
856095
-797263
-370232
781221
580233
1450342
-934625
-264551
-848544
894782
829653
-205038
-133995
588093
438217
1139479
-1164281
-710694
-881679
748424
693855
237238
424932
535194
390811
1099432
-1035833
-595758
-1066429
588373
780275
-443183
-41595
1290536
803021
718811
-978446
-460785
-886948
646626
1160499
-810106
-649388
1211294
863362
658260
-886700
-706303
-849498
806421
1159604
-602112
-684885
735173
679498
953560
-904067
-926625
-796596
1124477
1387357
-273966
-976801
334017
434275
925282
-965587
-958175
-596101
1465319
1184875
-895901
-1369574
92338
891166
1314461
-802844
-842380
-616275
1651666
1304198
-450497
-1733496
-696114
896156
1039281
-629588
-520598
-415616
1650424
1555058
-17897
-1908643
-1554821
618798
1000984
-753431
-265910
-344041
1337741
1323807
-92844
-1619901
-997243
838605
870061
-508562
-7479
-529210
1026496
772166
-629426
-1019177
-169998
696358
385858
-501686
244061
-269168
1028129
798717
-603522
-1005841
504874
408292
-569199
-1078733
57821
-162697
1008658
638488
-487287
-799695
1330092
828671
-355394
-1358640
-293015
-403074
1097258
386495
-214402
-285999
1192157
687459
304762
-1060322
-281042
-230732
1583313
439328
-100536
-537199
54002
-143419
927357
-689112
173642
-301583
1205321
283738
-461576
-415475
-86882
-581366
1112732
-889786
178004
-76826
878534
265289
-233076
-199691
67655
-995570
935267
-945767
137020
298106
1210658
419222
-14036
117370
-53075
-1726686
135691
-833221
154435
416290
774762
-35459
130509
297982
418163
-1234263
-661401
-632688
371755
114201
293912
133886
421551
724448
701805
-1501805
-1203574
-697115
405784
-202035
263969
907959
225331
206662
877515
-1168452
-964046
-719228
417668
-393791
-68724
1314295
235090
-672470
702497
-861704
-546715
-947500
143191
-394716
-126523
1216452
707213
-876567
645509
-467239
-740910
-979165
8283
-373386
89106
901098
657918
-643233
938732
-322952
-1051539
-737830
367771
-286921
392610
784983
372656
-1070818
1139741
-88862
-1248393
-559091
483633
13029
654357
419797
-10088
-1400451
928096
-51683
-1107448
-686957
293869
138730
525422
-166699
98412
-653556
1179773
229342
-950652
-631081
110479
-114965
366951
90201
473753
-450829
1366354
253086
-1136762
-958166
73823
30779
129543
331950
959462
-506305
1134674
129735
-783882
-808623
262199
131340
-58097
-218768
990522
-102709
589214
-202136
-869675
-830072
-35235
-170415
16473
-433740
623137
384600
817680
90791
-465866
-530719
79887
-14222
515503
-344450
-60570
-205214
607054
-88960
-263991
-754950
-225160
-125105
604289
-262929
77277
112821
737456
-257893
-240244
-1043684
-545143
-323926
374071
-383992
218928
169636
1084185
294812
-273364
-672308
-114082
-5364
613530
-223007
-86413
-405930
430164
-192021
-212078
-349517
401626
-87941
400722
-99680
302355
-421541
30600
-804071
-32549
-299168
628513
-116995
634729
-305851
284222
-130815
150657
-949740
209784
-472360
505310
36627
485441
-347608
538317
111682
93931
-962583
265624
-653376
186818
-254139
494689
-515348
744860
392071
-29038
-609041
706476
-628586
178077
-440271
308328
-476788
-4940
102381
591631
44043
859073
-569536
236127
-632556
307711
-77387
79184
-546116
-55758
122860
1161752
-548664
460892
-616153
-66334
320765
596673
-36
-594883
-1021133
990178
-391629
898560
-654536
-454945
602666
1125100
609370
-709441
-2015056
302337
-544935
1108154
-945849
-832937
889139
1123225
213843
-205795
-1340198
-27184
-781974
831012
-1214986
-988678
930009
1380120
338371
47604
-851966
-69799
-1110513
630693
-1100660
-795975
1184708
1503058
-441427
48853
-67296
-156806
-1306190
289667
-966540
-415128
1444770
1669159
-146792
84454
-298852
-160226
-850359
294004
-582828
188451
1062106
1093449
-398416
-399892
-458717
259240
-392497
365573
-770032
203385
1010939
807909
-453185
-584935
-11779
775430
-439158
178290
-892714
21047
717254
581475
-150405
-11444
466481
1126460
-503715
193225
-641201
136985
391733
109386
-305585
409572
497424
1098518
-335631
219687
-476589
338856
270147
-123228
-1042331
523133
993127
903487
-577550
-74868
-480925
280373
944190
714593
-1514473
149853
1090290
1062307
-705913
-210105
-343381
498954
858691
681174
-1304666
-286620
1032095
1487299
-550170
-157443
-598920
135606
451612
610163
-700569
324509
909171
771244
-510991
-110141
-598104
270391
361453
275996
-299273
834012
386363
125059
380221
-198362
169075
408483
953445
496567
-1130345
-1463858
-419849
295483
378927
-453791
-714000
105022
197361
-64632
13033
-600786
608723
920677
309751
-419852
-543042
185766
15923
-817090
-365418
-187432
508827
1268034
305305
-348936
-439707
-242210
92923
-217198
253835
36888
-369186
388279
407070
-347962
-498689
-757952
-186381
142689
937567
144320
104154
39268
307741
-201390
-74299
-330987
79159
331850
419543
-660816
-22252
245656
317341
-152330
20912
389687
90127
-206394
127547
-548162
-58835
608550
540793
-163677
-579964
102487
-283079
-1645595
-813886
-203761
1240657
1060381
806905
16247
-760233
-264028
307766
-1274877
-1110417
236420
1669069
534185
-286380
-692051
-660811
-565436
159966
-809723
-203331
1470869
2404436
600661
-241672
-1050136
-264887
327371
318236
-686003
92918
382717
1531145
128065
545650
-293415
376879
380051
610176
-1144033
-57515
-1251588
714490
-851752
-379328
-956304
1025060
1897623
1261101
-557723
1027928
-1856401
-126327
-2310197
-464137
-1970217
700908
3389283
1513946
-1157651
1760761
-1700423
-729558
-3014412
-311217
-2362710
459507
3206493
1470690
-2304311
739255
-449253
-419573
-2435008
-254090
-2442467
369057
2573364
736585
-3003838
198100
87269
-264758
-1179962
-373740
-2209840
801048
2593312
72659
-2660738
369910
740475
-1435892
-1312905
-669681
-2502944
1080200
3012996
-546871
-3136702
499478
2132998
-695771
-1903383
-523785
-2236609
815674
2991302
-270518
-2737327
-76450
960262
-435018
-878840
-650713
-1709997
735068
1870985
-248970
-2032644
30469
748098
-757336
-460448
-700864
-2198745
956133
2265838
-208659
-1915951
30718
1191630
-804072
-618027
-659088
-2748745
657096
2558397
-55483
-1799941
475222
1179821
-1348758
-892796
-453059
-2613626
985330
2663231
-356343
-1923393
242054
1219319
-1542000
-986197
-463142
-2644897
628197
2676151
-207295
-1748277
507904
1252954
-1416893
-716248
-523558
-2423166
220590
1731592
364322
-379666
339259
364112
-1673578
-1070586
-614590
-2124826
1216603
1302827
255023
77905
-148850
-709320
-1137864
-719507
-936515
-2619705
1035079
2536977
197379
-591729
-796432
-61736
-919121
203854
-379158
-2160901
41667
2827149
544314
-1500113
-1385301
484829
-744939
-283542
-281741
-2298884
-452394
2419499
729127
-1950743
-1559936
1463897
-59700
-155339
-683883
-2735807
-297910
2262252
174362
-1151585
-937755
2252600
-16420
-1029578
-466818
-2431771
261130
2446402
-280411
-550699
-674364
1970777
-404367
-2132772
115079
-1774065
368536
2335179
263628
-763472
-971456
667279
-399247
-1822216
211097
-1038311
465161
1778550
222921
-1371644
-975620
192183
101976
-958735
205066
-663325
925976
2271370
328110
-479273
-731630
-208551
-452912
-1647052
265551
-954802
406000
1497750
-263974
373929
48486
-57560
-497572
-1580249
506705
-565193
385001
186351
-770919
664424
162746
-365044
-882992
-1354099
89619
-733912
921939
287543
-771045
950851
912539
-491548
-1224325
-1034029
99331
-298402
1419047
68816
-1093747
232267
107150
-755810
-269766
-638500
562258
575983
1253727
-481637
-926321
371166
-62459
-1113729
-345838
-631663
1055445
983460
409062
-742991
-728103
-851756
-560289
-31939
-307161
-738086
810010
863556
785345
-315425
-255388
-269963
-692500
-733257
-415922
-638310
408542
-25608
580530
-264407
-950779
999038
829116
-1101788
-960986
-39039
503278
183542
311304
-509402
-1121656
502192
687571
-572025
-476137
-223717
427783
772601
629838
-698099
-1370890
-339037
521834
131082
179890
-395463
538671
743836
368272
-1051121
-1386238
153856
589029
65225
61994
-582669
597991
649393
140735
-1561153
-993733
688267
1268142
390763
-555297
-666506
275230
481434
183864
-1460531
-1456012
-295426
1217851
1670913
15514
-370385
447257
-26538
-323217
-1186164
-1454833
-325536
1639289
1696289
-188825
-572124
616458
51510
104695
-662955
-376572
691933
842641
222554
-1307690
-1034950
-17880
-217261
283117
-284388
-20660
1228737
803660
-592615
-876071
66144
604642
-22984
-8237
-552823
-541223
688190
690935
-1287079
-996764
799823
1492999
608205
507217
-268141
-464809
255028
-176560
-2086536
-1269834
47357
1076744
610891
69908
-1062617
-251835
-222808
31006
-286566
-83014
-500169
19588
-195287
-190639
-1569840
-617419
313132
348721
1082145
1350152
-298394
155301
-493968
-30194
-268824
-186949
561345
297069
-155052
482053
-559375
798315
48869
-238330
-786639
-428289
109023
-320771
53626
1212826
-344797
678926
65320
-841525
-1169047
-360604
105034
-353942
-470643
965586
904578
298822
-216524
-497145
139364
691672
-178799
-521980
-794518
345823
1046307
181637
-507319
-134871
224924
-55232
-473561
-996348
-667765
939652
1516096
266500
-281523
435915
228616
-1183099
25434
384034
-292313
729489
96740
332012
-185535
420270
626965
-1107869
-371055
1293075
-43238
264495
26039
881603
438896
210011
275610
-751028
-999865
371596
-177859
-138024
660485
565027
34434
44479
-418370
-765112
-461012
332046
-613131
3693
1228558
130818
-613779
-184408
-801782
-870440
512268
1794162
-387982
9403
842964
337251
-414740
-463096
-491717
265005
466386
1200721
-285722
-423084
381780
580858
419899
173735
-64816
753769
178275
-479926
-1235496
-961400
602466
550698
241359
146822
-19058
-548836
-620283
-100394
-1410659
-383790
845001
728903
-129092
-308969
214021
-82042
-944390
360332
-304801
208212
510919
167902
-401153
-369319
152707
474812
-605616
-444722
153564
489864
1087663
251059
158160
269724
25273
409123
392212
-216873
-543633
-510039
-6879
-35385
-137749
-113833
-745924
-111119
662029
733345
87224
544859
-148001
812279
796395
483553
-173808
109305
-605986
-659536
-924825
-225298
392220
767692
638181
12150
-271401
225279
244550
-321878
-777593
-525457
383734
111036
-489928
-716654
-664087
-568785
-149683
927644
647856
916279
803559
32024
-686658
-49708
-417909
114849
-356726
-163797
289937
1065821
15479
320663
-479040
-84804
-265834
217654
214498
-223176
-636365
772998
-19056
436569
26155
-11711
-106382
416926
-659961
-239521
524432
307486
-528040
422489
182718
442768
154903
603447
-118913
-725156
-24388
175612
-1088094
281092
-88018
442196
-144516
294689
704045
680000
-695749
-900182
-688127
273784
-202821
185934
-97940
-508700
-303109
497583
607323
29596
-612487
209541
-546672
-38918
363682
-333893
-1201061
-1274502
691846
2237033
213075
63490
-1115024
246114
899397
-458665
-719791
-706842
28859
1483570
642222
370349
-539238
945621
1456649
-423891
-924196
-358143
36803
385932
-458274
841090
85450
1262452
1265608
-468326
-1143574
-152109
-445517
-686056
-128191
1144999
107452
827181
447931
-1811998
-1665305
359154
200981
-264708
314045
1105927
157529
178201
-220745
-1362317
-1411784
-102695
123615
790942
314892
-90420
-403812
-136525
-725684
-798408
-130419
910817
1374278
709506
-428992
-83863
-220917
630085
81880
-757093
-37051
592177
592969
-528919
-1289098
428776
28760
560012
259035
-288023
6675
127543
-126467
-831911
-1403709
98400
-153396
101904
-347052
228041
711420
350465
-388534
-580178
-639782
55667
21784
297273
-152388
-776130
-251214
1414145
-218985
-699396
-339087
675226
500425
286597
-229425
-1053132
-1187505
1023984
649087
-1020050
-1212820
486771
316630
176643
-235491
-504561
-315759
646308
455134
-908985
-1249724
100619
84595
427726
304262
-13920
-111474
19050
-1245941
-912315
174791
189644
-127464
219649
-447892
-360311
58523
-45998
-875240
-492736
592171
225280
83285
55653
-847035
-855942
9492
-423576
-868964
825896
1776346
-115528
-152079
78489
-172454
-572948
-1119589
-488736
696568
1043794
712525
102745
-162288
416448
444891
130149
-1556
-275968
-229690
160813
-315618
44637
-130591
228101
349624
130635
199275
326931
-94547
93122
-170508
-186422
-304772
-24447
351079
461171
52240
-120094
-489723
60211
617137
-147358
-254592
73305
556045
905343
278025
-288726
-808549
-431566
-77510
92262
-278429
-327149
-322704
18949
-201292
-199534
-85689
420845
308563
183854
-151017
-50236
-230928
-76748
347115
489709
117196
114165
-260070
-493087
-648216
-219554
-23852
-136475
620559
1535542
997085
205578
-507918
-380623
-564651
-94577
557588
353254
176851
1152946
817237
-240562
-1013523
735183
616982
455840
459470
419164
-158678
237416
-136758
-954616
-1360451
-270376
74575
266938
-91114
-58117
-146225
222647
444763
556936
-375290
-952678
-702970
-493444
-566055
-552885
-563701
265057
678453
1637653
554663
-441357
184774
87306
-1115942
-1713123
-1633972
-1000474
-586249
1677374
1427685
-514784
254105
900716
-877089
-2443504
-1696570
-802864
-1155321
1220181
1462686
-593048
72336
1336668
139929
-1610633
-1339374
403404
-984360
-123259
354391
-743092
-311223
1073751
436557
-824671
-849262
1011574
-227887
-116796
-98044
-559518
-263335
862056
376522
-493390
-617752
605176
-535509
-477157
438646
-341005
-27618
935888
-12085
-916585
-252700
1064865
-256929
-1378006
-40935
-372824
-308541
961591
456894
-843251
-659021
808660
608608
-418566
-524549
-306577
-325991
591729
685498
-372361
-802361
465532
577839
-66695
-235426
-307627
21670
1015595
417119
-534817
-748278
291282
162383
-446711
-43160
-659473
-84695
1345073
486607
-799266
-832413
82445
-39961
-187123
539264
-749042
-353930
1042230
274436
-708892
-491098
476460
174028
-345598
443353
-387735
-282383
1298466
707110
-709179
-716892
31257
-208378
-616269
240280
-846570
-639254
908075
1068161
-243852
-1246169
-549672
178022
119197
800001
-480259
-283773
562745
377967
-32545
-1024922
-596320
375086
269746
135043
-225173
-56339
1100459
-11961
-886329
-671782
19769
451252
92991
162402
-692134
-623543
1022905
710467
-1022316
-430677
564374
711321
-275212
268944
-644806
-493848
1189380
1261621
-560990
-558625
690889
583101
-809593
-306224
-370024
-65741
1257135
1128534
-40474
-443803
-125677
-359
-1367024
-200682
-606086
-535395
635368
468011
-339832
-482320
-513997
287557
-717646
459133
-617465
-965682
282893
407485
-536280
-545459
-69005
876917
106202
-39976
-224162
-1019034
-314838
126277
-504298
-456559
278124
808812
413399
-399862
277416
-557227
-346924
-405351
-1080771
-1144374
-768873
321325
584712
477143
-54866
-471480
66515
276040
-114969
-381912
-1001933
-219173
100620
211300
-312739
-592073
-192895
404570
434802
-195652
-1122807
-556165
182009
566560
120955
-60598
-32429
-146811
216446
162295
-857622
-846407
43210
246731
208123
-307768
-482436
-745394
-35294
443701
98604
-117540
-717
-152552
-159398
-796755
-751865
-502644
144097
452964
197872
107865
376679
-23042
-383033
-1093553
-865355
-403104
-170105
625968
1167637
370175
12103
157064
172107
-448273
-720082
-843915
-555959
-280950
184452
461217
554873
380625
316426
132632
46153
-549084
-74379
-324
-923517
-464171
580186
362889
208708
-72482
-72649
-315643
-75664
356662
-306866
-577993
-84852
245050
260246
-209933
-570258
-522070
106620
1000376
745240
-334256
-629404
-413370
154008
-189729
-335402
-215300
273781
529829
82893
-453037
-446696
-102504
262023
-123699
-244649
-120863
449051
464672
23474
-666046
-413014
-56246
565301
283353
11439
-129304
677350
1232342
845390
-908978
-1602291
-906580
-145184
-8028
236555
25422
397353
1059651
698123
-597965
-1054894
-429401
-148576
-77400
-14014
-422213
-412046
-338628
37596
257310
206614
537502
460715
388719
246309
-329760
-328028
-352821
-346752
200830
278916
-189891
-281866
-504986
-154433
-244725
-2490
201709
-40377
266359
972289
425085
-821550
-1285582
-919278
-916161
-425411
122071
474014
895045
1558986
1205249
-105994
-729071
-550768
-82697
403728
480620
678076
-337008
-532064
-21559
610699
448490
249131
158236
696686
242699
44440
-662109
-1375131
-989325
133930
107259
149017
-520700
-336508
-17675
-110069
94294
59786
-194079
-232310
-504602
-66027
158651
520570
670781
651836
452451
-302319
-1074465
-116589
-462506
-35662
375648
443389
276414
192568
489899
605060
-557791
196935
45093
68946
-216465
-610917
-276802
440365
751250
1029097
-180580
-61135
-74421
-15674
-308364
-82485
238497
573826
804508
708068
-208215
152349
-7441
-87532
-526344
55958
469938
-378012
-353325
179724
260147
281084
-208051
-181537
-624382
-480738
522289
-9049
-701319
257903
342601
77220
-630190
-442602
-278295
-413995
339568
880566
113687
433137
237528
-81554
-237012
-90712
112829
188096
178069
457463
198618
505802
81729
308730
402417
571488
481604
634914
126542
-643427
-1187576
-201374
-114332
60447
-244998
155792
174711
-210664
-549065
-191201
-579557
287940
721527
-86623
-473937
-530836
-370386
-389445
-503250
464237
684823
879148
794010
-646760
-722590
-640411
-517201
9694
591480
628803
528632
868627
660708
60340
-106009
256880
87831
-242044
98535
416364
-439184
-303075
-205599
392330
-69379
-34466
-172945
-471612
-542538
538454
381610
39550
44654
376569
84243
-128440
-50297
24353
-692990
-653805
-162198
170016
631721
412017
174585
47010
180721
558818
-66543
-628818
-640863
-424951
-191570
-157151
-769504
-921138
-820722
-340272
-3931
624980
705310
1021816
532800
224000
-210678
-169271
25687
220092
-119098
-241338
-80716
245372
232673
482801
517404
650045
469662
568348
607370
-70783
-907208
-973516
-864050
-156596
209627
347104
54765
246455
74587
527387
99793
-348348
-486111
-343150
-165540
229954
41672
141111
-178925
9268
393113
429819
-315622
-50282
-467331
-313891
-223282
-180070
21918
574136
6055
-74358
136187
11094
-348503
-416478
-545896
-397257
-686207
-110961
428560
410133
527744
241899
-32636
-106191
-344113
42685
-430188
-958310
-531834
665144
620529
157114
-64631
116947
-175581
218416
511054
215230
-533666
-608921
-223513
118061
156114
497595
9585
-187767
505776
1371460
1075777
-865341
-1847708
232147
333633
694264
-220824
-431281
17083
272894
601432
193761
-936748
-3764
-320336
-129618
-909318
-1124041
-253921
388642
717419
931146
431894
64617
-608689
-410582
-763356
-830934
-208560
233488
220107
1057747
820260
-415044
-1035908
-512023
-498905
-48976
858825
1019608
389688
589959
398469
-108202
-604314
-25432
345222
221897
382054
726487
240435
-228687
-517697
483715
324870
308685
421263
241458
-228152
-206941
-700328
-823529
-229461
-114287
-25805
-207138
-552558
-398039
-188687
-120925
-38836
168184
870880
-327098
-414998
-164066
-405804
-544017
-380263
-28485
280662
404901
684542
227425
48021
235575
192672
-123810
-793564
-767548
-303115
176567
179482
6576
-200423
-240727
-353650
40585
603397
85854
-628934
110828
67461
-433743
-723234
-491964
-220797
145672
848326
802896
-732079
-571321
478493
-18336
-308252
-284974
-382134
-355250
-182345
336342
2852
-259503
384886
53996
-74938
-242568
-605235
-674162
-447319
258141
815349
904037
117313
-136785
-53738
112271
31437
219987
-55938
146595
270414
315013
-138817
123701
-156033
-93949
-26036
451187
389433
408678
718641
305911
-886098
-45766
15785
-33415
-534
-55857
41591
68909
62187
-32602
1917
-65987
7170
-41231
-41845
-55969
30449
-39503
72348
32858
48571
-36129
23536
-44588
-6581
-43365
-14588
-42089
34605
39518
73683
-37155
22544
-30460
50768
-29799
-13937
-50536
59017
85760
39580
-48439
33356
-19804
52782
-47869
-37753
-49326
94857
13019
47912
-60219
-10670
-57337
51762
2845
49262
10965
88404
-24526
39817
-57570
13394
-15007
49379
34995
81254
-61155
-19807
-90294
719
-25642
33884
-20613
14481
-7229
84408
-30922
-23331
-91271
81773
-46509
31666
4781
42142
-34465
46943
-7996
-29172
-93556
73969
-62016
-35260
-113219
-22156
-30507
62234
24294
67791
17384
119897
-35800
29533
-39475
42257
42949
103103
12969
137812
-43316
-53424
15493
57865
-28729
73773
8776
111534
15845
143166
-118830
-21963
4848
12847
-82645
-29483
21763
148624
-28061
267790
-23543
95830
-24075
5625
-84009
-112592
14587
142782
-55678
236513
-54052
177915
-11404
49842
-60897
-91325
-77640
17247
-124926
60259
-65369
307294
-21784
34400
-44390
-51388
-118879
-28092
-166777
72416
-52913
225673
-26890
40908
-37300
1759
-94795
-94256
-180809
60879
-23496
234888
-42897
17645
-63245
-21752
-64006
-17163
-127537
25945
-17366
202484
-39724
23491
264
26433
-92003
-89817
-91725
89136
-67940
68291
-27296
16688
-13353
41852
-137690
-71443
7145
58976
-75897
46880
-44701
54482
-13881
415
-92381
-49855
-46584
58870
10510
45899
-9180
83483
-38725
-539
-89571
-31432
-21138
89348
40275
7162
-27513
76648
-21818
41760
-51249
-26301
-52365
30062
2048
161
-67091
73006
2539
38384
-119194
-60518
-49654
66153
56349
19690
-21179
75869
10570
92410
-137592
-93528
43934
126495
-9026
-18235
-37864
48871
-34055
122532
-106569
-82988
15258
56025
-70424
-12232
-81817
42610
-14910
47928
-77323
14342
-22167
-12360
-2519
52088
-56691
75063
37765
49020
-95125
7245
-55298
-73167
16698
39339
-58576
93627
42726
3601
-125401
-25867
-23878
-82729
69504
61898
-52090
69091
-26846
38445
-37724
-101619
-47401
-21977
128284
78230
-77652
61780
20694
96486
-21539
-108702
44722
21852
110919
-5023
-84441
76505
48601
118054
-33804
-51655
37398
-43493
21869
-104853
-121633
15440
17343
134352
-49520
-36382
-4956
-18925
19567
-34646
-123023
8331
-10059
69931
-34867
-55211
21474
86624
48872
15235
-69012
29119
-24009
70894
-42856
-136596
-3580
56122
54908
22588
-19592
21632
-34241
68798
-120862
-202210
-3500
56106
113246
55439
-19984
-10746
-71181
49158
-34195
-94766
-36161
1122
70820
-8502
-32254
-54449
-70916
104109
-25726
-91369
-34564
-39349
-18554
89268
-25657
-14854
11294
102331
-84288
-42701
-42550
-53066
-10771
55044
-25762
-26729
2989
13767
-101015
63298
-20144
-114498
-13947
113120
-38006
-47342
-80545
-18995
-36116
19256
-19293
48392
38168
36917
-51066
-41278
-120481
-51012
-31579
-28547
-601
122166
28612
27540
-21144
-45684
-106242
-32572
-70085
-27515
3363
31523
39790
117417
-21214
-55421
-73632
7874
-14878
18733
-62193
-68868
14496
119461
-22251
-28425
-49250
-10850
-65851
-65205
-16975
32382
41018
122702
-24581
-33600
-78302
-12528
-51068
32425
34626
-20185
22627
29211
-29415
-28685
-85646
-8179
-19008
40607
-86428
-96110
20982
107638
-8496
31704
-56281
-28971
-13930
67293
-45368
-3953
31604
13258
21103
21617
-87000
-5790
6444
91280
102549
36779
-99076
-85253
-26764
-24310
-76539
10781
12135
101497
56024
14585
-98474
-102959
-27217
23835
-16708
25536
-1365
35387
6619
50762
-61980
-68691
-10351
53988
-12524
49728
17474
73591
39073
11454
-112029
-49672
-48694
-22329
-44189
73363
-60598
36817
-49948
-83957
-5384
179210
-53257
-45285
-143208
-31654
-83877
14624
-7495
63817
41824
182466
-67539
-22398
-105174
-1141
2378
120512
19291
41665
-42826
61517
-36041
28439
-24710
60104
-17882
31517
-17643
-39480
-128078
51061
-38120
57
-29962
3282
-86107
51657
15388
44004
-6467
-7521
-46649
-611
-76262
-23509
21035
173844
63733
24125
-108049
-94680
-39997
2527
-74213
37095
67507
52166
-19063
25640
-35295
18028
-45505
6910
-81925
26059
49500
-8506
-23030
113643
40454
51388
-90245
-8256
-55854
34569
45349
54087
-3584
87339
68426
14291
-60396
22564
-18797
38558
-11446
45576
19811
22254
-26558
-20692
-5296
41542
-67926
12972
-35524
2908
13511
68122
-19416
-8848
-22768
5353
-103345
3561
-60011
-31440
-10847
142330
24170
49912
-62588
10162
-33459
19463
-80576
92213
95599
102255
-11650
37985
-6137
28586
-34835
67655
7923
111245
10529
3622
-112371
-44416
-21818
24966
-9573
47069
22550
50747
-89256
47397
-51023
48199
-55028
16942
-54862
-45301
-49834
44688
-33311
36766
-11874
110785
-93217
-44242
-92024
-5894
-9145
87349
52620
62304
-3503
87228
-22823
1929
-51869
42596
-42396
-29206
-8443
89338
13945
50067
-41075
-23692
-62850
23190
-57720
-13375
5262
96778
5973
82327
-43766
15665
-6439
56175
-18049
74296
-15909
7949
-28373
-8044
-31244
27597
-16486
17757
-46826
-18556
-65693
46275
-24682
27268
-27394
8857
-102794
-73705
-57345
21218
-61235
32222
47638
117474
31091
49828
-83487
35155
-18262
13080
-8196
16243
-55496
78767
-4801
45114
-23412
33213
-42045
68394
-7355
45339
-85004
1361
-54579
8702
-18729
62351
-10800
106882
-19497
-39219
-25045
88855
-37726
15761
-24313
48467
-19776
47580
-749
98421
-13296
5612
-36163
-5314
-67795
41038
-19576
16523
-35895
99368
22726
-6557
-39754
14396
-46196
7889
-41851
23771
-75905
9698
-22126
97131
-6152
40656
-69589
-29249
-30745
62470
-19899
-87825
-152074
100810
-33315
43283
-96653
-24933
19516
33950
-44202
19724
-4997
30401
-33653
40165
-68471
47078
24209
82099
75762
61593
-57557
-63401
-47333
44803
-26219
66296
-7166
25375
-45371
43629
63593
-57824
-32636
64289
-40963
39770
-26766
-5691
-27713
84731
-20702
-36245
-18373
35111
-57964
22810
-140072
-47260
-3011
46818
-13606
107156
-40793
-20754
-143654
-18419
-102606
27839
65767
109909
77785
123930
-14861
-3028
-96962
32494
-11684
52711
50775
102448
30376
9980
-41566
25735
-38928
21586
-46575
47146
62380
44875
-34497
-6545
-57759
-3644
-79996
-747
-105331
-3657
42395
87521
29763
28381
-60460
-14131
-60447
11089
-3980
70129
-96562
34698
18519
27817
-35299
24129
-785
46582
-31143
-26967
-112830
-14089
30691
145393
-49216
-7795
-71024
-32474
-41343
59112
28991
50440
-21237
34406
-55655
-20735
-88803
-784
-1593
60690
28889
58100
-106468
-30370
-37233
9224
-72064
-2373
-65904
-18783
8396
22960
-60809
63767
-76231
-26767
-76443
10632
-56689
-85
12082
62719
-75052
6340
-775152
212360
-676800
320127
-229548
270365
-807493
893541
249115
636483
-552381
142094
-762234
494545
-567155
392526
371958
841953
175885
199096
-771093
461656
-526830
373138
-636888
333124
440834
1117593
-191030
124751
-925725
552454
-408185
65286
-122538
605819
116774
982143
-891821
110969
-861809
547180
-403719
293202
14503
989742
-32951
434301
-492895
-345080
-731978
615989
-227911
519687
-321889
578714
-845920
537008
-196329
81907
-635543
619636
-346611
777911
-623548
314073
-558315
1108224
-426635
539576
-978891
245834
-720982
644550
-497539
280159
-82723
1747575
-57089
129737
-1038706
280575
-654679
427298
276642
811672
-10762
1754186
-470520
-439613
-853439
649315
151301
527809
310449
1416544
116848
1196373
-1423950
-539755
-896967
499383
320147
630353
-281504
1387689
45190
244078
-1437121
32410
-879343
275882
-209199
301369
-545150
1094401
-281858
221149
-1106985
736323
-861909
378641
1153
369020
-1087837
565198
-720878
470774
-1765392
1481017
-438512
90072
-109342
387654
-1986590
105261
-1383147
1459573
-2323982
3199157
-71720
217794
-389890
-508221
-1571935
-327798
-1831610
3117004
-2498927
4016720
-145512
779318
-767301
-1188120
-1365415
219624
-2035854
3511588
-2378570
4679814
-94631
1282840
-883806
-1225244
-1577383
1214001
-2116643
2840699
-2126343
4064324
-71057
1563472
-833241
-1082745
-1625989
1322670
-1922800
2700264
-1626103
2750352
147046
1653695
-1178059
-1031156
-1030822
1267357
-1757962
1314761
-75056
2273608
81022
1843803
-1405360
-1301672
-276214
1469516
-1758543
812860
223323
2016744
54135
1692017
-948714
-902090
-442607
1080350
-1140389
740689
-80945
1268651
-60081
1410198
-763053
-455149
-700407
1071332
-1024377
182043
68215
1016528
-81706
1794227
-994644
-533696
-785876
858321
-908203
269025
503585
713815
137138
2022414
-1215626
-300222
-589550
939544
-989483
46694
614995
461706
-287421
2092395
-1457242
-361370
-70153
926803
-1542505
-507307
1164737
504775
-281569
2313590
-1008027
-573235
-422902
679717
-1693533
-252231
1678430
589915
-41998
2143075
-901557
244768
-1303977
-53850
-991580
433154
1350276
774726
-79764
1986057
-1539080
646058
-1444861
-253403
-449304
936898
956782
529346
-264210
1999511
-1284478
141817
-617094
-241185
180728
588549
1311157
-413735
-388557
2088233
-359617
-274403
-556817
525185
343737
-214900
859994
-902947
-345808
2311430
-388732
-628291
-648426
710927
156522
-1321628
1186426
-857992
-185949
2140287
-842340
-593322
-292832
-199100
433355
-1776058
2067209
-112681
-264017
2212306
-1182351
-876437
-338727
-452926
958414
-1592374
2272444
258460
-243338
2085110
-1198043
-787643
-844559
-70312
260807
-1241547
1288821
740598
-464127
1394215
-1188061
-891195
-761436
383807
151608
-837944
754087
1245142
-610288
1131332
-1296666
-1119435
-161921
-1374
268095
-987428
662973
1514021
-435854
1014266
-873534
-590330
-258368
-561789
352908
-1001313
692369
1591207
-103576
832172
-978116
-552220
-638271
-816856
242351
-351964
1221653
1215274
-63583
488056
-1818706
-295943
-243100
-627471
9033
158147
884335
1181869
-330556
-150673
-2196114
257977
-326623
-660191
352801
993397
384452
1465771
-483956
-384382
-1508101
198956
-533893
-173492
36187
657444
429558
1513066
-669647
-534812
-1039593
128894
-607240
759113
-100162
-148531
526861
1754910
-652730
-337415
-1310196
249407
-432718
161565
-11750
546813
300485
1116574
-535499
-84405
-1432176
42215
-152439
-335564
495371
987054
200352
553873
-503830
-389895
-1346517
129728
235552
242393
164281
389262
-90824
642011
-500836
-522418
-1121959
331247
699964
293140
-198271
154734
-420299
907723
-501586
-268042
-815442
713920
410453
238126
333722
380086
-624783
330930
-720440
-479039
-823629
1294261
406624
805580
-154232
-198887
-720067
10183
-735171
-323749
-536355
1240867
605377
561131
-1324524
-853531
-75168
537959
-467385
182629
-378145
1082234
415903
308355
-1372098
-628973
475104
596207
-369945
-92462
-880435
888391
-38082
180480
-655470
-507233
670373
740846
-665260
-372103
-1171779
469554
-251954
-182455
-674568
459824
843988
687248
-1012840
-121667
-1359989
412485
120543
42276
31333
1594221
212070
-109351
-1163508
149368
-910807
940244
128621
783459
-133079
1259759
-474077
-174362
-1003152
89263
-564235
1361205
-595507
701626
-790697
419123
-384591
733990
-810583
57901
-1063789
1135740
-336547
688523
-170660
616244
-273284
648930
-944263
126692
-1035916
1130463
215881
686029
-113325
409867
-605586
1145560
-990757
302477
-393148
1455374
-198816
54782
34597
384283
-538249
1228191
-1050484
281247
-97914
701291
-588519
546913
305055
1159012
-400634
296734
-792672
493822
-262862
307788
-563626
1168802
613188
611657
-1050465
-329555
-528256
601658
-695340
392621
-326034
470240
817295
362425
-1102999
-40080
-511414
480874
-1292806
163343
281180
-43233
427020
921002
-850030
678783
-1040966
298539
-1101865
78256
659739
547056
-62843
1074139
-520894
447514
-1017875
451040
-587356
432581
735555
1123640
-154139
442291
-907304
-224420
-637187
528634
-824979
892104
575133
331993
-1033165
844318
-1050908
239
-736427
588030
-825096
745814
-150768
-126263
-1401963
1556111
-531091
743930
-1131896
213091
-910492
343320
-881141
632563
-469146
1580790
99079
474348
-778383
-35627
-654569
683246
-364981
544309
-162727
1639342
-288839
-216805
-687164
299944
-464358
315116
-104850
308772
-692189
1962208
-515526
318492
-710163
612288
-505331
-11094
-304512
941495
-905361
1040566
-637636
222070
-619824
537952
-526287
107797
-319343
985473
-456869
527936
-278182
-256817
-424551
251385
-855760
76241
-837832
2929
-415042
902782
63032
685732
-597042
85358
-917174
421009
-638792
594544
-341005
871133
-328823
854700
-783256
86034
-422158
759805
-475047
888872
27527
941577
-486262
-248998
-958948
220892
-16083
621906
-246595
354431
-273540
760065
-446789
-409729
-761371
419521
-387814
758080
-175368
629888
-768942
540342
-540398
199941
-404788
554073
-711372
878653
-734230
490409
-289277
972517
-1173309
478472
-492269
470139
-605432
443044
-759250
590528
-632432
664280
-1018187
810943
-541289
369966
-554887
365018
-950064
1078143
-663474
-190245
-594717
1352179
-502661
333257
-748486
491729
-1027899
627607
-148352
641158
-610612
904819
-646415
379387
-697264
958525
-888350
356532
-474248
1476268
155843
162557
-520048
602267
-333779
736096
-678242
584328
21336
386483
-519867
485514
-393508
907455
-754540
160354
-842930
454522
274943
-15666
-858442
862173
-294605
1008646
-1496361
-279966
-638372
253216
495823
314030
-810913
1031646
-682556
471562
-2004099
-515150
-598314
993958
889184
703336
-309614
1018138
-1133180
534627
-2104620
-107752
275401
1276495
220296
1270299
33836
-125120
-1285850
843125
-1534146
369996
744503
1316768
-13277
801512
-1003402
-264846
-1260823
722264
-1082694
348208
-125680
1054594
-435791
273213
-942467
617600
-845213
298031
-1287479
368030
-124557
595130
-575740
58857
-15208
928795
-686369
343604
-1161743
415342
166911
400461
-620715
-143108
217369
1094718
-711410
445903
-1102245
306477
-585240
300825
96270
7339
80049
1217312
-706181
58374
-1284486
201087
-566964
500678
11981
722429
-444695
807476
-798894
-39216
-1048292
221956
150837
485689
-1153031
841552
-297480
1241694
-951578
53021
-808463
215354
-240983
312678
-1257890
399062
950308
1819941
-991594
-37195
-932008
48328
-40599
653829
-797831
856425
717262
1181341
-726162
140500
-999566
202637
-125999
746825
-392641
1262950
618333
832994
-672398
-180790
-386666
-380210
-379496
575871
1207166
1070638
521347
-623653
-772764
275573
-97680
-498623
-571726
7177
1076548
1703425
105101
-655899
-820418
346976
422041
-558788
-374090
228257
776782
1644876
-167679
-1155627
-731537
391751
668130
-190295
-578119
542979
385809
1065051
408280
-1542736
-718144
329240
771090
313978
-408897
271100
-230647
813841
318884
-678073
-749545
345751
723164
877215
-51542
-2404
-552168
585497
89064
-359207
-831135
211691
343863
359826
-9141
-253295
-641750
744775
406517
-459974
-784367
256449
533013
74068
516036
769725
-131265
567535
-337469
-998476
-1133416
-64978
791697
-94177
60291
1783396
662543
311930
-1067652
-764531
-849517
58519
1008815
547620
-99168
2127164
1169211
-508651
-2125901
-1220710
-230538
670705
872112
581841
-267150
1702654
891922
-702357
-3063106
-1079369
-268589
649502
407798
137013
-281018
1906918
812592
521079
-3000809
-270328
-140572
663229
-306968
-803007
-797022
1951903
132810
2207505
-2250304
1106159
139822
1589116
-993467
-2677808
-1139451
1374027
-830348
2881149
-798014
2591507
109563
2756706
-1282024
-4323367
-2202887
2212156
-1667854
2578035
720366
3581768
70511
3532411
-823098
-4776918
-2749923
3321293
-1487239
1250976
1274029
3104279
-24622
3797349
-718355
-4963705
-2495695
3487184
-855598
233145
1919557
2845216
220112
3973535
-778268
-5027915
-1611121
3671261
-652732
-1681266
2511306
2758092
220747
4224125
-900472
-5450546
-1187784
4003605
-313687
-2131083
1642244
3218721
250284
3943782
-574601
-5106534
-1124794
3979866
199862
-2161642
1196711
2575839
499863
3762575
-677460
-4578278
-1161868
3657185
255388
-1866268
1365459
1827512
666151
4316809
-861089
-4411968
-935433
3160520
263310
-1963673
1463221
1630244
533528
4626146
-739320
-4619719
-876004
3050016
-43966
-1975563
1978728
1882715
412022
4898786
-660384
-4848487
-698120
2946640
60768
-2081990
2291146
1792835
448259
4892034
-22748
-4551148
-1041854
2364724
-87800
-1891628
2148320
2021847
285024
4407904
-101458
-3572930
-1572536
1346420
221318
-1030677
2215606
2431015
629897
4614008
-576574
-3364290
-1335283
658348
433738
-333407
1921171
1675509
485732
4618954
-228568
-4434995
-880455
591308
1204545
-650783
2309010
881582
326806
4415301
619046
-4784883
-1376763
1720492
1622086
-1088707
1626158
1107722
275139
4605936
1026375
-4254189
-1683211
1833490
2055814
-2102242
1263182
1201072
416122
4697356
1172824
-3979288
-1299587
1217953
2274372
-3007712
784738
2098058
-34107
4454000
853677
-4018849
-1147389
1018327
1861310
-2459925
435023
3221667
-471573
3655810
850721
-3640795
-1210106
1493434
1546780
-1124670
-416607
3374653
-679620
2534218
424950
-3664143
-1131671
1257329
1848335
-451868
-213625
2993482
-694824
2048092
-7526
-3469806
-1063503
45725
1626365
-262788
450597
2936761
-849035
1501438
-26875
-2534403
-677301
-434532
970836
387466
813924
2776855
-791955
1180836
-401997
-1586253
-243690
-1249003
-295694
723476
1300058
2812845
-734671
1076236
-1089862
-809666
386047
-1321860
-819191
1009934
1165597
2620969
-821956
389425
-1553178
-570270
688675
-1004568
-799027
1126775
981021
2458396
-1194516
-490167
-1355781
-184870
1240105
-313223
-589597
922474
985099
1924242
-1624731
-1176307
-1476405
68977
990620
347627
162507
843456
1017237
1740148
-1404345
-1157075
-1750905
220412
831577
-377741
334364
1207491
965783
1587498
-1202099
-986198
-1576309
96456
1384930
-885915
-284195
1375613
1426511
1096824
-1142628
-1180776
-1358049
142728
1623868
-469349
-1108351
1019665
1230280
1303643
-1058662
-1423286
-1405408
489978
1938328
-61056
-903274
551705
701420
1293056
-1114840
-1447283
-1288020
1189298
1851072
-198260
-1391101
-162216
745942
1371894
-991415
-1441047
-1168628
1669649
1991020
31331
-2036071
-701765
820823
1220249
-624017
-1070625
-804308
1730927
2647052
343011
-2146380
-2046886
393434
978916
-775961
-808801
-697449
1585778
2409184
480403
-1929242
-2169201
496454
1259976
-628886
-464594
-676017
1159075
1519637
-186575
-1516025
-1444435
862086
1114522
-539734
-67909
-539846
899085
1405015
-664964
-1313395
36739
571374
191043
-1250689
-283252
-714631
812418
1258456
-511458
-964130
1189246
1104412
-52439
-1820145
-815871
-680466
827347
813170
-31090
-757024
1669495
1557456
528867
-1548163
-935761
-427856
1456899
928546
301729
-566943
470864
517169
684520
-940171
-435626
-429278
1515284
1065814
-404589
-262555
-390425
-320328
973766
-964217
-259250
-347181
921026
967730
-468929
-162365
-112968
-894919
1209171
-1262569
-269532
258988
1261994
1037341
92417
379437
41718
-1509869
38275
-1180821
-324279
561143
923027
757055
150291
341258
690675
-1565367
-843607
-810465
-16193
417471
575157
272778
407130
1026866
1053269
-1238309
-1753161
-838675
94868
-85327
291137
790644
334015
1249511
1133998
-1119142
-1755616
-687653
241919
-361460
-193928
1560207
242269
-44131
1148178
-1075677
-1057809
-1004332
-57706
-466863
-696731
1640752
1068344
-850789
1040497
-423332
-1093210
-1101109
-383606
-392319
-415703
1334555
1492749
-571967
874574
14165
-1497653
-940127
-215808
-332854
289035
1177845
955215
-886067
1203664
-31477
-1461695
-610048
367456
116304
572534
981607
469435
-1645347
843762
125177
-1465439
-842224
-17033
132181
348092
172669
220470
-1232234
915924
1128548
-1318854
-751974
-352906
120528
276523
230906
132510
-209337
1460752
1099606
-1270052
-1194270
-413233
-226037
-85060
563715
753143
-232503
1716253
834295
-721038
-939918
65741
210748
-37511
84537
1355028
-254335
734373
490872
-1373537
-954357
-309089
-31305
-315821
-568531
798012
679220
670610
850544
-1039448
-546954
-228360
31265
255637
-489880
-85318
235669
551188
254828
-255124
-706649
-399786
-222500
495678
-246482
25222
-28338
862029
17882
-140102
-1016013
-964428
-489524
154224
-352831
-44150
425372
1308271
719350
-423503
-817253
-642735
-57272
517477
185011
-223468
70970
591624
310992
-631301
-397141
-6281
-3639
770553
69637
249958
-518889
213496
-618465
-367732
-356212
358911
5387
701208
-170136
378541
-25390
69416
-1057231
-59741
-433752
440814
205305
408822
19773
269039
136860
107379
-944077
-87020
-677861
75022
-69068
273631
-467235
711263
582427
-133426
-564166
218205
-742275
-84620
-446837
252850
-630079
-134636
622375
349794
-197820
995108
-672022
59097
-598927
228252
-232548
-277474
-302472
392786
316158
979400
-570838
203021
-506204
-232821
480638
292974
195543
-785734
-454814
1040213
-433834
805104
-524555
-564242
560325
980886
1006920
-629923
-1874792
177752
-333201
1142812
-754103
-1211471
699575
1148749
1056448
-317535
-2140234
-299394
-765992
765550
-1189563
-2007653
527044
1620903
838230
494935
-881275
-245325
-1174088
548923
-1425676
-1810697
1051658
1932805
382560
569656
-332133
-477104
-1721155
-67192
-1245807
-1510352
1526593
2423432
605345
372142
14004
-138861
-1258530
-147186
-556462
-677032
1465753
2233363
87365
-346039
-464046
-133716
-576174
-155000
-584710
-252185
1348748
1272090
-36064
-917854
-66539
344151
-584889
-75862
-1015795
-510130
1110767
852195
-6452
-589246
482091
1454334
-595624
-55162
-925826
-403711
476513
502654
-30530
63617
706339
1681692
-380488
-95924
-564615
-143364
485627
-50102
-936038
488741
688736
1540247
-627134
-362660
-683625
-218932
1071923
417006
-1465889
376999
1292348
1629475
-968474
-607993
-682971
54393
1143462
1167478
-1477275
-850653
1793263
1787469
-780413
-643652
-763109
-148478
790820
819490
-897928
-250503
1403041
1838913
-650748
-551734
-916132
-170912
377930
634609
-302792
663208
1289665
1033986
-661294
-362486
-726733
384097
606940
390101
137084
841928
629362
-333613
-1425932
155340
-1261968
-5756
-1206813
507844
698239
2318930
702320
400494
-1481225
466931
-802065
714
-1311813
351617
692531
2426080
372212
100402
-1535602
826003
-346632
75308
-913292
640559
444235
2225537
-136979
-369630
-1619878
839914
-218568
442972
-569617
924440
-35636
1693623
16528
-391619
-1621801
832136
5356
1288105
-191916
971849
-901392
1214110
-242375
-235199
-1535517
707366
-273115
1382819
-426006
590095
-1328975
1453766
-365158
463370
-1453277
671809
-468394
1118737
-321527
828636
-920791
1701841
-592902
124455
-1870909
392053
-525300
592698
-71460
1735180
90564
2113858
-986510
-227029
-2121679
213659
-79567
772421
227904
2741146
1029015
1932569
-2033215
-671140
-1452078
762786
434728
1148771
-13048
2980971
985090
865993
-3240081
-1006955
-1118998
1079462
329423
1104287
-233702
2941064
661709
841862
-3435516
-673220
-1263007
788582
-319754
569652
-890011
2822365
163256
2330153
-3254687
911846
-905552
764956
-901227
-761709
-2177135
1974887
-1343519
3831194
-2938072
4019529
-440836
1388722
-1263951
-2854325
-3375160
976913
-3017304
4966338
-2433229
7101190
-320502
2494406
-1215760
-4045399
-3961933
1018504
-3764750
4797739
-2276211
8354464
-490045
3288908
-1226438
-4212951
-4180140
1976658
-3668427
4169591
-1782722
7879037
-495480
3734082
-1246729
-3943574
-3714337
2617758
-3431299
2866665
-895553
6622588
-241203
4087423
-1476355
-4094149
-3056059
3004813
-2750285
1196307
-135315
5522206
-145785
4248496
-1514781
-4096910
-2319562
3083907
-2030047
321360
255739
4409030
-97764
4067230
-1373748
-3645676
-2038020
2821450
-1286888
304443
433932
3254788
38571
4159997
-1173138
-3117290
-1999284
2587966
-946944
-131313
662867
2355816
-17952
4656190
-1102161
-2908848
-2071000
2291425
-1105935
-439825
1293093
2088764
-157432
5049472
-1310379
-2853628
-1948466
2261238
-1032385
-589837
1843642
1864584
-251351
5358315
-1186239
-2635164
-1787008
2017466
-1319354
-989095
2078951
1628721
-579417
5214520
-887579
-2089463
-1923259
1151140
-1540991
-755162
2592439
1969327
-430016
5039867
-1004037
-1294002
-2413919
276121
-1398674
5786
2455795
2171920
-268047
5099805
-1268586
-1276595
-2835950
-116065
-676099
393302
2389013
1843488
-464340
5000612
-901073
-1937206
-2658435
122416
391674
118923
2552843
1156293
-781268
4981813
84152
-2273401
-2402979
673131
1267650
-672223
2399580
401357
-695872
5350373
725695
-2157075
-1917583
870074
1459505
-2169238
1984290
122314
-744329
5302663
473921
-2091317
-1438689
134588
1555719
-3237965
2317685
869887
-1163506
4851369
959
-2022598
-1378619
-213210
1853768
-2923028
2438637
1521389
-1507386
3949599
-625828
-2062426
-1681679
241096
1785264
-1666336
1820687
1957880
-1414422
3064326
-1169484
-2524700
-2129546
-142394
1214091
-699416
1502570
2878867
-1377504
2419791
-1399280
-2493425
-1657387
-929508
877954
-460984
1535319
3310011
-1304025
1795769
-1437732
-1659297
-1068145
-1886690
238770
-623845
1889507
3601787
-912746
1453380
-1608897
-870526
-711298
-2201127
-469908
-509932
2097695
3331489
-611148
972116
-2471746
-492786
-503379
-1883474
-731553
43538
1689215
3134367
-862182
-9256
-3065594
66744
-266302
-1221024
-540156
703244
1177982
3186327
-1503249
-1186564
-3033732
154896
-275746
-39090
116684
1041635
1025759
3107639
-1775999
-1696422
-2995303
-186977
-530579
528005
261070
1230415
1314026
3131230
-1644489
-1406047
-3004764
-220533
-300870
-40271
-149504
1537423
1541767
2730304
-1401888
-1099110
-2885566
-90798
125991
-678578
-460536
1453741
1404907
2409140
-1222864
-1332245
-2833831
-9593
739520
-40964
-291865
986063
737325
2073272
-1229509
-1596785
-2593790
406441
1293355
233859
-603856
330758
231832
2160842
-1282008
-1547065
-2346721
1084710
1383491
334983
-900352
-109317
136959
1956016
-1053700
-1189849
-2026393
1805014
1719486
1203738
-1254449
-1217272
-513741
1042523
-1128019
-873270
-1566685
2147363
2233798
1891963
-1753911
-2068107
-751036
663703
-1116953
-485483
-1382515
1894482
1783257
1320619
-1856488
-1796295
-43382
886828
-710803
-50120
-1325434
1606056
1031731
499085
-1581525
-1007166
346575
518889
-998374
-118460
-1433702
1383974
730636
36832
-1389503
249470
760555
290085
-2031819
-639339
-2043865
945766
387400
8518
-721083
2060863
1426253
836588
-2597114
-1018201
-2251446
1327162
314101
876770
-364316
2151050
707901
1321026
-2140894
-579111
-1763695
2086897
200345
1226875
-725997
922150
-541764
1497247
-1693270
-138468
-1634449
1877206
-55679
904139
-714266
489058
-1017819
1773212
-1804015
-65946
-1431278
1931683
391571
1093779
5149
490867
-1704728
1353463
-2044122
-148365
-850641
2179277
543697
1082051
353563
716768
-1819870
784301
-1875832
101816
-357018
1576521
-39818
1169173
767133
1639513
-1462569
-294695
-1741985
351818
-520316
895129
-59254
1517119
1324018
2173742
-1312191
-1100312
-1469118
656192
-999311
590932
508624
1185781
1114588
1811740
-1371985
-864788
-1378847
648102
-1581996
106624
995910
905165
374098
1565155
-1202285
-109249
-1627897
282245
-1834902
-224297
1125906
1300366
67982
1778693
-802137
-135365
-1858968
138168
-1687178
111996
1117497
1723101
-41448
2065317
-533405
-637652
-1400569
669026
-1217052
1055143
1198687
1403973
-1138218
1793805
-1014433
-874840
-1325712
806339
-935297
1446228
391671
752683
-1977447
1887668
-799517
-178236
-1436113
472001
-970546
1099528
-576507
756617
-1447026
2385121
65334
-18777
-1892487
-296959
-1291396
574175
-423735
1220570
-633146
3035006
590390
157581
-1832602
-85710
-926262
372805
-130270
1474678
-639548
2848202
-87091
138962
-1699665
176434
-945394
-31923
-614124
1590750
-326241
2506895
-195021
55614
-1285241
336279
-931752
126296
-948359
1040843
-378338
1775505
78373
51199
-935498
340758
-906889
639129
-923704
385237
-683327
1282372
-188962
386750
-1249604
-265913
-1448772
485782
-1214365
538725
-386112
1837897
79379
916685
-1474175
-505441
-1358485
604701
-995353
675691
-274947
1902769
234642
519178
-1172993
99640
-686202
904907
-429941
703936
-604454
1148491
-547054
-198953
-984350
748083
-540698
1288252
-279557
1025138
-725310
752712
-1405370
-72637
-954534
988302
-571822
1538268
-582868
1092849
-548927
1070579
-1833724
381187
-1088709
701301
-720737
1237451
-917139
1452702
-252255
970659
-1823497
808948
-1214543
330588
-1025549
746516
-1368951
1285796
-220811
828605
-1071735
1593219
-1125509
311486
-1383213
641214
-1564635
673087
-764965
974953
-357194
2059505
-1096264
439142
-1476224
715962
-1137539
617340
-1018913
758323
-405263
1888605
-1010597
911795
-1183048
536653
-635376
1291772
137947
430329
-1570189
919313
-780899
1694597
-1137619
70654
-344905
1528259
881535
94180
-2335763
268318
-833908
1839624
-1909996
-826839
-550910
1390171
1247649
714207
-1718965
400521
-1121484
1427137
-2737646
-1392240
-683890
1590175
995811
1202359
-661062
719322
-1993672
743751
-3371993
-1404841
-41357
2374324
947130
1922774
161529
498217
-2430002
515030
-3072876
-563282
700581
2809298
812254
1832538
-488829
202090
-1988588
658780
-2312839
226167
669182
2508520
248987
780767
-1121935
524193
-1520809
506150
-2213812
210161
388053
1827955
-180577
158662
-407632
1432370
-1528728
223565
-2302553
10608
60695
1184117
-133581
272443
477725
2133001
-1361631
352866
-1959920
256892
-519041
391490
-581823
373565
747458
2384991
-1230567
161367
-1884097
183726
-455182
589428
-1142705
782788
577685
2319093
-1577533
-377006
-1891105
204273
363339
1329565
-1751268
539446
386535
2693533
-1777620
-542827
-1856312
74705
337787
1353072
-1768984
303632
837897
3041212
-1721278
-519580
-2022976
-292111
-150285
1083892
-1211384
1130419
1291320
2614361
-1638256
-288220
-1963045
64183
-240027
933509
-659012
1772695
1029329
1723425
-1501970
-170340
-1872291
638264
-28337
957181
112236
2249773
459069
321923
592063
-456279
852171
-493023
611712
-521252
618188
-195217
6692
-754697
574852
-704361
923213
-493687
246245
-315841
267062
-559698
612810
-891287
740370
-776653
871039
-467771
169998
-384464
305485
-768450
569038
-534722
774446
-690076
806599
-408097
316757
-696125
486295
-857014
731953
-164743
627157
-622203
776185
-558247
391724
-989173
483541
-855369
1068463
-471999
583292
-703696
711139
-659028
689245
-733423
703136
-735863
1046710
-851479
618250
-785090
825752
-605120
501534
-364386
482107
-1045161
810881
-814195
853728
-584715
925477
-357488
122166
-373530
568998
-1383020
566302
-985593
753552
-513287
822422
-127301
-55510
-941472
705546
-1282063
333837
-888370
536071
-723623
337051
-603257
132562
-1255511
896741
-940478
666682
-554631
471838
-425544
529459
-681951
347520
-962094
878279
-938597
1099201
-1349656
312425
104529
647818
-492681
652179
-1074286
1444447
-1641395
1876663
-2750527
-10897
421057
437416
-590441
592960
-293759
1820633
-2036282
3148630
-3766066
-196043
335621
829376
-755314
216714
662155
2209847
-2660621
3756399
-4467764
-236755
160757
1287478
-898502
61862
328538
2779797
-3316413
3205460
-3792651
-117279
-72954
1562743
-952539
108852
-150039
3024904
-3527154
2732660
-3225726
-184143
-112315
1576775
-1017380
154197
-186601
2515322
-2906668
1779066
-1732558
-288253
-205813
1579897
-1240272
35771
240317
2263606
-2500681
770084
-603380
-126174
-404516
1733364
-1088580
-245512
281914
1840349
-1842985
359775
-715446
-6645
-370529
1463879
-899987
-200727
-111219
1829394
-1449080
27350
-443718
-81410
-388699
1531908
-1297252
-41722
-18203
1574020
-1277930
-81465
182715
28043
-349124
1733405
-1668639
22000
62838
1587953
-1142637
-46568
388726
93290
-488408
1961379
-1770362
160855
190342
1407371
-1155626
-427517
681394
-15815
-736769
2086746
-1788425
-93435
156734
1373970
-1000566
-306467
920177
262957
-576014
1956931
-1547941
10894
-188326
1372503
-361107
-416708
533637
238401
-559350
1747906
-1844604
846163
-593245
1337113
-316666
-286445
-173757
197815
-772669
1911318
-2073577
687233
131603
950587
-192199
-716160
366130
293784
-708055
1928917
-1440888
-142917
577026
666517
-166175
-1290154
875169
372235
-779358
1852595
-1174295
-653295
299874
827871
-91468
-1699610
1425377
367704
-825789
1592616
-1349605
-525404
265318
284136
645605
-1992097
2086877
357836
-891186
1733686
-1262807
-363008
564744
-184354
1554903
-2399486
2066431
478924
-1022778
2017504
-1162375
-219010
511654
64518
1151744
-2115349
986377
364333
-1070278
1805454
-770847
14455
229594
409199
362524
-1273851
17233
118257
-1029436
1593621
-582300
86593
595414
229286
730233
-886362
-261905
57199
-743409
1492448
-543007
101609
652958
-404302
992371
-804316
-208101
-57997
-349364
1194576
-452531
247361
316320
-596537
1099200
-515292
-115471
-191393
-268928
973164
-823360
648428
468762
-548381
667328
-100659
-254787
-131907
-349204
985768
-936373
1227497
248436
-416825
247173
-20507
-669596
-50279
-153283
1059620
-582495
1177052
-57007
-265574
-104975
181972
-948433
163686
-40971
991618
-179276
792013
-137890
152058
-683390
-168555
-616365
299976
-151753
841726
-279162
1037577
-248776
213430
-443571
46874
-846131
198603
-197841
835387
-631364
1017313
-1633
-391445
55246
398793
-926001
213708
-206877
753079
-518634
773398
188461
-473387
-93146
349404
-575542
272663
-205853
571045
-223663
710677
237865
-432140
-669985
293004
-456637
344553
-187594
573349
-241495
579163
-52886
-546771
-225881
393760
-380905
476247
-342422
574517
-478002
791689
-424056
-60718
-409905
438652
-207979
429625
-449535
422471
-677027
785658
-547469
-66760
-876373
330754
512486
386914
-248986
563920
-785914
427245
-448244
14699
-776179
452800
645299
391457
-190800
549728
-863873
596996
-412690
370400
-131428
28195
280185
220577
-402641
424724
-866131
666143
-268308
275807
-54235
147588
-48482
337583
-411731
842441
-742944
679373
-198313
-32841
-277309
579548
-481004
639982
-346902
1312617
-626082
986204
-156493
109356
-636456
467587
-1053992
773746
-514945
1147034
-498654
1033160
-917552
445513
-1341348
575727
-608311
770085
-629795
747764
-1013967
1042111
-1235407
426537
-693011
627010
-379852
570024
-573822
810731
-1054495
1023926
-595456
370145
-340690
542846
-909154
597956
-532721
1027909
-807428
840729
-801667
3313
-356873
225965
-1057511
778959
-624360
875476
-604694
405905
-898245
87462
-291534
572505
-1066900
711816
-643511
655732
-602851
312643
-439085
491540
-587231
553656
-1285762
764323
-617467
750547
-647150
548868
-452109
5600
-575731
316563
-827884
685836
-701633
862664
-828859
554936
-106799
-608348
-205459
717924
-720653
510122
-885458
1047970
-741346
356106
392143
-418539
-684070
1187657
-852093
570952
-877885
1187308
-402920
145924
200552
52632
-1144468
885858
-780246
778808
-659688
1059784
-578996
281552
-321883
185732
-1176653
957374
-762699
647379
-718127
812502
-1001925
410972
-641991
169959
-1116327
1783699
-802377
556730
-854273
961731
-860973
439915
-680665
1005953
-1180455
1626041
-763145
662333
-615948
783116
-503161
733756
-613641
1056579
-1217735
830519
-789055
789132
-320029
842664
-237679
611782
-336574
337866
-1373369
957610
-1070520
593646
-521299
882133
-500480
187941
-397714
658405
-1572817
1175494
-877167
484209
-772312
774612
-435477
383300
-503120
1045371
-1217971
610112
-501920
535533
-647809
616760
-338693
599486
-741505
648954
-537741
495519
-305579
536379
-727100
513939
-508621
731571
-826265
500778
-383902
764873
-580917
597829
-648038
804278
-254128
996925
-643162
824140
-923928
579493
-971340
574092
-629764
734561
-242074
696373
-689177
354733
-581918
500725
-622358
519883
-715765
530930
-680852
354467
-568958
283932
-767617
850967
-252987
688927
-517740
625852
-961905
832655
-986776
742584
-835621
747966
-667675
564768
-475235
749437
-893340
718108
-944501
743473
-655994
872698
-1233970
382368
-575680
755317
-620859
769595
-896621
988707
-1011067
615207
-680031
417027
-508885
754974
-522678
922041
-903236
944552
-472909
453169
-872589
476980
-613624
781985
-763508
1189937
-912267
775214
-466569
920653
-1055070
475535
-657194
888631
-807060
900799
-591324
514018
-733819
612263
-591914
574743
-679492
922989
-974678
524838
-384002
453205
-565608
-282536
-688842
458773
-876734
1098013
-1319259
528199
-136918
101662
-255505
205361
-734250
375341
-885496
1324457
-1087047
692021
176810
271802
-235954
176466
-981315
416010
-1020700
1632910
-885905
798838
72498
378449
-890220
535811
-749054
721868
-943977
1974067
-881193
767264
-4620
75498
-1224996
452919
-793707
960000
-962484
1773574
-814047
426410
-545412
249971
-1273159
425455
-670865
817916
-868404
1082201
-933148
409494
-681237
486110
-799479
569470
-131315
839823
-540009
914806
-815709
708254
-269564
299031
-408352
250407
-192916
797050
-498314
1149884
-735107
682460
-226385
377116
-302753
-56388
-452933
630660
-574328
909502
-784350
708723
-577925
558318
-175178
325352
-568632
558722
-484198
771327
-553324
681535
-95840
364726
-1059304
1018539
-916763
719274
-364156
953219
-307582
522085
-262120
372758
-1438926
847380
-312932
792536
-468289
862774
-428497
430950
-244533
772780
-964773
389888
-310392
787670
-437714
769861
-414541
624158
-117741
702385
-843555
355594
-1062707
880556
-421480
894211
-631574
752088
-595532
478527
-794557
322807
-766658
726741
-568317
801480
-644209
782141
-616265
85707
-598353
322494
-936150
267571
507210
-138100
560933
-71976
120440
-1130850
-991730
-646689
614023
403866
642229
-389223
803193
362283
327740
-1074438
-1469897
-1073395
725641
262739
504030
-798138
516290
503921
256344
-710029
-870724
-1079004
988106
243652
520149
-918823
236286
109776
85703
-643184
-453137
-966699
735726
295727
343011
-1071847
-243874
-272518
360635
-236522
44367
-988901
656753
414867
536669
-745343
-125244
-444070
540778
7560
45392
-1252580
479693
309990
520112
-847606
-212204
-816015
12211
-74723
167414
-723208
1115411
436994
769841
-645505
245331
-228019
-485137
-629089
-46006
-607158
940839
424132
623020
-1074919
-372027
-362304
-1017675
-1569278
218976
561892
1947746
429138
558410
-856879
-226324
-60263
-731478
-1984278
220059
1153964
1729329
370156
261908
-905791
-199714
-445353
-871479
-2052297
196584
1278453
2227979
304518
-326300
-794827
155061
2648
-713039
-1821790
69143
719395
2379420
676859
-668979
-299996
1066298
568008
-423673
-1512037
-241337
-1108407
1722598
820020
-1169572
-48951
2600105
1945114
-724013
-826263
-405461
-2633582
633102
763970
-1878917
-748905
3622633
3059850
-711241
-541905
705050
-3005640
-507097
894705
-2164933
-1161569
4228700
3557482
-720768
-1054035
1245669
-2846322
-1287169
826203
-2481740
-1579445
4081216
3188852
-970509
-1199014
2131715
-2359898
-1628004
884325
-2619664
-1387469
4499556
2916977
-1726640
-1407778
2284545
-1621313
-2606536
718816
-2660592
-1620707
4406523
2529087
-2074639
-1417806
2560276
-890294
-2429370
430939
-2512129
-1508457
4159779
2556207
-1990962
-1790669
1977197
-515430
-1865089
348033
-2635101
-1546047
3823381
2088267
-1617167
-1710264
1909713
-433465
-1787988
310466
-2818330
-1734376
4080996
2051488
-1548789
-1564688
1739331
-712755
-2034192
273655
-3086304
-1984936
4201023
1777366
-1585757
-1498425
1990154
-731157
-2114044
435427
-3082200
-2360254
4180250
1835757
-1407238
-1041760
2080788
-848291
-2523859
547588
-2894007
-2429232
3753966
1886661
-812052
-1056726
1519530
-1204937
-2600316
218189
-3039514
-2275830
3210402
1556525
228108
-687857
871808
-1057568
-2093186
423974
-2790504
-2088430
3539060
1283039
547464
-867403
354142
-1395285
-1950763
203347
-2745584
-2376917
3525289
1872562
-156587
-1025782
126314
-614393
-1993991
366917
-2745717
-2858497
3225138
2620288
-462500
-1756155
360901
-88014
-2030730
292065
-2723189
-3111590
3040382
2448052
-546147
-1859808
753280
823059
-2460443
427627
-2677217
-3110521
2969026
2126951
-435713
-1456027
478396
1241588
-3131953
475768
-2417524
-3129233
2812634
1777420
-536260
-1291080
321524
1622892
-2929696
717391
-1556621
-2530644
2774008
1747840
-343086
-1554969
232067
976556
-2416426
840334
-1035471
-1860602
2714460
1804351
-106718
-1404768
-197629
358009
-2114789
968043
-585347
-1289597
2608174
1488867
-110007
-722291
-809497
91422
-2149013
904013
-575703
-926854
2220371
1239271
894130
496757
-804975
-495907
-2693308
978842
-576606
-439891
1748363
207359
864272
983588
-686448
-878474
-2311679
836280
-201833
283430
1769582
-461665
988845
1344767
-385000
-1136831
-2260758
779788
177942
595196
1313642
-1135107
754044
1051527
-393564
-1075884
-1493980
978841
885993
1058376
1014933
-904383
236915
207733
-244347
-964124
-1529060
977858
1372732
1281691
752909
-862406
64114
-230416
-291898
-1015339
-1541262
995329
1524841
1394113
1069541
-1065177
86174
-40842
-881828
-1449039
-1072761
779975
1314681
1314082
1164614
-981888
224455
817013
-894409
-1682590
-1247749
613583
1358871
1370175
799762
-1431577
-329045
785789
-225847
-1161349
-1008709
506155
1450688
1356663
403754
-1585583
-222088
1057072
259452
-866054
-1195375
364540
1584456
1325696
136356
-1911830
-435684
792307
386023
-575172
-895462
152577
1520412
1078174
-229855
-2425020
-396149
980082
1746272
-51308
-1076280
270276
1285337
816376
-351765
-2500185
-910313
1038900
2297379
127552
-1209620
134716
797939
484976
-263083
-2227979
-798750
804163
2184619
263731
-982280
226924
676127
389862
-99995
-2020858
-433201
726925
1314847
42603
-613188
392038
727203
327517
115599
-1536839
105594
956608
483410
-972673
-328921
614283
937825
139645
253706
-1467702
61912
592942
-403465
-1586877
157057
942339
1483828
180399
-76608
-1653519
-26127
168045
-55880
-1443428
-122736
745047
1472886
418363
-71043
-1488551
545203
-166630
199084
-1049083
-573507
553994
1245514
354180
68400
-1639273
192006
-124917
213900
-89625
-270317
514297
858394
-158774
-291485
-1687180
20232
-214428
283550
676834
480002
591376
1066612
-370233
-364749
-1239042
320842
-236256
-186534
496089
655259
463146
945437
-532745
-461270
-926105
-240799
-1063480
-601946
442315
1845886
468676
849373
-469193
-101975
-779257
-356098
-1178355
-794302
127658
1893143
135578
504149
-454589
444007
-916576
-416065
-637559
-1091874
107469
1754823
355691
739621
-167724
903969
-1171496
-1065132
-65364
-828608
-506757
1402702
336457
907848
-193402
952548
-1019444
-1349020
-70614
-107642
-670041
1314713
374855
988304
-96961
772325
-1017164
-1260295
-263700
-55506
-829334
1298370
106997
659766
-205359
520476
-1300629
-682561
276967
137332
-1123311
1561982
348366
691644
-385709
352984
-976345
-155350
311054
130764
-1802707
1178085
75209
574000
-518792
9482
-812203
96921
-93084
238198
-1440548
1212652
523113
949066
-76061
118022
-641127
-65255
-210263
-418354
-1811955
717764
351698
666398
-370852
248348
-307144
-458955
-255675
-156956
-1680186
1136008
793065
1156173
-99328
695105
-23450
-581459
-1106219
-286633
-1565194
639149
157306
652486
-410558
284482
-33604
77512
-716027
-107818
-768487
644811
125836
826254
45419
357907
-76759
540385
-504610
-555214
-955278
260916
63820
1026564
128117
263289
-242251
594575
-447561
-324217
-1082291
380959
121270
1117628
-8196
-74742
-495333
517224
-481223
-235045
-825673
626643
149731
1089341
84504
253595
-198590
311260
-156053
-297810
-879361
379399
-76387
505658
-306948
4927
-651075
271762
-231057
445336
-223745
720083
-146013
69262
-609388
111075
-749433
410225
-573553
228190
237111
1233477
240048
273581
-472188
37793
-440287
96348
-898241
376530
206078
849844
314417
450748
-340358
149064
-249481
461883
-1087511
189221
87112
126639
240997
583268
16922
401602
-265813
564513
-692057
-58238
-409343
-1958
205301
623443
-34112
654181
-428029
656845
-268990
289876
-723826
-407712
6954
290518
-250632
787807
-356103
-126310
-639140
488324
682557
68638
-72545
-2142
-460146
1332806
-399203
-547401
-899215
325356
1360375
731831
44559
-55527
-415963
2007761
-221781
-1034033
-1475267
-459189
1016986
1146655
153257
86364
-251736
2219120
-264884
-1174499
-1157317
-102169
246641
795843
604176
773286
95275
2537159
-502665
-1589782
-1469641
-355925
-702055
552053
473098
904843
-160297
1921331
-813854
-1640224
-994611
257017
-298796
592798
489749
1067064
136954
1529734
-921875
-1390087
-1266983
320510
-267172
244880
196725
730523
300086
1169089
-1108813
-1037168
-714315
494614
-94428
-454183
100035
543084
223132
1111083
-945815
-781265
-494459
410015
-155061
-861021
125342
591506
196696
1068664
-524230
67228
-221296
153235
-683092
-1225984
239411
736984
393158
998553
-656348
-114451
58665
246969
-1216619
-945072
259538
774127
225618
495519
-848586
-472520
715015
1407694
-1477988
-1305203
299546
1039220
387181
761607
-741694
-724145
214058
1207028
-1315107
-1762655
364656
1194665
551219
810542
-713916
-740271
-64870
676849
-1257933
-1283819
175003
901658
432174
794230
-616723
-265109
-217587
129384
-1380172
-556364
132356
986968
424923
734284
-863839
5980
-460067
-742747
-1177055
332732
496747
128933
939736
-264423
485327
132407
1079088
-617277
-650899
-1697811
342752
334232
1033369
-573710
617272
284661
830484
-225971
-1195215
-1866596
370784
166853
1073407
-901126
344686
203600
681197
-295082
-808579
-1738059
527741
117961
1149424
-641903
-126225
20831
182352
-564948
233999
-1706730
598564
215401
1201115
-608981
-403040
-749345
-5727
-183803
307069
-975471
479145
121487
996530
-462412
-176445
-884960
381479
51426
613698
-982349
249665
61194
1055894
-654513
206057
-764697
38792
-367777
537296
-1421252
509083
245455
1357061
-612954
499863
-11967
-59955
-1154090
-316278
-1290332
573011
353236
1708594
-523677
-280238
15033
-350017
-2286891
-925698
-578277
694605
187682
1079418
-611443
-596276
-85641
-158373
-2744389
-879831
69051
645247
338543
692669
-802931
-448243
-306004
-116060
-2136627
-984430
125116
929096
604099
388916
-766326
-29390
188599
274786
-1563934
-1151221
-232652
1348739
1170682
-45437
-1197448
630600
1189950
413003
-469093
-268581
-1152872
1271284
1810951
-657894
-2057706
1776610
2602591
1121187
-80902
966770
-2418517
1250066
2412634
-1124017
-2813935
1736358
4274333
1309591
-811888
2311394
-2666897
1361046
2535610
-964805
-3324849
1665590
5076777
1424964
-1847610
2939198
-3101312
1474819
2577364
-1020059
-3722224
1882884
4387987
1367528
-2652629
3349236
-2048274
1548252
2459125
-1225948
-4042232
2441495
4513944
996415
-3728344
3402694
-961599
1370360
2357238
-1150862
-4154424
2398738
4205376
522096
-3184217
2390434
58762
1446860
1972888
-1026228
-3866693
1985346
4081474
708943
-3359015
1606632
248958
1503408
1933096
-1188667
-3954855
1807026
3719401
379820
-2970440
1633950
270615
1739108
2243012
-1559290
-4195080
1934189
3369352
557276
-2607584
1670291
381560
1784479
2265009
-1488051
-4567860
2200305
3399514
294501
-2573461
1690807
571325
1707989
2378515
-1262110
-4949963
2002843
3140991
336610
-2314244
2020368
661866
1998526
2348727
-834974
-4771211
1443254
2617250
894351
-1431451
1605136
635727
2046561
2075019
-1133708
-4271447
1118010
2038643
1621712
-778466
1047624
276377
2096711
2163669
-1233079
-4530597
1634027
2068817
1839103
-625942
607533
-288680
1906482
2044820
-791666
-5042876
1958427
2359296
1823416
-1297682
427796
-416018
2017759
2138264
-332524
-5308800
999966
3264000
1492187
-1929656
-331840
647571
2095756
2168141
-705305
-5089289
570742
2823770
1192760
-2234532
-143666
1875484
2029891
2007151
-589861
-4962603
561726
2324682
1474458
-1750711
-319044
2879677
1759625
2035690
-295526
-4694952
631928
2531983
1054496
-1044109
-1041291
2918656
1375282
1580049
300198
-3834042
821350
2813591
737796
-635811
-1747781
2468895
802976
1064714
523464
-3362455
1299596
2502363
1301243
-370079
-1252368
1564880
386301
1024401
604361
-2409919
1596884
1770501
1326288
-72016
-789650
779708
182728
897493
650087
-1626904
1188321
1168247
1086647
1258766
-215389
503490
96425
930604
268308
-1198207
1384731
521694
318240
1853390
210701
50187
-250901
652665
-69522
-289652
1938040
-3541
230775
2001937
50221
105526
-402916
468690
486011
281118
2029431
-341895
-88097
1451142
203335
-281178
-399265
429653
1267316
749340
2174872
-71783
-197461
178342
23532
-511556
-423081
395474
1257562
1248993
2093423
-248385
-96113
67563
48754
-921717
-392652
366912
1083863
1429690
2193495
-763161
65728
494857
-218292
-1258777
-418556
53083
1011548
1178174
2256882
-793967
-96391
828134
245595
-1287328
-511974
-256000
1086114
1307891
2266764
-493242
-1196531
393606
386455
-708317
-503266
-280035
1163105
1576597
1859809
-1159158
-1261501
503089
693708
-146624
-512244
-376456
1090955
1805879
1431219
-1342026
-1416283
12905
1119078
-68835
-515896
-619931
964938
1623745
1323934
-1684340
-2162329
-406580
1682383
833130
-323487
-369524
1039422
1077405
1272317
-2143905
-2333378
-836203
2339808
1378717
-154561
-227317
648112
708594
920654
-1998779
-1529844
-488954
2062302
1388529
-178083
-229270
512910
408902
776024
-1658822
-980041
-102166
1576143
537625
-295173
1990
734012
312491
1061330
-1578370
-652944
908325
906716
-493341
-201701
379772
1145584
547838
1255422
-1075119
-300338
814327
295849
-1568309
50340
397759
1921668
1069381
966699
-1072549
-728702
-263466
358592
-1119491
294373
189342
1658331
793926
819564
-1589193
-417621
-539621
473469
-513871
207766
21229
1191538
412540
1006835
-1779209
94664
-585992
482044
55212
169966
125994
1339527
221665
916625
-1861730
-161294
-649175
-381387
342169
185158
216111
1730972
88173
200348
-1586587
-114836
-485711
-369821
-418937
328429
154712
1459968
-465340
130689
-940627
-5560
-579076
-1205924
-1192477
540788
164684
1129522
-226273
402050
-734734
64319
-983791
-1300183
-1465926
430619
32116
714306
-358591
956171
-895497
-321711
-681165
-1070952
-1144045
164209
-114912
836793
-437025
1559353
-509452
-1238843
-191035
-495530
-1082439
-227336
-268027
1210533
-331295
1542747
160480
-1568895
-394024
-57019
-1561378
52530
-131502
1332523
-51294
1237053
-30179
-1461695
-762030
159592
-1860963
166442
-200566
958438
-83535
754217
-952394
-1504813
-160310
588591
-1497364
73778
-108116
1077533
-495653
271541
-825743
-591850
66233
1236862
-1686987
118551
-279780
983111
-441889
386612
-528937
96994
-190426
1247976
-2363923
510926
49808
1482624
57386
906869
-521856
111779
-368640
409239
-2469040
360065
340825
1230062
-261225
673053
-194361
-243399
-722406
195747
-1960144
232555
220081
1230998
-147344
529799
487982
80832
-1305562
295928
-2170276
3005
-290039
972578
-203929
269175
-127280
704689
-906840
542894
-1518239
-12609
-503438
875227
96366
342298
-490012
787418
-309994
7342
-866768
-290422
-564926
956255
352678
623024
-103140
833408
-105721
37477
-1307326
-250854
-521740
1296044
411166
619644
-693612
636313
-177414
74271
-1659309
-215108
-436728
1066154
65895
590290
-677097
270515
-574715
238587
-1017707
184629
-287778
477626
-98572
122411
-801402
75814
-391502
136618
-136715
346521
-101130
525472
-547902
-14338
-748175
389858
-623592
11428
-270362
313282
12502
722076
-601321
414751
-605665
521680
-1275676
145393
-108590
146410
20823
773362
-308705
334127
-347753
919260
-902952
227555
-426983
44961
-97656
636484
31653
729291
-694293
1080487
-382559
350688
-483067
-42503
-88048
688570
-132757
1005336
-488700
601029
-324973
503176
-419942
127599
-92964
521832
-790220
1238826
-207493
619854
-1542135
-325533
356342
67261
454
74638
-1250303
1374394
65081
-17653
-1402412
-601601
563210
4593
-127185
-23312
-1361358
1898770
739192
169155
-1322060
-1298277
14753
-378374
-234485
420719
-1187710
2388519
1239725
-477062
-1148820
-398786
-715814
-314821
163450
1036141
-544367
3035880
1158356
-912387
-1504117
-853750
-1447697
-95623
68595
1637220
-390182
2360260
497859
-1101843
-2096583
-478265
-674925
372522
-97538
1493812
-404275
1783120
70669
-1256020
-2095618
109325
-109309
680234
-301069
970179
-244069
1783792
-376387
-707393
-1465560
749794
20967
670745
17871
851559
-179556
1696653
-226346
-298813
-978476
427310
178427
710388
30080
765323
-107336
1209926
-263544
96234
-122982
475933
-162069
578879
-169823
851385
-46202
1598292
-86865
-538025
100953
713668
-529063
492429
-3420
1104996
274777
1559143
-506382
-1007663
-290580
1753715
-77891
522235
78604
1142733
372730
1282893
-23513
-790349
-920768
2104165
-455182
686249
-4045
1076473
460479
1429551
7244
-288904
-478023
1004137
-867043
809204
41324
988224
486819
1223523
-174569
11214
-522563
400399
-1209773
645549
-110702
956571
541802
1226051
-555281
96180
-478921
-454561
-2081829
-425840
46289
19759
-178807
-43915
248822
988759
1029334
-72055
-914008
-558846
43732
271132
-480393
-439741
305522
1184267
1354530
-8569
-1226166
-531293
252212
616506
-530884
-535582
317173
775581
985186
-71510
-1296047
-510168
270643
719764
-299506
-249599
359248
369994
547566
186880
-1052472
-497389
434382
901424
242688
-118663
-75504
-219364
295481
460044
-953632
-566148
242838
595007
253431
-168429
-419646
-436903
647489
741174
-550302
-562686
187974
650886
351028
202220
84092
-307575
553732
136259
-1071475
-709822
3134
565700
-61240
28415
768576
164161
435294
-288997
-1002238
-658922
210894
1122834
346793
145510
1363216
711322
-366865
-1632917
-1440048
-491402
323352
974730
137212
-292488
1277002
945094
-943871
-2243242
-826936
-460610
471003
756409
27903
-154463
1420680
927945
-862013
-2146305
-878232
-233579
929982
360851
-229336
-395070
1434154
786855
-254402
-1867350
-861261
-101300
1363658
-197769
-1089386
-773252
1578220
311070
854506
-714705
-21232
79496
1822826
-732466
-2785918
-1389673
2319730
-249448
1929744
446324
1166246
268899
2681320
-634886
-4157773
-1725504
2874295
-522797
1436624
898122
2285913
237595
3207920
-622375
-4921198
-1945483
3462770
-345125
664424
1264343
2734219
353994
3657245
-517539
-4878644
-1580521
3747941
-530171
-582507
1458228
2825794
381377
3805682
-845177
-5248881
-1109493
4258566
-429064
-1460133
1557428
3245537
490555
3771942
-790009
-5147708
-534525
4259820
-479812
-2084516
1470613
2933792
660833
3555411
-843503
-4836830
-533132
3937028
59058
-1926851
1073032
2283746
695534
3576753
-681376
-4519920
-429906
3457208
195235
-2029104
1026476
1937276
756730
3847746
-674199
-4719998
-490803
3252604
188213
-1966863
1534731
1934463
839483
4219949
-693529
-4902236
-201354
3243155
150035
-2110750
1755729
1793632
707911
4361837
-444084
-4881832
-257139
2954200
-230751
-2211819
2079372
1931141
581861
4277876
-292555
-4483004
-484785
2149877
-47356
-1453518
2444032
1924117
918372
4327759
-376211
-3880551
-629602
1048346
220455
-595073
2046169
1385101
806364
4056960
-547827
-3945305
-715585
815617
830396
-98622
1806498
1254746
804846
3962407
-263098
-4111555
-985747
1505379
1227879
-350714
1126457
1115836
635746
4060988
516314
-4347535
-1463445
2013546
1834547
-1210678
716928
1169754
707317
4185044
835356
-4486983
-1327131
2102501
1707845
-2097678
238665
1872641
581735
4103262
744284
-4454036
-1013999
1625505
1524441
-2103705
344582
2834358
408030
3847371
786149
-4116971
-670323
1397906
1666216
-1913446
164772
2774720
-41058
3057008
495348
-3731894
-685570
1414868
1838493
-1554308
141147
2411459
-437705
2359302
213401
-3459921
-763334
1299488
1538771
-728989
158377
2379740
-798833
1780995
-21230
-3043715
-274386
986090
1115463
102843
228754
2378491
-805614
1609365
-181558
-2351659
-113440
-428872
313749
542846
875067
2723548
-722555
1466095
-480918
-1625351
484043
-885952
-167285
824971
1365286
2152210
-621428
869862
-1210657
-1146763
1018984
-1208780
-523852
1001033
1412551
1944145
-737784
279780
-1357924
-198532
1487566
-1079589
-505189
1047531
1077058
1454440
-1038932
-464372
-1206845
352706
1148500
-409189
81301
630896
689809
1564217
-1127888
-868246
-1001792
502840
1061041
-48234
131229
477310
825322
1437896
-1236028
-950172
-1047631
280077
1330571
-127787
-122223
1087736
1093792
850441
-1089907
-836775
-1155263
202190
1373947
-603549
-613475
1425565
1226915
791308
-956718
-1019158
-1197217
485511
1837065
-208191
-766138
757854
835649
736256
-910614
-1237783
-991616
923410
1957940
-465784
-1323418
250925
722335
1242396
-850654
-1374322
-854086
1258285
2022083
-487618
-1221094
-20257
717434
1145708
-739639
-1304460
-663980
1616854
2178783
-432528
-1643985
-1289542
527001
1329656
-862439
-1050186
-435356
1624329
2171267
-47262
-2195787
-1969355
855845
1596666
-610124
-508452
-314572
1275550
1868683
-264556
-2004842
-1680356
984318
1435934
-514255
-319755
-387695
981573
1583074
-431787
-1498471
-803674
976304
655503
-722985
-402264
-397680
732260
1241230
-763157
-1279573
254386
1384471
7533
-1006936
-395689
-192062
604227
1246754
-631827
-718925
1316391
1374981
-721874
-1240136
-601171
9137
1180616
1367646
-350069
-381143
740759
755993
-388513
-1017148
-547249
-75733
1260643
973690
-687113
-387474
210419
381949
521152
-890401
-496043
-218743
982483
864859
-457143
-347855
53112
-136899
871018
-858232
-209065
100614
1165929
1102882
-344005
-78433
-99907
-1095888
420049
-909794
-271793
502228
1149613
601252
-602663
-5485
117902
-1070325
216787
-768353
-117360
737789
813071
162405
40800
773035
484371
-1294091
-1171707
-701886
-53005
541646
281404
335546
489370
898751
632700
-1322577
-1661325
-396496
201340
218547
-166786
850607
424814
309995
743693
-1309452
-1513945
-646987
-53666
-183935
-447712
1431561
652588
-347666
741250
-528833
-1067437
-869398
-280411
-141959
-427611
1564861
936025
-584288
455017
-180240
-1115056
-934609
-255821
-28675
-198523
1536120
976160
-655336
416996
55805
-1467187
-569413
57734
40388
118086
1455494
308824
-1288773
428365
302405
-1735553
-712576
-15286
116613
223288
688525
-252254
-1138056
890500
984103
-1258125
-539071
21496
214862
380413
285190
-106747
-494986
955359
839523
-1475115
-796050
-302005
105597
344066
319513
398759
-249181
1237797
961080
-1414068
-571668
10880
470268
142095
237431
671654
-346104
827826
554699
-1594204
-958784
-298552
181530
-387525
27209
967393
301861
762920
481364
-1001252
-577641
-51216
264590
-84830
-73468
461869
174029
401533
156347
-882065
-521949
-358506
-88655
75337
-132231
-129130
259601
754044
331809
-498572
-627931
-711045
-194036
269156
-146799
-176296
427478
794370
491334
-384415
-751346
-734077
145279
699855
112074
-93269
286333
671995
148880
-784009
-760029
-580733
178344
311100
-56461
-18509
-51440
490723
193259
-678093
-436370
-24332
190372
332819
211895
-194324
-128351
-35688
-287748
-458638
-178472
404890
221811
282851
91691
-156909
95223
73827
-781352
-528563
-388814
259173
109537
305334
-172478
264433
513630
-274296
-922291
42045
-536663
85714
86679
190367
-290887
164191
622086
-152251
-542168
589716
-516330
-66509
-214136
128285
-152040
19197
381387
132715
109289
600824
-555794
-103125
-244042
14933
74520
-112367
56971
133226
306035
736555
-388044
236196
-126197
-281505
213909
501288
375225
-360356
-1029174
470215
-291211
619254
-184403
-1050948
526359
914145
457236
-796503
-1749671
324366
-416145
694608
-620935
-1726661
705217
1388486
1030460
-220978
-1643311
-57951
-637128
532159
-832838
-1777005
1103038
1674223
636598
-349998
-763028
-166195
-1160633
73825
-935820
-1707724
1637784
2153087
559402
24700
-30138
-552216
-1085369
105125
-451598
-933535
1831292
1866454
-107535
-448867
-404890
-656518
-917188
10896
-494288
-579123
1543361
1427399
-72931
-686730
-396952
113636
-512226
-5596
-692966
-379798
1384308
997412
-334677
-670959
49631
965209
-300408
7691
-628905
-296863
1236445
694444
-193339
-453621
355516
1194423
-260592
18949
-539504
-226861
714965
-37270
-168272
-31329
800240
1295051
-399637
-205593
-656762
-235793
705225
309113
-458827
148153
1207409
940174
-469211
-340171
-363238
219907
1051022
496237
-1414842
-550444
1479610
1424650
-500248
-472265
-309518
16589
998476
659428
-1297300
-480005
1678164
1780060
-543880
-579105
-460325
-78437
925556
741604
-783914
22256
1585477
1086239
-353975
-361718
-430006
-103
864232
398612
-339013
469531
1097565
206027
-316045
-437623
-490143
189146
897647
82905
91444
1123074
454515
-892131
694303
-173096
373633
-256674
-66488
-309390
997750
-464855
-231930
-470246
397205
9820
711508
-339136
238736
-450746
-467484
-741890
-136324
-19800
612283
-321695
448768
-251891
686936
-83596
-734399
-1077558
-42252
-7588
786770
-387685
157045
79940
126068
-508233
-170953
-1053206
793972
198992
675629
-458074
210151
49737
109889
-858845
-346833
-446478
545506
527293
600863
-446374
22418
-328375
214831
-588945
532634
-355925
-124394
203231
530180
-617507
-43459
-710589
457809
-48362
666384
-692394
308314
-318191
747016
-142264
541085
-562170
461659
37841
92235
-1565302
-286643
-189651
820887
-236974
416185
-303516
-250845
-388144
286544
-1346646
82357
637024
748388
-388959
-101776
-254875
-363791
-1357972
-231471
-1184640
954091
578397
895956
-357134
-680480
-642854
188370
-1201280
-279047
-81616
1462820
363477
577795
-161332
25351
-290684
492897
-984602
42719
384565
1294451
-524010
723138
-415369
-293275
-308879
582345
-532626
289602
-1027
1645865
-506550
525338
-55354
-47814
-713594
1446644
-336056
594767
-776472
2241099
-1856305
-28174
-222992
389584
352650
1311999
223339
1318678
-2521091
1752481
-2800627
121668
-760159
682798
1480081
1173157
-422738
1623527
-3244706
1609698
-3593133
-11286
-1406349
706836
1649629
1565550
-1216965
1544925
-2181898
1350229
-3537389
90194
-1631276
604651
1576468
1605909
-1693556
1375982
-2286463
1144030
-2209502
-146787
-1789546
833672
1417967
1116230
-1269671
1356708
-937770
-363884
-2094723
-145284
-1985492
1269662
1962087
282534
-2094589
1397404
63374
-480505
-2251172
-61148
-1899395
747162
1609509
334586
-1405272
937893
-349821
-164139
-1321606
-108922
-1371396
669629
926926
642849
-1458594
558024
179663
-66843
-1048843
2987
-1804613
771618
1100115
597998
-1116617
625763
218706
-440879
-798906
-287817
-2108559
942473
1025057
637512
-1195287
623365
164703
-735967
-668352
46057
-2159315
1242828
1085417
-87810
-1361661
991506
886715
-998249
-644791
184740
-2411071
769736
1426424
299139
-1236540
1480595
813050
-1621138
-780716
-50351
-2259482
442774
562049
986953
-208327
731830
-35152
-1602067
-934986
-140209
-2041073
1306059
-141148
1180265
288091
435348
-814865
-897163
-680158
-2019
-2151136
1227912
622336
492182
139043
-253059
-581655
-1359976
162766
173012
-1986293
309901
825845
529762
-578133
-488766
-6037
-836567
523857
221888
-2331960
-28515
1241221
937528
-1145788
-624718
1154487
-821261
707702
-115736
-2309312
443929
1157586
408568
-251499
-366558
1783558
-1395393
-255934
25048
-2319286
684066
1442234
312704
234202
-971073
1616682
-1841901
-906460
63920
-2308822
666290
1310924
700265
-120712
-578592
1308776
-972159
-905674
324050
-1453381
709531
1110578
746897
-755121
-417223
971407
-396433
-1161409
516796
-1117473
971796
1685819
407144
-411328
-600269
689503
-493400
-1558117
487548
-1078527
568865
1027800
121293
139538
-408865
821053
-313124
-1515278
276231
-841199
539162
703896
656514
806472
-349699
133576
-1127530
-1566458
64715
-795017
1303765
695268
70535
633968
262522
-201774
-1087853
-995192
257092
-94287
1990998
83806
-56852
736533
-168684
-905892
-427968
-1486812
424067
187886
1389939
-242111
84608
597620
147886
-931272
-480284
-1158703
721423
566851
775796
-188573
284455
-820669
-116304
439999
-357495
-1720338
674129
520419
1135301
-247158
276411
-275048
-154705
-498682
-389641
-1077260
601139
79095
1190774
-4411
-173829
458689
-199162
-1088441
-415884
-376574
521255
321465
1152506
-27608
-227062
63876
-190966
-693424
-254497
-566921
490790
614806
1093990
-267248
-968219
-531063
360156
-52238
323759
-655087
511074
401370
699799
-570466
-612483
154065
-93971
-575793
303890
-632788
664707
617276
762185
-1180631
-529306
-430210
130663
-94908
361026
-4747
612386
595040
569764
-1277333
-890536
-434768
1242408
1161478
177720
-673257
554880
-10474
155735
-1085672
-847694
-381918
1681952
1020662
-506728
-755773
337318
115769
729801
-854193
-228394
-38556
642102
728501
-694602
-1042344
371211
292419
950660
-449770
-15259
216930
829719
47984
-675333
-559105
806730
123058
945560
-363966
-264304
269488
383325
-1313374
-608614
171000
1122139
-29700
846475
-527418
-423615
-475962
-119309
-1656031
-22385
578895
1059165
176787
239314
-1372900
194195
-607407
748015
-220053
94847
-568832
588733
15079
820188
-1108181
154886
-201574
232658
-323200
176064
-601652
795606
-21307
909046
-706277
-314556
-522515
192526
-470419
207466
-1018007
878396
-183813
321688
-1423595
-275884
93420
15727
56265
934648
-1225727
956973
-75759
-191446
-925064
400457
-34254
-120188
-932977
183503
-321647
690341
-316477
6696
-196709
611010
-1022061
-736951
-586147
1059824
599645
469065
-469347
278393
-403946
279213
-513471
-960323
-353832
1093205
595280
302630
-449344
963795
-65726
-379671
170824
-376619
-783499
948369
-388230
812842
-212457
911248
129701
-803257
-478795
290021
-910204
371765
-318081
1036664
-101652
411877
-124410
-761198
-1161175
29754
-305236
681591
296067
602917
-343183
586637
-579476
-784781
-636698
649777
-603631
777968
487902
482445
-489098
640682
-668524
-397319
330440
1666039
-1125860
426110
-252832
988823
-262611
472284
-258130
709580
-316339
567145
-1250505
-324289
-366647
599531
128572
597189
-570812
407969
-326120
-16937
-1312941
-52124
565152
625848
-71785
268039
-426549
-258888
-282614
577330
-1832793
106742
67713
613114
-526318
202057
109945
248920
-801332
885307
-817537
446600
27708
688891
-332519
330795
85412
193398
-1216833
41009
-416490
234885
504010
305752
-248450
548606
7431
665742
96275
341651
-703771
-271650
-284622
367181
-72892
670792
-359320
458232
-119698
324935
-645752
357127
-779439
773972
228774
510870
-548055
369272
-962868
-308727
-950318
123458
281181
867865
107327
-107469
-678655
257883
13048
57814
-820610
188311
498497
718012
-183714
138229
-428028
-49462
-553008
822109
-283332
274040
112549
245631
-476483
559528
-822422
475617
-259914
183883
-600094
906643
-338728
332339
-514067
321979
-316809
520055
-223246
421714
-820769
1055311
-209747
498622
-252559
335534
-375107
694116
-1084210
413711
595567
616473
-1098575
444622
-235944
481956
-250054
881662
-458257
-281212
-499878
635476
-816572
532592
-184443
657188
-823827
729135
-19221
484653
-1307320
-541570
-191463
530513
-302844
233341
-669860
424131
-258999
234839
-399966
-62553
-569099
276695
-648535
385487
-165659
649077
-596936
-553394
370543
1328401
-677581
198199
-1009929
1007845
409567
355892
-116505
-216213
-157529
834413
-680888
421304
-495689
1587847
782550
405239
-966607
-1173901
-391634
870089
-883561
919489
-397417
1720539
553548
-151788
-1140480
-149431
-941280
-367073
48216
1217673
-576134
1375914
113195
-1172657
-1532821
-149882
-702006
661226
584917
1233499
-517227
672459
-169471
-186250
-1116709
264548
-163486
996298
-174753
695936
-271615
947268
-229978
-114496
-667156
533177
315624
226591
-707976
477456
-182453
1047476
-204768
-493782
-488485
552633
202859
-263577
-990977
625329
-345103
847231
-95508
106737
-385906
-129379
169578
-33055
-1197087
462837
-134627
989117
-150997
703856
34618
-296326
-645698
99632
-737352
593437
90757
957193
-14521
-414141
-595187
1035599
-772015
179289
-717940
804576
43351
506112
-371780
-90536
-276914
1355637
82908
-987482
-1903349
826834
134230
717034
42869
-92252
-640425
826923
-301196
-968997
-1360674
603794
64981
828822
16773
-73973
-725545
393960
-1093442
-746324
-762568
510282
190467
175444
252149
272693
-319007
-733792
-578272
-622990
386548
638655
-74896
109013
493660
198631
-14125
-967888
-1562351
-146922
451423
658665
-151941
-353452
396769
333738
46984
-671166
-1399923
-274164
872586
640653
-13104
-565841
63578
388420
-481736
-242781
-883507
-500250
1204768
504147
-111760
-748958
-390507
203287
-283241
63564
-623955
-29137
546559
587794
-13537
-446883
-475484
168231
106212
323087
-426632
-444410
-45422
638816
-121897
-492860
-418540
-398750
89389
289853
-395233
-277422
748879
844184
213755
-257378
166584
-410384
-536189
-191784
-806384
-221509
454396
778128
204786
-804635
-146296
-344134
-1523947
-654856
-173850
717461
1121921
476858
-30427
-858081
-461367
144348
-1669239
-1068388
242391
1504802
1294207
472113
-101060
-727762
-617138
25486
-1325612
-1138469
34805
2228374
1040392
168383
-154084
-310719
-8875
477990
-1344336
-690190
-757146
2507679
-103414
138632
-381787
-79273
829542
800183
-821132
32723
-1673369
1718174
-1199035
215567
-1108464
647513
2126889
1173871
-367493
462872
-2160129
487818
-2040713
195818
-2168009
676933
3068071
2174961
-1215540
1256577
-1581084
-1000177
-2273415
396823
-2577396
374755
3731563
2813657
-2101866
950996
-962385
-1690905
-2041202
283840
-2923670
-18552
3788334
2509935
-2024817
246098
551453
-1971545
-1731810
169785
-3025319
84577
4066772
2021920
-2370898
-238370
1480611
-2251539
-1706534
253352
-3262994
11438
4146106
1479551
-2491297
-270072
1850548
-1435605
-2434010
107562
-3022288
-146458
4152702
1635205
-2964645
-732105
1922915
-957704
-2028182
-95431
-3072485
-142123
3544121
1477788
-2519488
-527067
1654631
-1040444
-1352752
-144919
-3306392
128915
3358339
1360558
-2137677
-580029
1508379
-1081693
-1457663
-75442
-3573902
-19500
3569434
1186820
-2132977
-450500
1645538
-1353721
-1475201
-50170
-3881598
-316191
3687632
1099221
-1871063
-215367
1781436
-1540196
-1647313
164271
-3550915
-642587
3540301
1263798
-1625609
-280503
1605016
-1611911
-2128622
-54952
-3495003
-636516
2750500
1866718
-1001525
-179222
1084447
-1387447
-2302961
-33189
-3595409
-331038
2763074
1363875
-47096
-564229
460313
-1878338
-1585672
-40616
-3469024
-576358
3527767
746854
19359
-1012592
486730
-1912186
-791162
57608
-3489331
-1228285
3644329
1338909
-947123
-1301265
679089
-1372064
-887991
10815
-3525393
-1460354
3019474
1555334
-993211
-1756040
1680311
-857566
-951500
105763
-3439452
-1516268
2959175
1598450
-507103
-2141716
2160186
-581155
-1832827
327333
-3410030
-1281530
2930038
1368352
-758933
-1419184
1470127
267131
-2761130
527051
-2578880
-1137334
2999775
1467076
-1001005
-1085026
328011
795974
-3263541
500028
-1929302
-873694
3080020
1402749
-300683
-1380909
319375
291215
-2767772
670433
-1302072
-391349
2603972
1007042
54153
-1498033
261568
-175379
-2258813
632802
-844703
-281869
2190561
1109955
554015
-510693
-216393
-639907
-2554558
629039
-822921
34149
1368514
445458
764007
375172
-577261
-657711
-2227663
737748
-591583
833539
911644
166538
988303
814227
-869239
-816406
-2666338
797731
-127699
1014195
854947
-476899
542919
869500
-841302
-859933
-2137460
1090342
633200
1239117
900676
-922417
48632
460594
-906887
-986185
-1647181
1236046
933847
1400111
354676
-685308
-9792
175880
-769199
-1048704
-1610454
1117842
1066866
1528337
44966
-733171
314022
-488662
-698690
-723144
-1410941
904777
1034435
1422860
337498
-971250
627845
157635
-929828
-1267519
-1141878
889535
1124464
1220697
344912
-1390166
-10238
772158
-852592
-984553
-973792
838722
1201571
1234434
-91911
-1467281
78789
803240
-228961
-717785
-1226511
816715
1214887
1332271
-642404
-1494214
-530853
1007797
193638
-474635
-797808
591932
1134721
1001806
-1096030
-1870605
-453961
1536283
755975
-266147
-641249
535923
1084012
834707
-1124101
-2352581
-517418
1438409
1543794
-209569
-726765
396885
753080
743763
-1030951
-1894084
-467434
1339866
2023789
-186485
-1042034
385382
410982
442891
-852854
-1505728
-196498
1151862
1475471
-316300
-836613
638361
325861
688811
-484491
-1248425
399870
946585
33370
-494284
-764489
1072048
479872
920806
-304995
-896388
225893
683294
-915573
-1052650
-482849
1386220
849588
527247
-627547
-895754
-456518
847988
-989159
-1073985
-428803
1144096
799061
374771
-878963
-820246
-230108
361695
-356813
-714572
-409650
826275
739120
497497
-909994
-1058287
290873
15776
352046
55946
-859024
747577
398774
257846
-797301
-1257431
105337
-173815
199624
792402
-482810
1039889
460415
-149033
-646795
-952586
-50750
-200658
-191291
747509
-43931
840468
365865
-416329
-596045
-881449
-188615
-447026
-806523
1233250
973163
776878
329598
-213279
-596538
-480896
-252610
-970784
-882224
522548
1386193
519155
-8151
32066
-174768
-570360
-85009
-1170346
-838809
800809
1451771
559371
37158
313290
316777
-1165236
-329414
-225144
-1176360
689669
964370
694361
210662
356698
747369
-1216872
-1024967
465141
-1014222
155204
1088869
827689
474867
289418
392491
-1007506
-1447997
372477
-713374
-184846
1125899
529343
259953
94236
-281677
-959934
-989142
698393
-632711
275262
1116520
619086
40126
-16258
-170258
-647470
-587857
1130372
-675726
-575869
969025
493494
179085
-150839
-81609
-392685
-277654
933261
-485789
-1223700
1220498
865033
708363
-2307
35266
-394143
-22263
-61444
-1140312
-1193881
469933
643529
200618
65777
15405
-422947
-446543
176004
-1122601
-688623
756247
875055
351313
111898
230629
14146
-1047219
-98465
-752272
-1202369
976930
516578
233103
-241318
125424
411620
-409589
-380914
-33165
-750169
892596
466835
377086
39776
-74917
383270
-91110
-463016
-478616
-231188
122609
569840
562680
425279
18862
385803
71985
2486
-943852
-567677
-124728
515021
676726
200373
-210310
-118564
249071
-263958
-596962
-472800
562088
502683
593480
152462
-282982
-243805
71842
-268963
-523916
-273717
535144
357400
247077
59002
-801876
-12882
-226250
369573
-293631
314268
185413
221975
-99345
-157552
-447219
-41919
-284812
-5755
10404
721270
176378
317583
-144802
-100065
-146949
-121015
-256793
-228734
-46024
544470
311254
492139
32106
-10638
-73042
373354
-120396
-417689
-4709
138307
-68591
522374
128961
374564
-207698
420689
115338
-480603
-47734
312080
-708176
529956
76261
402729
7018
49568
316303
-131633
-259283
-194487
-551634
359223
-160931
308502
245524
-446507
-116489
-515671
502900
147512
-452782
256760
-592491
370657
430428
-408071
-467219
-721614
512084
1194584
-87824
231005
-619373
586216
1214333
-164836
-793701
-1286050
-197201
1517567
389422
491534
-563143
761909
1722258
-200765
-1204417
-501252
-509747
643827
355047
1096128
-95205
1241217
1808551
-601965
-1676417
-1086079
-993545
206958
406645
1172336
174274
710752
1366404
-961091
-1954997
-569833
-164009
26375
80270
905590
403180
325200
944295
-1074313
-1988841
-416072
301058
134634
301917
572598
510320
433213
576725
-943257
-1002038
-339770
666429
-180844
-238836
500811
202149
727237
595788
-787471
-728492
-164475
562185
-291313
-1087776
323291
112715
615213
477249
-320495
-398785
238559
125184
-469689
-1468513
392939
391901
531635
577209
-567364
-210688
473735
-572450
-278667
-1439891
579459
459591
560258
294987
-842035
-215772
1027445
-25302
-1007596
-1395278
705185
563369
688279
362253
-698442
-915852
913399
712900
-1587044
-1329362
683559
748260
701543
281982
-588188
-660527
543349
299193
-1145514
-1818756
564441
544420
730170
129327
-275084
-665540
111860
-162372
-1097664
-969223
464063
504368
695967
27795
-485976
-432482
-433693
-813159
-841519
190479
-135430
-38304
-466207
-331012
-345607
255054
824498
652925
1581
-6111
-93672
229580
30124
-71303
-418246
-431302
-472785
-3549
78850
399283
-48589
79662
-73626
-65194
97813
331566
-282258
-102153
-270413
-71363
121723
340015
-17060
32328
-292663
-186417
16812
192003
164785
-57830
-148714
33887
-262644
-11648
-288517
-192936
-263523
208135
430773
565323
-114302
223392
206962
683313
449566
286337
-93929
-43723
-834592
-432206
-122234
-103907
-543190
-362511
-415332
-282904
-424558
186104
276525
837101
421347
625718
365218
289854
328197
402769
-559590
-869962
-917202
-362580
-333721
-45004
-341988
-519626
-649071
93727
121129
185263
148571
1141778
-447857
-385883
-289900
270014
148518
207236
62332
-378
-40010
409509
767901
695612
-178471
-79153
-88845
-28856
-468064
-366364
-622114
-20543
-19888
311799
111180
423109
495522
560283
3049
386119
-188381
-370423
62153
-279673
-765979
206725
537094
988616
429494
1189464
-216903
-145809
383677
216938
-457465
-369202
574450
591455
-637047
685777
19736
561428
156369
23899
-590438
-727315
34956
379661
-517483
434375
102856
1116011
354350
353478
-110263
204002
276483
163159
-606436
-437054
-738192
417608
10392
-190925
-546528
110369
197089
136317
-367621
780417
195226
191059
159356
-73722
-447984
539595
843317
-134404
-1073300
-398900
97134
650057
196420
-27862
-532011
-160929
134977
284030
-95420
54896
-572726
34188
55216
-191877
-132594
590514
253978
-379177
-407129
362506
-148485
-295740
127213
-317850
-713893
264814
194994
-67001
-24742
415008
92729
-105802
331927
171557
-415299
140557
381086
13854
-340086
157259
-12762
-493379
119529
74526
-405900
333681
181755
-234034
-532148
216274
322197
13356
-73108
-138302
-708234
9396
278246
243199
83431
457798
198301
-337958
496642
308924
-85669
347330
-229522
-143777
-52887
151151
-342300
-676649
-269101
-470823
-521671
745736
137164
-356613
232975
577801
32158
42365
270376
-39114
-772622
450688
394046
176587
-333755
-12017
-547475
-494580
111285
174228
-264832
-144319
-79810
275893
-183363
-303630
153980
23854
14516
-168258
-441937
-62246
2458
327094
-173907
-385316
133908
134017
-47573
-78321
-406000
95370
-69178
-80883
62741
92609
554204
29877
294335
310940
-272712
487889
707949
-44113
-240348
-376882
-15568
-342105
-117916
-22626
-343275
230512
226275
-280284
-52576
-251433
346838
-10331
-277984
78315
34493
783349
310373
117729
-102128
-147566
-19266
-676607
-443551
-422293
-472754
606364
523654
582036
404691
474911
-18958
-575879
167620
193346
-302503
-79655
-394774
-846424
-303282
354025
408201
230945
-58105
95293
-62015
661058
301637
-115502
389408
334063
12241
-696582
-67532
-275745
-389241
529077
-48055
-785481
-275004
165045
528519
180606
117707
173975
136942
736999
363141
-7723
-162266
-354663
-196724
-515277
161857
23455
-106150
415758
-335176
-290874
102111
1341
-370437
-5841
67000
187486
516553
709365
1135
92796
-516218
-597131
-46139
-98967
-308749
-359134
61299
268139
-83244
705835
765683
-46121
-485425
-239929
58930
64035
-297073
-91640
-313751
-448302
-109644
705336
201818
-136646
-32391
233915
130621
207636
74382
-159446
-201046
118531
25939
-149454
8965
42253
171464
351664
-338317
-531226
-507710
-298689
148899
589526
40509
-3894
-38884
25136
-109001
359487
469931
162028
-251895
-234885
-137682
69216
239182
231618
-410420
-748410
-304591
40740
273929
430917
-231402
-134685
-214466
31349
-476812
-269644
-271202
106184
780769
470445
412056
503307
68926
-19467
-131828
92952
-258292
-314100
-306507
-278991
-257789
90426
70344
162190
112258
543990
399236
228018
-153443
-415145
-114826
-59593
-389383
-202701
-514015
-304665
370840
530110
-12333
43014
454396
641288
402796
204115
-151303
8652
19837
114366
-707839
-1152562
30852
417275
403781
494021
211528
87283
-68562
-53910
-530127
-477762
-329976
-40284
-236237
-312666
-816654
-284478
152741
605465
772762
827669
-190407
-359310
-337640
355846
-170598
330386
61228
-395566
-376905
694367
287627
574381
6726
179830
26703
57189
-122774
-40398
-522737
-162591
-55051
212605
-122383
-440061
-834227
-304942
-363306
-76995
172090
972201
-23445
216344
120285
336441
73482
437912
407700
-103495
-983691
-663023
-189268
-130322
-185578
-4898
-75566
268558
-348960
-228352
97229
219375
270188
410032
-55873
-194280
-293763
95420
37601
53510
-431867
-300974
-345150
-113519
-324153
257676
372094
-14869
62037
510234
316182
253300
-24098
333232
-42758
167523
293893
-230018
-597200
-32815
-46103
203755
-210023
156340
22521
80745
-52804
108117
-345625
-295161
-10515
208222
69120
44326
-192045
47376
-360235
-170262
219245
170111
-213706
-131115
-282523
-69766
-484673
-87815
-375168
-279719
300297
997377
490635
253330
302609
614439
237542
389666
157732
210556
-307841
-286513
-743018
-357165
-266931
-44734
40150
249801
-486973
83141
163066
-13944
-313142
332844
582522
562874
108335
263649
-53256
-92776
-263982
51598
-516831
-491052
-763912
-456855
-550685
-398900
148459
489540
-33349
490124
380777
972195
193484
570108
409157
335740
5182
217612
-285427
-728659
-1039213
-260599
-393218
-392691
-598504
-257671
-365448
171047
834587
965653
370970
248383
147603
264632
101142
321414
-186578
-568737
-557985
-102439
-13921
432356
50725
417450
429392
703934
444048
364216
-266723
-492018
-1028764
-501025
-486406
-344641
-561827
-574131
-777420
120768
417824
829010
668665
523278
-30171
105927
-77831
104177
48551
-386688
-683565
-74057
101475
378057
380454
414415
-122268
-133213
-83713
359450
-105995
-443905
-445444
95641
-13647
284674
-248988
158446
-163233
76915
174123
191212
-415985
292687
-131858
233014
287099
276637
-28177
150238
-434644
40544
140124
91940
-112596
-60782
-183530
210597
69494
785147
470968
-228131
-467725
58398
-173711
-27357
-148290
17540
-294763
-346705
17558
943830
352701
-44358
42848
161310
-224458
145026
-21827
-134748
-884075
-164644
403569
516135
-109908
-49251
-288112
-115004
92302
278023
-504405
-865450
-485131
959899
-69906
155131
-272168
21591
148928
388247
580854
352898
-672907
-500457
31454
490620
106022
502353
637657
160492
-689704
-524633
-171448
-167874
-270437
10115
-247258
139612
-107488
46134
355756
620065
175668
-249680
323696
565877
244827
558267
-13882
-595662
-1328471
-633870
132630
80570
-440143
-141260
-451435
-108627
-190131
155603
352663
615785
265884
366224
-11158
-17193
-110469
535171
-338812
-300016
-123641
193874
5390
282190
381197
367037
-32701
519405
111932
-15527
-110384
-72155
-246620
-223323
-24821
125173
-214018
2717
-101995
45415
74349
250369
206291
182571
-373443
-127196
-201890
2570
-401507
139073
631101
550871
8469
-138168
193948
386134
250285
613717
-215409
-749566
-918512
61225
166418
-130022
39422
186717
12861
-99296
-30394
364927
-306015
337110
284021
-111978
-295039
-81985
55027
495095
286645
232978
-65782
-359800
-400785
255092
86152
178414
-87130
-9765
-149074
70570
159571
132201
-598283
-461711
12309
60751
-283029
-181307
-421585
-263243
83808
558095
-47038
-60723
-239010
226051
180474
452597
-142411
-271125
-251108
-478517
-757921
189955
-215822
-602572
57977
-495048
-135907
-238436
269031
143584
1266823
201613
-207711
-499375
4055
-484600
173570
-482235
423107
973328
868673
155161
-173558
-529654
331707
-168594
-112742
-581179
530449
849366
1143504
-283323
-218808
-720764
532702
73567
-92782
-4032
297114
505326
951159
-575685
-118735
-637045
608524
225416
237684
92662
429772
84576
132391
-103140
-179177
-699898
360514
126738
368859
-76758
219887
-380675
728522
166900
-151548
-446935
532007
92679
741823
-236098
125386
-442585
688504
-504717
-349038
-869765
156344
-282016
483472
39831
726388
449118
1069348
-158968
-332947
-937089
425095
84906
458495
566756
1050268
368852
702207
-1189374
-54001
-650584
473531
410622
314835
701759
1464588
520395
58713
-1812694
-264930
-568745
750036
645714
442537
281064
1627329
659394
-697130
-1819645
-192887
-732905
447598
12045
-128730
139386
1231139
723288
-676090
-646890
-510597
-478714
605894
-639316
-460745
-835511
680463
496417
263106
-218366
-951323
49877
414556
-957980
-1254959
-1663779
557494
-209079
1148954
-23517
-1011104
614213
763544
-1052981
-2525407
-1433388
43662
-876802
2327553
-290555
-1307192
590289
1287886
-1450010
-3074612
-1049169
561290
-758162
2478521
-445164
-1206197
745321
1802318
-1527559
-2935252
-1253407
1463480
-1714773
2169223
-224199
-1176740
814823
1944835
-1792441
-2842621
-703933
1999038
-1659885
1518964
-109201
-1240712
1063498
2156307
-1776949
-2696127
-601899
1983545
-1390745
570140
790559
-1046474
957744
2110930
-1986830
-2703621
320760
2018912
-1454927
277261
923496
-866620
1153509
2084726
-1600453
-2341496
10945
1563724
-928107
252128
552753
-852101
1093204
1988683
-1285449
-2228282
-168150
1593770
-789343
-82718
911810
-1033348
1122070
2301634
-1466601
-2102229
-138298
1463315
-944610
-83749
1132772
-927571
1305273
2636769
-1568936
-2106202
-242745
1281856
-978802
-126928
1426730
-1118089
897637
2733560
-1464302
-1880197
-111466
1118573
-1200092
-163697
1992077
-1039809
967244
2648781
-1175867
-2031382
-206419
368171
-1156901
28278
2238348
-1015336
1216981
2621097
-1385777
-1411479
-1117499
386099
-638325
999595
1604650
-903787
1022649
2633644
-1622993
-1053109
-1466030
520258
-81860
960930
1082667
-909894
1005130
2735321
-1310076
-1573996
-845623
735329
443669
461794
1062869
-860149
878330
2833475
-427425
-1736409
-824332
1210329
128074
-289915
796959
-991227
824828
3014745
-520308
-2055105
-698301
1516049
-110439
-954455
1130133
-980882
842795
2685786
-714222
-1913381
-218021
475140
466980
-1735214
1911671
-837775
262152
2373730
-1170099
-1891301
-230406
302179
1182382
-1588731
2407672
-442964
141822
1965068
-1548575
-1860904
-1033206
685923
570976
-672264
1750229
-410800
-214009
1445143
-1193510
-1655204
-830873
658298
90381
-258547
1175155
-415917
-526760
1142214
-1353169
-1711547
-501246
-234319
221565
9817
1575162
-520064
-271440
850309
-1052287
-895188
-187622
-972981
80080
-299317
1490797
-648260
-212939
342307
-1107024
-834351
-279968
-1043094
137304
90792
2132271
-545916
-283018
69789
-1738409
-146419
133378
-1067493
52728
618895
1416821
-664586
-807432
-739709
-2040406
470383
270588
-483373
408916
883092
1023100
-613119
-916729
-1233669
-1442637
256668
-228074
-158013
643167
941956
995020
-429346
-1038594
-1154682
-1099202
203219
-183407
490892
-66785
600482
1226002
-249478
-1083743
-963911
-1322814
258596
-2546
-81175
-83273
1091394
1112936
-261606
-958146
-853614
-1422767
586945
553521
-460402
172644
824003
671401
-186808
-852314
-1036743
-1164901
536623
510498
-99547
-152960
578826
623380
-100267
-882280
-1282171
-773809
876917
1418469
-332958
-588944
75311
93184
184076
-774679
-920462
-510051
1407598
1143812
-372580
-665342
-401017
-32644
172806
-873084
-792889
-357478
1810570
1155966
291329
-1001418
-788335
-184656
153457
-859594
-696278
-183078
1431851
1085710
228976
-1739030
-957927
376996
47608
-506840
-132646
-176422
1287159
827109
-295990
-1556953
-597156
579630
-164306
-487450
-407852
-402753
1060291
281222
-258170
-655830
-41439
1108449
-429471
-893666
-814715
-661255
613821
365540
-302202
-237299
915817
1208229
-608768
-1313662
-535841
-578304
717642
701213
-546565
51621
1290658
805124
-406522
-1132546
-461354
-520978
1069484
428780
287410
34249
900876
-151207
-243714
-1094100
-280650
-257516
1313100
1686
387539
-584039
276788
-12734
-131833
-859049
-134595
-204452
1348765
127928
466184
-304566
-100573
-505566
-406053
-994030
-59288
-387654
1244981
406391
351711
304241
312272
-779354
-237115
-888204
62011
16313
1337910
150439
410422
595445
-116121
-972704
-297892
-905565
119005
370076
672967
-197695
819041
776144
956151
-930680
-106281
-604456
163397
-129608
283917
-14536
1163502
681171
499594
-1082139
-23530
-560489
164654
-567636
361656
491582
641484
732478
264811
-951294
103506
-656294
-2064
-990811
221740
914651
343423
499140
514037
-842686
-7369
-922682
-105555
-747534
203769
1195848
463979
244217
826338
-495409
41482
-805903
203659
-252739
465590
1093334
370306
-229998
273927
-421523
-60987
-596402
301875
-389145
639983
900293
-9260
-580992
917372
-530962
114777
-701016
245784
-404214
777965
77172
-339500
-689848
1467108
-519628
-412411
-1081647
19725
-580495
536473
-349364
514368
69133
1620699
535491
-184595
-712881
-202456
-347821
289799
-13422
517546
96034
1302627
-87601
-267893
-891113
-108149
-263761
52019
266103
671786
142136
1815598
-516409
96078
-618593
333347
-288170
-251342
-317032
536522
-396047
1155116
-361588
55489
-585267
124899
-290856
6612
-59938
545966
-120840
452121
39851
79340
-644371
-318980
-643709
-26958
-336715
34645
338855
1034055
146807
320467
-699511
-256880
-473113
433245
-708968
250907
-52333
880440
-129908
279274
-734336
-268512
-199535
570948
-97947
502923
17314
607188
-274255
157784
-636785
102759
428685
283529
62608
149389
46195
185447
-355124
12420
-484895
486569
-82461
577985
63664
267301
-267505
156970
-668048
-5525
-421524
306232
-249701
644340
-197510
460650
-99837
365853
-922414
-58487
-458652
191528
-381964
139185
-645551
575024
176187
385602
-756998
-66462
-496296
-60285
-271052
59801
-579292
442418
-335467
11895
78587
-15323
-435233
37141
-594479
271349
-584554
469769
-259763
229202
-20637
115991
-338615
125008
-520970
461292
-347727
779883
-280646
420228
-441364
137401
-133376
341467
-320771
147075
-234608
757043
232696
5367
-880735
219455
-246197
499663
-925913
-518579
71592
1321800
652769
-487206
-1040429
127157
-183740
414375
-1523455
-753826
137250
541140
844779
187656
-669279
-218885
-685613
-191354
-1878195
-632049
636806
1726033
1016234
169746
-162716
-260040
-1046640
50241
-1743008
-363548
1074392
1401129
329142
684662
93471
-131915
-1126050
227093
-1422706
346078
1384993
1307031
-5687
410886
-747868
-162066
-1018640
229831
-1107664
312834
620423
1142066
-347239
163862
-446514
-226400
-642252
-81763
-1129342
143293
459177
664134
-453924
12861
443898
11548
-576208
-69328
-972551
78260
236780
-23387
-271288
159601
872092
-79382
-712208
-31816
-1103497
481217
105345
2912
-10545
-102155
1019452
-214522
-705520
-276724
-879148
265245
-32947
272524
-545294
497404
795268
-265755
-826913
-591447
-1000911
219353
683268
396377
-1013409
665753
492432
-251594
-956400
-458302
-762060
119956
257929
305176
-798515
541017
1506463
-236865
-793732
-411243
-684354
-73880
371547
379073
-575984
1034873
1099295
-121536
-801393
-369549
-789876
328653
374149
673547
198557
1216135
269957
512985
271998
419446
90614
-191924
-713255
-505802
-795552
41124
189572
600402
382056
590456
407347
923406
19949
-716294
-1229885
-1177641
-212801
533673
117240
132551
233450
704982
281991
-206778
-1113048
-603339
-246021
502064
-123826
-85502
173085
337359
-23133
-517890
-983217
-288196
253402
625437
-110211
-121136
18418
291564
-36301
-276808
-726151
-866374
379936
708362
-55940
-331576
-645984
-313984
-324605
259592
-267598
-202147
295020
615429
80778
-136210
-764751
-80660
-191198
585636
-260603
-12412
-175729
330740
-102746
44717
-413891
145423
7764
580222
-158071
-150597
87234
633384
1288
55819
-172913
-98164
-610064
-312643
-645957
263244
347879
1325847
611704
122775
-7281
-132273
-1047927
-1277550
-1149047
306431
285969
565842
-28890
-376215
-623274
-303011
-1332736
-1090690
-118656
1221764
1404793
223254
-844150
-600430
-637602
-411298
-1061695
-1098496
299361
1205995
2165848
932086
-267809
-59288
-564745
-85016
-1738518
-1310052
-758336
537616
1566866
659814
-27635
269418
409905
907669
-1268574
-425109
-1399920
44554
-221510
449797
-503701
177207
1978412
1823368
54554
747550
-1556905
-123822
-2727625
384785
-1099996
-80861
2505382
2561026
337612
1088829
-988619
-37733
-3669875
628751
-1507556
-300929
2288304
2721054
-367518
1099920
-1150290
437040
-3532738
761438
-1496487
-284187
2115697
2465478
-632097
917608
-791892
-87842
-3233224
409452
-1724353
-195560
2217217
2066559
-1088685
741351
406030
-66276
-2712997
402343
-1949811
-157941
2377381
1831300
-969141
21843
269228
211211
-2120259
408257
-1595513
-339748
2027962
1593860
-945565
-224427
85405
-20083
-1729976
189003
-1742151
-358623
1967751
1443739
-942641
-425437
275266
-143718
-1204845
144558
-2122879
-645584
1805635
1472986
-764254
-48339
467871
-270952
-1268019
447540
-2096459
-464721
1791236
1478113
-814360
-201020
463876
-728501
-1417755
296334
-2462405
-510251
1778558
1297075
-795428
-69833
551226
-596395
-875245
523854
-2307023
-923447
1445244
1059835
10389
153750
623839
-985990
-1016662
616914
-1847314
-590132
739591
1371373
150078
526315
-49042
-687741
-1774049
212205
-2317534
-318163
761127
1819898
248351
413827
-118830
-624285
-1429856
392615
-2084882
-621045
1307409
1901564
367702
-362393
-149499
-902983
-1406247
685130
-1930843
-1067146
1456128
1834684
-189167
-736009
-320851
-614556
-1062196
481655
-2278373
-1572952
973894
1391807
-319960
-679702
222671
-59289
-554555
378667
-2288424
-1560930
913564
888814
244863
-890165
1422087
-298981
-574651
847361
-2047630
-1137796
833257
967431
507137
-1076286
1371889
-735945
-745125
1149403
-1427386
-733237
644818
1050370
-403814
-948197
196185
-258494
-703097
901598
-1003781
-78156
1435960
1514263
63113
-552501
-469749
-427297
-1459887
731099
-1077732
105865
1514417
1265962
899538
-205063
-275953
-606536
-1691107
902692
-513021
140641
980909
633144
1045142
-3829
76940
-977463
-1796687
561911
-446199
224537
686663
141578
1385494
840362
421189
-1210006
-1567462
264604
-518255
740685
419596
83416
1041997
701176
342094
-743711
-1413941
259609
-4836
1219372
157515
178782
878516
514017
-18909
-455467
-1615544
764628
876075
1161846
240503
-244877
-229117
-29043
-97044
-575288
-1368309
1018028
1350932
1539603
733157
210343
-619590
-301506
-840722
-847632
-1430273
730474
876786
1601336
660903
143446
142546
248710
-934540
-1111184
-1382323
581139
642039
1361127
386902
-71586
471728
486354
-394852
-1114823
-1352017
421272
879045
1411579
476489
-381207
-134844
408615
-342130
-601463
-1124341
385167
1056628
1324664
451716
-850573
-143065
-39461
-54971
-202775
-1133858
565705
1088234
1301112
-7601
-711129
51609
479214
301842
-386301
-1439091
249638
784431
1154680
-375123
-936217
-771813
535055
981598
194001
-713434
235413
449220
665209
-632072
-1746635
-1471575
572601
1386088
1035643
22618
610383
591339
747272
-548996
-1318901
-1120900
426241
1153413
295092
-421225
4799
150003
437886
-362598
-663975
-332258
688397
931205
-37104
-28692
-73916
-69013
14336
-508936
-882745
-79612
763604
473886
-108309
557690
859309
609641
875764
-11455
-562046
363342
73080
-727555
-1224374
-492682
1395300
1246458
1271832
103703
-274742
-257612
-8537
-1178860
-1188629
-1186433
908035
774344
828065
-765475
-621619
-823641
165501
-100848
255803
-436006
471808
209355
606501
-409744
-266605
-171227
493954
-46113
361785
-579195
620203
361718
648708
-546461
-315368
-332454
-119106
32459
749542
-518940
925550
547800
274244
-1058091
-761591
-721946
-506107
-72604
852912
345788
709820
387017
-13709
-480646
-271040
-571954
-227712
-727224
501716
419137
655099
171936
-49137
-193855
-71619
-872156
-746672
-1399498
102320
1131481
664369
119978
211342
-195919
-472011
-699860
-767609
-906560
-40988
760221
396610
-102490
396411
130651
-582762
-441591
-129112
-357439
261367
199788
536496
219939
652272
616337
-496025
-709149
-263483
-430089
-63002
247810
765699
486221
832919
595391
-463822
-897568
-635979
-926938
-693455
632649
450583
50655
403971
-274241
-893531
-637784
-21608
-622311
-12099
698071
322774
-381418
15836
-729041
-607937
-422133
823617
-98167
447337
291392
340682
-69314
180519
-529310
325901
-230714
663585
-441009
-539722
323303
766456
595645
525136
7683
34631
-393632
-84827
-1179510
-1078855
-62323
1040278
594602
406392
113092
-242059
-703008
-45291
-1127314
-311417
-445943
681321
148770
261380
145527
130802
-777814
-265083
-1058248
-23175
212932
515458
325689
493639
346196
470272
-106263
-320912
-1047961
-877652
75846
-9608
-155128
-56187
-480893
14501
342955
363799
98570
133678
-15305
433957
419846
650019
-58633
414652
-258540
100365
-818645
-205225
-362283
678132
882922
911807
344826
697190
85729
-164930
-1082522
-1086018
-567743
173829
167676
143070
-8565
-373124
119127
261445
-92673
-107743
403235
94489
-278966
90327
-432744
-140833
-420684
62753
49935
550028
527313
363877
-355332
-51665
-690584
-83922
-172987
-122058
-385884
831634
117412
442197
-137803
-61922
-556193
-77454
-648355
-139031
-270779
727588
162886
498609
243029
286358
21018
278331
-482525
-567953
-329176
286854
-281004
411845
201805
517433
5323
726734
229920
374702
-584761
-328219
-954287
326334
153551
547698
23518
402571
53310
936792
-24664
-27049
-1088784
368084
65950
210444
250740
92538
-766772
-270814
104315
902342
-285195
180548
-687459
-101100
111687
-175987
-840343
-758374
-127441
1335238
820639
130816
-682011
147372
631951
86776
-624897
-980376
-57241
820228
291630
135279
-403962
586349
1214159
700900
-478496
-552533
-527861
-125547
-6315
582625
7222
1244121
1273656
219834
-816708
-617567
-746431
-572188
-113529
1258666
413970
1461054
964215
-174108
-1434462
-1237700
-1301965
-206766
-221878
631563
-27726
757694
77614
-442031
-1376656
-455352
-340785
671941
58428
322945
-14948
689718
195732
-441862
-954963
-258430
66991
331245
-315573
754628
270726
1037665
616511
-183030
-577820
-508965
-155394
-451713
-1020446
577985
47421
731576
103382
459492
-745
-62579
180838
-828607
-938980
195361
-29696
541733
100188
184417
60014
729657
-23673
-468358
-1076427
606494
506540
729963
214203
-390937
-820036
543182
104931
-226439
-1402275
793158
618932
788350
148481
-466825
-880656
539741
667939
-320677
-1322540
555429
581430
915532
768245
34319
-299944
289213
-340170
-650927
-1300741
667768
428198
890518
434516
182606
-177703
341805
-625479
-886068
-1061808
36192
-552864
-314169
-337140
-356927
-237395
238460
83773
748068
861654
-49380
-578567
-294174
-261868
-227004
-768439
-885509
32552
1363049
1522860
187055
-700930
-369309
272368
111147
-680741
-788174
-226727
1293650
1323736
204612
-723232
-397520
536273
38706
-604048
-128947
21188
1142645
1055488
42922
-820435
-442304
360094
240316
-312990
120538
69902
453095
1128592
-3737
-857847
-452226
253420
705608
362255
485943
-502168
-220066
692739
115189
-767682
-439979
-21027
597209
329363
236976
-809451
128034
680203
331276
-539021
-358691
-23188
245659
-42810
187551
-607471
418869
853480
91767
-849236
-716763
52017
-9456
-386277
719830
541455
1282289
696751
-176438
-1162708
-1052269
177144
355318
-626676
799355
1597103
1955605
-69267
183039
-715603
-554117
471262
836949
-534326
719012
1849771
1449074
-1116738
-74285
-735287
89582
622460
635096
-670835
700285
1497402
1313966
-1137185
-635767
-1429310
15959
467550
389248
-1074525
761526
820581
1737809
-590222
-1036205
-1470916
576664
686782
-161715
-2299330
409141
-699112
1588238
-513753
-1354686
-1754049
1306420
1766900
-1291717
-3613439
221253
-2012750
1095710
-432331
-1448507
-2230287
1855291
2782876
-1723734
-4680626
357307
-1709498
432383
-894471
-1669356
-2665210
2124953
3167344
-1680688
-5057915
801767
-551632
-125615
-1060043
-1736460
-2810057
2303544
3277208
-1854752
-4942849
1131234
74248
-757458
-847009
-1738457
-2667681
2667497
3264385
-2409203
-4608117
1580199
1000215
-1806142
-1279733
-1692640
-2555639
2777219
3317524
-2702792
-4452487
1653207
1525884
-1543104
-1280537
-1661238
-2360581
2457187
3082574
-2228458
-3826008
1208396
1539978
-1097672
-817366
-1613794
-2224074
2563590
3021823
-1994207
-3590118
1019194
1727242
-1354145
-772393
-1771775
-2559086
2894900
3427052
-2079221
-3469194
912410
1487709
-1738947
-459637
-1987264
-2820096
2967744
3435089
-2188034
-3335855
1060823
1557538
-1958275
-248155
-1710715
-2845278
2999645
3529030
-2158182
-2985941
1083505
1281745
-2369734
-264092
-1963405
-3026511
2735365
3530172
-1492738
-2470589
361045
480878
-2202204
204176
-2135381
-2837144
2672814
2941374
-951945
-1925539
-654973
-108302
-1347448
426113
-1870631
-2521674
2967522
2830140
-1107865
-2192749
-1031512
46273
-678178
520606
-1833630
-2702573
2449039
3423319
-1266367
-2743898
-1078599
1045293
-480640
561767
-1827366
-2873779
1940753
3998445
-910063
-3123679
-794347
2093135
-385358
-149395
-1791073
-2855904
2134780
4399473
-731782
-2813916
-641684
2451106
-1001696
-1153151
-1780351
-2766590
2174026
4061875
-1074628
-2098743
-859300
2198642
-1429503
-1635126
-1511269
-2759525
1834072
3612910
-1188065
-2032639
-1177140
2065966
-1019523
-1389468
-997323
-2475339
1347232
2895757
-1087745
-2191209
-799006
1798859
-277153
-1225573
-232346
-1873582
1008397
2136603
-1560181
-2412645
-956821
1003119
84226
-989608
83602
-1688303
941618
1770605
-1701172
-1522098
-1068314
120183
-155759
-961035
-51587
-1721639
678274
1076238
-1339457
-394444
-1022016
-598655
-543411
-605743
-41322
-1298809
942392
489949
-1262696
280365
-951315
-1410509
-971549
-141058
137299
-828714
1110252
-447236
-1670857
608114
-468928
-1408880
-663562
-8333
315716
-509389
552980
-1432643
-1438042
709287
-494185
-1129717
-26824
-113209
318998
-572973
-408284
-1734592
-1115274
443116
90544
-280795
14514
-54733
534267
-434506
-802388
-1848368
-1292382
-129931
203154
114169
125591
162888
679136
-288823
-367906
-1720674
-1427682
403955
17577
-989494
146874
788788
671485
-224697
-192325
-1577186
-1531925
747623
101503
-1221650
25393
781977
693703
88328
-400558
-1885098
-1548665
888945
840135
-622619
-166013
57871
700628
243189
-609760
-2058414
-1429948
1246924
1196496
-422422
-391511
-412295
747749
230304
-740410
-2114010
-925034
1560005
1054479
-384633
-727224
-505924
981975
427914
-608358
-2103018
-624544
1651229
1935748
278670
-1564525
-1138447
760808
116137
-512839
-1603294
-436656
1925879
2593500
425805
-2262991
-1631359
418914
-293747
-402294
-1275610
-414160
1597890
1925035
-17533
-2027329
-810748
559474
33097
49972
-1038588
-349412
1299534
907106
-574253
-1523917
-153425
591233
-153581
-133370
-862527
-358188
1272239
656562
-1219984
-872403
855359
373871
-825039
-791877
-1382679
-773726
969310
318353
-1074754
330938
1783004
326446
-994881
-1134390
-1666331
-460788
885929
542989
-415358
501696
1008645
444636
-522065
-793818
-1443462
281273
1116718
734011
-73967
-124505
-598529
408794
-425323
-333680
-1187177
-86933
902229
269011
-178917
301231
-685268
389046
-661222
-619193
-1040153
42779
1035965
454979
172939
679520
-1018588
277947
-813953
-977443
-782385
689059
1140261
217722
323759
1122976
-598856
282637
-681593
-860290
-209819
520857
188580
-38783
228271
1542124
504509
77621
-723649
-443320
68227
-33918
-169304
228818
704856
2075090
744242
108635
-604933
-94710
-81139
-660972
306049
533919
297533
1540992
492382
497115
-370470
77502
-186742
-1341244
363221
1001402
-273118
870603
339690
802311
-450366
-363748
-384859
-1513672
42139
1478800
-54099
598039
834314
559370
-618116
-526879
-510086
-1153447
219022
1603616
157657
673412
1261207
396581
-470227
-66910
-365078
-425603
953227
1484502
-845963
64579
1032294
483043
-453359
-43287
-205379
128844
777625
905372
-1430558
-273878
1015654
467968
-464378
-375409
-366712
195656
-163162
227769
-941164
124805
1654562
-21824
-679224
-749218
-672526
-166578
-142015
532954
-509827
779840
2084899
100884
-787527
-708301
-187439
-261615
-307178
794646
-486224
685703
1384562
443309
-619732
-446845
37138
-189739
-743793
581549
143181
670304
978187
480081
-310556
-311599
-235187
-154080
-587241
-76932
-30125
524555
1069156
582532
121064
-45814
-300336
283948
80464
-389341
-689375
39900
397883
644813
-7333
-563973
-959237
-70831
-201926
-186564
-266407
678375
748971
819514
-89232
-853909
-923880
-4040
-307568
-207641
-220421
702637
1218842
841299
-68484
-472259
-288316
262304
380054
182742
-349915
191157
371515
348639
-323305
9979
-106664
283735
267538
450917
11154
279486
-235908
-41328
-544438
190644
-137871
558478
153451
-57640
124715
884883
-504538
160845
-560124
-76644
-107076
440559
-165092
111957
382347
650517
-701151
264580
-482179
-197723
-401142
163420
-581955
-86137
653550
324749
-714998
363648
-353543
-53617
-496598
951
-369894
-501099
-323490
256949
-91223
434388
-364962
14642
-469257
-126646
-158793
-37838
-413794
-20821
-150980
330042
-506455
165897
167345
-406335
-408069
339334
957433
736691
-1198945
360963
-533420
808981
772372
-792552
-702873
213426
1289628
1267828
-1386636
476493
-616131
1030119
645331
-1670876
-1047929
285582
1109736
1142553
-706977
785544
-531528
768817
180116
-2271616
-1598187
367705
1020920
978105
160228
773374
-901072
181992
-409197
-2523262
-1065121
1382292
982219
748656
921143
536178
-1138731
-204329
-587913
-2092297
-490155
1719618
1348537
1048958
302858
461093
-687445
28851
-381078
-1124792
-111673
1464672
978067
170379
-779626
6102
-460027
233601
-594835
-1216322
21992
1124559
651081
-382414
-720453
-219853
-601358
67234
-721451
-1255344
38453
700453
365676
-378070
-354738
7708
-458034
143932
-506377
-704792
-160208
41278
-127254
-487898
-132041
86340
-239239
64204
-691762
-731429
-58947
614028
-515031
-705653
18911
-25131
-435482
-410510
-846926
-1013763
106382
1734843
-373101
-1255666
-287443
23249
-465230
-562227
-852757
-844450
20532
1414175
-259788
-1615292
-298662
9329
-357795
-395215
-843695
-1131127
-346052
802946
-357121
-566475
640101
-176298
-385639
-228237
-847262
-872961
-73410
413330
-559317
165413
1190428
-44954
338689
-513951
661884
70446
369852
-1123301
-390796
-735540
926924
-27362
24400
-939815
548580
-325774
209775
-876775
-605095
233041
1448794
-18835
159877
-1147884
680521
-169717
-116668
-992310
-464605
32103
1791402
-75287
272415
-1222684
358516
90631
-108254
-409295
127463
-683510
1522535
-120564
230155
-1296363
20503
-163379
321371
-8560
343879
-352863
819322
-115516
244230
-1003440
87892
-182386
766473
-86218
160045
-863443
711469
-12917
270606
-917965
534646
-369652
654424
-155144
143759
-1022908
1265630
108470
403573
-1146132
494234
-678796
-498137
-840981
212461
-195898
1607963
219571
519525
-1442448
212220
-96053
-797652
-1071395
875691
571696
1497854
-477800
-22137
-1468698
-217580
40129
-636119
-1041364
1849382
1578174
1755345
-343347
-247887
-1119632
243786
205299
-163441
-976791
1344509
1553163
1198903
-3386
20883
-469366
713743
262786
-421124
-1121895
377194
919981
567598
-380472
-771503
-127135
1705321
626288
-216164
-471295
-96601
-295579
343291
-278330
-1825090
107042
2923539
745349
-628269
-419218
74157
-1867696
553480
-127525
-2573100
86267
3577545
1298350
-2258323
-777114
826377
-3013856
1018334
-54095
-2774098
-350431
3914273
1292065
-3327237
-1464326
1707655
-3322605
1583944
-164537
-2817079
-398386
4318069
891097
-3038497
-1844874
2752611
-3597906
744399
-410796
-2986149
-356208
4726410
338794
-3439412
-1813926
3930103
-2976634
-134665
-276660
-2955949
-409130
4914021
275600
-3452168
-1684506
3223845
-1955149
-1017066
-430040
-2539020
-503136
4427350
281575
-3445536
-1603797
3133837
-1479788
-1014724
-641003
-2649446
-379522
4305819
326213
-3043715
-1324100
2805922
-1290868
-870819
-679975
-3003435
-348537
4369205
222471
-2612877
-1201238
2684139
-1299508
-1291614
-561089
-3004275
-419998
4824919
14149
-2701654
-1097271
2584281
-1492345
-1640046
-656444
-3177064
-774019
5047398
-13095
-2522930
-948411
2620746
-1518960
-1664741
-636686
-2912294
-1209758
4610793
276851
-1762623
-836089
2016170
-1548604
-2141428
-725714
-2692880
-744054
4103499
472230
-1030907
-1110670
1008689
-1451497
-1906413
-1082531
-3062140
-666635
4536144
96824
-650975
-1505968
563344
-1272629
-874844
-743111
-2673525
-1125416
5044392
-104043
-972281
-2018619
694986
-1092392
-661168
-749328
-2640148
-1709608
4769374
677519
-2059602
-2076270
1091752
90465
-1128331
-923093
-2879057
-1750391
4219911
968961
-1840827
-1940430
1893010
666544
-1895808
-851736
-2671816
-1601234
4369323
914287
-1412007
-1842506
1845454
1013259
-3263692
-478632
-2328247
-1413991
4371998
936111
-1581277
-1307257
619650
1391414
-3792968
-352844
-1603799
-1483330
3931329
767772
-1944384
-1195052
-152319
1830978
-3224532
-254581
-1011925
-1178289
3945055
640122
-1173391
-1411715
-54115
973530
-2599705
81314
-851835
-1099137
3038534
120130
-629958
-1044359
11063
448387
-1945464
450577
-480468
-937240
2101728
-203829
-474617
-336490
-848574
-28291
-1843415
366739
-718340
-455138
1688611
-576571
130171
754558
-1166665
-456905
-1640660
513297
-553188
262807
1276199
-1156776
192552
574374
-1500318
-425885
-1422013
738179
91990
413307
1016270
-1630833
287628
601526
-1353550
-770105
-981158
1008644
646839
119064
501162
-1999273
-183655
82297
-650945
-715360
-537877
923211
743979
320505
103219
-1523651
136033
-246870
-592146
-778675
-427975
612387
479301
202633
-201232
-1733248
748231
97078
-488701
-744683
-192237
602522
668817
75097
-50655
-2034348
577012
464363
-646410
-1015979
95488
598453
969260
193141
-60603
-2175736
-126240
997545
-429379
-713596
-27315
571817
1037376
210515
-540043
-2178858
118079
1003902
-103789
-612384
-313465
533597
1069881
174510
-1107481
-2015004
318245
1542735
522184
-840091
-426562
251664
1064924
51770
-1178297
-2317902
163227
1664769
1151369
-582225
-477264
249405
882636
-269380
-983161
-2544305
343892
1675907
1984031
-684331
-918439
362043
770347
-71492
-597844
-1748433
778639
1400048
1607142
-1211192
-1650162
42085
340116
-188029
-227111
-1284354
1083922
1239692
907302
-1160669
-932634
395818
385729
-199778
-112969
-1532334
1006456
924740
-365237
-1116524
-172421
969374
794886
22400
107300
-1329934
673949
444022
-1103159
-1656495
103447
763934
904715
-637289
-431852
-1329211
287984
465696
-316145
-1186559
330999
93101
544689
-954176
-831373
-1668973
709385
203380
783298
-166552
620875
-3438
446800
-700814
-260157
-1452337
1411256
-79711
717891
-301540
-76929
279747
612676
-733156
-164076
-1571751
1040488
-299495
376897
471460
86009
381875
584257
-1253204
-442889
-1306163
736321
-324693
34467
494286
1044552
76417
449282
-1228819
114393
-560327
750275
-386415
-336942
570156
1479017
-94614
294017
-972166
110375
-480294
340879
-1027766
-297554
494139
2114737
-95479
295048
-545219
465186
-1072146
276300
-465451
-29032
636836
1616464
-136399
336834
-514866
942053
-1434725
-145076
721107
-114160
346753
1267269
303136
821950
-551931
1017129
-1366966
-988055
783886
-108645
-409261
1552736
257359
801718
-752846
448047
-1294544
-955037
595633
172170
-708944
1845314
-29057
410903
-911125
-30729
-1321597
-111529
1228933
401569
-611001
1673936
-29210
284161
-1039035
266240
-786037
372444
1066580
467817
-1398911
1555225
154846
789761
-667549
558870
-374098
601358
39832
-40572
-2240123
1668378
160177
797478
-739930
368149
-900400
277968
-592172
-328918
-1638545
1613157
208790
388494
-768507
346101
-707461
-206028
-211548
173613
-996805
1580935
-73655
181559
-997065
302125
-166016
-481351
-510855
718449
-986994
2100551
74415
642782
-671021
470049
59488
267081
-852998
547922
-1200583
1146119
-150886
535118
-724517
-85282
-386839
598878
-409994
465279
-170387
672048
306938
1080773
-140719
210843
-357057
276312
-809239
-461194
-789363
740945
245185
1157235
-454232
24980
-538018
781977
-768847
-249503
-946050
1115846
-24082
596391
-946453
-361132
-988845
442776
-255281
628504
-104770
1350101
-97780
370042
-599097
-204557
-380448
337691
-226016
361907
119449
653877
-47639
236938
-668992
245275
-363934
597697
-500564
356284
10167
655772
-89159
256809
-649702
521801
-495586
494552
-805013
809677
-73473
618296
86130
401447
-406270
548119
-79938
550101
-1158975
600406
-250199
267332
73082
358042
-289497
275482
-358914
1066906
-722995
374805
-573990
-165747
67081
305160
-386831
407413
-923870
547122
-505200
554127
-475178
126780
-40096
178183
-546408
846925
-1105867
-27280
-1311208
987566
529108
403762
-152882
-248275
-473836
1274377
-930449
-276938
-942922
672919
1069708
615445
-60189
7180
-129430
2085658
-834987
-692025
-909269
476784
1120619
380253
351172
390662
-10614
2418738
-1008073
-1237099
-478015
83564
1504
531789
677794
548414
-178599
1897928
-1992835
-1808039
-493938
494235
99284
922039
700273
824777
-812607
1382243
-2025075
-1721665
-474508
989473
42647
776610
-134248
523730
-1220461
804842
-1813830
-987181
311280
1861360
264390
602349
-302372
640357
-567700
943586
-1548259
-222869
59743
1493791
-534485
-294141
-123311
500205
-199910
1002033
-1294137
-101067
-57472
839645
-674574
-1041992
-402423
299013
-419640
583951
-933619
280759
146935
294061
-620713
-744157
-359491
482864
-398331
639913
-1364249
55035
604309
121096
-771980
-456613
67450
746692
-227237
451950
-1540321
-328667
549851
743161
-1580888
-724802
22142
668440
-305198
231846
-1197642
-468923
587338
1482110
-1971333
-706762
-251583
629499
-266250
407515
-885633
-125837
104484
435900
-1655755
-543020
-264538
525666
-295389
108676
-978880
-139782
-207391
211076
-1293794
259895
-313235
557379
-374725
-104641
-1375160
51222
-526704
-140162
-487853
1664388
-445593
711415
-201022
421931
82717
774483
-146705
271993
-1000049
-557985
-362422
709420
-318564
207275
-219487
857674
477374
354558
-1141155
-748953
-512333
933165
-246113
-138939
-449165
660169
462879
543058
-1159199
-619218
-505123
1077846
-26443
-275179
-343901
585941
-126456
676498
-1039494
-748175
-452781
1111893
-75084
-219833
-717279
377282
-255886
696464
-488203
-624669
-454812
1043756
101331
347630
-619566
311942
-562277
934755
-392253
-567969
-544700
1009016
12068
395909
-746920
-34378
-895291
930536
-675530
21308
-391064
1055905
29882
408419
-346982
309844
-870047
559776
-1031599
-125790
-513460
1135405
194890
-43120
-345717
505138
-1159267
-133216
-1332341
309957
-577484
855073
129480
-174032
-350028
1214297
-859275
-542662
-1574229
1021219
-309760
1063818
254256
-39132
-668145
1181164
-963398
-1063120
-1959198
1060466
121907
1079188
-220329
139908
-449324
1526516
-927750
-760631
-2265370
1261861
486290
1175838
-543388
53405
107194
2167784
-814162
818857
-2680079
1086301
902755
1090148
-1127829
-283748
565362
2985354
-1003836
2211344
-3002062
1888397
1364383
1404422
-1996802
-1575314
1079081
3237619
-1508482
3271833
-2304844
2836520
1448139
2045810
-2399933
-2350007
1342047
3969233
-2117216
3056064
-1900922
2990658
1529358
2445689
-2752052
-2527167
1131093
4221325
-2413551
2193186
-792145
2849160
1483389
2528468
-2945439
-2430410
1588953
4336179
-2750196
1268862
74725
2168620
1573323
2539166
-3130470
-2459985
1845426
3761820
-2623993
241506
1066485
1822049
1493971
2465702
-3231698
-2493809
2137624
3828279
-2401193
-636656
1009262
1695836
1367060
2323782
-3041476
-2429144
1863116
3275928
-1896664
-467199
1014369
1022461
1590191
2254759
-3186417
-2173182
1646150
3250910
-1554838
-743140
1217960
482159
1571217
2652117
-3428538
-2272288
1774990
2904793
-1697730
-792658
1643385
220087
1595147
2880038
-3639215
-2428659
1620182
2894851
-1513586
-538192
2120204
-40763
1676679
3142359
-3518365
-2347439
1540166
2609150
-1197002
-572877
1992981
-400856
1466540
2995307
-3346647
-2184803
993453
2244832
-749254
-164853
1888837
-332133
1622278
2858514
-3244567
-1680880
620930
1951186
-60126
43246
1300754
-346048
1554471
2817153
-3454419
-1620889
554460
1901667
119727
-207533
912411
-390171
1445613
2978592
-3146818
-2668539
881758
2229370
403298
-1150670
1343343
-547790
1335524
2908323
-2709644
-3074848
804672
2331551
366719
-1689359
1681391
-130234
1334126
3192947
-2438265
-3113928
816130
2281282
672395
-2427306
1948925
-28482
1317319
3192461
-2467318
-2787567
1079019
1538400
758487
-2791804
2151403
502212
823224
3119085
-2092048
-2267391
1149525
1479607
971177
-2543170
1730509
747192
255314
2726469
-1828349
-1832000
1156096
1951996
967289
-1601053
778748
759577
-5919
2228352
-1542773
-1481727
1015312
1536792
883815
-927147
432575
983735
-145872
1936076
-1437676
-1273574
990368
706225
1443513
-81548
672935
836816
-93382
1621349
-1270525
-552560
911385
-243767
1096530
289570
865358
625242
-55067
1224134
-1126077
406574
727231
-813240
934456
786207
914109
541107
-31322
1076158
-1165721
994816
715593
-953054
310305
933602
534939
323651
-210435
740561
-707412
1685216
643274
-645225
78483
517383
-48132
776410
-516603
423646
-138122
1830104
632581
-235045
-44836
589257
-121360
255480
-780805
236162
22166
1641743
577615
176420
-3956
392380
-132323
300828
-811739
174353
-276453
1686381
638754
-407600
161389
1131113
-82343
-70359
-797333
213400
-210097
1678615
894042
-1087364
-382155
1065402
127472
54013
-784779
-24078
-23092
1659067
735456
-1050742
-404715
1028160
244499
423025
-882263
-244022
121188
1866549
782108
-1079409
-933384
521047
343662
683915
-1059850
-278084
129780
1922540
241380
-1547501
-1221372
594770
1058025
1190310
-915250
-84721
97772
1985562
97332
-1239652
-1863917
190950
1403016
819264
-790977
-22921
-25031
1845195
398332
-979798
-1941895
-229956
1386780
858553
-731841
190398
-136179
1480126
263078
-864819
-1664762
91082
1387371
448304
-467158
417465
-202617
1397198
35251
-921466
-779674
498220
735976
-245509
-414288
749898
12359
1433411
237962
-811450
-685150
825378
-179133
-1039951
-717282
929532
192863
1504807
-91412
-888611
-640194
1250449
-51023
-620635
-932298
729636
-37395
1532125
-260704
-379945
-447613
1209602
-290557
17525
-881282
638425
144554
1826015
-527643
-148344
-849207
363130
-301838
920685
-605688
772157
-182394
1449996
-689888
-693765
-625314
56936
-625577
1530393
-659561
889421
28350
1109475
-559278
-339306
-364908
70070
-996629
1231001
-749254
866786
214249
1045594
-493631
-166423
-269733
-469725
-1768267
963311
-596567
885687
360171
636077
-516952
30081
-273428
-13965
-1728967
45971
-598012
816946
-133374
367858
-48656
320731
-63622
120392
-1884983
-267915
-640957
899226
-289314
661305
597299
-166921
-308158
236449
-1527728
-304533
-798488
876624
-452531
586017
1078660
-423138
-868348
470017
-1352319
31289
-899787
851472
-375303
478451
1079618
-146931
-1324705
664875
-1029523
-419982
-1040680
624385
-420177
473745
548495
-119998
-1146572
1082686
-744834
-586735
-689431
893826
-353262
730248
203763
-68305
-1096736
1412220
-927131
-876496
-652496
848014
-322634
846303
-162131
-173528
-1322786
1546138
-908415
-749964
-487350
1036082
190734
787001
-456773
331805
-983402
1308464
-843463
-1145903
-580348
619820
-75365
519939
-193835
490166
-737577
1244180
-821525
-989384
-598062
859395
191958
506925
324303
769888
-1003102
1014874
-1192463
-742564
-831246
713828
-136922
110531
-211321
982760
-618578
836711
-771390
-528811
-837377
476218
-122069
381362
-355054
812084
-85398
601866
-584568
-500116
-724282
482107
98312
863240
-418904
407607
-142415
557296
-704362
-420367
-959466
291774
30807
846601
-634640
305061
-139502
832709
-812816
-19600
-1149275
165482
-32576
659611
-514227
531692
-213459
788043
-402126
-284268
-777018
399924
-71782
577970
-582077
-102105
-377205
567038
-553347
89619
-529663
665519
-380801
436354
-575918
363180
-745340
324486
-860196
517365
-281097
861450
-397450
803601
-766555
494591
-494754
50894
-1077206
1044192
-398202
839535
-203092
601187
-595080
838904
-280611
256550
-1188144
693110
-604359
580629
-270626
781816
-620397
1043304
-195773
44275
-498980
833669
-610962
601424
-423392
721130
-604664
555935
-138367
586739
-412803
894285
-637756
560379
-753912
688257
-315346
393543
-736596
122970
-304102
1231858
-673185
706922
-911273
279048
291967
591786
-584049
-518646
-652940
1474861
-534751
1033027
-1128038
244943
846008
1060483
-204278
-1277507
-1764785
1230892
-727904
1202607
-1394115
170885
1294213
877961
-473166
-559731
-1112582
517567
-691854
1349582
-1230639
425541
1538040
1059336
-793686
-658466
-1346570
112090
-1069539
1283256
-1166222
503239
1343587
809762
-1336321
-102519
-515789
-60227
-1064193
1195821
-1006006
735923
1409952
761845
-1310307
-167169
-687162
222931
-743372
996131
-630497
964513
844682
559364
-1241866
-236564
-495796
504064
-363728
803046
-712081
948343
753966
375504
-941494
-351533
53885
615626
-361096
615353
-829472
835314
585299
317152
-335584
223104
371547
494099
-403680
719188
-525883
910183
331973
208350
-632040
393807
318597
450650
-268330
665556
-301947
936287
33226
-157366
-997184
1032776
613103
490054
-429069
514496
-169811
924167
818475
321300
-1743897
921413
577550
394966
-475420
553198
12592
1078734
664639
318434
-1551607
466503
700612
443801
-414568
480779
-268812
768115
432072
341761
-974250
653701
257373
100078
-454637
454630
-293921
992073
240822
163984
-654639
752280
-661103
-388390
-612912
106441
-809797
287258
-484465
66055
-761605
696260
394070
1137309
-504684
-35061
-856965
412067
-499416
25951
-363587
618312
555771
1142852
-562179
170966
-817799
629702
-458003
56188
-283190
596906
415135
948534
-692958
163884
-796605
473775
-37320
263896
-206594
763234
-355529
955432
-682121
162048
-790471
605016
143351
754884
-146490
396521
-484147
538909
-613999
154905
-746488
483705
-131011
695913
-523697
342417
-426917
713103
-459457
270748
-714998
684909
-196335
641555
-252826
624775
-600003
843873
-760624
-35369
-1034848
485638
-417659
320779
-16582
1322329
2834
952489
-729794
-13038
-1056958
521721
231040
516025
174545
1733982
118699
179877
-675073
188898
-613666
577743
294998
695201
41612
1869355
-157421
-70734
-721998
13719
-373455
703943
182431
798647
68742
1515099
-164826
68168
-755781
-242612
-380234
569125
-336808
533450
-435649
1388242
-197592
829077
-895141
-492920
-119867
605829
-742382
-434345
-740725
990111
-786726
1778740
-814810
-812543
58595
935596
-1616040
-1277317
-1396702
1144341
-1598744
3067734
-666012
-995368
274834
1201116
-1598824
-2191458
-1710788
1699855
-2197782
3253611
-820363
-913975
47543
1265256
-1527359
-2450378
-1818105
2470102
-2447626
3559849
-785176
-782137
102751
1557070
-1611947
-1954086
-1704215
2337070
-2326012
2551630
-842956
-625597
135151
1685914
-1865844
-1883655
-1386120
2885988
-2231343
1627185
-739121
-529451
117232
1828588
-1647693
-1857592
-963999
2200804
-1325811
825513
-745503
-350909
1389
1626318
-1349541
-1600071
-1016276
2115904
-765681
551220
-793018
-227085
158921
1829645
-1201249
-1622046
-689794
1831778
-803892
252802
-952621
-481721
377966
2083389
-1395902
-1393166
-782810
1571184
-717688
151002
-1003082
-347704
241201
2300806
-1475210
-1486468
-541601
1462317
-585692
-141203
-912938
-303828
158259
2557892
-1369283
-1383392
-705423
1291185
-751584
-206649
-1235147
-391726
-115434
2520264
-1025795
-1147675
-950113
689222
-332704
-77844
-1157263
-129788
81046
2347777
-1066140
-857655
-1475264
449478
-133231
164115
-1236280
-196698
178237
2477896
-1358435
-1187285
-1233500
386866
366686
324704
-1116802
-231251
-82712
2781951
-1516229
-1303255
-1123162
871870
266005
351499
-1256850
-169751
-243894
2803498
-827199
-1733474
-752105
1005188
867811
-587421
-1262782
-206456
169782
2665745
-482343
-1467491
-466770
793599
672630
-1334086
-1320147
-87208
56495
2476906
-535421
-1219282
-538750
256288
952515
-1790766
-1158687
-128301
-208342
2400327
-517879
-1385779
-379225
-47553
1252407
-1549217
-970802
-36633
-626806
1783471
-674689
-1581687
-130512
-96406
1619200
-1046614
-616286
223925
-785962
1474715
-1043413
-1573632
-527200
-209261
1197568
-392250
-450182
-21933
-809671
1063919
-1099182
-1018662
-533833
-257339
768439
71201
-289986
-107670
-840385
591349
-884299
-914728
-486931
-1002776
525284
396001
-180109
-122344
-601054
589367
-888456
-606434
-110166
-1237005
158415
507702
36199
-140670
-524496
150256
-1398543
-336465
-72557
-1147400
314862
657675
108932
-173773
-910647
-111756
-1254183
-17048
-2080
-657009
142073
692085
-40778
-381195
-1448797
-379086
-1363687
24722
172079
197146
204370
921017
-28766
-380629
-1350965
-573826
-1418428
77503
25914
298642
142987
1154401
-84525
-383687
-1137931
-682967
-1348463
487015
11281
-168084
299887
1285649
-50340
-204284
-1125047
-560189
-1406107
405914
42406
-202488
20675
1232938
27922
-7216
-1168823
-657255
-1191742
235822
735585
120187
-180423
706130
10481
-22330
-1147306
-722875
-958970
582824
697761
-179045
-357542
506230
4539
8100
-1093434
-723437
-636678
969519
607576
90255
-711701
310504
67525
236996
-874306
-499796
-505620
1104376
1078915
166154
-1117086
-338283
-139197
64874
-927242
-89403
-463781
1502248
1035530
388038
-1436134
-714674
-149625
53851
-670877
102691
-385129
1296821
448212
-55473
-1102838
-596784
-72966
209587
-495649
219938
-267003
1049844
96291
-85146
-847043
-211334
-123000
-2502
-825681
200377
-596430
896979
141796
-446389
-330866
535610
-284933
-282833
-1194573
-58535
-823481
617307
-731
-57634
35365
1180935
-510578
-259964
-1517694
-226435
-582447
865050
193754
634624
-239743
782723
-609439
-14651
-1345980
33475
-551057
1129242
152951
657631
-425561
456290
-551804
14679
-1017100
236944
-741081
1258548
-295921
544740
-472045
432023
-486977
19606
-1114299
451456
-578069
1359958
114935
461218
-116427
113740
-552099
-43019
-1265799
333355
-123142
1132879
-2715
532669
-67286
614194
-571071
84385
-996440
688152
-138709
749785
79368
602955
273732
909473
-763726
47483
-801410
455899
-334691
653870
163674
950480
511345
840239
-548739
235711
-647091
381398
-594866
725157
398114
670041
128721
645469
-422693
304295
-853519
374662
-824034
465040
842271
474846
-125988
625062
-201041
347113
-1152934
249314
-709727
44574
947644
653110
-281384
972881
-456950
235772
-1194178
181043
-493105
296382
715535
957359
-372191
1116855
-429251
365667
-810228
361831
-226601
854275
573751
455179
-840467
812598
-420229
284507
-944485
576337
-162051
720124
-98676
483101
-964007
997187
-349762
343664
-845898
544540
-324120
415547
-486767
717160
-889044
1389879
-805051
8105
-1182867
91712
-667499
539354
-265179
972482
-310925
1672161
-493514
-29929
-925104
370746
-530004
414897
-112752
1026098
-344176
1041653
-527283
-47463
-988896
143824
-424778
16326
-203755
1441661
-209363
1305046
-248268
403262
-713176
229567
-354244
330279
-713651
838155
-510659
913492
-301949
453605
-748853
88440
-416592
617196
-590495
490943
-208235
593104
-143009
355719
-923892
-155146
-745453
228662
-641972
561819
38187
969235
-130929
388859
-970070
15190
-539897
523093
-473933
366899
-224712
1105747
-188280
361246
-826055
221647
-495229
726098
-295163
720687
-388092
562529
-443568
307834
-426130
460409
-318830
712569
-197973
507099
-359378
169404
-461392
284572
-455498
602318
-107205
686602
-486827
641272
-407589
328087
-407563
192592
-699736
673555
-567339
755498
-490787
979142
-438897
306297
-321765
175037
-701881
368326
-554254
397985
-691124
795597
-465554
671135
-283962
234048
-686716
259503
-831114
770927
-940885
347123
-438040
748660
-235756
221387
-717843
266313
-860811
501214
-426827
374525
-493642
638266
-327304
324957
-636651
753998
-960191
392538
-391043
1156746
-2712
-1085
-251984
393470
-396183
947566
-922822
137468
-7913
883756
48100
-92810
-219832
438116
-492016
757857
-1326475
-131050
118263
848562
383233
325751
-26759
591070
-926054
623058
-1511610
-479607
255331
912890
-25071
628590
-277716
148281
-1469372
185102
-1759773
-190805
839916
1278672
329142
1104324
-431666
260150
-1634954
280468
-1281960
257816
562383
1586475
99654
475537
-665859
327472
-1443046
386716
-829622
469316
665794
1400895
-299356
84134
-855334
365423
-1067940
277601
-1024440
560092
291360
960506
-573732
301844
-752932
156265
-1011459
267652
-1031368
392960
9640
592423
-220030
300115
-662794
143771
-877543
270376
-803215
281062
-320773
127168
-204163
559449
-658439
191536
-954174
95068
-954473
236253
129513
238942
-477873
836798
-645116
36638
-1071257
9688
-1010867
496649
306750
368121
-974184
494924
-653302
-26805
-1095786
-163379
-715163
231683
14984
850514
-1152916
752516
-795202
-7496
-1008202
-167050
-890175
180977
-230015
594060
-359535
1142478
-868133
34304
-974926
-103530
-786334
380305
-257241
600685
-35968
1053740
-694961
92441
-962396
-159462
-752368
568222
-50074
830712
276328
1366247
420103
-209290
557781
150845
896450
-257375
-1121997
-900505
-113423
159337
611229
-658003
-7724
181071
391004
20424
85902
-850617
529878
-22533
543072
-565977
-11491
141180
-26920
-550832
205264
-539812
512301
484740
425300
-507897
10783
-328165
412567
-350347
357249
-423116
-356682
430741
473594
-411922
-69473
-746215
339150
-82212
902876
-620057
168901
-379904
486619
-367610
144238
-737631
266314
-80954
450110
-769438
674666
-323366
561608
-269647
414073
-11024
63229
-233432
335120
-667886
229066
14715
541265
-500687
-161002
40395
-430436
-1196387
158778
-123459
1199239
175478
752080
-200035
-279549
7361
295476
-1434494
-350039
-10884
1201486
-523111
267582
-369252
-154588
-570415
375903
-1120803
92015
650825
1443960
-189999
-203815
-753567
293859
-172745
238976
-896165
350464
-221513
1603207
-426113
132616
-325777
332219
-186849
364773
-1382621
454573
-1860638
1865382
-1338687
-451432
-150391
1019604
763723
606045
-1072191
1091016
-2924670
1682508
-2973587
-569765
-1067924
1230950
2190122
228455
-698310
1904418
-3016689
1025907
-3653233
-281042
-1637846
1253045
2142838
743638
-1624190
1887150
-1732693
538555
-3230584
-259005
-1825544
1013786
1404885
791732
-2065018
1698829
-810430
332415
-1861239
-212879
-1506996
1149785
1286958
296835
-1558388
1305962
-480616
-847888
-1002581
-473324
-1597868
1361634
1358949
-410804
-1422678
1273869
1028868
-1202280
-1278919
-238304
-1632261
1197207
1659874
-268336
-1523553
572760
418301
-195995
-921835
-242983
-1211280
691102
900747
197087
-1053883
330716
86682
-326020
-255242
-398992
-1418905
1163918
892127
203653
-1201953
390112
424580
-732810
-182690
-432188
-2091826
1252777
1094741
62463
-989282
736139
250486
-1019033
-135873
-297110
-2024830
1377467
982365
-9229
-1046555
678734
337132
-1281424
-237673
-101840
-2082327
1208021
1138531
-85235
-948653
670987
399675
-1190381
-58975
-262330
-1941909
570294
701781
722420
-301551
338200
-8089
-1040678
-372781
-231032
-1452720
1155806
-199284
1041094
-48868
-151720
-590844
-439735
-771072
-337936
-1892529
1498146
596757
420390
-299432
-219607
42360
-579720
158062
-46388
-1868156
506686
1767399
-18776
-642468
-625520
805800
-1312294
308694
41347
-1840689
77668
1574730
309906
-1201831
-476812
1274659
-953656
152966
-170875
-2109605
359144
1111458
163098
-483880
-607074
1875729
-1334127
-39202
-161807
-1958862
659644
821286
-342498
342905
-840270
1994339
-1451597
-667461
454039
-1719319
680970
865741
174345
-168343
-791034
921834
-791906
-961107
581640
-1134801
480174
541388
356984
-943951
-187731
-29145
322072
-920482
543787
-553116
779576
949759
167744
-226343
-595689
-261772
-176618
-1230315
286773
-810548
671710
809990
54935
1028506
-534176
10450
-676205
-1152762
216360
-432101
374276
-243437
33798
1007010
-349623
-123471
-775877
-744796
13079
-276141
855250
-402929
131534
1147397
370912
-501937
-922090
-737407
124152
-215370
1208794
-739789
-180956
412060
315065
-442825
49975
-810377
427655
356370
892986
-796454
144090
252316
31093
-666526
204550
-1127658
759860
515336
127662
-445444
-102685
-678912
264212
-34549
-318963
-672720
868171
612417
652050
-225116
135029
-707843
-316510
-378444
-201277
-743509
453937
65570
1054677
-352370
-160459
941470
13448
-1209426
-342935
-232059
423855
81638
625842
-353800
-493895
745658
192194
-563022
-343667
-385939
434044
585163
494681
-480513
-525776
7058
566443
-41028
-46243
-863476
515865
520693
430957
-659059
-623093
89434
292489
-8939
67769
-721802
661334
284808
346945
-1097236
11647
374077
717387
-20708
-432758
-578475
490682
293395
479843
-1165415
-412028
-441468
1268750
742739
-386595
-197999
238810
-154419
177305
-828256
-882853
-327783
1358739
938800
-170379
-215092
393961
-132183
393548
-654629
-227110
-107710
396061
149553
-564344
-169785
124471
-84846
620410
-444255
236579
426706
44745
-321092
-135277
103675
410296
-358774
271221
-553887
-174347
339328
358929
-1023075
238475
664543
1095919
-154309
611050
-630923
-113814
-23563
-90935
-1483908
-29101
-101612
1110732
169182
461880
-823529
463014
-689615
394488
-711176
-38827
-1036844
511523
29134
310710
-1333615
359482
-426033
574238
584210
587407
-1144881
246318
-434085
593157
-536738
7623
139195
38298
-76997
634421
-818130
700726
-260843
228880
-546039
21502
-143134
-94152
99020
908257
-984309
752548
-240263
-322397
-848599
4782
-308472
-329622
-165491
1185657
271734
546867
-210988
-45520
91934
260472
-650249
-93719
-829916
660598
638825
327582
-510492
399825
-64673
-61492
-600449
-615008
-463517
939817
845510
504811
-358918
763870
-429352
-779716
341902
-230181
-531316
464072
-132759
534579
-421322
766064
14956
-959596
176960
780023
-738586
486424
-380383
912501
-138595
413452
77431
-553348
-753439
644794
-627159
156563
383868
602708
-173942
388099
-407532
-112083
-585263
244938
-806400
403806
701240
282204
-476658
477166
-829345
-11733
146628
982609
-1295836
553716
141115
404171
-636938
65934
-594032
446207
-207364
1110983
-851671
362681
10411
637659
13194
151049
-229435
802958
-639145
-15614
-850823
-262250
408527
367146
40933
233332
-209811
-309562
-334761
114098
-1199600
310878
321805
826466
-240012
273864
189547
-250586
-767606
640561
-995913
403781
-510321
466998
-522300
164751
17481
467783
-945319
164000
16696
378212
453523
477884
93533
450593
-156558
617878
-144064
-455584
-539732
-426366
93871
194985
-192604
152895
-709251
527237
458787
462401
-319157
382801
-672926
743678
112441
358061
-523189
306844
-735014
118446
-724989
496810
-99981
836092
236180
301070
-94142
482031
-192109
-200312
-839737
-338764
237766
285708
-447001
-25145
-415680
-149067
185354
768198
-20734
518106
8436
29920
-659225
491971
-627099
390878
-791940
505859
15535
985824
-586309
189618
-556319
354447
-639289
584188
-367352
-72013
-538501
1133223
-714884
475433
-268344
57585
-242613
357570
-846547
396812
-53584
330550
-466726
502771
-17124
466025
-269282
617785
-792577
-217743
82503
101102
-851711
441258
-205661
663166
-436728
677102
299861
283465
-1139879
-97326
-576279
417779
-360350
592419
-437481
8933
-111963
858224
-67107
-114004
-667158
344967
-581881
470242
115593
-298929
-827261
-381409
1038601
1283147
-831719
217622
-1049098
907686
152037
-316529
-609315
-627518
221721
1388551
33424
359410
-840387
1176858
309802
-443825
-493709
-93050
-184250
435093
-169942
774032
-382732
1287665
333137
-102458
-905733
-1316
-829502
-103644
94926
989250
-570909
1088925
-180000
-757038
-706561
760562
-598925
-133705
293764
1100924
-304125
718221
-273932
-496363
-1023107
-18759
-415444
669899
-393445
321097
-242735
286408
-596422
156410
-434154
532430
330596
262777
-637341
21783
-113262
729147
-344818
-270948
-132282
202034
240373
-498757
-584771
488797
-170210
774376
-65956
-10210
-181702
-77841
-233121
-549090
-886101
458948
-233884
462752
-305627
695889
-19915
35776
-524754
-176746
-646695
219210
-78929
368207
-332286
-116386
64735
1276648
-963339
26542
-585502
646391
92836
359733
-172938
-721246
-711012
1391223
-348255
-510052
-944537
724541
33945
378477
-340230
-129152
-446117
631105
253737
-728200
-954054
405145
5609
693562
92374
97629
-352875
3933
-916530
79003
-145046
409770
-172189
647724
-440964
312067
-164798
-55897
-882752
93418
37598
524748
-166433
375255
-822326
29595
-62533
-315651
-427479
792117
539315
215752
-890902
506598
-706926
165192
-510014
505432
-177573
1414603
-252514
232370
-560786
552504
-464505
348889
-633255
733635
370359
805216
-559005
194345
-747962
919523
-460677
341245
-599881
770794
579285
720895
-802239
189911
-885965
959171
-273133
79422
-115446
656992
-192702
974357
-1053387
278131
-922725
1046234
-160402
480640
-129652
565668
-481036
525973
-614504
307552
-764154
910259
-194842
517496
-566364
355598
-863089
935822
-213539
251912
-766446
827059
-383102
578692
-715730
516219
-612869
1356755
-785070
65373
-987173
694613
-473958
738650
-360975
1026714
-71565
1366391
-1170467
16252
-1196993
782711
-275591
533266
216712
1267653
-47383
893982
-1482114
436718
-620915
1231320
250920
402160
173800
1590893
-548250
-12812
-2450529
183828
-637968
1074187
233620
178960
-355840
1601503
-544637
-303681
-1907028
-116168
-761783
695470
-529157
157803
-651904
1702382
-390179
258546
-1453280
-330773
-316565
929294
-819267
-593674
-993500
1104922
-882472
1076168
-1355540
-553438
313058
878662
-1218220
-1007861
-1823006
1369687
-1643449
2443657
-1861528
-862735
879708
1077575
-1534993
-1833731
-904158
1336783
-1853547
3427166
-2339773
-967976
859745
1695395
-1846340
-2334872
-141292
2081499
-2414112
3823635
-2584953
-1014438
935683
2083875
-2247618
-2182609
-143779
2784603
-2768217
2916821
-1722221
-774161
985311
2394901
-2449602
-2125846
-42218
3226019
-3183377
2453310
-1409142
-849827
1144213
2265453
-2666557
-1906861
471383
2734322
-2640109
1304187
257659
-779575
1080604
2355352
-2771178
-1781317
854378
2675796
-2412521
680292
544063
-469124
919124
2412272
-2385715
-1808254
817858
2145474
-1882262
448357
398394
-547149
1087044
2279399
-2205162
-1488430
288382
2140387
-1828481
50328
900069
-625040
966043
2615874
-2633416
-1567173
512272
1926572
-1571878
40477
1396904
-464576
1118976
2832570
-2704557
-1297330
403386
1904655
-1853636
-33094
1533612
-644576
853093
3024568
-2779014
-1064150
431567
1209257
-1789921
-37680
2133744
-597459
770898
3057285
-2640023
-1183631
52963
1060450
-1508846
496195
2182546
-245847
1058264
2845353
-2396702
-1008717
-656787
843007
-494705
452039
1659511
-402879
874865
2732279
-2858584
-374377
-1073819
1335249
-187346
802640
841395
-302230
591835
3104976
-2406836
-1021548
-190466
1279009
431071
-413774
1328289
-325806
781131
3201140
-1653775
-1583053
206005
1461491
14950
-1283423
1193234
-214446
571857
3214161
-1739471
-1812678
46822
1420984
-149200
-1985688
2050799
-335812
473314
2842718
-2067774
-1650004
234804
718206
568925
-2130203
2803159
-171242
149328
2644490
-2218337
-1565244
442974
475665
1349405
-2299789
2761174
121790
-195327
2423411
-2352506
-1554648
-102670
612787
663819
-1407085
1931782
-64582
-365456
1894306
-1980655
-1163014
-141100
710211
129794
-703648
1220709
-356971
-568306
1614973
-1744894
-816256
394223
-199976
437977
-572412
1293926
-404559
-295399
1436006
-1551099
-477696
273356
-926523
427583
-384807
1451369
-487898
6336
755096
-1653428
28249
98808
-1047141
718587
78971
1290938
-543418
-292009
228405
-1999109
607324
279500
-881837
403495
607329
1124228
-561407
-739249
-212938
-1866901
1301005
6778
-319184
737699
723151
288452
-522689
-797100
-415720
-1425843
992504
-115847
-94701
250855
976872
453387
-232672
-824779
-356624
-831798
745108
-198323
262875
-265920
520114
699566
-118420
-838191
-252167
-1070638
1140990
-173467
-136969
-134348
985705
206310
-149796
-834394
-244930
-1292620
1057024
501132
-478596
189919
873496
41909
-63302
-889427
-482930
-932696
1312001
686157
-456013
-210703
491591
5812
50379
-855119
-590596
-574785
1428350
723312
-504769
-760552
295979
65347
282832
-812252
-374291
-324992
1682848
816420
-469872
-542870
-196815
-299144
297796
-1027498
-182082
-253727
2146786
525824
72589
-1491086
-454221
72255
115782
-931820
-104033
-357041
1741518
315742
-352224
-1695479
-270704
896587
226226
-539954
262992
-390135
1253555
68246
-399893
-1656438
221920
987181
70200
-649260
78993
-657969
1382369
-139743
-410609
-680015
367693
958548
-343710
-1112957
-258289
-930851
974438
-172411
-349448
-162687
1480361
857244
-281703
-1295303
13437
-835482
1287917
112405
-107272
57864
1410937
-41112
31472
-1077994
649775
-483524
1669521
102311
53237
-511350
806609
-903196
272498
-1026692
468839
-372795
1560262
-906103
522190
-1057353
612343
-514133
191020
-1086050
372540
-749392
1779075
-513116
450338
-173333
341403
-833598
-35999
-1070901
550815
-325802
1646662
-177477
472157
-224386
351390
-1074921
119044
-1010700
812003
-263024
1235707
-756415
270414
421628
369270
-1230423
224442
-972318
725285
-139142
627077
-450965
823942
476707
819108
-1426063
248306
-795948
720592
-450401
402505
-84882
1035981
32056
539212
-1680196
530864
-746591
682401
-903830
544761
118798
389931
42398
220149
-1124826
390767
-996404
479521
-1277569
560771
786993
-46217
184720
812160
-1125748
183563
-1238186
654073
-1001559
581235
1119353
272949
-465462
1251865
-1027658
320165
-1005605
893899
-445768
847654
884693
203232
-1016902
778174
-1060268
444739
-802440
871236
-556830
1042295
42083
-255919
-1206297
1262934
-938036
201355
-939161
655518
-926779
776404
-411553
-112679
-939031
2361807
-779038
43912
-1304615
505779
-768553
643617
-580030
1019262
-606199
2178086
-529320
98933
-951994
398443
-440129
774378
-410684
881420
-408958
1534753
-711306
350068
-694076
637707
-358388
215664
-66918
575167
-641529
1754031
-1248548
241093
-869210
690285
-613420
75014
-356648
914034
-974562
1480809
-862291
475913
-730818
681473
-409082
436059
-488490
702618
-750975
665334
-610309
321511
-934048
43573
-744134
386237
-771600
490041
8632
1077930
-39137
438785
-1112015
66670
-629115
745788
-689775
552060
-150875
1230479
-651632
517527
-918029
565849
-61003
1006411
-601311
956522
-649589
641841
-1013968
296629
-850962
629323
-68873
773594
-355492
239176
-225028
467329
-894569
216540
-776090
731538
-284192
634861
-386542
575790
-721120
704866
-859798
350256
-578184
704543
-809069
1027278
-1032411
952113
-301334
402937
-1288533
171118
-688216
543564
-738301
429849
-833291
759059
-516368
822191
-1105439
226707
-664227
476316
-721049
549430
-1147299
1051354
-883700
287038
-87827
240030
-627903
464268
-674963
665130
-818364
729396
-364014
459110
-651741
301198
-663910
750185
-857883
995336
-721784
1109227
-368305
792784
-1008202
392654
-462479
1031052
-805021
403362
-164086
1070235
-276250
-123181
-1046515
453805
-506979
959456
-1499955
-77249
-272553
1055399
250178
-351945
-1136672
348507
-783976
914570
-2219274
-207717
306008
882663
193544
166498
-528443
25263
-1090453
608387
-2210714
81450
816123
1364372
310765
345600
-643140
-56563
-1438345
812832
-1956278
761136
1090978
1484674
-402561
730874
-578637
277460
-1156251
1350084
-1527752
958439
1112909
829898
-931938
66153
-1043334
339758
-1178043
989752
-1397958
735024
268330
832060
-1132681
327538
-533501
228673
-945938
458330
-1425206
720487
37369
552210
-754318
320908
405585
422855
-634528
539205
-1164643
786503
26242
12317
-671830
269499
585867
444367
-764009
571238
-1152519
629199
-160785
341277
-522983
255973
494145
170901
-958851
113195
-1159789
993275
-49583
509427
-615321
541768
290804
134548
-895165
121661
-840335
602054
420250
329552
-1686268
1283421
223667
271206
-920081
184027
-870451
448639
-34233
391742
-1238008
1237681
1021744
272073
-953401
240692
-802714
545938
176117
531877
-705173
1183937
509074
417024
-754698
231060
-727703
816471
190408
609381
-357253
1551726
-466943
-429521
-600487
7693
-470406
279512
-38609
335078
877107
849251
-101148
-346488
-868918
-56234
-546847
-418296
-305374
965012
1337696
1501142
-282323
-303926
-621771
419740
-271899
-701809
-486479
872192
1084488
1321623
-446071
-377144
-537915
680616
-263802
-67258
-101179
777833
786268
634872
-470647
-429503
-410933
711602
-31575
293184
-20933
685761
23873
851520
-681684
-485543
-520783
688314
200100
617901
-92116
-14124
-275749
1184387
-576418
-326343
-445940
743870
439843
537963
-103369
-171742
-190428
697167
-524333
-393206
-771924
274081
115706
-14336
8963
511153
459027
1046069
-638956
-560202
-719971
449796
342867
434968
512585
1281437
611714
218971
-1835827
-753060
-755649
536007
200910
480410
855322
2099143
891356
-562637
-1883147
-629702
-338880
1133781
533839
510888
915789
2130224
27759
-1121166
-2563216
-510965
143603
859081
129310
138395
554634
1945997
-575715
-400317
-2645305
-1213054
369223
659918
-383378
-417824
264128
1813360
-435685
1023477
-2468108
-1289391
411694
558187
-1109448
-2221883
130556
1126919
-378782
1898233
-992228
-1004198
871311
1039520
-2433559
-3300572
-736155
468352
-314294
2271202
750399
-1154703
1291801
1410031
-3390709
-3741806
-734615
718148
-294160
1924845
1989616
-1149615
1813497
1786977
-3365394
-3797097
-30464
909492
-967085
1206844
2559798
-1296176
1990830
1833465
-3554925
-3726728
846160
1147308
-726848
469353
2722290
-952670
2146255
1891437
-3449684
-3327344
1081840
1138934
-1527499
517921
2569393
-739835
2262283
1520285
-3634675
-2803672
1489090
1356040
-1482137
267089
2358644
-720164
2222979
1820921
-3264307
-2375877
998539
1462731
-1045654
49227
1965755
-620818
2045491
2088180
-3088390
-2418869
1037612
1575068
-1238480
40275
1993731
-674587
2409485
2393197
-3224860
-2260949
883595
1361157
-1445901
129414
2110189
-682086
2459160
2522403
-3180073
-2340859
901932
1151540
-1441098
370473
2423861
-825747
2461144
2362188
-2934929
-1817386
704824
786174
-1549597
629062
2319088
-821378
2655259
2554171
-2869484
-1435405
-126158
9148
-1258551
1180549
2067843
-810253
2351911
2584958
-2546582
-1634911
-789911
140235
-307705
1391830
2309768
-474596
2334047
2193873
-1982506
-2412329
-671222
293016
477951
492506
2264976
-647541
2256727
2410869
-2055404
-2652255
-559520
1282259
562792
337109
1936698
-773271
2072477
3071722
-1963351
-2565418
11768
1538365
437166
-752180
1869820
-809048
2314446
3430957
-2023643
-2494318
513853
1190197
86646
-1444759
1900671
-564555
2124092
3189511
-1978615
-1899246
67049
909461
-492703
-1255002
2111970
-783115
1611629
2489462
-2165088
-1773002
-473941
1515362
-576232
-155852
1964646
-841432
1272481
1846912
-2096084
-2014236
-189592
1227445
-65397
-56099
1605863
-901402
614833
1219281
-2228143
-2055069
172922
458962
476039
-60023
1941531
-966295
574193
697697
-2448923
-1560974
-510370
-352059
426562
339715
2554580
-1114315
519831
537876
-1928272
-499787
-622682
-788306
-54286
574794
2464799
-817666
306246
163855
-1946126
-148892
-1065449
-1143458
-170742
1315928
2349886
-524751
211076
-632735
-1830735
604715
-798886
-1139075
-52971
1352533
1470546
-645806
-618838
-1628242
-1290818
560252
-661301
-227916
353354
926502
1786655
-784508
-1273732
-1624831
-973354
594732
-355815
147461
525381
1023605
1581768
-962044
-1678376
-1445151
-1346712
430227
545739
134973
281442
1364982
1737827
-735239
-1403522
-1537799
-1327413
346112
208216
-566928
647445
1594532
1588564
-554605
-1075927
-1594555
-1145383
819884
108018
-499171
430264
1281838
1027447
-377408
-1255519
-1679467
-968294
1011125
457420
-495996
52709
841721
1022081
-219584
-1546016
-1651297
-749324
1839314
870623
-437428
-442497
186949
912391
-119569
-1425431
-1313629
-332453
2023395
401129
-265394
-1000727
-212967
1158181
-187634
-1331404
-1121968
181058
2061053
1222276
-172692
-1679942
-699423
690409
-177348
-1032039
-656933
336342
2329710
1356101
-618686
-2334481
-1004623
752845
-363382
-712571
-343412
175930
2107128
970887
-1005523
-1764115
-191571
841783
-145648
-698183
-439006
-58373
1355071
284001
-860080
-1255860
818323
810541
-216399
-981432
-323588
-316972
1262683
73203
-854290
-461217
1452407
199105
-831012
-1494526
-671561
-407423
1458561
-240897
-108452
370841
1820145
187331
-1006080
-1563703
-909509
-431797
1557382
-107176
480670
707739
1203236
104596
-760081
-1346920
-342968
203716
1447618
363435
-87777
-209168
164030
51205
-399413
-925600
-261736
239615
1293982
86134
17355
-99222
-245856
-411814
-568388
-1117116
-312877
225572
1312091
156927
202034
301375
-156102
-326537
-631594
-1028116
108369
952874
1219293
170154
848405
234133
-385521
-899382
-631827
-967687
501717
435007
537235
146035
865713
1057917
356429
-1191524
-333223
-606022
538610
-379327
292579
941346
956635
1276199
51553
-1767881
-306246
-635347
284508
-575808
501787
1215581
832610
674602
349836
-1544532
-48557
-681313
-121059
-839513
646490
923589
567398
183011
343728
-757565
-336283
-936259
-299249
-1004426
903901
1148579
493517
207668
814934
-647045
-448743
-881562
-25922
-816368
1218671
1250060
478841
-219673
1095495
-1202154
-287043
-651316
147715
-228050
1386757
600191
24773
-372544
1174673
-1168427
-38582
-369964
213114
199808
1144310
-294165
-586168
-277200
936658
-568045
-582467
-712287
-84136
-92595
138762
16237
-25258
328192
1865047
-170361
-473192
-1001336
-121791
-111993
31910
306275
609291
437969
1902993
-840972
-746996
-1195539
-11562
-355964
290589
309803
812203
890558
1420983
-276486
-267638
-511263
234968
-435550
12608
169913
350746
473175
596527
-364456
-231421
-664739
-142657
-599168
98356
42289
508604
499291
981711
-468213
189975
-644416
-159236
-343244
149669
-765986
153722
125717
1061540
-226346
46531
-968440
-442280
-131523
221602
-484557
230613
363256
742899
137896
-241028
-1254510
-482959
-265235
-6861
82749
467315
609249
1087838
-203897
-94035
-688202
398460
21519
663718
-408047
348534
-113544
410078
-1026911
-87432
-213833
556248
-83719
885856
-125448
205013
-260195
67407
-1375910
-171115
-171409
286368
270354
446940
-266764
778860
-25265
-324157
-846461
-243523
-287462
281870
-75103
292872
-444696
771214
276009
-458015
-524766
-272108
-584309
12693
-427444
129163
-90939
570084
-392911
149794
204206
-166437
-606624
-39970
-668964
-65202
-513263
417578
-101330
404406
567185
-72275
-479783
33733
-397751
-94426
-209774
109723
300328
95186
-126016
-63026
-311480
619965
-764821
7234
394109
665949
200800
-634736
-678678
53076
61212
791380
-1329439
-287617
875126
1472215
295934
-1220428
-1091823
98155
132863
372454
-1950162
-322420
578902
1270716
196884
-397730
-513987
-156371
-633815
-251335
-2584031
-472579
1203056
1942434
397410
330153
38793
-425177
-954097
-494078
-2221712
122400
1470634
1343029
389545
917095
-433072
-811537
-990086
-688579
-1676513
1000575
1730986
1683979
454926
193872
-637493
-578273
-538376
-268826
-1069188
798758
1395294
852840
-153907
-575650
16299
-247214
-508796
-356594
-1045532
660309
942085
405639
-462253
-187498
682309
-286860
-665742
-538983
-1127211
665203
228223
202705
-271795
608675
1250280
-369586
-535731
-507671
-945535
298875
136456
301844
-686313
1021829
1164809
-180873
-618117
-525832
-629287
56858
157380
80710
-1012725
956698
1173292
-359172
-1064723
-728632
-867019
690533
864802
-148816
-802102
561346
1512620
-535902
-1139215
-594500
-681480
540725
668348
-297968
-1052583
1229660
1882456
-392602
-1013340
-616631
-1104105
411330
370099
-43097
-258049
1610256
1329921
-296235
-996667
-647597
-1018241
614070
284492
135957
786045
1632325
513830
435018
-154521
68637
-205262
280013
-432331
49666
59090
-26995
108671
548951
-319806
466450
139831
73665
-611643
-412784
-807146
316436
183433
546429
-476562
216203
149825
259315
142924
-291523
-1013948
164139
-75043
639512
-284794
44038
-195161
267265
-480871
283958
-665897
-199852
588866
429087
-444637
-189989
-311772
423782
-328672
219391
-884318
560670
387930
476828
-192517
239219
-244418
541026
-284546
169715
-804566
-41811
-504780
581099
-503474
-263204
-627781
-140910
-351483
444061
-238681
628313
463977
744706
-158291
284183
24654
-36888
-316226
38162
-926716
114645
-420776
528096
-342136
-362410
-306120
-231060
-834776
426969
-14068
860333
165705
272749
-354834
1951
59927
311603
-1289872
-9759
-90404
663028
-93502
731079
-132364
-228563
-631218
102099
-1215983
-152906
-567894
1242845
80078
-94600
-204535
289130
-184618
523591
-1010995
129227
-755072
2202779
-1142666
-222598
-327982
61266
394195
559005
-994312
1052294
-1747090
2034683
-2096033
-30114
-346338
676616
819470
162344
-615313
586814
-2220950
2060799
-2314051
-215992
-1228464
1044013
1069667
507288
-807261
1527368
-1895847
1087677
-2562606
-19977
-1271635
1149809
1675666
1085348
-1628396
1757052
-2013554
-156512
-1890032
-167597
-1771754
868098
1606976
935581
-1248985
1523681
-657351
-218276
-1915835
-182101
-1609087
966765
1911428
799338
-1650298
612363
-126794
-1040965
-798245
-70000
-1792154
779237
1471629
303894
-981228
1021016
-11022
-957308
-1254473
-125798
-1761548
894221
1931402
540925
-1792280
131521
796508
-390801
-1364031
-137587
-1861530
521526
1666171
524629
-1582776
713126
522693
-787120
-667863
-273848
-1893156
1147499
1241229
490688
-1254580
208901
320185
-844780
-551538
-198775
-1995815
1061597
1315556
234177
-1378088
451910
537609
-731905
-319369
-184199
-2372063
815926
1286739
511095
-844266
580985
551083
-1280145
-437257
-53414
-2095058
835793
1301388
357158
-932677
157422
216218
-1018445
-697060
-245000
-2137659
694909
1073163
1065603
-1003680
198880
667830
-622906
-767804
1813
-2100581
613405
874107
1038705
-637128
-88743
219201
-1104727
-982537
-29735
-2092015
701147
1171939
42113
23939
-276684
560936
-1358491
171497
-91632
-2297064
199166
1869258
285547
-519393
-328154
625694
-1341083
-50738
-87640
-2225150
425621
1401721
162637
-511375
-314501
1199542
-1448628
-30820
142963
-1971233
117965
1280186
678905
-124796
-1464077
1442745
-1557546
-205173
132581
-2291356
212533
1119159
412551
-440370
-893445
1511569
-702994
-479598
357487
-1758410
351221
1255456
588901
-639578
-327756
470473
-36682
-1816987
273721
-1596463
54155
1528212
576893
-56816
-436079
276269
-118401
-1726322
431158
-1081188
316507
813927
5524
75277
-1083018
639183
-208927
-950466
184447
-691773
428793
996140
818733
675969
-662922
64205
-792268
-1463093
123714
-637156
384054
545300
256635
190725
-249442
-58979
-270614
-687758
400806
-223036
933685
-165481
443564
838384
-6616
-669878
-235091
-1698049
471475
-284569
527121
-218744
258000
244006
435633
-344781
-434554
-1319553
546647
201988
776709
352012
-38516
-171160
72174
-463950
-226388
-1232888
616281
107352
864385
26425
-254622
253795
750719
-815619
-861230
-769669
784019
342663
883856
-449109
-186469
32001
-366594
-359093
94045
-884089
515833
522763
1060944
-240019
-140517
511919
-443536
-507592
-391425
-856090
610185
501941
726725
-129330
-692950
-48105
367387
-509371
-316165
-513286
623454
437913
514995
-343124
-360241
738530
529508
-597510
-530684
-1066695
598195
485063
859659
-574825
-494901
-530892
204722
149155
-145604
-251934
550403
327268
550135
-907658
-556218
-292834
1206031
136548
-52825
-452994
609015
409489
492041
-835509
-783261
-54926
930372
61468
-716521
-281840
130487
245441
768384
-780164
-651792
5825
699500
561508
-24400
-340132
352836
119270
296158
-931578
-624944
-434968
761426
893715
-137488
-17751
649028
98070
584702
-591012
-446271
253360
415640
-346498
-124567
-676711
625828
-145483
840136
-467134
-136644
18571
158239
-615040
121308
-291876
772073
3323
392205
-1049829
-131658
-370192
907258
-213628
98072
-610598
805986
-54401
493851
-421781
235580
-329693
524532
-1096088
-456015
-399556
916793
344380
569175
-920649
-73996
-304848
-6966
61548
-19617
-903761
490439
-131916
306729
-1056799
-534664
30810
-10913
131506
1001823
-524407
736924
-84698
211487
-334740
243561
-157061
53197
-237603
-54163
-718436
649444
-254689
67934
-247387
-418468
-569651
-274676
-451848
1512116
360023
703514
-4436
194129
-728057
-440016
-154354
-18324
-438743
492835
7358
450794
-349682
377957
-325019
-45880
55336
-520686
-401222
695595
419834
672297
-176157
474042
-314327
-511396
-68368
-466092
-846555
626943
264389
594823
-340261
467080
-5549
-636064
-236137
259161
-1039413
724892
475351
597702
-299774
453319
-17194
-549146
-635435
638638
-753549
216858
399439
474849
-124681
388353
-490617
-184803
-483797
706536
-756702
799947
213511
747190
-99526
363584
-291340
240017
-644268
223778
-1241649
222929
74042
317585
-360593
319150
-290414
-266322
-649445
1063470
-637755
52201
890749
798142
183771
-16030
-187689
-62989
-278628
417503
-903446
-201619
-104246
310770
-390761
191364
-84906
73032
-52775
318897
-852072
470277
169711
812640
104966
615767
-50503
-69993
-907017
213231
-1177891
-548777
152484
356269
-346928
-62766
-271456
353228
-253780
512452
13673
-167622
430558
603376
141334
256715
-175518
479257
-608329
-485892
-556125
236321
37830
678319
62296
422739
-127795
692508
-354565
88163
-839650
-233952
-411654
343165
-224426
-26479
-513941
55192
94220
573530
-339855
454782
279463
546844
34062
432001
-7772
177177
-386586
-329535
-409621
-21246
36125
413607
-63316
427854
-855188
265472
-34839
392529
-825249
418176
-362802
326979
-174885
141847
-529381
516590
-750065
461925
-150657
612838
-279068
294244
-245034
344196
-324158
109308
-540577
48722
29953
697455
-628664
371206
-358429
128143
-256962
550030
-236780
449389
-687541
-32036
13590
414684
-164004
468123
-525258
378634
-447637
5795
168918
500738
-668472
565969
-253067
422848
-335107
512455
-282008
-82001
-550600
572487
-488141
296455
-451359
552920
-100805
-40151
-112232
-207766
119499
195987
-427624
424379
-579710
788288
-115053
-231519
-183065
380695
437950
-22591
-955445
338994
-505890
1038575
46766
13046
-522065
-1036702
-241678
1221002
-67948
436002
-730529
756245
225115
-248767
-584841
507204
-71368
264083
-51210
876768
-585976
1252094
401148
-335092
-1003302
-579300
-1159521
886096
353552
689928
-551697
792098
100543
-77941
-551365
228211
-107819
286320
-465939
782978
-214902
813834
394115
-419507
-1365486
63500
-250528
15575
-282776
643507
178409
556784
-41534
-302370
-658124
-68684
-79949
-273650
-79630
522928
-167472
540280
-173551
-191123
-400225
-64425
291264
84332
-395039
287322
-268387
736520
-134402
67057
-288743
414192
-70341
-299432
-827308
545874
138955
595369
142225
-267478
-849889
376950
-534557
224681
-888283
469887
-49032
333635
-287395
-219739
475916
863570
-636600
-130393
-1304542
510218
-53104
678607
236758
-55367
-625025
655955
-413377
-883559
-210351
664062
164527
578037
-263936
-351910
-416915
612976
-186926
-345702
-952938
526282
17022
519662
-338747
27865
-436976
298735
-56869
-49900
-918512
549697
146771
778965
-256566
120039
-525510
-180014
-825659
-198990
206486
349785
183126
148705
-59175
-360915
-703098
247252
185706
-110107
73428
312068
136925
662667
178275
231978
-141403
-677750
-759747
-465151
-150323
409067
-20904
214105
174755
397329
406597
-462119
-1095950
-262130
-157232
423568
-101491
-108376
245767
313499
-258896
-363138
-918794
74119
720233
331538
-99561
-109879
329866
425665
-384053
-546675
-724654
-83587
508386
392453
-136405
-349074
-376209
-7850
-408753
98709
-62452
-103900
153192
425318
-196241
-294631
-609311
42537
247129
547530
-131533
-63168
-150114
256088
-106090
144284
-255115
-14966
538215
553715
-525497
-588501
-152928
376603
-35189
63020
134526
-223893
-237404
431580
-547682
-376825
218056
826871
355280
-81151
64434
-148103
-1095878
-631897
-912355
-115832
393271
513457
117016
-587037
-718433
-28448
-884847
-647122
86671
1200010
788390
-89876
-242888
-429177
-424947
-109875
-682250
-509037
586881
1659700
584483
438807
56145
-488485
-664122
-245104
-1043163
-632899
-260149
1679174
728809
354365
261892
123594
-644679
-13701
-338454
-557089
-775729
1471655
9722
89410
-251578
590016
649195
681181
173306
787243
-1692264
215478
-1286501
136195
-738676
421577
1596900
1399341
-245811
1152168
-1549523
-270555
-1807410
226097
-1229698
126852
1744395
1775884
-628759
685734
-1045855
-14665
-1834692
312012
-1173457
-44978
1554031
1626582
-749554
377927
-775656
-766981
-965097
156055
-1523253
160541
1675637
1182735
-850410
554044
341599
-805533
-1755323
202434
-1730826
222405
2327047
898968
-1627233
120472
953212
-335253
-1826282
145452
-1362719
-35028
1810018
878763
-1321414
99066
280329
-411785
-1032382
-65758
-1196563
283070
1279995
744274
-1131339
-380197
471297
-78521
-641538
-23584
-1531851
4852
1376366
812672
-901395
47715
525992
-280059
-701178
-19227
-1766598
190040
1511609
776621
-921373
-229744
450598
-729572
-785697
-4132
-1922990
159043
1846012
374143
-1430284
-44062
1011372
-394311
-643009
270373
-1839317
-448872
1704301
799060
-1163488
271374
1288201
-930983
-1130025
194667
-1655176
-272013
673806
892982
-217460
386559
300228
-936137
-1393696
-88595
-1878715
370464
817268
489059
628583
272682
-24568
-1074587
-538902
-47961
-1737634
192590
1587224
510212
213292
-68391
-328680
-1250638
-597178
273426
-1487045
-272030
1340413
941311
-431245
-659724
-211397
-995876
-87970
116774
-1810972
-920618
1148392
1181296
-677436
-1171635
746734
-390154
255943
-88738
-2090948
-678594
1198794
624559
-232798
-586884
1500656
-268923
-735258
187853
-2028974
-659721
1341666
629321
-5945
-532448
940038
-225113
-1641251
320181
-1647105
-697567
1125946
600567
-476884
-804434
596003
172244
-992550
313539
-1000433
-141354
1308904
941451
-381109
-1053370
442262
-19311
-997177
304291
-795940
10684
1776707
1044034
-193671
-881539
46821
-125622
-1180104
522675
-497942
-179816
1052569
582648
126451
-437677
95226
-61100
-1291842
471593
-588308
-133782
511521
583801
870846
270148
-119634
-705312
-1587741
162789
-818226
330495
764555
230225
528898
638051
11588
-668632
-1236777
107542
-351042
955207
603021
-286859
796869
629113
-585507
-430194
-1118521
548514
188258
751350
113021
-476238
212410
420758
-434708
-524104
-776590
769441
812193
837268
6477
127096
-577235
-698871
60324
-39909
-1314301
552744
642481
1012572
172026
-29484
127318
-354146
-539182
-640772
-826015
562180
259438
679129
312068
-216284
579759
389215
-850141
-937512
-626152
421060
434983
826781
364430
-263129
102310
102288
-673623
-597942
-585852
405551
625863
949380
198239
-728904
-486712
120199
-48989
-48648
-503146
546575
658197
753193
-180838
-422038
240047
538096
-705904
-465662
-795037
241308
741184
818632
-522207
-754451
-74995
283919
43355
-135508
-176624
188217
623553
556175
-813738
-1414513
-794476
771053
1346764
646240
-229986
539028
436772
248091
-757927
-1119484
-789568
851426
1492415
-70646
-782549
33950
54995
428186
-416805
-587047
-28769
478166
906959
124795
-828891
-137283
-177353
301117
-437882
-510266
139776
826840
680440
93647
-68729
572556
152507
528693
10326
-329966
308114
623944
-924741
-1065125
-143489
1145234
666452
656692
119983
-278524
-436008
43653
-1500366
-1179035
-64098
766597
629059
289807
-1052147
-506726
-346832
137611
289007
-123387
-341407
183282
115549
494395
-373782
-264718
281606
377554
41036
-59535
-662123
492638
127993
568345
-115612
-380836
-274079
21767
77647
192670
-739239
714274
276509
108066
-897964
-1013838
-61788
80672
199092
1099338
-384032
574504
316831
-226719
-764185
-123485
142489
77364
-419225
159405
-39602
508372
74168
-187640
-323484
378339
-437910
-1090119
-682950
405391
1082471
355343
-111316
-45235
-403672
-181530
-97914
-1011519
-707617
661217
835019
114795
-347770
321624
190112
-570175
51954
141074
-659521
630358
195015
421140
107014
433141
556138
-514664
-638374
252646
-380101
40123
83959
743621
533893
436355
342525
-291743
-1089255
-547352
-595367
85566
358056
319214
-24441
292341
-147496
-871296
-836615
165846
-457572
377329
793280
199257
-360701
7248
-356298
-770398
-174905
1468141
5773
112807
457948
317187
-57099
-157183
-225718
324666
218995
430383
-252205
-502580
130766
416637
370629
500906
-127393
-96319
85677
-146720
-1046896
-649344
198705
607059
240769
174154
-232549
-490694
-529641
487431
-987849
-564576
188656
537051
-35765
-94879
193943
173266
-786447
2636
-307329
-161190
583611
530008
183214
113048
326121
379222
-694130
-639817
-465376
-386219
381675
12416
-318566
-93486
-207981
210356
302437
447837
-64883
36097
-115075
182017
129186
403075
1808
208393
-159
130893
-463314
12881
-226445
594283
746827
661790
73139
320208
-92659
-693764
-900484
-788869
-110228
359746
445391
32389
-396733
-44632
186758
327370
-552713
-212808
300473
211826
64476
38402
-301831
-28653
-543636
391120
280932
182496
151372
49016
-361949
16704
-414587
-203248
154861
75460
-363846
553723
168223
200707
-304386
-177792
-314184
9102
-338121
176984
-294854
479470
645350
385697
72160
74354
-176021
292506
-600857
-646443
421922
731754
-393917
340519
23726
310030
-91568
668456
196569
-221737
-663578
54377
-460090
298770
172131
512541
-221642
95029
560985
742850
-196249
-1116084
-794713
376085
160116
245796
-335812
-22639
-150980
32504
188756
-45849
-658461
33698
-456990
-63331
-284963
-46899
-347246
-661522
307474
1485375
354417
5177
-741111
82428
463454
12829
-225715
-304918
-36514
974965
131670
35659
-564426
631479
948608
532607
-345295
-730854
-508502
765839
-62777
516476
-132552
997718
1175584
66599
-699539
-324642
-487681
-653576
-218677
1061335
219026
817299
937295
-688118
-1625330
-671374
-841382
-102931
429062
672092
122557
87961
53850
-421931
-1024453
-319745
64138
585750
630515
258219
-48673
413468
91656
-478821
-671675
-3296
535598
348372
-115019
387892
110338
767799
412123
-517374
-806291
-91018
175004
-184412
-790555
353902
-25343
322771
162077
94258
-47570
-227662
-15855
3302
-951665
35837
-156737
384172
190328
256189
649838
130899
-756161
-165035
-533103
394627
196554
557985
181905
-477585
-706783
641476
-27928
-414647
-291800
574378
336704
292152
-231844
-526471
-473590
836839
936250
-435955
-1552528
442301
426282
551135
394195
-5148
-499053
407848
172518
-669547
-1385251
428556
237231
598841
295898
134029
-422181
275620
-250179
-971002
-961706
253348
-337761
187687
-214965
287903
-259144
59201
-28701
15056
181452
261046
-700856
102466
-233872
-111654
-375009
-409566
-385749
1047881
474185
455806
-681802
-15179
58593
-76507
-495676
-329115
-631467
947979
709166
448505
-564540
-33955
46433
222043
-688830
154646
-316432
591805
823529
259818
-547319
-123462
-211826
266613
-599212
394292
-354471
740693
359132
210994
-645632
-41316
-232059
675817
-514
539833
-533564
363424
-172187
344834
-629410
73173
-126132
392286
144918
211022
-849205
172072
185465
627613
-413715
47563
25886
-156527
-336935
123123
-914353
411196
245001
461628
-424011
-249871
85676
-99226
-960824
392429
-198674
805955
70530
-44122
-907837
-720248
-365984
281046
-1083024
625125
800549
1509484
189121
146018
-524807
-144462
-134697
630831
-672252
602344
563072
1517900
-1031738
82739
-98749
322917
234083
698331
-849170
863579
-425179
1849340
-2106261
-503133
-386101
208213
353601
737032
-503358
1396050
-982576
2532195
-2672368
-721492
-846674
750900
714002
69558
-348682
1358925
-1804657
2270391
-2695860
-701506
-1332846
1324463
1054130
-319107
-1807907
1469036
-2354241
1350050
-1790136
-658097
-1633879
1535362
1369974
-375039
-2905984
1397148
-1952576
540646
-1205668
-794258
-1763004
1601374
1625804
-510468
-2863114
1072726
-912452
-242595
-580871
-1021354
-1881155
1656280
1654963
-801629
-2504242
972049
37062
-1056858
-95223
-809898
-1944851
1900704
1843383
-1212110
-2450425
1024444
384379
-1146830
-881805
-737688
-1737901
1642677
1827152
-1166417
-2571654
1036546
699900
-1015530
-738313
-887726
-1670029
1640260
1431969
-805728
-2285332
924141
747972
-894005
-197420
-777231
-1793186
1909400
1236698
-794293
-1908370
921474
790468
-939929
-247470
-782901
-1923650
2137365
1486822
-756655
-1902309
800985
590644
-1336498
-98564
-953279
-2235089
2117596
1544465
-1034029
-1769936
866530
802489
-1310822
130337
-663601
-2022123
1861161
1675714
-793417
-1674358
938461
828595
-1505374
-362357
-845223
-1973255
1773442
1291310
117769
-1566983
421451
292651
-1277646
-586185
-1046853
-2202994
1962514
1058003
45202
-838102
-213209
7313
-1121347
198459
-723217
-1944564
1874655
1787215
-866324
-686766
-735186
267220
-1433535
793507
-709212
-2004415
1397392
2001525
-907389
-1493982
-481732
706805
-1084362
831443
-774711
-2241583
1166594
1850662
-511624
-1571736
-659340
1840456
-1122982
770469
-776633
-2111771
1443729
2054727
-338883
-965679
-925821
2442833
-1530608
-165099
-516918
-2094781
1676151
2043967
-306913
-922536
-673914
1551641
-1311825
-1188481
-501414
-1927452
1333258
1985417
-216556
-1325862
-355078
629687
-260442
-1566011
-484503
-1596851
1024902
1862235
-221170
-803686
-444978
957936
-130010
-1441000
-121903
-1233707
880510
1295500
-639336
-597804
-984548
998711
-246464
-950232
28535
-810957
663381
847253
-627506
-562863
-864089
466275
-262563
-781294
-144768
-870774
575678
291662
-233509
76808
-496220
-259812
-279901
-686389
3462
-791820
982225
-93999
-84151
162884
-414295
-960062
-304792
-705323
255742
-270643
1051369
-269325
-355712
106791
-206438
-1036724
-204309
-865582
504871
4181
604343
-415869
-704999
20069
-38845
-1088463
-280638
-341595
544751
-156584
247658
-702035
-274231
-38991
164548
-446023
-203270
-522527
402776
-259485
143417
-1214773
-399767
293410
-175334
-43582
215970
-381881
463941
-130890
182826
-995260
-769903
542130
-219136
-518965
59890
177486
530910
54144
136313
-715607
-790101
308955
57278
-937697
39679
123385
593172
182180
79716
-1023048
-909467
305459
321041
-328792
54872
-191956
670841
81973
19684
-1399752
-533553
336504
821431
-226725
-150963
-288719
563529
26826
-130621
-1562428
-461361
192116
903483
-387804
-242082
227060
609181
223276
-85328
-1473032
-723699
542858
1219838
205911
-577328
-243697
562444
97652
48101
-1170245
-211065
837658
1562942
420963
-1285820
-902317
208463
-275925
-5831
-990452
24013
850437
1076682
203730
-1033804
-590374
510335
-125104
415703
-768433
-159181
712618
515768
-609811
-434796
-401261
921408
-48116
746149
-588728
131498
606336
339955
-1248932
-487438
-370952
759603
-405460
127510
-908938
-25655
-215720
513519
-1246623
255620
412795
477160
-659743
-483988
-1483825
28669
-267428
645809
-140077
543732
375846
359033
-449179
-67030
-1159938
303837
652420
345441
99399
139202
-750641
518302
-293417
199772
-830419
-79031
203751
-53151
-172506
329883
-809929
659599
-475208
-194467
-813253
-128204
119452
86988
15250
692605
-657504
455125
-571688
-435400
-412663
295026
472137
335761
-419507
813337
-453832
422236
-540657
-136981
-333366
345903
-75031
-302069
-250971
882305
338038
329032
-598264
196589
-358309
-16912
134972
-432106
316483
1308388
295277
205813
-640173
437768
-166278
-484084
504166
218947
-289608
1398552
-82435
580775
-395047
505604
39296
-811658
-28502
757151
-863867
661202
174736
786746
-299051
141386
-374012
-701521
-477329
868053
-578568
541480
453601
456254
-545779
-80361
-887812
-478516
-276233
1108955
-419001
1229389
449105
384051
-580262
181219
-538592
-21300
157745
1522547
-846655
585405
280319
603024
-252151
188048
-46752
471652
29018
892125
-1182990
-453668
436127
610096
-19724
83140
-88055
100842
-112607
-47819
-1133626
128592
497370
316997
-498168
-60655
-406198
-293437
-235422
530628
-992980
813568
647044
181866
-778690
-130235
-208819
129427
-541287
825774
-488207
268033
910530
439730
-389624
-54069
-58710
297366
-590771
263171
135273
76882
607178
358364
-375066
-112986
-456381
262966
-431908
108155
33255
629817
229635
665782
9977
412411
-163096
592464
-283034
82327
-946984
159610
-314052
616031
-43368
13933
-446120
147976
-289582
-107117
-443508
229009
399327
506760
-354340
-418421
-870927
-197540
-179916
-60108
-189904
804926
783269
642901
-224580
34619
-731258
464979
-392844
525759
-520030
555413
-141041
388048
-273930
265623
-521795
518792
-284555
399555
-217855
579938
-768037
125216
-423275
280938
-97815
441976
-248080
321229
-317120
605878
-363438
293593
-338250
273031
-122664
691782
-436860
320251
183539
198361
-654997
337763
-440302
266230
-493558
621420
-298756
120881
98469
521961
-905215
399970
-439956
358584
-586106
186164
-284875
-30399
-416502
302965
-159458
446496
-489048
303870
-437182
-229067
-228770
-261672
-72263
-117190
-259135
287289
-789663
565651
-350565
-161549
-260981
-152469
539231
691868
-708197
297376
-669219
1097939
256960
-164684
-160873
39001
415534
744566
-964181
500355
-602701
1304390
416475
-460261
-705417
249291
-85920
689062
-558838
939126
-553544
1325561
4032
-1029780
-1059172
162852
-292033
613582
1008
1015806
-643354
712504
-325297
-1373548
-1149320
529085
14058
629692
171245
509206
-769953
-73898
-568803
-971994
-791052
1150285
740394
819763
201822
445348
-279549
245052
-321756
-406788
-94792
735675
685328
-127915
-428178
376087
-262619
616483
-336645
-425000
-19759
583947
320897
-456494
-786898
94725
-508707
300275
-569656
-290678
-235228
661173
172481
-65861
-606200
129112
-272140
265168
-307584
-244748
-66888
388408
-735270
332374
-635515
447904
-41508
437783
-242836
-595247
-247502
643099
-933103
-115806
-284006
416690
-293042
149423
-516046
-408900
-171330
1219542
-155111
-966043
-338027
312846
-282088
95836
-410810
-181223
-22777
851880
-470606
-835858
-763399
365958
-247709
197792
-724221
-257274
-507507
423652
-515076
-258326
-13221
187179
-375675
188163
-791183
-235094
-366345
-32351
-438187
123311
497066
158788
-264007
303269
-222880
-219190
-477412
-283724
-534749
965527
174384
282544
200056
306282
188944
635856
-119581
40710
-343451
-467445
-342644
115645
-24903
345963
-56075
581039
-89398
450500
201696
-341288
-480164
51678
-253003
308926
24579
99777
244000
-30131
-327825
125580
-688933
248092
-333102
354364
-7593
248946
335330
50221
-310520
-620658
-234398
381473
-146367
214020
-203086
-131579
-181869
91358
-365469
34534
240520
234850
-48476
214374
-438354
-67383
-516083
326376
-109411
549375
-262688
-86868
-322894
172302
-313169
528871
-148931
780697
473642
527928
-523742
-31702
-518611
239045
-307904
281518
82877
191934
143301
533085
-344028
815083
310785
813582
291671
195723
212359
-69403
-757157
-213444
-1249990
229826
-87264
486636
114247
-336913
-476373
-52678
-333659
-155864
23691
-77065
-914181
-176765
-532118
-359929
-542535
6407
232464
-50918
1363311
364404
-372752
416726
-653679
-755610
-1125840
-851740
-239671
-491385
1495862
220147
136947
428955
-256135
-155140
-1888418
-153422
-829392
-245271
433326
-41247
420630
67209
248117
898
-434455
163490
-430987
613498
-1287474
-157046
232337
210692
255817
84314
749515
630091
-465467
1364986
-2430117
-77122
179147
232974
-238152
174881
423488
1215354
-999035
1349834
-1997090
254968
226327
529152
-353522
163340
205833
1616446
-1581048
1377553
-2525964
-28936
296220
340679
-470833
220447
93493
1197123
-757403
991121
-949700
-97584
166908
457020
-609226
331246
638009
896113
-1171797
719664
-343103
138333
153248
535317
-456203
-45727
618456
422752
-824507
524426
-622251
-10181
195990
245325
-47613
88896
103863
490501
-856782
126279
-193586
-163383
-65076
223895
-459759
-15849
314453
474214
-492934
198084
58522
196012
226815
344378
-513161
209912
171692
552754
-726724
48990
-149910
-56035
-116349
504627
-672283
376845
310522
45845
-848695
-10523
638153
-48564
-213418
441078
-799314
-248084
661771
234610
-747478
281827
908623
426317
356451
507564
-649161
-225654
66271
426296
-244311
213181
137367
-39329
-43501
389340
-1142923
941217
-652021
969001
-195053
880919
-704750
142538
-126701
615184
-947313
857701
237460
444774
161747
-9488
-458001
220429
155690
548008
-285011
357618
350171
410082
-518101
-245224
-625564
238449
-156577
370475
-623209
-206539
57019
802973
-893765
-296052
192746
51560
-167276
-78235
-931999
-367160
287166
141254
193596
-393485
1185853
373230
-170165
133938
-1092649
-328517
752620
-303440
1192119
-1261639
1618085
786021
-148899
417717
-1391248
-349678
-113668
-158084
167306
-749201
1213374
511552
-164048
500723
-585053
197064
-99813
426251
-810664
-403156
237894
163136
-584741
488946
-408924
275752
871294
290366
-282589
-472809
58497
322891
-184282
590455
-404169
-64485
691620
-253079
-5104
-686945
145014
53811
82599
180674
-329221
-213428
630305
125798
820971
-549198
233284
-199553
-212487
22956
-797731
37641
696767
-70423
616319
56056
413587
-278951
-372148
74062
-890439
826348
442745
97211
853857
183205
-355145
-105364
94301
61403
-575811
352815
-185620
-263310
485395
450639
-247195
229012
349652
397842
346359
277026
-377439
85723
-701476
-364202
140288
166187
35330
424871
158496
698136
-191658
382964
-501649
-152064
-477199
15128
-61870
398072
-345981
551522
352990
43591
284664
-110747
-621320
-33244
-29724
304538
-80277
582496
238900
85579
74389
-110042
-491506
-33987
104680
172725
280870
391551
384314
-404099
-485530
-40114
-413075
179300
217985
350677
294192
424466
601144
-239516
349529
-350284
-1021064
85824
-159701
410098
214287
777526
-120795
149075
-92868
-132848
-595481
-62411
-374059
75994
-16930
126463
-662486
-355693
-260943
527912
664223
306249
127432
471666
-16712
-146959
-616423
-468472
-602194
619905
548228
-85209
-139126
46748
-158817
367492
-363477
-2989
192171
121545
820745
-550293
-580095
-663434
-511276
-142874
-261983
69444
428541
735886
1168101
-75663
-219245
45097
-198038
146999
334725
-260524
287052
109615
-87961
395286
339511
935645
220162
621576
451712
-269233
-375977
-430057
-1331277
351262
59040
614803
75983
221563
-870180
207134
-730206
393715
-216695
149251
-344817
186773
-273807
671505
-406503
440857
46921
266305
-256409
-30951
-168838
395421
-123061
710319
37525
245736
-68512
458044
-456087
214738
-11556
518403
-444237
280500
-851508
-362494
329703
218021
37414
236811
-90284
341140
-20463
17935
-544267
261993
181245
504137
-324321
167374
-102198
146725
-80490
-50672
-390800
531293
-728651
-38549
-361296
511751
21039
231274
-297109
-2326
-545141
75995
-355476
-587860
-84423
212515
-270361
32118
-564474
155700
42624
-233850
474820
71047
-329703
43187
-330740
384479
-141883
228626
429522
-273420
-46363
407166
-364747
207004
-121471
739887
447315
244245
368680
-427928
-700115
-575756
-150805
320364
-70313
490154
-42403
122298
-92727
-614453
-597129
-69466
-105598
-28398
-476166
48068
-777641
-56373
-337868
-380223
-9421
1457717
-167295
-97561
-655091
266895
-631405
260633
-336209
783911
-61477
831327
-43434
150524
-131159
192495
-100346
460227
-413557
367780
-172427
-133770
-257877
663990
341349
466068
154628
17638
-162807
-264372
-421976
527456
-1101071
206907
-164411
346746
-266001
-140668
-280017
78351
-939391
838588
-448552
339881
21798
624150
154194
294002
83972
149002
-1021540
-436383
-392335
-105029
-390012
-251345
-546559
-153690
-38537
279783
433133
469966
303369
209480
-264214
98165
-319154
328640
-342569
143874
-118957
452670
-344615
390566
154634
754718
491897
935337
-41550
598235
-825843
-517040
-1056664
-53746
-238540
317572
379648
21592
42010
8363
315101
-129971
-228276
-147369
-489147
225735
5327
-97761
15304
-26500
-231202
468165
232233
312750
-263941
119477
-611526
354928
-531611
230482
-77325
262869
-293757
181624
-221435
45202
-585602
-187484
-454257
-59889
-169576
715185
-455774
197971
-32028
204071
-134262
55108
-607646
130315
-825535
-13616
389342
140466
36201
247821
-15287
343102
-56299
515434
-169307
-327107
-660524
103429
-72812
390467
-136913
704763
-365832
1051805
34574
669771
-988954
181828
100642
357787
134449
193120
-390457
397921
-107787
487192
-333735
232478
-251947
-29136
-422550
-283742
-642257
226793
-77525
63142
199400
83959
-426290
-45978
-860275
-214430
-120355
-184388
257873
338378
276137
-193940
-384115
-123666
-440234
372125
458842
441053
271195
-386920
-200694
-238730
-491097
356889
-274526
673838
505120
492374
-212244
61739
-187457
434001
6124
1224031
-80700
719859
414554
-571635
-1092977
-474888
-769547
187020
-480996
789444
-463640
129175
-376746
-11232
-889606
411693
-317455
-17147
-402496
226054
-476686
99735
-447774
-27309
-478346
428329
334458
442044
30558
461198
-45062
342129
-57979
-556460
-487401
-69124
80854
405499
-181880
515337
-356567
456329
69641
-35231
-15187
-625216
173929
-29870
-456853
3493
-531877
605131
-86402
606469
436480
-283122
-126025
87166
-84321
148607
-181542
176818
25952
-4466
-589523
702495
-657867
299842
5855
339014
-174623
-64072
-499994
22717
-162190
733777
381670
136283
-130078
367149
183398
210351
174453
184922
-305685
342523
66576
320091
7881
317913
180649
407706
374459
421342
-304452
430245
-739856
462127
703255
71301
745837
743941
858491
-608305
-1234978
-1905706
-412582
387815
492427
-377806
336651
129795
494234
-395492
-1212880
-1045057
279507
339497
482284
-632539
106548
125361
218565
-759658
-1028004
-1030279
689538
482296
703668
-638466
-304547
-69739
-68938
-281414
-309948
-1173636
351353
455889
642060
-806751
-790058
-755501
-152732
69992
289248
-179227
226003
350422
734505
-277333
-223898
-436769
267342
119401
153383
-901904
-209277
260818
552594
-435186
34569
-611922
-97233
-277971
90154
-787613
736992
811545
1081442
-243365
222384
-481776
-930440
-1668307
-955396
-691374
914579
923183
1237175
-564185
-482414
-541497
-1214604
-2153881
-875807
119088
1847331
-151182
198899
-927176
-839984
-499534
-993390
-1899837
-104456
1334368
2730269
368882
140295
-951329
-551183
-333196
-667886
-1838563
-701481
1016408
2263071
964525
742278
-171482
301733
439367
-350181
-1636493
-1421608
55529
709953
829404
5573
-249503
1680828
1839347
1050657
-83008
-932881
-1238304
-954012
1122839
-825003
-610088
2698443
3245206
1884991
410254
-37873
-2213457
-1798027
1317769
-1492817
-1315461
2508873
4129363
1375950
80350
930122
-2321157
-1362148
1630543
-1413918
-1783334
2460920
4173301
616894
-871151
914595
-2412846
-693899
1516855
-1541437
-2031628
2510211
3634026
589356
-1374164
1892327
-2075105
-1184097
1250783
-1815736
-2124383
3035802
3513007
-201945
-2142324
2363883
-956403
-1194644
1296033
-1841686
-2352186
2837529
3330547
-205611
-2198705
1448639
-396793
-1302988
1068072
-1625147
-2203548
2494131
3065776
-499269
-2224928
1243098
-335801
-1227122
855102
-2008119
-2361804
2339749
2831050
-353396
-1747144
1184449
-202152
-1046993
1026507
-2227567
-2559914
2174219
2817907
-41669
-1503713
1204496
-281886
-1670541
1272844
-2101547
-2648586
2439459
2617288
-321946
-1585480
1223868
-268584
-1920513
1085106
-2277510
-3149135
2264907
2599485
-50262
-1148787
1559699
-119900
-1994855
1436535
-1755757
-3211658
1673082
2338665
617187
-612723
1184474
-553283
-2807219
1184240
-1820097
-2710678
1536971
2219099
983939
-143825
687343
-748779
-2576150
908792
-2231452
-2869379
2154966
2242411
1287293
-493141
214295
-1219997
-1948208
1194459
-1757420
-3162163
2208263
2151082
1170281
-1217085
-148765
-1098883
-1540625
1239237
-1727567
-3649321
1531395
2483339
563581
-1672284
-288247
-66612
-1255587
985415
-2041447
-3780596
799470
2161613
577573
-1497696
529067
985898
-1239295
1197441
-1666430
-3471282
1122327
2259104
776829
-1384419
573348
1228093
-2208595
1426425
-1198509
-2952126
1325274
2344056
431477
-973604
-440660
1329884
-2452940
1214238
-370169
-2183527
1652033
2344664
156568
-978506
-1256379
1188012
-2358540
635969
-173511
-1535872
2422663
2695512
1300483
-582007
-870372
164126
-2532438
718929
10218
-1274046
1767245
1869001
1228263
-103618
-205209
-101148
-2059646
905870
430925
-850458
1302531
1311909
1079251
934383
-98834
-508313
-2526369
640483
21817
-479670
1309092
642150
713810
1717756
232061
-453473
-2259186
604472
198580
464918
1611847
369838
389152
1233958
-193338
-429108
-2274612
842343
863383
951325
1757042
-216797
-31907
975446
-359109
-981724
-1856960
1220306
1724883
1490179
1850451
-504513
-676471
-272151
-574178
-987770
-1558608
923097
1646014
1983750
1831967
-58484
72687
-231846
-974463
-1453741
-1651756
556839
1197338
1599992
1465903
-368622
382942
314630
-338158
-1420841
-1610811
408963
1258070
1384013
1428828
-570157
63891
567383
2248
-1372117
-1488196
326721
1417568
1604199
1495120
-1006951
-1101324
277064
68230
-606801
-862433
319822
1375042
1574603
986650
-1238579
-849590
383436
415823
-340053
-938977
194576
1326027
1617852
425243
-1537328
-1256425
628174
1049670
-93066
-590506
-286796
964773
1210829
92798
-2267558
-1911886
364754
1795962
1191199
141790
71800
959421
730507
-97923
-2591433
-1991548
3605
2182372
1347401
35259
185035
900180
786937
141444
-1627787
-960438
149718
1768867
589117
-925828
-209140
325661
289409
207263
-1225994
-402204
661810
1345808
175805
-476908
450899
762754
509852
312594
-1302587
-247660
639620
227791
-788784
-867996
1331668
1735194
1367944
953653
-706024
-333404
81873
-901908
-2174037
-1590009
1166186
1991948
1063975
297663
-1112702
-910147
6317
-116733
-1178917
-1024764
328164
1073299
452834
-100675
-1618205
-538388
-97122
574667
137430
210733
321903
943136
382139
333694
-1219371
44077
-222304
447216
-44830
-115161
604920
1163501
211090
-125519
-1761227
-522399
-780465
-16735
715947
848559
770871
1295150
-92472
-413571
-1601231
-561880
-639021
-599820
-61548
1263789
399663
893034
-241152
-16837
-787069
-210800
-927799
-1319435
-305426
1539197
464895
802594
-128325
-81026
-665219
-333311
-1476364
-1552689
-813849
1638026
232735
538939
32148
448677
-749011
-443299
-880596
-836675
-414795
1165773
82536
634724
155849
1070432
-569824
-977185
-294519
-461889
-393128
770461
242212
1125614
387116
1212005
-348837
-1500905
-684762
-636458
-795325
901967
344966
1087986
260196
657044
-613695
-1528486
-713558
-563554
-1113577
914992
-49366
434204
-376671
-152361
-1152842
-1077086
424552
545160
-393745
905840
164165
574568
-453102
12331
-583754
-394514
522970
660332
-1148005
305538
227911
977687
93941
438002
-300092
115447
-38538
-136993
-2119658
241160
921527
1513049
439893
692508
-604498
-288954
-774775
-834844
-2256510
-410983
570093
863580
31121
388562
-232344
-428131
-640276
-208530
-1233391
242655
277304
840773
70347
468351
365875
-292118
-1078420
-439756
-1547208
655505
-59888
670703
-48946
355510
361760
624578
-374266
39836
-1387277
24057
-256696
489254
-79982
-6907
-246896
446620
53328
282651
-283313
18756
246523
1271009
934309
850418
200897
223775
-537079
-922278
-1494070
-364974
-47973
1132304
512432
372130
-342749
644379
-202658
-396685
-1258356
74873
-384172
422385
-207247
-198929
-883150
-142061
-153624
540811
15456
867031
-67403
244418
-275856
-460493
-544513
-211914
-380983
50043
354002
719453
254490
311594
-559780
-181686
-528025
32025
-398334
-147375
-9025
882096
254923
595055
-175368
223665
-420783
-31737
-897555
133397
23924
662036
293649
708349
183319
584044
247672
708778
-735657
-354982
-459491
65060
102091
535955
310635
479185
50445
1007099
142800
228230
-668591
-684044
84677
444416
89392
593085
-383664
240292
-196149
579306
-10266
-227236
-49926
105806
-341942
669465
-388044
-349180
-1697056
-55198
873935
1275320
-193084
-402468
-627497
848288
-17077
-292443
-1255066
-449806
717881
1543803
-57009
55731
-119934
1899142
881465
-340471
-1659728
-1093262
239662
848632
132249
479787
261023
2427032
1044345
-567354
-1030259
-1038396
-840460
164836
821875
1202190
785179
2421195
209143
-1670874
-2029188
-1230183
-781613
110902
781176
1411637
280183
1614129
-241838
-1821076
-1956554
-568652
-352260
321405
69064
845061
-176424
1036175
-632820
-1439591
-1079168
559777
299222
539092
231702
896772
272448
1383931
-386403
-753363
-900948
491435
-318210
-507480
565172
882557
490920
1435849
-26205
-375650
-667303
171510
-492910
-1315131
84644
526336
162117
855628
64136
354219
380940
257694
-544884
-1322782
172634
799750
392257
1166499
-498285
-453549
379696
361186
-454449
-1227900
689214
1259543
730392
934004
-746858
-895144
-127878
1125090
-515739
-1627722
552494
1178412
865662
1080192
-222847
-791261
-255427
1218918
-858123
-1473226
384497
1103905
891481
1256563
180054
-229286
-398665
23165
-1361502
-1582247
443127
882503
585810
695415
-166733
-310851
-450296
-70065
-1362658
-966805
246067
929157
591684
546377
-763409
-559457
-910348
-933307
-1243385
612897
43900
-148441
103249
170303
604396
169976
-1031627
-714630
229516
232406
253912
-185752
-365792
272495
291881
-3309
425113
-159046
124704
93997
7659
-143047
-127992
109505
-36002
-290254
456833
365971
54369
63548
-52452
-109627
25543
-357982
49173
207533
399490
260540
-677359
-368279
101854
-141531
-64440
-571573
20290
561209
756259
-82340
-262784
-459848
139440
102848
321149
-162749
-37844
165454
-39068
-516198
162762
-185827
124135
118923
194830
181289
-256224
-538404
-16161
74839
355253
287680
25297
-161535
-242817
153016
-108518
-1017521
-182569
629601
1046442
41070
124927
-124095
-354645
-260897
365430
-467515
-500417
690632
1094304
-390176
-122970
-38406
370891
-5123
355065
160656
37231
650117
466110
-702499
-250953
-371080
503244
295321
-154087
-180524
197238
-474714
-75178
-62908
-19361
-372517
308291
-53571
-3974
-434884
27315
-1207287
-71432
42648
-374705
-308378
906141
849673
170076
-546234
416752
-1634833
-848960
-1001560
-257860
-667557
609446
1873919
52859
-1000049
753514
-1266705
-1033070
-1169191
-54583
-782308
141649
1202277
263513
-960872
228851
593807
-267090
-1179816
-75712
-507946
41011
287851
112946
-554938
108387
938435
-61221
-287859
-55567
-177108
201841
-86548
-403172
50616
459572
668519
-467935
-259449
-101845
-114171
510182
188230
-681470
-217228
426450
1149628
-103973
-953787
-3617
86889
57845
-10909
-286488
26523
42944
38714
563383
266524
-105686
354706
-59337
-752012
242352
738599
-312969
-459500
400084
680567
-40574
-35249
216107
-251670
31830
378014
-28641
61800
-59689
133413
-102731
-536609
139617
248834
14807
267895
253701
-271225
-544516
85939
-54018
-301784
213894
-19104
-232879
56295
168391
-16929
-284406
78242
244765
-113371
-68208
-49699
77301
276220
339855
-97326
-287896
39334
-65059
-49306
-278275
-653137
665983
1026135
-277052
-1014788
-164284
138010
-172453
177895
449847
-1005615
225432
1110718
-556393
-1104139
611441
442920
70970
69290
419335
148951
-82029
-103843
-386812
-116691
446444
429637
179649
-69
-520390
378645
254250
-820869
-288901
647069
305728
-9653
194978
-116470
-648744
44586
614800
-560374
-256140
1049269
389390
-265862
-69571
-255965
39562
-19468
-87244
321393
245135
814033
-68257
-831769
113068
29638
290899
-328663
-568318
785353
199823
-73205
-323422
-912764
453216
235321
-49231
-481009
-97818
166919
-235732
-422600
125200
264584
570205
693000
87625
-849321
9411
-235053
53967
-367513
325050
720612
586982
772370
376104
-406278
-105616
200026
51963
-892769
-214610
55071
296569
205889
159218
-494398
-322359
952485
443700
-749713
-337819
-18519
57656
138025
68732
-1174515
-94205
1344973
520716
-551688
-640538
41271
-105884
202247
542013
-708516
-261272
736048
598119
-408631
-702388
433499
-30483
504890
685132
-736128
-602902
114611
254122
19961
362859
309118
207967
654120
-35666
-1079316
-27265
83425
-103536
4523
416315
159123
309286
500163
-624811
-595266
400701
-834471
-204320
917031
208428
-55125
155012
394495
9603
-44740
220898
-450791
-303446
61572
14635
67636
-7021
-127605
334216
221294
-227743
727706
481180
-1101134
-370751
678905
-48318
-59774
60052
31614
-51258
318602
393633
-131578
-74644
-111866
-78107
383704
86656
-362537
-181129
-417210
345787
855259
324604
-447194
13544
175975
-139541
-388878
66
275167
342667
292728
72765
-470491
50066
38308
-137326
-370625
387923
428502
40774
148490
-345066
-114706
-39003
28733
88908
-209224
-53093
-316258
585084
1307756
-65003
-287996
-36172
-484657
-211014
206326
18019
-275313
635946
605852
-265536
-310867
-111123
-461709
94682
368553
452159
68185
-673456
-765480
-161688
348230
-146070
-59784
378520
334647
438776
180586
-740223
-966299
354676
909439
197265
-142962
-208155
46129
93645
33926
-85910
-1009239
100187
1131215
389972
-132894
-202500
-118652
-100039
-330205
-637208
-871576
283051
547311
179637
179043
-148734
-569660
300238
-348683
-130417
847593
488973
-865826
-294545
16244
232741
-251692
436774
315073
177962
878800
489213
-1201039
-106244
-251276
402551
558578
56087
-167990
-208478
-331022
390382
-237368
228181
-174389
-277280
-132065
19958
-208424
-130538
223174
907798
-4003
38885
-29557
-468899
-218327
514112
55682
-198212
-186798
320212
660458
-90136
-86420
86795
680505
525968
-883131
-513182
-424163
17476
1181174
-137381
-235818
430085
386421
-367289
-522645
-203611
55125
452284
472214
-23663
-77445
532024
80065
-836343
359736
751621
-312112
-322683
-630484
326452
139518
361688
232915
-573619
-231625
927539
-157884
-734001
-471403
456077
221422
-172539
-171959
54680
-566026
84597
264943
-356741
299697
-88267
-164847
-18312
-374492
270080
159298
-141371
-122525
21929
445333
-315142
-355708
244649
-274841
265659
907453
684150
-551823
-363350
-93958
165769
-71644
-145357
-62559
858296
197395
-270707
-352594
-405642
-420922
45165
153856
22628
-123585
529217
-521526
-1076237
-125995
190100
286440
-81802
4732
64546
-165632
-484008
-440819
150297
-247105
399942
153930
200102
-266386
-159174
402342
121921
-458806
352965
314302
296089
-522936
220384
58899
230765
302063
411384
-367948
-650562
455563
345367
-270398
-91601
162187
311860
-289735
154299
580085
-266590
-340398
-163249
-399920
-121532
105347
203712
-408436
108674
802448
376861
-301240
86871
-661560
337169
292683
44311
-307843
-126277
-572020
-306967
-75272
177904
236863
266643
45033
-194099
-126335
115628
70833
70583
-163134
-96270
269363
-150290
-417943
-25398
279734
21418
182107
856524
431672
192993
-405986
-429713
-597949
392154
81598
24576
-226146
-71317
426732
538306
-549589
-159803
-378731
71896
-66688
271426
71847
-379104
-403043
546887
-70809
328468
149200
-61310
-27002
149524
-673010
-49626
517966
-97954
-506346
186351
185416
204872
-77221
113906
-182950
-352226
-87680
-234083
-572780
30131
36957
337858
-69296
-74791
513568
395982
-1010821
-702333
240219
71439
-53035
93983
-951
-328385
-122747
688110
381168
-147587
-320899
-104686
-347335
4380
490627
-106729
-816302
-488363
957318
1826622
-217583
-62945
-481299
387945
679501
-285661
-351083
-86897
34283
655561
323285
209643
-97972
514660
353047
-424392
-434892
-68302
-478879
-402063
244309
406857
248885
226561
-199982
-245835
-430484
195880
-199697
-856798
348205
377423
12699
-145559
-511647
-635366
-113000
790114
-70511
-549519
496109
20035
-35924
-355176
-662218
201328
283257
166021
199507
612885
-285540
-374463
47954
127791
-429829
784094
712447
150626
228122
-277960
-1038043
-437736
-7434
523534
-131178
-641
274805
-4482
-313494
-667779
-636897
47130
-53769
26737
-36974
248891
102314
-361903
-525679
-229553
-156478
113547
-24111
-51367
-157567
805998
559141
-257586
-617979
-195433
134665
68755
147925
125084
-154578
-156212
-235787
873535
-270306
-391280
360058
230483
89631
-247861
-335273
-427217
-478691
960868
670495
-428096
-663051
116224
43377
-40461
-18943
287773
15506
-329623
87726
-94404
-417531
-44030
24126
355038
254660
151684
-173558
-687381
-911443
591286
1119416
-96160
-227772
91211
-213585
193838
403058
-354479
-413586
594236
663158
152831
46263
20609
-364986
22991
352052
-300550
-221518
1020898
865735
391219
306278
354440
16047
671139
732234
576251
-640001
-1400029
-1052973
347072
222477
219832
-309755
81353
170807
-97593
-748991
-626848
-431444
438531
143953
71993
-459081
69511
96015
-152261
-775866
-621732
-221927
654403
453081
266704
-498537
-245414
-379408
41788
-192935
-183782
-526987
465412
350581
13188
-946649
-814280
-778899
210256
252189
566370
-75647
324934
341810
505873
-11082
216354
14078
462047
-30187
-376773
-1062869
210194
133401
188271
-393949
-296532
-551408
-533563
-434823
-30923
189086
1136857
947943
760438
80536
36337
-486066
-1299369
-1829004
-809967
-164620
677552
733453
312661
-747443
-849391
-1034381
-1305664
-1591189
944
1282180
-204741
-473694
-523388
-886436
-333614
-601244
-674306
-866892
893720
1860189
817152
477144
-88054
-640049
-160565
-510321
-907207
-1413487
-30009
546801
1066579
969089
366504
246085
775397
149186
-234198
-1765516
-375104
-960070
886364
427016
-427435
597939
2058776
1919429
1129954
-377820
-188888
-2590963
1045975
267664
-656416
605304
3022189
2981661
1197361
-239875
-184827
-3079849
1205528
30363
-1253674
-276247
2828617
2509824
864931
-274905
432252
-1776990
1515159
296148
-1063586
-258397
2836344
2044376
156674
-948274
-14931
-1662448
1286129
88083
-1407323
-406359
2431829
1707497
-119031
-12635
601577
-1008950
1089101
-125895
-1471976
-55777
2938760
1628747
-1071450
-569077
861755
-310519
1200592
-126010
-1453472
-423546
2293765
1458755
-819061
-593454
424234
-539724
1092088
-163602
-1356751
-241997
2159126
1173568
-757108
-887680
242458
-384523
929877
-429919
-1713409
-708829
2121453
1174902
-538162
-404790
569908
-190783
1428487
-293894
-1807794
-866238
2241635
1394646
-271083
-394012
398433
-848550
1400884
-224758
-1653898
-720737
2261267
1022420
-760364
-524836
438131
-560230
1094719
-432847
-1994025
-1217614
1922546
1326296
-65953
159315
855419
-616543
1920685
217008
-1624629
-1170005
1500773
1301095
556122
151417
-138414
-1581236
1186828
-374580
-1707268
-991951
1809541
1112280
928819
83855
-115924
-1283005
1278894
-463219
-1772321
-884827
2129277
1738998
334925
-347500
-762689
-1039833
1480470
-26410
-1660849
-930248
1540971
1708033
-254352
-813426
-706571
-466078
1505365
-128026
-1995493
-1637346
1284235
1581940
-366710
-1085659
-232207
275278
1277611
-475013
-2245745
-1836901
1052306
1174875
-333714
6390
612933
827883
1504177
23592
-1546915
-1281679
1459648
1514197
-151710
67735
-6267
-6757
1483926
188295
-1108559
-1122189
1461536
1180274
-148031
-756220
-96931
-237187
960934
448861
-361203
-213437
1691216
1080989
-130963
-1249542
-158740
-643956
202405
133189
-310923
292288
2237715
2130601
676629
-174910
-533171
-1224797
528103
509458
-166851
-82294
1172548
1028945
259828
320102
-334674
-727859
465572
710080
13626
76801
939637
892356
1196964
1057118
-327544
-1427839
144239
215462
-165089
160846
935070
253453
830819
1008379
88570
-1103412
104631
345578
686454
1014579
1270573
-31819
573097
364901
-245192
-1248542
400023
897247
1096153
1083823
577154
-528839
249953
114297
-440668
-1305656
665086
1376529
1719110
1536748
617783
-498999
-633058
-1000342
-602258
-874442
213019
809423
1584436
1560959
1059849
68592
190543
-404887
-950398
-1595178
49643
572501
1129059
992457
638179
-140775
176422
442719
-639483
-1413414
-1005
563257
1132005
1113327
541403
-209628
153204
441101
-404404
-1169974
-43571
602575
1363575
1410384
263055
-1175610
-902392
-141753
190655
-288524
39674
583938
1264297
913882
-143607
-949496
-69784
752279
302384
-559403
-86324
382417
1304051
731525
-281921
-1495159
-296777
458594
648589
-125159
-487035
-56842
781521
328736
-834342
-2160126
-916508
749442
1998635
1288610
232984
549389
747402
54258
-978152
-1934129
-968855
746047
1689814
545943
57389
272200
610254
318292
-77197
-759066
20868
705200
580655
-308557
-376779
-206722
151100
41852
-174361
-669693
134067
701120
506117
-99914
492141
719250
973150
317542
-139428
-671960
94684
219033
-463440
-1345743
1074386
1423687
1818525
1003601
615801
-437084
-204791
-824882
-1611650
-2186754
652195
1060054
1425478
308942
-503997
-1490994
-341081
-313929
371614
-372919
124115
79029
420742
-156227
-443672
-1061036
108681
332070
629778
385442
278729
484627
754469
318061
132261
-380353
-96061
-42409
35375
-320375
535202
701685
735631
-282682
-954326
-1483712
-863417
-545665
278051
1033764
638549
711135
679311
-320643
-791250
-762797
-184596
-514763
-419428
-2193
270336
232929
243183
-172794
-12641
-129527
-503630
-1488997
-885061
248958
670990
462977
510638
-115932
-90307
-647269
-966512
-1316980
-1048487
177256
136930
-5988
311206
82440
218306
-504019
-625497
-138926
-222441
85328
22694
230098
728353
516816
513263
-548702
-798883
-323292
-41770
-387988
79585
505808
994111
575003
385355
-722300
-1025165
-954689
-456866
-204751
494737
480318
619453
83938
13456
-1069788
-804322
-683180
-447128
-386723
-160467
-261862
-162120
-667337
-546034
-1151325
124455
795188
915511
-29652
287053
364110
463150
-229676
74561
-144872
575926
51772
-222295
-1062745
272767
375809
588541
321441
268311
-146618
61868
-623091
-1058225
-951300
1212955
1270016
1198487
623560
91577
-522668
-803564
-951031
-1151859
-1580253
74866
123697
176220
-309382
55648
-140120
-230672
-427972
133525
-192516
233800
443612
780930
390568
730765
160792
-390099
-1148865
-1052539
-592873
-203806
-104812
136781
-102141
195013
233054
593865
343504
-228612
-463119
-125564
-63813
360669
-42188
-18651
-226211
353822
126021
131814
-231045
233085
714073
1459440
1047706
866642
158544
-27478
-1195246
-1245810
-1401381
-214238
156427
587617
-19626
-325385
-208244
269980
99930
-281669
-228840
-330860
-275136
-29117
-460024
-355485
-525268
-225695
111366
748547
559861
447670
31845
20133
-523979
-120020
-653623
29126
-445974
258239
252825
358700
169142
-27408
-496896
-144851
-281320
71994
-405902
-46790
35676
231527
376392
506118
137092
169309
-295542
-324108
-765916
266413
324944
239531
362048
553123
315543
621256
469600
464499
-409216
-545261
-632715
-6115
28834
482134
189231
457470
101166
739526
341302
127249
-922678
95239
119956
379177
72541
189250
-278758
-196733
-23166
471917
126250
91629
-228480
-141792
-236801
282405
-311680
-1164165
-1281928
73474
1522912
-143651
-485162
-333321
-280217
773902
-3316
-620611
-502514
173905
779468
63620
60514
433786
804215
1790461
500517
-886883
-1559225
-883281
-77970
-122415
145814
746403
886982
1639932
106712
-581630
-887597
-416501
-724689
848472
1031501
1486979
1124114
1235669
-907660
-2004426
-1889410
-939552
-615485
429851
533036
779759
203825
281207
-1018334
-1224977
-956320
163009
229403
144151
63004
199915
160722
268605
-808782
-657121
-117555
653940
421211
643283
444420
651882
796971
785280
-322752
-552819
-152998
-162766
-703683
691275
521925
752958
571455
741425
-84332
-243316
-300534
-288949
-816742
148828
-12021
228387
111621
449987
175789
891359
494577
54946
-940629
400879
468194
772454
796872
461703
-559985
-482571
-109463
420030
-1038504
822700
863442
1095527
561236
-50983
-914857
-513183
367514
894802
-806653
485326
464855
945923
748905
692665
-145000
-232697
81018
28205
-1031903
575277
506464
954746
884425
867997
45610
-207106
-532016
-801640
-1538434
691221
362912
616675
156546
219620
-531110
-184274
-319280
-465154
-779270
251220
298394
808715
433330
62705
-777218
-695721
-1003573
-1152548
-303986
