609653
-381624
474230
-276754
1885
-482711
517045
-540523
155920
-131276
414954
-304236
530483
-278747
250624
-382504
-461249
-751791
364530
111374
624141
-538727
343666
-151493
571270
-436188
-534330
-855564
365985
399568
672665
-638972
104041
158306
256981
-575636
-103008
-965909
951391
410211
603990
-656809
191349
3733
299154
-747375
-59904
-478497
490947
370274
576267
-705787
-71008
-445026
347104
-420509
659989
-489075
181166
322534
544547
-718295
122571
-517284
540773
66059
668452
-952312
285421
-308592
655589
-460394
303678
-468980
329017
-190589
459822
-1176417
244282
-39045
739074
-500157
239765
-105343
-16513
-670798
413731
-927696
465644
291035
733938
-558696
-246732
-348805
-85328
-1325931
159222
-520134
1364087
131619
528758
-621220
-403232
-353943
374561
-1119662
163302
365721
1815062
-323817
381323
-419391
32477
-233840
518855
-1279672
518756
221336
1738608
-980164
299177
-543940
93473
-259294
326986
-902440
429643
-453637
2203331
-954927
-34319
-529401
508485
-233426
801178
-1029952
1059677
-1504416
2421277
-2227267
-455607
-669651
991178
901324
628683
-1081877
1574474
-2896838
1753856
-2817926
-394861
-1327995
1258796
1740495
392100
-1640636
1834570
-3082008
1791900
-3474994
-512253
-1710659
1391823
1901659
662171
-2274406
1688273
-2129304
930091
-2888292
-460402
-1980486
1430198
1742276
424509
-2412920
1958650
-1829916
585294
-2242141
-599366
-2094607
1685775
1895486
60703
-2269937
1609818
-480802
-487568
-2065237
-578906
-2095024
1806185
2054585
-492215
-2634075
1826062
120807
-732769
-1861193
-542421
-2007525
1658682
1683632
-401178
-1958230
1122477
-59786
-427832
-1099255
-574764
-1705909
1515863
1301495
-133260
-2034596
1014118
363617
-444178
-806243
-522521
-2166917
1716444
1424435
-134647
-1625417
957960
377143
-1010086
-569119
-707880
-2387840
1913848
1490072
-245894
-1828068
939657
301671
-1107619
-383495
-475317
-2472992
1917896
1504381
-436245
-1799463
1106987
942493
-1393028
-352043
-358017
-2565147
1620933
1411291
35545
-1499459
1240894
404930
-1682918
-598807
-588414
-2500365
1562293
863614
290271
-525278
464663
-17178
-1592523
-217179
-610382
-2309358
1972431
672874
522785
-480269
199951
-500716
-1006945
-300085
-416789
-2402413
1866389
1235209
3869
-755460
-288340
48999
-1417974
429749
-316018
-2305849
999321
1499587
187394
-1155673
-685485
760227
-1143128
548762
-332551
-2700104
885606
1811249
239500
-1415316
-577695
1828720
-1238232
424709
-432021
-2591287
1199736
1697831
-61744
-661023
-429626
1948691
-1593082
-654006
-249662
-2560860
1104193
1730700
-134667
-384878
-922702
1777956
-1670069
-866787
-33270
-2326168
1144992
1411576
52524
-683043
-821494
1478758
-892928
-807091
187988
-1642822
1050888
1339216
264860
-897239
-610466
871996
-496661
-1189277
382750
-1323305
1056957
1428329
-133220
-549102
-833346
554798
-463631
-1222858
359425
-1206841
853567
672078
-137493
378467
-566198
299729
-543459
-1355136
174138
-1033012
764401
318588
226774
681166
-418476
-121376
-1063175
-1204160
46909
-769664
1378184
174719
-239993
716426
8062
-571917
-768037
-827063
314690
-270388
1524996
-529190
-323206
678814
21106
-867836
-435203
-1110428
534029
75784
963573
-843385
-20482
267445
-122234
-650163
-70087
-1007711
678924
296356
604269
-678773
7925
-413981
-157046
76323
-268254
-1185258
734006
216644
781389
-684682
-109415
-13605
-2297
-755036
-265556
-608142
657877
-1549
836303
-550448
-360766
716155
-14683
-1155474
-315051
-344240
611153
252955
838071
-597757
-487699
158582
-70801
-574083
-118461
-430001
663871
442883
642387
-893935
-792162
83912
728199
-377884
75792
-716239
679973
371840
422327
-1088732
-514409
578508
288436
-563274
-222152
-634195
681910
424093
513580
-1484128
-497872
58025
778980
51824
-21323
-275267
740480
360885
297447
-1507541
-665973
-55425
1525184
990131
-494475
-751695
569256
-116498
209490
-1159505
-556316
194934
1550969
469844
-741514
-779095
353726
-134566
611963
-1016531
-108772
288504
686767
271686
-602207
-507948
506177
-32983
675222
-805305
-39886
430464
836055
-419163
-500110
-138323
889261
-203415
602199
-619431
-67534
264439
424326
-1608992
-455044
383065
1064042
-215261
515761
-1147941
-185491
-245303
47364
-1084210
210760
257228
853884
-210319
157624
-1468408
272513
-179884
806259
-297449
305695
-724258
666711
-257044
652412
-1104277
417413
-37735
296715
-246058
167874
-1012641
802976
-336437
523106
-916581
-201928
-256079
226094
-311038
831167
-970546
832626
-377058
98744
-1335677
59727
198344
210897
53701
983394
-1182922
823668
-417725
-191578
-735839
584070
-126135
-223447
-620774
744203
-7794
664959
-502531
90486
-339392
329381
-687824
-574948
-439490
1387858
433560
481186
-695705
380025
-401702
-97952
-189764
-320390
-426768
1328893
391167
522216
-568132
823168
-152868
-627705
113391
161057
-661100
927618
-284024
908142
-333285
735038
-161738
-791571
-379424
537129
-860213
688506
-64995
999585
-346415
406216
-343600
-686919
-746836
390849
-658576
813657
396761
579228
-641711
522208
-654035
-636361
-354572
1191020
-797097
806873
638817
623714
-511911
436225
-687156
12893
304018
1373651
-1292526
422170
-45570
791730
-490058
382973
-392850
577507
-237539
550518
-1394266
172800
126222
659164
-119758
449460
-597345
200421
-554265
380016
-1417620
182114
661967
580373
-455797
34094
-405169
-124952
-444511
771139
-1316054
498618
384443
719395
-500216
223911
57080
290963
-953162
539799
-840114
562010
210002
690900
-471082
257369
-151093
307572
-917499
232712
-462962
361188
309651
436565
-327725
371812
-298900
552544
-78148
395144
-704485
169915
-51563
658627
-46503
523140
-440235
537916
-291648
-33846
-729108
334237
-470992
864365
39713
275366
-755561
345535
-662077
76298
-986634
353438
303445
836740
-101015
-41129
-657063
467987
-238488
271200
-545477
355723
239967
605980
-414558
274761
-451721
89979
-363987
678090
-357209
614299
-247790
284152
-637069
451059
-773319
658864
-397059
447315
-577558
830751
-348968
387809
-549063
349979
-427902
565829
-528456
221159
-325454
1169415
-632840
561285
-399713
357446
-523103
818540
-979726
349428
84792
619650
-995056
474513
-367112
531980
-424395
655917
-363863
-17283
-470301
305580
-826987
618473
-325727
687998
-817732
527029
-238570
589281
-769446
-283642
-678018
518558
-537276
502533
-597749
217767
-398335
40818
-110383
596010
-657424
359015
-854880
650549
-99931
132943
-681897
-52660
661359
1263777
-933012
420036
-1077963
1300549
277639
-97434
-456284
-158113
-177101
1078680
-566410
585417
-747537
1544951
354244
-236668
-926920
-382086
-4002
737200
-740765
1091922
-662527
1543185
217172
-709981
-1313962
304901
-695654
21671
121628
1123310
-735500
1084439
-338351
-1153130
-1168507
379360
-285356
721316
405191
1010341
-700849
690376
-459074
-378472
-824682
606026
108373
818151
-377798
583861
-454411
981630
-431022
-325314
-582594
717437
259378
-12187
-810460
474752
-317477
896616
-426402
-427541
-493225
443352
47172
-177957
-867573
492685
-501333
720226
-401599
9013
7535
197305
-287722
-55106
-1015356
464431
-277015
841692
-329081
359812
-244991
230699
-738857
-248860
-421143
605384
-97955
648151
-451331
-581234
-439141
1337593
-627781
-87613
-862699
680143
-149675
367933
-524242
-172360
-301145
1334325
-173844
-833114
-1492423
713901
-87470
646649
-264501
-128708
-609617
814470
-568766
-803037
-746331
528366
-188904
572788
-371650
-138092
-451803
412875
-871085
-186503
-521526
85986
-126838
175011
11947
379869
212749
-559106
-832260
283276
5500
222323
42390
-184111
67355
478068
-53015
293825
-122987
-244833
-5330
34449
-41856
4326
-69681
162104
-258833
424666
332946
-88083
-193769
37878
-86364
205666
-276332
-94825
206020
202414
230730
-302207
-754740
202322
-137985
118596
-493024
-192113
370967
555883
96047
-370866
-296355
198423
53668
379884
-64484
-62000
114329
119489
-409842
3694
-145985
96894
126689
259697
-52750
-115329
-673994
-85988
-93927
404744
99535
127359
-34886
42217
-51947
240641
-756279
-198955
266629
727658
-13461
136136
-137930
-18461
-461657
171244
-281138
-557943
153856
953178
-78875
82217
-102417
386035
446
173283
315326
-69430
81332
445602
-540712
57583
-216014
489485
264253
-197367
-252261
46520
-499155
-425761
8817
271378
-450966
236430
-65406
-46516
-202085
-70025
-706799
-723233
604953
136653
-386412
631081
408802
351957
-321448
147935
-694874
-1256187
-271857
88312
-311251
216474
1125968
737382
-824029
564099
-688790
-1131912
-842209
157940
-184591
-356957
684089
548262
-255749
21728
391600
283089
-1334484
97821
1842
-232780
44538
317941
390287
-20348
453742
660080
-1288890
127512
145020
-77077
-387966
-43699
410346
648471
-12665
727244
-1175567
159808
148997
197878
-199664
-15226
201869
628519
-90390
1043174
-1621120
85767
390387
-73962
-490190
119395
266217
395653
-514300
921571
-120463
9377
439920
-19272
-1020462
339712
1122186
102508
-1108927
643798
367550
134738
198231
3638
-636223
162075
784716
87751
-430428
424789
-176065
186279
-78572
-255539
-131848
251158
566930
359899
-567226
-149410
-184602
111415
26499
-127705
-409583
97840
381552
167880
-392090
95542
-32821
354084
261363
-272017
-642918
290095
527543
444424
-324406
120666
-75595
241500
220891
-174278
-1077306
554323
1140194
139055
-1070486
-131152
180487
16691
178235
218715
-1107591
-41157
1328765
-38954
-1110859
373351
728358
309023
375224
153093
-410227
182544
206364
25906
-434899
474840
220150
311218
270778
-369187
-664154
867472
-606879
104022
14875
703475
-346409
380452
178913
-457161
-957140
871894
28441
-115052
407901
561454
-253683
207568
32480
-123834
-556182
127657
416495
429681
171724
363965
-619290
338552
238316
193416
-718593
-353999
658744
780879
-615669
-78517
-539862
455243
471982
-116435
-912989
-126476
483275
-67848
-426448
-253711
812124
538677
669837
272092
-1100347
-17775
412897
-181007
101253
-579988
1417068
589343
613094
513960
-883632
116377
373989
320332
-518794
-620827
523862
430963
246614
344632
-663516
-101396
560910
778353
-763858
-411827
84452
200013
-11404
339462
-1030885
-143621
1212890
842565
-202873
-584570
-63199
33331
79896
541542
-573990
-208859
675019
412460
58268
-751023
268370
-106965
410292
621705
-294501
-464143
207772
197586
442529
-87283
504264
54628
543081
264662
-873771
-43820
207890
-221996
298236
193612
283241
113504
439779
-53781
-676422
713408
-374779
-471425
727349
247033
-150596
-51961
383222
158034
-5584
483317
-337041
-319259
274319
45181
-211776
-22834
43817
316833
448317
82177
164406
615270
-796034
-532516
369017
-47246
-56376
237656
194624
324058
10072
491254
-128173
-41836
-282719
-154021
208450
391675
-186447
206840
-390186
-117879
716709
346618
-369239
-89278
137848
144418
-189590
163804
33106
264644
406269
190602
-420713
-109715
66606
26866
15411
295257
359087
-286259
31514
-56786
-267974
-128974
-10318
179304
71512
39301
-317347
-137025
1128624
356592
-256733
66943
-328809
-15539
220809
311995
-531493
173833
513862
132756
-358539
-55584
-469879
28986
385964
469547
-143590
-485035
-707235
69355
364078
-109469
-109220
354871
294243
348302
-78371
-622449
-898463
368079
822252
127960
49057
-44102
73267
267216
-236860
-40327
-531626
-194566
901356
189665
55164
-173343
12612
47016
-301659
-488400
-580815
-9659
505802
52890
179774
140707
-345577
57334
-182206
-544268
683667
603435
-391846
-185680
8594
400699
-89997
369427
271473
48393
569360
505376
-1007289
18041
-155864
487231
524252
316216
-463556
-15170
-547749
374860
-152486
249240
-98041
-30687
-186722
146865
-573350
-60052
-83156
663938
270599
10427
30164
-46053
-341900
504471
5192
-52287
-180809
222361
227879
-27312
-75121
225657
244870
691434
-748488
-588012
-368100
-333231
736140
30223
-148342
417894
385489
-144198
-705602
-146485
-115932
303341
143897
-12175
-104013
361031
167041
-459725
-164211
808660
-328316
-282630
-576929
290438
165486
394651
182286
-131405
-486369
514902
15344
-776972
-512175
309115
192627
72929
-287492
235677
-361936
-323714
324430
-334971
-116788
13663
-168879
156678
-300739
209233
239376
-382182
-76229
32207
22156
-214682
-407557
287832
-97502
65081
633129
342487
-188790
-406176
-56967
184411
27163
141034
-131507
599561
383877
-348682
-321506
-322565
-609031
55495
-33912
188893
-284759
453554
-323979
-964235
-299593
509670
-248273
86374
-43671
400397
-239034
-88845
-617738
196339
-258178
343408
-86847
117272
-186969
-132861
109362
303016
-419206
230966
219676
255298
-359900
286583
189608
375031
342269
421462
-69456
-597372
-65467
468602
-779531
-76044
-32874
376173
-276455
-46546
344188
94907
-518736
305892
-610943
-76705
10726
400245
-188633
25025
555918
479396
-447609
-87601
-455609
154630
214814
206861
-170735
-28258
-265102
-236124
-32123
38437
-10620
174224
-41059
-9006
-246415
125492
-223277
201130
-108304
103423
-34581
-60878
-332059
80355
233118
309681
-28129
714486
152488
176794
-430732
-195949
-516929
243473
295703
-128112
-129664
-135706
359474
304142
-228624
-85942
-389116
111607
-100396
108407
108218
-253375
-420900
357275
124561
324687
98143
122645
-180496
299155
-561079
-132903
155881
169866
-439982
183061
121859
257318
-159517
94021
-160416
-92385
-158583
-4001
-737642
1554
11448
287967
60369
-48677
134869
513262
-761895
-567958
116875
44012
22047
143388
-2818
-50606
-256316
588995
210874
-67866
-336171
-48820
-263645
-22700
193438
332872
-747141
-167581
132417
1523705
43550
-47224
-296152
112408
512590
120219
-439588
28342
-119355
602147
263036
219320
-78433
320502
278438
-599
-356121
21954
-592940
-604496
100820
196850
172609
218703
-301953
25478
-244060
-137841
43302
-587859
-25667
242833
190725
3034
-364197
-102944
-80704
386314
-81787
-800482
89765
-108189
-85962
-23025
-676636
271095
330317
102313
-41244
488210
-6852
-151273
-109841
500461
-435763
774465
716830
-93437
-186085
-50953
-910658
-144346
-228249
725029
-124873
245356
66600
66996
-565980
-245199
-809148
82633
-66627
163817
-143140
344053
15437
-195436
-646033
-75704
-102401
201818
-46199
84814
-173540
621119
530934
-164448
-416583
-178026
79560
207565
55120
389162
-164603
260340
-262718
304465
61028
-572566
321881
230246
76497
26848
-352707
-66535
-602097
590969
759113
-56752
-507743
88967
53737
77159
-15494
410704
144194
-275713
-215853
329882
-697530
91285
20412
421972
273328
281415
-183720
-470540
-823973
357492
812610
32247
-163549
158957
-29095
103723
328656
-168791
-518330
477182
501105
160686
29923
188236
-110207
112765
256981
-65988
-449508
591862
378858
-436924
99181
-419215
-145666
-995738
-510291
459089
1357555
389015
521045
-455765
85072
95033
93609
-530277
85964
-614947
364824
258551
187728
-278497
184283
-149018
256974
-182801
362509
-286447
21580
116567
275246
-386257
131582
-330875
645472
82667
-58470
-463426
-1225
519351
898615
-535074
157907
-226000
941731
339702
-89020
-846055
17432
-76229
506306
-423397
-91194
-676133
319926
50562
159988
-280072
650567
-174764
454004
-312459
-14181
-461589
74304
15541
888296
-68599
256194
-548024
45468
-537579
-20633
-253084
163603
-146884
1353791
745680
384134
-965276
44413
-716142
-92193
-162260
664782
-160311
702858
962219
496343
-1123119
65509
-11432
325656
-450492
380769
34014
277262
194891
200361
-975504
61790
-220053
532324
-359070
52127
166169
634575
-41962
1143733
-19109
-279532
-724465
99832
-617347
136826
-298904
572070
62955
1798879
488192
304566
-275999
275415
-897757
-993954
-1164077
54944
-1012067
1800575
1054086
2061404
-323491
454986
-186011
-1772639
-1786587
47703
-1566214
1289304
630114
3001846
-418308
479596
402662
-880883
-1695163
-445000
-848660
30504
-839613
3071375
-503539
196716
332520
45527
-1203608
-613634
-637295
297391
-1105403
2128677
-484135
41757
49378
443677
-691820
-794189
-1137054
423009
-818631
2139475
-369337
143266
-153772
113107
-633645
-249973
-755623
93570
-1426397
1959590
-369724
-97308
245104
558560
-901740
-740844
-323137
1170172
-1151136
192627
-274317
-242923
85491
1241188
-925610
-1315916
-50150
1385303
-671633
-125417
-373881
257074
156732
691405
-770777
-976029
-253300
742636
-360293
229718
-444299
594754
438137
468779
-935467
-841381
-526474
757846
214226
341270
-601058
342305
215213
709884
-690276
-583063
-313697
560073
-21431
252051
-700787
240042
491681
1001773
-1009638
-835326
-600694
467250
-42349
117391
-648215
103877
429910
1756947
-1121012
-1714516
-419260
1221873
180032
188982
-525595
41191
-293353
1666066
-602653
-1653554
-387244
1234901
-229122
-219715
-571801
211320
57070
637660
-982161
-437616
-236429
456427
-145549
33929
-826600
66241
685899
935294
-1478854
121837
17928
34920
-173337
404992
-881786
211947
853538
1262538
-1273170
-325071
315897
-360632
-202232
45036
-583910
493842
467518
1210550
-228651
-912851
-432535
-401310
-72116
293638
-837733
148362
90727
1201137
83830
-1174546
-485202
149112
424381
315221
-1082187
-260323
93185
1284968
-366801
-885780
187476
341589
637757
-861465
-1057316
-676128
-483896
1363351
-485963
-562583
204744
309866
740218
-1157333
-779074
-541761
-858978
570340
-800435
-1069251
-427184
843416
997943
117334
-533388
-107239
-511325
758459
-306147
-1411367
-1006187
444270
728493
363476
-405182
-181102
-604579
1251076
-123239
-1704079
-973235
-58074
999141
560672
-23491
-117930
-851572
630889
10994
-947636
-931885
-543362
895808
130117
75093
-526027
-1092641
414166
57294
-261844
-198708
-524713
-65986
74055
-232224
-846030
-780790
746871
-429863
-75555
105249
-221034
-13120
267019
-481790
-1022590
-527889
342693
-948974
935168
736087
-645627
-120660
748740
-197276
-785767
-1010530
-491363
-888445
301477
374588
424278
383273
619027
-49231
-84923
-875942
-703313
-370267
-381296
-868578
853110
790037
251648
-4953
-146675
-711545
-306450
-521866
-3918
-446933
-80034
137489
850529
84889
-488809
-934547
-65328
-192522
763888
163752
-828923
-505179
666703
-26977
-334571
-604355
5244
-206783
127056
-14110
-308549
-307904
707923
-22827
-227920
-538630
66132
-241812
111807
162878
-452092
-91287
381997
164095
53960
-569034
32863
198128
1137645
91487
-1490358
-939660
60802
-139203
429083
-144547
-55630
51666
1311796
-11949
-720502
-709231
-139173
-113482
322444
-459158
-290421
-489364
406415
691941
693381
-289868
-286977
175159
239635
-518774
-220149
-518607
157872
358178
787458
-427370
-941267
-336643
-36339
-183557
87413
-229476
384278
-4922
783175
232146
-706533
-819221
-484231
-660004
-152327
-271375
568811
676886
1094283
381981
331609
-549027
-614185
-808760
481579
-341054
655853
436628
-555025
-548810
1238039
88602
79058
-816456
327551
-261569
305294
-95871
-512874
-1146046
916979
-226790
271105
-722304
-401144
-457518
776285
-59368
549641
-554431
348495
-563848
-28625
-285404
490232
-86672
884458
306426
172939
-1113332
-200697
-395747
-176117
-162367
629994
-344013
596820
308651
615562
-140504
-548284
-218546
121887
-489552
-287625
-716646
1072613
717066
847007
277276
-738397
-280008
233906
-651584
-195504
176270
838825
434457
785689
-54096
-189625
-274554
160399
-798324
-127832
559434
320394
-634988
590366
355897
807587
-448990
-44214
-732507
-236984
59627
699178
-435641
52793
649242
689515
-542043
-264667
-553351
175744
-402455
659711
666192
112618
227137
213975
-207022
195824
-607113
388531
-226660
60930
542610
682113
32780
-716
54287
587289
-436772
530320
8206
-364943
-665628
372980
31543
284671
-349527
151210
-172877
476276
-811373
-17750
160756
354487
-50515
912520
-290679
-115260
-656759
317457
-690388
431504
747194
801788
-289992
560563
-544258
-182837
-741162
83433
98831
932083
-167796
936467
-75257
653115
-542050
81696
-230766
-223976
-479178
682554
-134620
124824
-440486
831599
-338485
-77911
-598631
-193082
-632394
233008
676289
505507
-529008
731182
647
56104
-709773
279337
-331681
-599312
-345980
834503
63545
987124
79994
160345
-480947
487403
-62011
-442415
-831718
272936
-320131
666287
-475530
-384985
-743828
13452
-316615
643762
286454
561825
196305
307554
-312033
-26567
-392520
130343
-391414
71452
-439223
495234
118618
431270
132743
664671
-127602
15631
-47136
453186
-909123
-430209
-627666
259381
124942
791715
-380475
167634
-8303
427248
223636
-64231
-857274
276620
-273068
439061
-167503
390274
-284336
251634
67692
808313
-545069
-3651
-532339
-173183
-363392
355831
-437252
945455
108515
-110755
-289326
789980
-353802
-173243
-654040
59529
-517637
165339
4559
743094
34323
922506
-127080
32520
-665867
50553
-285585
-266068
-1121596
813166
776846
457424
-165429
141560
-383213
71381
-100714
586957
-780358
-361770
-399724
661785
-44834
512635
-164160
-134325
-426943
1129336
745405
40869
-2118008
-418948
-48707
759248
-272661
-362954
-252076
514408
149607
610456
-500847
-637616
-317961
273027
-744054
-337764
-516168
423557
377540
932442
562953
54955
-424574
-132839
-823956
31539
-667973
180608
67319
608288
1197937
302992
-620512
-220065
-757666
247977
-105192
502364
-1323
679936
686975
148960
-385615
-93374
-588874
730767
-609394
84045
438431
668888
-496513
294638
93334
279848
-812665
673695
-778895
-339797
68350
195293
-253411
936413
-80601
232354
-1068230
70236
-447085
102950
27874
686003
312992
1030422
-554632
-24163
-588982
-12353
-798373
5696
311758
789293
249724
630000
-380942
90978
-401459
316817
-1043412
-685796
-161297
557571
300100
286053
-390344
-73293
-664171
116188
-218483
636137
-839688
-58927
354564
129767
-665157
-325459
-464582
256932
-8424
908203
-478800
-661632
-172339
1237270
-470876
-226165
-628625
-186808
-568706
167894
312648
321255
-481585
921521
-345435
-63956
-893598
-488657
-681335
121488
472394
1366823
-214967
-410243
-388284
159646
-523017
95937
-380972
-245503
180286
802459
-325918
-16800
-489385
-103599
-547799
312026
-113615
127406
311494
944757
-677149
-618122
-976849
789268
-789301
619969
-436094
988306
-294646
762289
-661907
9246
-984634
839875
-956189
261330
-583609
964487
510503
1319166
-900612
-75557
-1135112
1199135
-719698
127233
-782032
658919
292253
1381044
-867900
-156124
-1194829
1207398
-466206
132262
-527363
971591
-359438
1410626
-979503
-488033
-1041520
1314497
-359927
470711
-773518
928486
-563346
1316063
-915770
-344714
-1063975
1143701
-428067
800877
-950453
698513
-992344
1485148
-614122
237316
-1102957
1273290
-335536
1054456
-602295
533057
-1081643
1459661
-1195053
186803
-1266260
980150
-655852
539925
-436519
789539
-864785
1693999
-1071727
601141
-1177724
1169181
-143318
420223
-41075
1520313
-950814
834818
-1731652
227874
-1087099
1080303
-86370
317867
-420942
2210882
-686293
464289
-2106450
847369
-990764
1010133
-3427
658001
-539704
2193675
-668354
213705
-2684178
1066004
-285810
963740
-514631
521225
-920746
2349540
-1223577
851363
-3506476
2280628
76105
909774
-695749
118222
-686768
2166279
-1697355
2525780
-4074883
3392495
424319
887425
-1542608
-561660
-589544
2225167
-2266034
4236981
-4486564
5054119
911251
1573664
-2242510
-1684218
-417993
2347135
-3314810
4996944
-3640610
5897847
799376
2261065
-2739486
-2519167
-504950
3180545
-3897499
5032962
-2866426
5897505
978310
2836676
-2815919
-2405343
-528042
3459959
-3853842
3432684
-1611307
4772102
940471
2959249
-3104674
-2405386
-99085
3649108
-3609798
2559112
-341350
3479387
968616
3117669
-3175338
-2265033
552925
3087982
-3298744
1123444
684412
2950132
948934
3039235
-3206169
-2465255
669097
3488006
-2729331
249858
721059
2436850
872592
3061369
-2948213
-2028209
572219
2884908
-2292278
188687
890577
1392287
983066
2994488
-3220715
-1626431
319840
2822056
-1987890
-2356
1239756
870949
954369
3510839
-3494809
-1595784
498108
2532985
-1981603
-226713
1726021
328012
958101
3892582
-3554548
-1592825
418007
2340901
-2087841
-187591
2168738
162436
732136
3861731
-3487041
-1539003
354235
2184875
-1673147
-338519
2309741
153774
823673
3904565
-3215001
-1077116
-566089
1918577
-1510636
-77881
1916056
412784
712716
3737960
-3231904
-656812
-758467
1187085
-581782
141764
2060992
284482
740337
3682092
-3345369
-905336
-380299
1041704
-245539
-60087
1824232
-218830
545387
3955887
-2841806
-1935161
29331
1439316
192037
-950916
2455770
-791787
503724
3887075
-2326206
-2116893
163095
1563024
481025
-2027526
2675091
-816554
362293
4055673
-2187336
-2158058
70655
1243990
1112969
-3033710
3199480
-635288
323536
4143052
-2350702
-1830584
358842
822277
1019230
-3210577
2907752
188555
-93862
3747646
-2280140
-1799596
184134
857938
988007
-2435442
2274359
1177672
-361050
3339670
-2085925
-1668629
50307
830492
913053
-1692526
1394750
1497709
-570577
2511783
-2019686
-1334084
198086
622042
1173388
-1153676
1018276
1598484
-422202
2019312
-1895549
-1276429
-79273
-416121
1255434
-670984
1337721
1851253
-282105
1699029
-1721517
-322881
79619
-912979
955982
-199623
1140577
1384422
-264514
1146354
-1941605
513896
-354416
-1351879
589017
432199
1165885
1855992
-290640
851241
-1966426
972674
-115682
-1001326
53461
762305
684064
1552062
-640383
219352
-1846847
1096338
-132965
-412951
10702
889085
351230
1841761
-933657
-40827
-1380137
1307718
-178255
-85734
-284546
953919
355013
1526621
-1187758
-264713
-1283599
1288724
-82134
220685
265255
659976
122844
1414841
-1079505
-243023
-1504312
1218880
-29557
-519056
239701
1284279
261352
1094439
-1050837
-202898
-1300256
1167516
543170
-776334
-151678
1320141
211239
861369
-1071336
-391422
-1045038
1309440
478194
-857598
-344182
893453
243877
1308601
-1168258
-510516
-1001822
1658550
565282
-193150
-729428
566350
56157
1010583
-1208169
-367618
-731336
2036522
363436
-491485
-1206165
351924
383903
1001153
-1215375
-307077
-775482
2212875
460839
-129000
-1771797
55052
737578
615686
-889124
-62042
-780822
2132948
510779
-62501
-1935479
-689555
765252
641497
-845815
230255
-665222
1914064
419515
-27589
-1681425
-327120
747146
333212
-882570
316675
-1049508
1643459
-40499
-468521
-883478
490801
492466
337345
-1031873
554089
-1161546
1515436
-156543
-388907
-708217
1300326
-77088
-67016
-1489814
609546
-921923
1775612
-298445
139025
-914806
1761843
-243824
191990
-1646315
576345
-1019833
1870200
-698115
476063
-651540
1640361
-284002
757981
-1516100
407690
-889092
2176773
-768602
597328
-883232
636560
-646395
1661776
-1186575
759117
-969315
2073142
-580001
293393
-402267
236166
-1168190
1739999
-1382656
797392
-697985
1456404
-576740
377431
-333745
452341
-1218793
1752527
-1361097
909139
-331317
1442898
-359070
609500
-22825
394430
-2101993
978132
-1368913
837334
-320499
1115676
-430771
657821
107588
778613
-1629364
223348
-1081679
1074595
-739511
778226
-187156
556010
513320
754533
-2028686
-117890
-1196810
1074515
-1132183
849429
527449
113927
249115
1122529
-1768716
28119
-1256929
1095397
-1317673
571171
992375
-3336
-507628
1373793
-1575709
224514
-1476059
956800
-1234353
604668
937193
546521
-1043746
1563300
-1291688
-68069
-1354519
901830
-1044825
996590
495722
622709
-1159219
1731971
-1633415
-272741
-1273524
1045091
-1071839
1133981
-60146
611613
-1468616
2256541
-1329894
-241343
-1029370
1064252
-825296
1183375
-367481
511991
-1804875
2154368
-1151497
-383861
-1345969
715897
-608921
837085
-646370
736739
-1112781
2334752
-850342
-60310
-1003824
790097
-642393
740295
-371733
856515
-1058043
2250390
-1140257
-390109
-1339885
697696
-728310
420925
-88887
1269394
-1078241
2187331
-798810
-35132
-1095548
967848
-498360
404156
-609537
1255457
-999631
1178932
-875199
-247039
-1219234
604847
-710124
551730
-894616
1188562
-241947
1200477
-707345
56910
-1132595
515530
-728866
765922
-1165247
683941
-592855
1362919
-519255
440804
-1212981
498025
-520305
1043703
-855769
628300
-482547
1135558
-968832
291863
-1411055
357068
-673163
802010
-802328
908992
-353716
1411806
-641230
44475
-1156376
608848
-582906
1242003
-881281
561616
-785872
1064355
-966951
460035
-829001
934751
-712263
1067180
-822171
1012760
-1036477
781670
-1513979
898146
-699592
1016154
-881654
1211652
-1120436
1255411
-811307
684520
-1531457
1265547
-805151
955812
-687837
912781
-1169276
1187605
-749873
771629
-1282430
1257991
-957345
747949
-949178
1130553
-1322725
1494659
-667838
447958
-982966
1500023
-1000462
776653
-1089279
987313
-1173921
806893
-447644
1012388
-708239
1414479
-950836
972042
-1312045
1051645
-714465
758191
-714519
500518
-495028
1452847
-916629
1290408
-1527896
773478
-125787
792308
-458736
-300922
-1019976
1639843
-813465
1518737
-1937454
410236
48681
1151311
350791
-391723
-1848978
1290191
-966527
1795659
-2317317
263067
419637
1026986
-383333
223949
-1271117
748927
-1415076
1535411
-2695859
200545
622399
1433037
2668
855916
-1156372
506634
-1674997
1576584
-2351302
538505
705941
1428428
-978176
870508
-726263
392072
-1735536
1281441
-2034442
725653
880936
1636259
-813527
658218
-794736
436637
-1436772
951650
-1570095
1003760
351450
1114978
-879310
268918
-502532
828796
-1033488
876601
-1604300
1033593
237802
809752
-778228
-58928
15553
1065497
-894642
769708
-1577673
943516
-78984
616156
-666989
328706
321156
1307018
-1017885
626010
-1372459
758779
-134296
573381
-751929
1049537
-90698
1433242
-949732
567330
-1111204
946789
-218903
173795
-1441302
1353559
215997
1364858
-1101769
433739
-1108313
666948
353510
719711
-1961041
1320903
502698
1222604
-1259366
327316
-969848
887488
235030
692417
-1720872
945361
586941
1605729
-1170729
426315
-1162256
841151
-103748
816890
-1085369
1099686
256179
994456
-1089290
400161
-1219665
961159
-263914
664456
-401327
1568104
-371233
352645
747321
-13164
702593
118683
1175400
283297
-519163
-1505929
-893926
-565363
839976
-260588
183794
-38022
591006
-42059
-16669
-1310610
-211099
-191461
793393
-371223
92935
-200448
280269
-394267
-19625
-1009904
-121671
142532
894066
-180506
212199
-624865
139824
-466198
308945
-581129
-441272
-214690
865979
-226683
-29020
-1264161
-288298
-491747
886208
-382453
367438
-241023
774273
-73601
523962
-627742
284460
-140505
702684
-835062
128007
-816405
703943
-170343
398491
-435002
-122139
-793429
86752
-828667
373158
181117
1269658
189767
413948
-71240
-93590
-1472367
-793230
-1377486
588923
39617
1212275
220256
-18845
-723365
-272337
-1812830
-1239621
-1117921
1310251
583049
282643
-602481
-267017
-921920
36272
-1386122
-562032
-276391
1949247
935727
604241
-435733
90010
-568525
-5710
-1389217
-460694
-1226907
1333664
356933
959848
82205
527130
-89752
780258
-1240953
-30471
-2507503
1132964
-1166341
444420
-185185
654308
1118842
1935916
-12188
1476038
-2642211
779685
-3684583
432336
-804532
530790
2403604
2649021
699511
2279331
-2713532
492450
-5034024
603495
-1413076
52397
1965424
2889617
244923
2069001
-1672686
956446
-4581730
824370
-1421384
71526
1494087
2837660
-272078
1585472
-1576918
617411
-3635680
708551
-1461602
28233
1185255
2180136
-244209
1434875
-690852
187951
-2814768
451984
-1679669
225299
1557837
1976816
-541546
715033
54424
236513
-2405618
578974
-1643492
8022
1321774
1657353
-469993
320186
-370412
319041
-1598638
462877
-1397545
-101518
813103
1780351
-213139
-34081
-690003
55530
-937653
342835
-1802836
-150142
665328
1674687
-291978
128516
-63222
-114141
-757397
573722
-2204558
-234339
724343
1746938
-95532
480340
-120343
-633762
-1035394
681185
-2158707
-19400
666045
1581707
-370404
163278
-16317
-723339
-849923
684591
-2310445
-394385
373116
1510116
-24121
664785
405569
-572958
-763172
1041616
-1864007
-506270
-143153
1713485
690785
720802
-122755
-1131684
-1406716
609124
-1913319
-49184
-573546
1913228
890464
673600
-536453
-650147
-1274829
649020
-2158985
-13478
155803
1968457
768854
159703
-315905
-1074738
-830681
948176
-1883355
-648812
611938
1661073
353831
-516879
-19795
-1281815
-492443
1071523
-1994348
-1239624
194997
1636888
94026
-791092
357423
-881385
1396
762125
-2394247
-1209898
-94019
1026686
374451
-607976
1401809
-597334
69992
993480
-1969843
-623136
25255
839314
1094617
-657330
1431083
-1148617
-742761
1374511
-1603087
-362475
33656
1143436
669605
-870793
512635
-917927
-653952
1274395
-882616
214801
285894
1414207
150146
-609720
-315239
-445196
-825788
836574
-662147
576994
998041
1753260
1184966
-109884
-303294
-878505
-1752246
826753
-569944
556378
640950
930943
1417340
-25730
64125
-906216
-1600366
688515
-190941
578013
-16412
724803
1742595
657598
485486
-1173345
-1936396
278871
-315444
828697
-28487
560993
1286103
912972
432059
-1036154
-1504872
239121
50827
1641444
180650
516986
646954
614109
63415
-429594
-1621426
635714
804284
1655050
-73290
400061
157059
244048
-321396
-384423
-1755413
1088031
1388719
1564372
397774
520930
-786504
-434547
-449626
-580543
-1547257
874298
1191940
1870470
779992
820983
-402339
-171548
-720817
-928144
-1831280
590840
621438
1792699
557353
275623
458075
373745
-894194
-997228
-1310166
478775
599967
1564362
483531
110559
363044
395850
-341487
-695321
-1437066
400682
974580
1668006
445772
-303552
-777035
-113015
-17238
44702
-1089200
505615
931721
1426773
21942
-579087
-391374
307932
360627
137122
-1253176
504043
719609
1368457
-382802
-408801
-630661
321468
366970
69319
-783723
145416
368046
1113398
-726948
-1057636
-1691847
420883
1438023
1096406
200744
500695
276301
757008
-730421
-1336248
-1727166
562130
1399061
941494
-34557
416147
82303
856144
-408379
-390467
-714437
357906
575346
90482
-348577
-21739
-160439
728184
-422359
-134264
-277007
315301
176321
229268
201097
734483
255793
882879
-374579
-280363
-245891
495965
-635385
-404928
-190372
1582029
857131
1629510
57185
161333
-368604
-192609
-1738239
-1158800
-1215723
1417471
954594
1429662
-677491
-93974
-1304465
-4414
-582383
181695
-1193541
653445
162926
892115
-1101288
-56091
-872052
450697
357280
893825
-890607
660817
55988
1116604
-296314
134256
-501822
109912
-316157
607211
-956463
1055710
246572
727007
-927099
-573834
-1169751
-533208
-304791
1244045
-88532
1115670
336166
329799
-1083330
-348711
-778873
-356476
-638574
657546
131760
766365
-24822
265473
-240445
293673
-899811
-704750
-1582880
155455
791451
870981
-99834
662993
-203603
-181665
-1076830
-1092443
-1415216
213633
767670
609499
-317685
856208
-175898
-545875
-387565
-369092
-824564
282395
-28994
663371
-128692
1143078
329807
-450472
-614399
42593
-806279
169787
-435370
905893
234518
1084174
299222
-214920
-1131396
-394582
-1049445
-73217
130317
890273
75538
904942
-253628
-253619
-1093752
-373739
-1219401
26558
322073
276502
-601499
458116
-979679
-537801
-586404
952019
-609171
774563
209749
698883
-239559
443108
-714830
394775
-281346
1001925
-836784
70972
-659939
721089
133539
673132
-256429
700397
-609352
46675
-1305886
-548194
-281356
1250551
735295
1062313
55225
-97732
-894522
-128471
-1785882
-538950
-751573
851039
-80621
369021
-55585
98460
-865681
337234
-1125537
343964
-455319
780768
56013
790118
296237
813820
-730320
-334448
-1156500
-224425
-279213
331638
-85022
578729
-237625
599208
64575
264348
-614781
-319363
-425241
203780
-157385
547721
-558939
393356
155890
662158
-453471
317019
-630270
814732
598415
1293135
173736
835955
-513748
-29170
-1378289
-510256
-891327
611640
285777
686732
-260324
294916
-265963
232004
-769426
-317929
-145103
168247
-479807
149043
-508507
-118774
-432463
590156
-55852
796199
224873
358726
-609909
426289
-793740
144652
-888381
266850
-308221
1023927
-198151
482451
-471523
248527
-862740
344629
-530160
64991
-832954
968586
-277838
676145
-1884
482489
-370216
511405
-1054944
-26175
-437685
694701
-436665
658758
148316
793331
-121154
933046
-347803
114023
-544883
-25797
-1204401
435710
-120068
944809
-234302
818142
130986
900949
-727578
-171334
-1146959
491165
-192540
782766
-267614
293961
-446574
642516
-53204
348554
-781640
375793
-674188
385257
-67213
228825
-1077613
-983418
-194781
1571885
299960
188437
-1200188
522290
128801
304829
-700611
-715596
-278007
1263563
475564
446086
-724279
1273851
861044
836532
-453541
-890806
-1210445
7568
-154438
620885
-324815
1595850
860073
928925
-755419
-447253
-1090939
-463620
-452343
1400779
184342
1962093
717694
173335
-1402994
-837815
-1668081
-700181
-221063
1205318
45963
1326333
-91758
-77097
-1457299
-801053
-1046512
620719
-161879
551369
-238534
896422
-331993
234467
-956174
-173679
-76314
640541
-478717
616066
31598
1348069
210799
224734
-606771
-158889
-198374
-343293
-1177000
956156
136166
1243115
255566
490182
-368627
-230195
-486383
-509517
-1334168
604914
-182743
776184
-188265
865794
232502
577663
-232213
-323679
-1260126
641590
221289
1074742
209256
224264
-593008
779776
-576812
-82381
-1197510
1135707
613366
1100854
37421
-438549
-1200641
890906
218100
63943
-1715584
978087
416934
1117186
285932
335744
-573314
403060
3907
-402096
-1743251
861476
396841
1368462
643305
590324
-405485
-5699
-1227262
-557707
-1123582
892475
116820
1056648
-155273
328943
-410457
-40597
-1036022
-296912
-639267
752586
184701
1047678
-327899
24715
-578376
-588968
-1392975
-91987
296733
824313
-286483
232546
-219475
136243
-429792
398380
-624571
-83276
17424
717000
-136077
568829
43147
242014
-735742
-787546
-1334436
133774
467007
810100
-521807
231116
41852
824500
-92933
-872439
-1398426
-61752
384570
979958
-442012
-110176
-5982
272282
-637878
12787
-1211889
313407
646948
798212
-684879
-238379
-243719
318245
-626293
-40926
-807156
573589
750036
823490
-396680
34466
-347663
462431
-395662
498779
-893245
-444082
71344
806008
-744299
-415959
-876045
48778
-310838
772342
-642382
579289
467046
1086414
-121716
323694
-300354
336903
-492052
-38588
-1607251
14707
-172698
966577
-429288
-331361
-559028
-277367
-1046085
173172
-614031
1062162
1026298
717180
-522437
-228941
-139827
44884
-1861873
-411934
-545156
1625566
455013
1133543
-446384
-779241
-695264
136979
-1813882
-584450
-250266
2194180
585891
365247
-468947
96348
-222711
792834
-1655565
-98246
-158269
2519154
-761720
334843
-933651
-39761
501667
805730
-1215213
643657
-1215770
2096927
-1368157
374372
-849749
568951
910262
1464233
-1412818
766359
-2201631
2238682
-2698748
-222395
-1615150
912357
1995074
1711335
-1224799
1733107
-2767591
1290112
-3709135
43461
-2074503
1186907
3314337
1876941
-2122914
1989519
-3324150
596761
-4066755
-240107
-2891251
1018640
3314295
1916717
-2396919
1904760
-1332696
177053
-4129910
-113624
-3011360
1175456
3633231
1740284
-3304317
1348217
-1093862
-98144
-2983879
-240535
-3162461
1059568
3149542
1088036
-2464751
1480875
-73644
-1067602
-2800201
-391208
-3157370
1524139
3615985
705290
-3458682
946551
1027131
-822461
-2808175
-291441
-3330501
968791
3251769
568602
-2622842
918750
636504
-808269
-1778521
-439891
-2987339
1180953
2667422
871704
-2561832
420178
797907
-964408
-1585918
-321541
-3446969
1228887
2844153
505153
-2357800
552037
1106314
-1169563
-1192122
-471867
-3867333
1046802
2794238
835381
-2032575
829800
989416
-1732972
-1281367
-161839
-3663649
1264466
2591245
360614
-1873068
588767
1021981
-1893920
-1384588
-315187
-3947541
1041876
2536831
937572
-1569277
1026814
943903
-1822598
-1249434
-208824
-3746795
694167
2171643
1249266
-672493
72081
216597
-2283086
-1351219
-336066
-3496310
1137604
1706707
1163538
-368206
-174835
-133523
-1448176
-801486
-212291
-3827347
705692
2600189
1015923
-807500
-902869
408449
-1756838
-275523
-183159
-3623259
180940
2522488
780081
-1100366
-966004
1272084
-1322060
-402000
127469
-3703635
-187907
2791841
1269557
-1260167
-1620472
1988815
-1426594
-594417
-96556
-3771296
100789
2472203
706565
-890584
-1100174
2330668
-1117624
-1199031
241123
-3162415
442707
2634709
700862
-575337
-1354404
1732865
-1268974
-2175634
342280
-2993536
426314
2657774
952283
-332202
-1114538
1194363
-855891
-2132388
699659
-1985917
582129
1891081
526767
-737128
-1070969
869024
-416513
-1870843
658731
-1513401
905890
2232049
795212
323097
-736027
227956
-1082369
-2611637
597072
-1493502
790375
1390176
-40967
440259
-246878
219296
-721885
-1864940
610408
-815301
1223958
669014
356333
1301201
-122624
-517447
-1229000
-2572847
515030
-705259
1417187
368426
-323776
867779
582828
-612667
-1280682
-1590864
794513
219786
2017873
144998
-358621
374902
-149466
-841736
-612629
-2116594
878902
426225
1710057
-348268
-350927
672860
414166
-1273237
-959177
-1531517
1224909
804659
1253104
-385728
-408106
-410192
-186796
-234334
-560887
-1735081
1024375
907075
1602847
-309614
-234554
177096
-81872
-989303
-836010
-1458316
978600
652018
1518625
-245719
-1090604
256469
333224
-1104659
-615173
-722410
928666
772235
1284225
-497233
-822427
689922
522933
-812156
-714710
-1355622
868210
1073313
1425387
-869095
-1466047
-580974
764222
56651
-87656
-801461
784525
817414
914100
-1271230
-1418496
119605
1060784
280073
36406
-1132493
1019636
875287
864678
-1609892
-1353029
-308936
1218534
488225
-434884
-647419
599738
654892
899475
-1569206
-1350416
-164422
1592574
1515829
-184350
-1028691
687345
136864
350455
-1424755
-1398037
-359555
1947656
1231853
-569597
-554653
842575
254207
891752
-1072298
-733973
327746
968641
125972
-994596
-1006898
861956
246898
1096651
-694906
-449462
247357
767986
-690687
-754021
-267622
1246935
292658
693672
-1222682
-628757
42873
932386
-946329
-522564
-161226
1362466
84597
925747
-874263
-449252
-93942
167628
-1668587
-343414
-15865
1461561
467879
519932
-1523544
-210935
-492126
605373
-235785
95770
-1119170
903477
-12288
586342
-1715385
-498297
-40747
114837
-101
1086262
-699686
1150251
53931
507264
-870489
-184037
-212384
209531
-624479
322176
-985858
1075980
-235213
93821
-1240465
-428342
-368872
-457748
-295705
1838971
-169360
1209313
-23849
-152417
-1102510
-130148
-197838
-375003
-977582
698982
292075
757506
-444894
169649
-182374
40999
-702118
-701692
-858209
1445574
915033
906824
-333581
461949
-242755
-520780
-712221
-654566
-924191
1057481
906726
772088
-341815
848958
46806
-977989
-345982
-27202
-1078637
1008299
382264
1053235
-244866
849620
64089
-1234594
-856126
715092
-1138930
351759
428838
1039715
-176792
446104
-358476
-1011000
-968261
860118
-708374
731916
763277
1064690
-226578
514247
-500167
-471578
-757456
722457
-1293293
143279
731200
558533
-453329
527270
-741331
-544287
-57677
1640774
-1312678
134584
822225
1335264
-12918
265562
-353733
225343
-488392
724634
-1702492
-542241
-6540
664997
-200348
317179
-434385
365386
-513284
310074
-1367035
44150
1001692
1164981
211356
484090
-162203
-203172
-932988
197977
-2019047
-434016
397195
675550
-519588
-6531
-106698
368978
-623908
860705
-666554
205706
405931
951023
-7754
418514
-67741
378294
-1090160
-290951
-841370
240842
410158
766621
141478
643445
-93204
824302
-148610
88986
-1159650
-568737
-139154
586325
2170
281240
-767984
240243
164238
432475
-679865
493161
-133284
986315
310465
567782
-383178
355765
-941569
-214605
-982933
32289
324158
867940
34013
127667
-1025599
326470
71064
148915
-900916
435413
188593
684947
-347781
32455
-512960
114144
-631020
738180
-352710
748437
190179
463362
-457570
533537
-833859
465516
-662612
-5806
-129343
1093918
-604130
553489
-546051
255856
-374742
694158
-156302
206567
-973726
890109
-350846
689996
-226986
553321
-606581
650656
-954423
313378
375665
530432
-1142505
741035
-243465
551877
-241429
711342
-432772
-303611
-491415
635698
-1061140
577709
-462571
761740
-472443
440370
-328685
4681
-624711
289911
-458695
645417
-702142
655683
-117277
-40153
-443185
326949
87809
371325
-891050
505942
-797763
965465
496643
235729
-1216519
-1289247
158513
1960617
-478283
581794
-1197667
1254758
844489
-262799
-848620
85526
-76653
770429
-295533
1090323
-601251
1910049
1196844
-496294
-1814321
-1331009
-791719
1075071
-258925
1198570
-574789
1523421
637910
-532679
-1516831
150192
-457383
69791
-68206
1382680
-441732
1528452
453369
-1420657
-2016710
-92085
-346415
418913
166443
1293130
-236853
988979
11266
-704004
-1331171
192829
-59364
449455
-515926
821962
-303967
1039440
-156254
-483052
-879825
349487
468810
137545
-1007597
491764
-233496
1191467
-159793
-417557
-357868
635980
19649
-574862
-1411417
848875
-46235
1085638
137748
-460241
-874723
347313
-233438
-279692
-1490588
702643
-28370
864365
-400947
131358
117858
664678
-346625
-610287
-1636694
759143
180315
1096868
185123
-570403
-891167
1290114
-656933
-747574
-1071685
1010754
308087
771678
-364621
-507751
-621136
1366154
-156686
-1193574
-1958724
902458
153158
845170
-196945
-283909
-722734
778578
-268045
-995298
-1343207
771561
320392
1071646
-132299
-311423
-717834
69578
-1569253
-561971
-27834
1081857
105658
777633
96247
446425
-528264
-283531
-1524292
-774822
-87552
996457
-164340
635750
32963
886417
-218451
-1158511
-1993203
-470982
307578
1188357
-468740
21615
129350
771509
-310439
-944784
-2148084
60078
720157
1259904
-550655
-226009
79291
470716
-826589
-462932
-1513019
237004
1006497
1195536
-514798
-340939
-507126
154388
-953337
128964
-849679
32452
809359
1114226
-580887
-388997
-1005190
208657
-378368
1032175
-742227
-83186
135921
1078356
-491493
-56067
-893875
363852
-86769
783627
-1325047
-87676
10418
1381926
-170086
175695
-508983
-17215
-746908
-24757
-1831664
55868
697341
1641515
15239
-104536
-333813
-388545
-1977885
-740664
-1689514
1046269
1161468
1269155
-445972
-947772
-854330
-235306
-2617911
-1227280
-662420
2613483
1646673
937410
-709487
-957587
-977178
316212
-2314321
-993472
206766
3230357
1082104
969833
-587199
-216109
-291974
599738
-2104385
-652139
-594871
2836651
-25554
948222
-711945
77142
358566
1592113
-1633642
289244
-1823786
2662267
-1737670
450835
-1159013
624285
1772337
2734933
-721242
1499455
-3004380
1908612
-4190631
226358
-2155352
911213
3640078
3273273
-946337
2454579
-3990012
1036759
-5572994
333349
-3116730
825263
4521710
3607428
-2150475
2375069
-3331565
515793
-5837263
367474
-3735123
749805
4659925
3541646
-3111238
1960342
-2068572
122275
-5220611
161269
-4082545
732010
4643227
3011472
-3360321
1532622
-677192
-618989
-4162487
-24504
-4342030
1087030
4870964
2157012
-3665210
1247471
716685
-1120424
-4199539
-17221
-4316927
1044667
4867409
1519370
-3800972
827401
1003812
-970549
-3507351
-204199
-4058360
713241
4109810
1637209
-3304126
376270
868926
-827995
-2411225
-192449
-4248886
689905
3661557
1643832
-2898899
302116
1352944
-1023147
-2155616
-100393
-4760136
736220
3890660
1674799
-2717851
424306
1281266
-1685140
-2117916
-183044
-5130929
806041
3815496
1354881
-2665479
486130
1618410
-1975645
-1913381
187933
-5131164
580438
3663224
1129962
-2245616
1125699
1859280
-2390154
-2177517
219716
-5014898
252395
3135189
1734865
-1257291
1086364
1059853
-2880556
-2462398
-184466
-4992927
544101
2320553
2290218
-156369
429394
-109129
-2448150
-2131835
-70658
-4875927
817013
2767164
2051583
36047
-597096
-331010
-2414985
-1274502
185539
-4710823
-47852
3303432
1827038
-784597
-1436016
150758
-2083528
-708209
317456
-4947645
-1072877
3211799
1990175
-1559335
-1872135
1543080
-1311726
-333906
185002
-5129745
-1117032
3295574
1794960
-1235326
-1821956
2997167
-1191541
-1088750
367630
-4808173
-510105
3323552
1361279
-421501
-1751508
2956788
-1643602
-2418321
705860
-4242137
-104662
3361787
1462779
-549084
-1934784
1837703
-1283689
-2804686
771534
-3330815
262894
3342631
1849879
-628596
-1511765
1150641
-761811
-2905594
975073
-2407688
675928
3310202
1633577
-214902
-1276405
723522
-867963
-3219078
1181422
-1838557
833424
2838038
848358
460848
-694092
483622
-1083696
-3420502
1001854
-1549800
780162
1761392
530871
1369984
112207
304270
-1467119
-3477600
679086
-1338346
1484171
1292730
301402
1624815
622383
-403288
-1856467
-3021891
717918
-542762
2546453
911175
-313368
1178238
697078
-858164
-1484805
-2872335
1188827
652913
2830085
242201
-628432
743455
132096
-1499671
-1106066
-2638442
1586165
1324357
2395466
108356
-291544
-119846
-121091
-1090607
-1239137
-2622256
1566213
1447201
2231505
19633
-117884
-368743
-162410
-744655
-1257619
-2676273
1372481
1130388
2315619
35356
-659436
486411
280240
-1380124
-1429616
-1824831
1223757
1063327
2266045
160241
-1067350
436118
378315
-1460913
-1143328
-1449512
1128933
1481514
2242004
-215511
-1667346
-304236
595499
-575316
-480534
-1519123
1133455
1589622
1994965
-870343
-2018071
-279769
1083899
101023
-184975
-1734492
1010975
1354121
1621408
-1584470
-1965980
-468845
1117346
394068
90559
-1070006
976142
1303847
1344093
-2117937
-2464453
-1138243
1525163
1867825
479455
-732768
1075949
923477
983200
-1958881
-2407122
-974002
2369593
2435669
-106396
-1356522
765426
268529
801114
-1576299
-1599403
-279674
2102671
1743938
-872313
-1310370
679904
275557
1133481
-1190436
-1126968
228096
1488880
517486
-992206
-864098
1454468
706801
1513592
-750835
-794853
448164
1222816
-1171318
-1688436
-662432
2132277
928212
1666158
-763352
-893529
-115450
435190
-2369597
-1396752
-327996
2032445
757690
1056227
-1627981
-948637
-880217
486316
-1253011
-130199
-356130
1458250
454212
821348
-2004084
-472891
-278296
714432
20253
472141
-1218101
1328052
325649
1096997
-1453999
-702163
-317110
158478
-424846
849251
-1138758
1660269
300334
653659
-1747189
-1105853
-628513
-239857
-347745
1467427
-819701
1620293
170325
-124826
-1784203
-527273
-162690
-409950
-944183
1391088
-120506
1427504
-17014
-229776
-922575
146860
-780237
-1114330
-1797248
1017623
1171391
1188409
-335547
198034
-371941
-158541
-1224415
-1483661
-1368843
1458983
1704046
872079
-481974
782524
-25333
-867750
-665222
-742710
-1153504
1468034
879270
1065319
-165000
1342960
530369
-1387934
-885439
142349
-1495770
791876
347367
1588634
226024
1123012
383119
-1494401
-1674049
290455
-1421425
197596
773621
1395247
-78407
632798
-463743
-1528083
-1724617
651783
-1033484
598576
1333223
911967
-502914
531474
-1030379
-1255622
-599249
1928370
-1137986
504725
1030057
1142650
-335630
506428
-741784
-107650
-71703
1911498
-1744136
-640804
354262
1482678
323413
681636
-368617
469516
-593907
378385
-2214209
-1184410
458717
1436615
458207
635330
-435809
-170213
-926567
166627
-2454060
-589895
710249
1239914
-78082
259195
-97688
57239
-1179052
553667
-2096475
-242246
678478
1181098
-156175
364157
275574
610048
-1242266
155691
-1199987
-244231
586023
811905
-135789
396498
-175381
558543
-626455
119000
-800346
-126433
406809
774364
243777
908239
-267234
819455
116044
291002
-1341242
-276922
-537828
1103183
752721
1101966
-381035
633210
-401390
-49980
-1567676
-396821
-321477
1111037
519979
373756
-897420
181124
-478885
-183636
-1121782
46573
695764
999629
-65005
-34505
-988862
-8562
-432914
547540
-709707
704592
706241
809465
-498115
213957
-1086726
148112
-727107
522568
-411523
1091747
53063
619793
-641657
359146
-896642
442871
-490958
-35757
-861951
1579641
-130222
870906
-302366
482534
-467794
874568
-848240
24813
-402512
1066354
-709321
918091
-119766
733241
-335204
1122598
-626711
-15977
-24691
561770
-1755469
846398
-181542
990747
-437138
929822
-202601
269259
-755963
190446
-1343085
865917
-359459
805208
-474489
313073
-433409
90425
-653620
166637
-672134
652008
-976408
473011
-49215
169972
-1171059
-877996
143528
1794262
-327466
500200
-1443066
998586
961928
302186
-1131161
-1171935
20188
2126288
-241706
697612
-1220808
1888375
1918073
278858
-1376935
-1185087
-638434
1210061
-585484
1388657
-529965
2554643
2041374
-105814
-2256118
-1281046
-1149033
271141
-412929
2076008
-160269
2482762
1409353
-1272904
-2836740
-874844
-1285791
-124018
277967
1897452
-363858
1543655
437640
-1602193
-2762908
-319730
-403885
1085740
372300
1397897
-280953
1252045
137451
-856243
-1821735
176023
463869
750274
-735117
1079901
-27712
1719825
279831
-705732
-1115422
324201
384655
-339956
-1806183
952376
-129060
1540948
150615
-495096
-650850
502527
156717
-711215
-2177028
835655
-133760
1294070
68524
143137
-233494
456903
-260440
-632486
-2146520
1020744
378467
1544302
159537
-400157
-747447
974305
-645600
-564594
-1907575
1321959
621697
1367280
-27644
-902087
-1261037
1835859
131891
-1132142
-2409289
1328770
597625
1262087
135628
-365646
-869798
1510192
-6040
-1877408
-2914916
1252190
581798
1419303
252540
-271695
-991014
745328
-1085514
-1605081
-1780137
1020940
288687
1365844
-245518
-377246
-903229
108796
-1633640
-1221598
-457431
-937954
779216
-1029944
521912
-933872
488678
-134352
1388221
-484156
484052
-916721
852471
-748408
536056
-860295
749098
-217720
851648
-700263
273979
-988448
1144488
-815895
418157
-585252
939504
-207481
800539
-964963
231993
-1067089
1211928
-829807
479371
-318197
723363
-583460
921429
-858753
456286
-1090416
1193350
-760317
869656
-377476
784921
-1046288
906260
-797282
232297
-983024
1069991
-846647
862979
-743832
720889
-1086850
1467107
-1010037
464940
-940921
1042956
-918935
764462
-815810
916193
-841939
1533522
-1304083
648958
-1157216
1003093
-797983
669843
-523160
1310189
-475430
1453166
-1650311
520918
-1272379
995374
-627461
582913
-249621
1399544
-388299
1218294
-1878819
741126
-863591
1197782
-440371
542083
-262925
1598555
-878780
541120
-2116703
1057891
-691936
1245896
-534360
384344
-487036
1817228
-1121987
660203
-1750230
1326604
-731430
848199
-889311
513252
-783274
1953200
-1369604
1628594
-1920408
2227722
-102389
713335
-1218734
-47662
-1144357
1643885
-2105410
2730697
-2644247
4023348
380745
692708
-1285718
-798818
-1261771
1594217
-3040562
3869884
-3494582
5879707
615332
906588
-1580031
-1050135
-635804
1386731
-3164068
4222614
-4167909
6430845
603067
1324565
-2116391
-827742
-176700
1771698
-3571768
4284372
-3957349
5931900
652542
1497313
-2547355
-535135
7834
2110448
-3978446
3751043
-2696892
4731080
747585
1696442
-2837670
-491192
324632
2143112
-3850339
2838667
-1846445
3590177
784453
1625184
-2865824
-337229
582280
1689103
-3200706
2209326
-603283
1970044
704331
1537415
-2843716
33850
758367
1241390
-2846793
1864998
-38320
1279990
592559
1697099
-2695056
-2154
587688
1173107
-2324778
1213394
183776
832817
552533
1887336
-2600629
81358
303233
1248572
-2402130
918790
808511
401210
492971
2102608
-3068565
309058
390503
1142791
-2164822
803721
1163886
-58098
446617
2243236
-3166826
518710
344177
1037796
-2274965
693250
1318005
-455353
319920
2308719
-3120424
876892
145069
453273
-2071121
820999
1651380
-522685
361921
2228931
-3258385
1087171
-211551
351239
-1666164
1118483
1263689
-446499
392523
2216894
-3170807
981098
-795638
667155
-956375
673922
998793
-379762
172065
2150522
-2921817
890889
-881976
959646
-480008
208519
1021663
-340338
-28222
2335230
-2539830
369563
-129698
804889
-101567
-740333
1596289
-1111245
74060
2563911
-2254748
-85720
491463
665730
-307695
-1526466
2023594
-1152114
-23393
2574090
-2535727
-128800
803272
238352
-172138
-2119398
2890874
-1095909
-250080
2325972
-2661931
91497
625101
-162550
545443
-2191612
3279378
-1123402
-486381
2131097
-2799163
222393
404405
115687
614720
-1832687
2748731
-822796
-565679
1912676
-2796157
-22962
69692
128295
63176
-957401
1882490
406333
-525866
1724666
-2366108
-13361
263006
-320288
-64157
-688173
1367915
974437
-415704
1403046
-2155016
421221
454675
-1025482
381991
-855222
1425706
972670
-37253
1112116
-2023985
654863
137415
-1245478
448613
-698951
1400833
715660
151867
649307
-2092000
981383
-191389
-921314
613541
-252167
770744
576059
-85707
162639
-2084423
1567323
-528923
-728133
528910
345959
207092
925671
-480850
-198144
-1562122
1591027
-928236
104002
529879
297424
-38903
1364807
-591274
-250895
-1285090
1007161
-994474
348875
197629
654302
73325
1276330
-645293
101771
-1164466
794697
-659332
34618
-441118
874946
355885
956007
-650116
177554
-1214479
1063533
-567716
-314923
-57893
796497
-153471
930723
-562002
-29153
-1261601
1115555
-228174
-336999
313934
492463
-442305
843013
-666420
-159857
-914488
1150883
-64457
-374233
27006
412953
-396302
998926
-792968
-112808
-671070
1352097
-197556
-483596
-265714
391242
-180020
982653
-795126
116925
-636726
1542817
-278392
139361
-380583
-152202
-288186
498343
-923903
358058
-479413
1655378
-305693
530813
-1099340
-23973
-52592
163864
-837278
424726
-589591
1434119
-464285
75759
-1040835
447740
577120
81165
-483424
538397
-785738
1274991
-621724
-174397
-826239
744021
429993
-356063
-668261
433023
-815607
1353863
-656455
-60012
-503259
872437
332794
-472053
-1127214
333877
-1145405
1173729
-662125
-33906
-69906
1616734
-54418
69523
-1274030
481603
-1266769
1480744
-825933
402395
-77808
1315467
-846319
635683
-1060330
824466
-1120498
1813491
-1043782
721746
-611654
779318
-1358675
1062764
-1056799
933601
-1030752
1471287
-1392137
918982
-852346
955519
-984893
1359212
-1171146
788439
-1040215
1697104
-1099445
883839
-245758
524890
-1206453
1393135
-1143741
816418
-764467
1633007
-870333
727554
-107605
559325
-1227065
1216243
-1091112
991514
-642404
989207
-1156986
921695
92019
688850
-1017399
935877
-1077475
1089118
-733663
547020
-637840
1103118
144689
921946
-1391422
443003
-989152
1069725
-1117684
638407
-49366
697735
-191412
671758
-1345837
823347
-1031728
1054119
-1406627
704481
103559
227255
-182537
575433
-1129644
922727
-1219859
904085
-1472163
805122
259669
50040
-15109
986502
-1152702
818593
-1245568
1064402
-1355028
915655
321963
111462
-401064
1541947
-1240481
336121
-1018163
1292546
-1144491
1189144
149634
90343
-1121270
1568087
-1420761
263432
-1005037
1169183
-1072240
1366986
-620257
172189
-1215043
1896648
-1608151
666470
-1055939
927426
-1145091
1156201
-1110999
569390
-833040
2332036
-1458643
647431
-1163557
757619
-1088844
793803
-751113
1168417
-955539
2290223
-1234208
371160
-1103394
733091
-729334
583971
-584310
1073757
-978679
1908034
-1502076
501998
-974672
917383
-838594
355950
-546149
866587
-805887
1843725
-1631104
657854
-887091
919753
-1035027
482717
-625120
807331
-1036798
1574971
-979994
633767
-789364
885299
-851153
814662
-729000
635413
-1039381
957365
-883122
507287
-1058997
474480
-972867
746869
-1073894
957208
-446571
1220374
-731530
650005
-1202819
543446
-794020
821211
-1129129
913773
-594546
1246776
-772940
734919
-993004
968723
-471949
832734
-759890
934616
-984186
817151
-1164528
256399
-871895
1147768
-667019
872538
-771194
861811
-582287
723242
-1308872
559615
-824259
1095036
-881800
1148435
-956818
920066
-827632
1185049
-1468379
1034480
-813534
819080
-994283
1189444
-1337099
1498814
-822152
773411
-1395680
1559546
-785193
710040
-1069542
835801
-1259786
1318067
-817589
840132
-1091806
1801945
-755179
764032
-1107071
907183
-1332784
1136404
-1358310
982051
-363296
1471917
-779350
828279
-1140027
1028296
-1099968
1121969
-1056990
668267
-794176
1410137
-814474
1093385
-1130670
1012837
-990554
1303262
-444174
669671
-1483350
933085
-720981
1448613
-1343634
714231
-484102
969330
-271023
231462
-1131897
934773
-807619
1433193
-1972921
582995
-317888
827705
-184107
94177
-638932
1398750
-938840
1295201
-2456687
746652
-206688
657930
-213576
498973
-359546
1108952
-1263536
1206014
-2510951
975702
209861
938708
-580367
792403
-319160
767265
-1472031
1374173
-2350210
1378128
193890
875670
-680174
1272773
-954874
427653
-1202238
1516432
-2017064
1559141
-66622
540289
-952081
727546
-1033473
961390
-1081863
1236431
-1857148
1196455
-323066
651967
-987471
693440
-387810
1304504
-1074922
806142
-1642205
1099744
-511213
420872
-645396
658892
219791
1071188
-969985
808865
-1403389
1214671
-782042
82679
-592184
602599
230278
867850
-915379
742655
-1389783
1054651
-650595
528060
-977193
779980
6210
885311
-1068873
425521
-1193690
975720
-359612
866556
-1222232
979224
-371429
1259501
-1088684
446048
-1058162
788235
-218848
376865
-1384359
1441652
-360335
1369960
-1077111
562389
-1153663
534786
-495640
425893
-1078742
1760906
87075
642318
-1100362
645538
-1139570
832741
-429710
401498
-809159
1622331
-302745
456763
-1076326
602950
-1116543
1154498
-491621
511943
-363704
1539547
-968072
138419
-151858
-252347
261031
-480999
342566
199830
1131495
667331
71053
-1031582
-217562
-343272
473370
-742870
-201638
-147778
1089650
1067597
419482
-1072994
-144942
-248615
812477
-664162
-429249
-22053
829955
623408
458504
-1331881
-48173
-139334
1037692
-515905
-230933
-47935
644060
422382
513640
-1178232
-127995
-36206
1045268
-222393
-108968
-442153
309053
37832
919099
-816782
-259064
-151198
1012388
133843
370620
-496732
28220
-19671
959220
-1019256
-237465
-237403
883629
-6245
428464
-414522
-229806
-88384
727076
-960838
-50522
-215302
952090
-153118
240446
265460
59235
-422252
191451
-1143343
-239837
-190986
1166498
-44248
-4360
650093
806468
-724883
-597422
-1406614
-436954
-442287
872445
-39173
-53403
706414
1395182
-797151
-1177038
-1046134
-3521
157662
994487
-96307
119227
689332
1353237
-1143139
-1670499
-1602696
80983
684870
847931
-164006
117767
899232
1383937
-972444
-1182384
-2058716
-170832
956839
123737
-837124
145266
1218424
1596528
-38769
348118
-2233768
-139640
1474203
-295324
-2188581
-660232
1988251
971627
382080
1781305
-1396759
28018
2069554
-115236
-3713694
-1573462
2207288
630366
-176690
2671288
-58705
27908
2590383
275918
-4462239
-1861352
2401972
846424
-980497
2424620
688026
45853
2849551
433524
-4557174
-1736505
2602337
952481
-1713420
2516082
1229962
-29430
2982174
259663
-4771142
-1197772
3208932
640877
-2311641
2010133
2286049
145786
3025710
352352
-4938402
-1030203
3420638
767272
-2753889
1385230
2274887
340423
2823982
297755
-4635044
-943351
3311207
947335
-2525967
996536
1872550
382374
2790275
207123
-4424089
-663868
2776798
1115951
-2187978
892130
1687745
593238
2959075
358276
-4607606
-636633
2731761
1094964
-2148770
1031038
1662170
591292
3302553
561900
-4789620
-402742
2537913
871463
-2333591
1250779
1846102
438289
3306017
724074
-5016926
-503937
2549830
759808
-2154296
1496076
2086074
580309
3380491
990213
-4628517
-701481
1950352
889379
-1790499
1506844
1878554
555858
3266327
852530
-4053276
-496221
863027
798873
-956223
1488712
1599994
582677
3095556
674598
-4165719
-183202
504754
994565
-494582
1386091
1267716
750646
3087480
891615
-4215581
-868015
1092606
1070364
-376327
617514
1510732
593754
3054101
1267682
-4310006
-1545600
1567656
1689329
-865888
230840
1731297
569345
2945048
1619274
-4236075
-1656755
1579928
1850788
-1106279
-352936
2391181
558228
3154747
1850816
-4110728
-1269230
1607361
1503821
-1131565
-933930
2934273
472424
2918457
1910217
-3913103
-923636
1369179
1257922
-1084871
-1182109
3094453
42681
2257892
1794911
-3463208
-752003
1175285
1592352
-1044256
-772591
2433030
-416228
1577963
1259175
-3102674
-616518
1337540
1777404
-315934
-487321
1817307
-547933
1174013
898568
-2969089
-721095
923621
993181
498609
-210099
1991614
-672745
1107381
663709
-2451345
-415163
22744
339940
1020541
290788
2108643
-829963
959022
206239
-1792349
383730
-603656
-413064
1069074
875363
1967494
-712747
672962
-137838
-1354244
1045553
-901141
-786877
785284
1120642
1725062
-576161
383421
-441133
-880455
1531183
-975535
-788551
777534
988704
968457
-738849
-186820
-523023
-150011
1460648
-542407
-397138
205398
744975
1110443
-935105
-857815
-588845
227369
1396514
-129586
335495
295645
549015
846657
-981779
-1070766
-713088
-193586
1422909
-143825
108539
836578
1045617
557007
-868480
-930313
-683695
-258484
1428986
-341277
-657888
1135320
1354091
536208
-738805
-950080
-698038
79571
1715515
-356258
-1090301
515056
1155022
652005
-608660
-1119258
-741217
308296
1739093
-221968
-1009348
224617
895850
772895
-550901
-1347707
-629488
616660
1965253
-358218
-1208695
-115946
819481
863551
-491227
-1452697
-561873
796138
2111645
-735224
-1431366
-1074920
958128
1488732
-324234
-1059459
-355152
850525
2141053
-188809
-1648369
-1857402
684021
1377626
-337555
-746713
-124339
794358
2153031
99027
-1310772
-1950827
452754
1188859
-440844
-614782
-194714
401444
1843673
-260038
-1146900
-1019451
637348
855562
-253287
-341156
36388
277088
1439884
-631417
-1039091
-305388
976950
-73839
-350838
-348813
450181
327039
1612815
-502792
-835550
298819
1106236
-931249
-782006
-828760
435853
366294
1390231
-707492
-408741
403599
1569554
-341418
-743999
-1107946
14166
445060
1387653
-929276
120949
34810
993580
277329
-468540
-783570
196598
462775
1511271
-609327
-129768
-272507
101639
224455
-370011
-459483
418586
368365
1139895
-804572
-169884
-413259
-457885
209431
-435788
-570916
690312
455021
989240
-669171
103367
-21968
-819506
-464333
-421910
-623594
772520
589417
770371
-179980
604790
-82715
-945884
-1261787
-243593
-428148
842356
153683
470764
-48544
785069
276558
-754852
-1793327
-150981
-327479
611658
-341918
880780
238412
469772
801652
-649291
-1753692
-286758
-374957
460367
-603835
1361256
639403
-325004
560574
-49940
-1565165
-365324
-540374
462476
-686498
1348197
879345
-544232
-132079
214571
-1302531
-353034
-669427
339871
-611109
1248171
811473
-365462
-106985
449700
-1478401
-352489
-600831
251768
-571271
1244341
283024
-495934
170555
1125720
-1660678
-243828
-302974
575439
-271751
1124543
-4180
-559136
-48913
1387600
-1782442
-121336
-341921
673642
123816
787393
-398023
-234502
-109282
1097359
-1579154
-132882
-288499
583091
142109
547751
-178607
-105015
306704
1247248
-1541378
-388261
-511850
443943
-201793
376135
431750
79543
216498
1482696
-1491660
-572266
-610609
625812
-342993
368078
639368
579969
-95872
859322
-1269418
-362104
-541101
482997
-386617
57809
218913
810090
240156
579552
-976055
-248783
-633519
227177
-254566
99061
-391752
544073
426273
723805
-554911
-91520
-654911
411260
193583
471848
-480464
414910
34460
481664
-959588
-353924
-1020252
220211
145632
267906
-543934
667343
399229
632415
-698027
-422031
-1065696
119819
-75893
160293
-382622
106582
352679
861762
-489882
31074
-453783
427797
-43251
430746
-487474
177497
-465766
204615
-690564
121853
34129
537450
-244234
592593
-504079
408506
-347641
-282623
-1001749
-104748
28914
586525
59791
347652
-265065
631885
-584038
-222857
-614191
-227615
-162166
488890
-31756
327355
-191211
1178653
-409068
-490934
-243645
-303922
-404688
195744
-193807
278285
-377591
894074
9395
316621
-87616
-216405
-412948
159201
-455616
455315
-640301
287236
-234384
765999
458690
-100782
-294001
134433
-645782
489737
-2750
170968
-811687
-434314
538277
-68451
-42618
266813
-1223002
720185
542105
639158
-567175
-1311460
-235326
-60980
232853
402128
-1640632
977727
1223123
919501
-541845
-1587050
-711111
-297508
133271
198543
-1926076
1071356
1269526
814417
-287229
-643218
-812168
-380808
-170750
208006
-1975375
1334336
1440269
548874
-618838
-4485
-644209
-566294
-507647
268728
-1708884
1393892
1521683
295311
-640546
278573
-624127
-523583
-697537
54357
-1165431
1502867
1183580
509978
-665846
179905
-313531
-68424
-339695
36058
-681182
1547923
863019
134354
-819333
-96597
223352
110251
-219081
-38231
-729368
1370584
682729
79601
-681725
163155
734271
-27030
-433201
-131430
-779856
932529
71345
348243
-55711
687618
894194
-32284
-348022
-52960
-489899
946023
-180386
-322006
-217819
1249345
616557
24530
-352522
103716
-195136
866528
145252
-829245
-901322
1816264
824153
-146848
-710628
32612
-207082
1228359
642674
-701259
-1056818
1433645
1259352
-125088
-785109
-20227
-229103
1096951
634019
-384397
-799765
1245085
846588
47775
-631513
-127735
-498401
829932
175503
-63610
-145811
1347785
192150
-10137
-682303
-18117
-291271
1025114
-211872
76709
372275
639326
-590114
-308771
-7771
-179102
-89385
-909440
-807683
-504091
500596
1135955
873913
-116218
275258
94636
498034
221476
90418
-456723
-28097
-327416
27755
-221714
231516
-64028
388521
241184
266425
229757
274080
-235615
-58200
-424234
-33113
-211503
542324
204491
341038
-428706
-114896
41988
290235
-294671
-44639
-112190
726948
531262
586351
-509773
-263799
-979336
186465
-65822
-44346
-521556
22790
-259645
129508
-308652
213389
-147365
682093
-74615
175131
-294841
-140114
-201950
292078
198294
343512
-130353
-661
-706340
-309135
-400386
-15711
116423
778774
1229707
1296878
-110769
-108749
-651539
-403549
-228664
367033
257463
578653
679149
986806
-252404
-348015
648700
779000
317961
658039
282139
514267
-187225
-63432
-1011935
-1060427
-237411
300277
124196
256682
-239395
155734
-229452
779170
-150486
155168
-794641
-874308
-764609
-334668
-789931
-26952
-343112
1566471
296846
2077812
-62196
-163599
-166058
-1057483
-1713068
-1327870
-1869598
840858
-95416
3351575
-195959
213845
345577
-819545
-1823237
-2003663
-1648255
201266
-606517
3269526
-345680
319666
391730
339999
-1298543
-1160684
-864189
261921
-1012110
1581672
-574884
-16161
228520
765862
-693148
-197987
-356605
906273
-572053
231615
-384409
-49519
41217
618693
-357677
-387207
-214741
217743
-279161
327788
-61874
146760
165601
308017
-513650
-180713
420213
-115876
-682390
-625580
-286420
36918
214773
616825
-504690
-745776
365557
947653
-176100
-580486
-278683
-110153
77130
781745
-232541
-441912
103132
528982
130334
-216266
-187046
279986
326985
634301
-473108
-409184
-251644
324419
-9097
-382248
-462559
287106
351440
983522
-638412
-662315
-368367
181055
42797
98340
-693618
-23125
53223
773066
-571238
-371633
-73956
369801
29315
55343
-304883
225906
314905
1026089
-549514
-629473
-325695
55255
-204170
-256938
-712139
-246002
212737
1318690
-271544
-968011
-739367
179664
170273
577141
-512432
-139263
-196432
942714
-597926
-443515
-735346
266399
209598
507822
-148981
424878
244060
502318
-1012421
-448525
-125247
224718
379913
-9468
-717793
-162716
328322
574821
-388548
-717402
530286
289188
651004
-398439
-633651
-27645
539824
927696
22967
-367876
366778
269214
106933
-864507
-350050
377747
468494
1304944
341700
-504398
-119952
-566082
-134962
-1000904
-578451
-87524
-33533
744584
-127091
-766872
120599
-728686
408843
-310341
-767789
-368975
-535652
562011
-502512
-525139
11083
320243
645640
-46923
-358683
-536879
-813681
225925
-552982
-81502
-142864
1043284
153113
295591
284143
-204546
-733337
-546509
-949898
-1212180
-655016
295562
504684
966344
87665
-130292
-311323
346973
-57523
-915851
-470575
-749313
295156
332986
-142321
-589238
-404181
554078
189727
-265465
-476852
-760071
332452
475911
304058
-91322
-295012
196064
-103684
57287
-688273
-812483
-103705
228120
182428
-205960
-762608
-40931
-556152
412729
245229
125312
-378624
331242
-228831
-698517
-843664
-252163
-461598
608552
150091
327397
156399
517374
-526324
-1018307
-822966
-544407
-211024
944873
800624
573833
105682
330764
-95882
-322743
-919613
-771049
-701568
-147539
-21990
850686
601615
438145
217020
325818
-272929
-100036
-321463
-340782
-541550
-395482
170546
603144
139060
-9517
-241543
10285
-129407
54226
99592
-592600
-216201
339717
83248
-209652
-507154
-378147
64374
850851
543210
-88802
-645069
-197826
-53253
-103197
-332803
-83197
100075
367858
315985
-155572
-465764
30536
-42012
56141
-378274
259034
57342
680249
-144191
-618470
-400751
-137792
300928
442879
-101777
276010
342730
1425947
323135
-439144
-1356946
-1097002
-180013
169666
124064
312360
427996
985911
458031
-197611
-922772
-838064
-237742
-88974
-320120
-42909
-539810
-271003
40575
280775
239574
404968
369060
463921
98376
23291
-612951
-339450
-415489
58471
233627
-131661
-407552
-175943
-361037
67268
-111607
92658
32844
587290
398785
601891
-1123724
-952028
-1434274
-566503
-705005
196777
472533
1150896
1039226
1669410
-474134
-488421
-817277
185991
-227485
912778
97814
143591
-551932
603778
325513
655031
74312
550762
241357
816300
-222636
-400851
-1451646
-821578
-17625
349784
-62089
-29347
-508503
10832
-83472
-48605
-90442
181146
-378001
-250215
-327698
373090
281001
610254
655111
353316
-457540
-385331
-427097
-168048
-140980
424183
311978
653154
277588
559024
406990
-389355
-60687
276118
-107116
-275224
-435145
-65375
85020
931727
458984
137737
-230324
184872
-279499
37484
-124984
154937
509296
890323
559624
-4215
-135481
208897
-513493
-82652
-7739
114193
67589
-301077
-34990
493090
89416
177985
-499516
-278506
-359124
85552
30452
-294205
-339285
574925
-182820
-239195
-725726
-228160
-341552
307150
532612
685587
5200
250350
-280956
11634
-385225
304549
19097
386942
165679
687508
157662
120728
72106
532042
269447
950242
259942
314136
-807571
-460700
-975829
287894
-105381
160762
-8146
451681
-483599
-8817
-586660
-130349
-429422
817345
-315439
-337943
-710362
-321492
-616760
-103430
-92570
929549
789339
692493
-788132
-619636
-635858
-499246
11221
488059
516262
951315
498757
930745
-232057
91602
-155668
53249
-147249
164496
149702
169400
-743898
322588
288158
345286
-217592
114817
-507546
-121871
40056
508712
-37195
-186396
152911
188819
-289491
46006
-379526
-510160
-638759
-141908
401541
515831
215887
376545
42327
489769
186176
195048
-628598
-659921
-841316
116517
-480263
-481037
-1056822
-620291
-665543
438739
282093
1040164
654046
764252
-22408
-3717
-358743
-43988
-63394
-96146
-324846
197843
202317
304392
332307
786261
460483
676022
656897
669811
-114317
-781475
-1214181
-779495
-263356
381921
-2625
635282
-191282
483023
150319
487888
-754968
-11799
-526918
-68644
-36568
378023
-283078
315196
-258743
546762
25171
340975
-145109
-256571
-458642
-101694
-280385
351055
96951
172876
-112964
417900
-120524
-160667
-623073
-406270
-743748
-301692
-366168
603431
426330
525111
33009
175736
-408366
58892
-405636
-306814
-1058134
-314507
285042
956931
-46899
255379
-187637
152871
-12491
611305
12424
-284593
-844081
-42942
-65966
423248
76974
200372
-31036
531663
1337663
709867
-667056
-1337504
36927
725590
58785
298278
-330715
-72432
275141
582730
280701
-602315
-94998
34160
-722109
-368784
-1092544
-354948
381413
646822
575330
658298
-197274
-225391
-968372
-468332
-986963
-199432
-202489
753170
975138
829462
-699377
-452229
-1154933
-67102
-96910
784534
741168
912294
39373
407323
-570486
-274462
-534594
524926
12233
583919
641225
611826
-341164
30698
271352
512714
172647
661181
127652
201474
-527790
-593843
-843381
-197738
-254872
-30488
-288003
-225887
-497373
-189401
-122129
-95026
322980
590941
-606011
-242946
-476557
-209286
-726013
-345837
-38688
209427
476888
816848
48626
239885
-55202
434867
-464739
-461377
-906069
-137828
32795
360004
-90637
-66857
-280547
-161487
62457
613133
-414637
3263
-546871
449305
-655621
-550409
-650551
-183472
138908
662261
502023
106658
-720809
669331
-344111
-103871
-556041
-243296
-404520
68784
72322
156334
-94911
108104
-160036
98648
-445780
-372532
-779700
-428897
69728
1022962
574842
439690
-391108
116486
-185233
368575
-176702
162108
69647
396181
124487
232697
-163171
55062
-293563
376546
152751
629391
509434
682419
-10292
-740001
-635597
255923
-681351
-24867
-802051
398108
800316
1093602
-69087
95555
-782471
385820
-359851
-203865
-642654
141468
-189298
1053060
-32188
377127
-641764
489358
-342188
12669
-389132
349447
-263850
645662
-35842
97140
-599557
496704
-256253
432768
-400232
223535
-388581
771951
374337
73522
-695596
494272
-192408
745822
-390843
68315
-725408
850712
-77303
458752
-745496
280121
-403520
796659
-148414
406906
-403993
927299
-531805
333258
-722282
321761
-431521
404965
17428
590203
-596260
543826
-625130
178886
-617883
477559
-173447
212587
57787
1158962
-305436
293285
-1130452
360449
-860966
313412
-21460
304012
-300089
1199567
229152
301190
-1164581
529896
-700494
122693
-469383
381079
-266174
1170414
128474
335318
-1022953
580215
-224613
663533
-330270
402057
62554
1261328
-76417
871899
-1396988
-26030
-225497
530179
-318825
564442
-258373
1572620
-252937
1793562
-1751855
687424
8289
202988
-992614
-422310
-381581
1353466
-744087
2957032
-1298808
2237068
38672
630630
-1112302
-1614807
-566471
1110463
-1657163
3083432
-1178903
3519724
34211
1084883
-983850
-1701169
-1248907
844534
-2026737
1862198
-1069373
4115797
-43317
1270849
-845858
-1219310
-1367119
820099
-2147184
1524673
-1103655
3298724
-76084
1185559
-919886
-868977
-1036038
497716
-2004207
1193259
-154955
2588019
-39140
1228574
-1177458
-959559
-496854
822897
-1837075
287117
28628
2507531
-82241
1285059
-842762
-938182
-630165
603734
-1092859
524803
-414426
1389890
-14741
1045789
-666137
-432453
-930648
411766
-607734
575789
-190034
767311
-30901
1340228
-913031
-537346
-685880
466806
-627970
321804
332586
614387
121625
1759085
-927448
-622013
-687871
533993
-763155
427915
684362
349468
-37800
1811159
-981975
-335678
-487869
483709
-796391
82568
790072
292682
-300250
1824957
-832614
-402526
-706126
370298
-824955
201755
937308
251759
-81509
1791359
-489507
117780
-1178599
-170721
-298026
508236
733168
214205
-178299
1465397
-959689
755425
-1193912
-351486
-276041
654561
210456
488081
-297408
1624233
-1051753
40195
-810647
60566
-239942
10238
625253
227169
-300952
1728031
-340482
-465803
-899410
340006
-125355
-492965
894482
263386
-439821
1812978
-111207
-589555
-1020058
402707
142045
-917540
1118719
131796
-305306
1828259
-323148
-319332
-485942
-231418
217555
-1087514
1472525
216475
-422886
1831340
-305140
20396
-53779
-601786
580594
-1173005
1511018
131954
-751962
1687242
-258473
114302
-344576
-260379
611431
-969434
928103
-20455
-1001837
1095937
-369438
292757
-513895
113838
304823
-447512
502655
210438
-1004337
727214
-767803
-178731
-444503
-239283
529392
256648
699603
735733
-614667
829619
-754022
-237463
-514318
-1168057
212638
184122
843702
991548
-366607
567102
-647270
289936
-658427
-1553817
144933
117584
1101929
960604
-241969
299004
-1041484
404070
-310780
-1301362
-348930
60001
1029044
747886
-243733
29091
-1180851
763135
-188384
-824609
-332208
-167952
200681
1117588
-334949
-186090
-848411
828474
-525710
-520340
-209585
101134
14413
1068849
-598402
-438686
-561526
395051
-556400
504856
-203072
-379203
241569
1220876
-747508
-697381
-1112217
106381
-462918
475522
216262
517455
272060
973539
-611429
-392069
-1430786
-121412
-238879
-490040
-34560
1240828
526089
635722
-477329
-338296
-1140143
12217
-236177
-430727
-193964
590134
475022
1058827
-431030
-598834
-976401
280868
93895
-11017
-479197
-110727
141140
1226978
-469305
-502441
-834242
286052
15998
-218408
-132060
153329
104868
1106816
-566737
-431790
-830231
552755
-155461
17046
-289770
19784
235158
683722
-487483
-377185
-887181
666980
216566
465702
-909362
-831233
177458
720277
-290954
148851
-601323
536553
464160
763776
-930838
-606915
-49349
188328
-284014
121977
-728317
580577
250373
743042
62759
-138748
-235925
-250656
-298108
-27353
-825611
469162
22615
344678
6398
211265
-398641
-420589
-401922
310190
-436149
598780
30221
88866
-289449
635053
-303642
-600797
-760956
251380
-615440
686910
82264
371855
63197
921787
-321237
-49132
-1063817
-262036
-785462
804902
-546971
592617
-396375
380891
99996
1393093
-795048
-263174
-1145208
792939
-567515
442229
-275627
160748
-242941
1545921
-649900
161336
-992257
511629
-110365
702037
-141230
413197
-702060
885042
-752149
289976
-507398
797158
-260520
473469
-70780
-113584
-1106992
922372
-793621
140924
-227496
721919
-331356
596636
215982
430585
-913095
12476
-734495
138953
-484216
217870
-113238
1233893
367966
641039
-885414
-488984
-609571
353700
-627721
344283
172131
739264
375703
636788
-738924
-340722
-671067
318755
-872671
427171
556968
62008
133416
1046122
-262978
308059
-846611
324193
-854208
216126
643595
334037
-318489
933561
-116883
273428
-893326
272681
-606245
183364
247834
661577
-109094
562658
-326681
-104690
-573972
329976
-822479
323658
-33017
436689
20121
1010661
-461787
-258792
-483651
391349
-923928
521166
-127781
7699
-533750
1514536
-331139
145366
-652016
530156
-405603
598290
-468825
648401
-399473
1078383
-441585
168790
-534532
232480
-412363
660788
-463434
817710
-141648
798321
-574337
-167077
-535515
183459
-451269
426938
76366
555853
-600163
1255390
-458082
231668
-909618
174740
-595675
-153418
-212191
846963
-578785
1083269
-251614
792259
-870571
111198
-632551
11297
-362808
961410
64195
676131
-367411
312338
-527170
63111
-648371
284097
-605901
156986
71091
1052255
91005
317775
-436328
136522
-547597
511408
-640390
-141280
-412887
805269
-207011
794532
-662958
89296
-410782
578386
-395791
744826
-284912
591492
-417435
112609
-743182
98
-497375
199443
-654236
163830
-187987
862265
36365
261445
-450202
295688
-621819
46144
-336030
189298
-831812
460631
-154709
585305
-61015
655133
-672223
607074
-383466
642543
-349965
131309
-881718
608379
-273626
649192
-396146
635856
-466409
596817
-123654
671569
-1180270
407132
-635326
313775
-268669
667445
-457784
1131146
-428277
98558
-488910
704968
-568814
165645
-528789
503333
-565512
796226
65145
524526
-449814
765066
-542788
164410
-825264
507236
-706942
168608
-524289
1189326
52573
525002
-505756
317819
-725337
342714
-397198
273761
-912435
164790
-74257
1078201
-367039
578834
-758284
33549
-246516
884186
-70259
-659851
-1434834
1037617
-374596
900114
-1022639
-29145
66309
628320
201592
155671
-1007486
114986
-443378
851341
-1064181
88594
146362
794915
388443
402056
-609092
-24405
-708411
656095
-1159776
109890
-190767
649177
-23561
820060
149541
-154292
-807220
693213
-1208165
182954
64177
494061
-354061
815636
39690
-299
-924349
425696
-1146608
209132
-410810
653757
68143
807812
-403550
685624
-646519
172566
-1232618
358307
-492909
570520
112996
585505
46561
865590
-362464
250660
-1158242
432504
27519
558064
65125
472897
139275
546308
-649604
299946
-929563
213912
-286529
502997
207820
417201
122108
667070
-711426
147591
-889364
239069
-902204
87543
104802
713265
249757
721150
-575283
90915
-761450
312274
-117479
251118
-1141999
723611
124828
725924
-686217
89151
-515504
354654
36344
488646
-1275750
165793
391245
1303950
-817468
-90805
-790513
99492
-99843
606870
-423364
275290
95935
1081107
-701985
-109470
-1011867
-42072
-170340
576098
-97132
884448
-422138
345672
-635777
130228
-952000
199401
-543644
141228
-95010
815657
-140295
496392
-818173
-10737
-779697
494649
-324662
141293
134559
807260
-698515
53411
288730
62572
342760
-103964
-272040
-933288
-197617
119809
367513
119988
418270
118272
752719
377640
436662
128
-291609
-781588
-570258
-664874
354392
-7004
433457
142880
440428
400994
147990
-713541
-461537
-577658
265359
-139670
139078
85361
418626
-19314
-157520
-918196
-185090
265112
291976
-132575
165241
187928
638175
-37323
-333477
-946469
-358609
-72760
462951
-74535
-86408
-531390
-101703
-493414
-29452
-199746
210839
-8467
459221
-92914
2681
-628980
-164553
-21385
591708
20958
227349
-379862
23490
-300453
193758
-236521
6533
365326
1039830
150499
-123690
-681251
180805
-217028
209063
130344
59853
-178113
561687
-171374
-284381
-508022
1049393
686902
577724
171813
89462
-721706
-453309
-1158721
-723718
-595113
303351
169253
32868
-621113
-292688
-771800
-452265
-441148
763691
525280
-368901
-482532
-412605
-773955
-388941
-804225
-264162
13610
1599827
849663
300372
305013
-58837
-976940
-907862
-1359788
-877275
-1037394
1414918
911885
294671
526043
535907
-704926
-794675
-814023
-467768
-1408603
1218631
114110
114570
186518
726142
276244
264220
206476
955544
-1357776
230806
-1445704
111771
-186099
457329
704888
1127787
587628
1479239
-1074606
172549
-1944339
277205
-394150
132644
523877
1423972
519047
1051820
-1103858
196212
-1496743
490280
-231736
126304
256816
1171522
464927
968440
-1020401
-507251
-1242717
347072
-570201
86247
436834
1035925
220823
735535
-72288
-1718
-1356066
359488
-721044
-27556
843040
1192757
-238673
179354
99494
280196
-1087097
370196
-475006
67809
504062
905800
-168115
129604
-334287
-112438
-654160
69226
-471341
327818
309518
716735
-242756
-174091
-378227
96285
-112392
75758
-763791
-9325
81650
748690
27489
230435
-85421
14147
-149616
357032
-783291
162499
298123
827969
-75630
-70233
-330502
-358894
-373339
96513
-1029689
7427
528516
837642
-574965
-377086
126273
183659
49379
411610
-828766
-395472
80009
950110
-379750
-3312
567119
61036
-548052
649992
-566299
-59819
-425763
522818
60314
501860
311323
-324914
-873671
152590
-1058440
121856
-83265
451576
539292
813604
258183
-574455
-473122
238158
-942599
187600
514015
666274
529922
536788
-54655
-1143535
-642962
517570
-540963
70881
287822
853903
372266
-195068
-487849
-1309236
-183924
374063
-945631
-607025
-251608
722634
161066
-688627
32527
-645777
631526
237952
-1298267
-700264
-260887
384627
212113
-248415
927234
-65205
183035
575546
-1187894
-762072
-194914
471969
413656
-45992
701286
-114571
-561345
791470
-825514
-615570
-355901
217384
-156915
-658355
120087
100063
-51859
421018
-517515
-38336
295175
936966
285999
-764334
-178585
-197109
-378322
122389
-522027
-45142
702100
1327231
561129
-658900
-226233
-247930
-448400
449748
-43494
13383
188840
766162
517367
-386899
-112381
-160360
-604690
413438
-159535
-208295
-253356
651648
870223
454988
363719
-348763
-1129949
26884
-609987
-175589
76225
656502
539313
565041
458731
-110385
-839409
-104413
-498853
272018
319441
357299
554564
933966
210946
-247777
-848144
396171
161494
465526
8278
-76154
-149843
270648
-16637
-84802
-535716
598819
743889
983067
261377
429766
-336110
-796921
-445113
43547
-768941
361039
477287
932598
384905
468840
145678
-250013
-498809
-526267
-843797
355905
197522
478257
235566
342566
591590
519370
-319739
-811721
-975327
229909
227288
643141
477174
411666
169435
-38577
-430670
-522674
-687299
266720
344197
787805
491677
157433
-371325
-242886
-295258
-110685
-385967
474956
516011
807293
244855
255928
272699
474929
-491844
-748417
-955480
-27671
306281
892722
101324
-65727
-152897
160940
-231817
-162307
-161386
-88626
214478
578998
-387826
-868756
-1229831
-146647
765757
1079112
576751
499796
477736
531533
-401595
-729515
-1145735
-119328
830940
695158
-173386
-122121
-209257
309258
-238572
-187426
-315439
107789
690860
814259
-127330
-488425
-690455
-110658
-602712
-374176
-258732
516606
918216
1007687
400242
360257
-28264
421090
76706
218726
74035
582580
-429125
-812430
-676048
1034603
837026
1082451
409317
434023
-350995
-67315
-1177477
-1368711
-1096960
604608
529180
698335
-575272
-388536
-745636
-58785
245
143805
-359058
88512
-144735
472819
-128417
200800
20983
479016
244044
28035
-797802
295094
-15125
599515
171824
146602
-362864
31179
98051
371182
-588069
592267
303062
485882
-569502
-893291
-743209
28275
259303
984639
-99237
430695
242393
234566
-603842
-244729
-97562
267525
-65307
216082
-269978
468895
99866
122944
-491388
195018
-129084
-756304
-958741
-75303
441028
533754
-60269
132884
-555774
-211427
-87311
-698236
-978196
79249
433984
169737
-470353
140011
-99945
-201034
-927
145112
-330433
429772
71135
163612
-62182
517519
357718
137794
-317547
-39715
-322307
248694
-166455
540531
486206
863936
462492
378582
-599849
-887271
-1165464
-146737
-170643
322682
-82506
448163
-39893
-369911
-1025337
-351307
-640710
367071
410379
55952
-441229
-87273
-553697
-572805
-669870
820155
412585
835884
336265
-35218
-331235
-96309
-425182
203579
217477
675641
16599
236540
-146801
404022
222809
669766
68023
27108
-70507
134852
-877316
-585575
-552728
771571
351482
485339
-120119
-333938
-626728
263549
-597519
-356410
-475574
467980
57609
139573
-39406
210032
-645682
-290933
-565599
14553
235039
518541
220324
381317
266992
631743
-324966
-523732
-849489
-531512
-272353
-75849
-583439
-323954
-521110
23989
39397
686758
311269
502255
23152
188817
-98571
372383
79890
352118
-107398
124103
-357886
97084
-296527
507720
618385
1071353
498979
651406
163058
-178392
-1077953
-1024662
-936887
11366
217330
431007
-203941
91924
-42607
421841
-222094
-194324
-244063
-54070
-145203
218769
-250820
40087
-555655
180180
154062
479178
-15841
180331
-369114
-42863
-516605
-147338
-230881
384253
-294946
256342
77817
213994
-274450
-143292
-559427
-157574
-605870
77914
-236878
479324
498158
382211
82890
227420
-270920
285478
-580440
-588710
-393416
647402
122463
300843
15791
408412
-82372
625768
307401
259562
-610274
-260395
-608764
209567
110695
683953
-91250
209622
351496
1153579
415676
-659947
-1435276
336370
194579
612045
-322564
-33417
-143341
138417
101134
95952
-616024
66833
-443657
-55074
-773852
-292077
-374344
-339214
44773
1035865
675037
42721
-740144
-130512
-364739
62989
-99400
-147183
-239869
787038
578556
-176574
-775127
244027
218742
873804
446807
-66411
-527980
393952
23513
183751
-310026
799180
782525
870247
-34253
-98090
-568903
-522828
-662581
890623
445930
1090956
769846
358267
-970811
-967181
-1364515
-683326
-175056
389856
88789
325632
-240950
-97922
-810375
-562981
-456595
414170
698306
144116
-215795
334484
-119109
-139688
-706769
-280655
123935
516537
312254
549237
170079
761458
400513
128552
-809350
-560985
-265702
827
-435527
404994
-27380
324192
-21316
339394
154458
7452
-362329
51780
-612142
-37428
-413391
132594
3107
488976
636875
553030
-565183
-225582
-376969
374640
69817
486839
116944
-105080
-582243
202904
-145775
41380
-247747
546015
285872
441464
-217546
-353325
-634367
324791
723542
621456
-832870
355247
251188
675246
398462
446845
-258771
187011
108733
-47473
-1087861
528830
164214
582262
317582
584946
-67973
270798
13806
-335138
-1321744
652776
140877
372859
162823
324336
103613
-26189
-1008881
-738932
-418639
601354
395817
304344
254805
312942
88513
-378494
-1407210
-813461
-228341
553752
148741
67880
-126536
699949
123632
-442019
-957030
-1061105
140608
668722
245621
-125486
-217770
101790
-173550
-129665
-925889
-373256
-72126
637265
49856
-204332
-571371
-222013
-318905
-104960
-274015
13195
38453
690835
280813
82050
-326546
-126652
-173938
274346
-269932
-648274
-142009
526016
7998
-200384
-570413
-488265
-388437
214758
-209559
33999
312718
861179
569473
285391
-111674
142000
-628281
-522184
-1102327
-411570
-209891
780027
374530
-110509
-643979
-362063
-973197
-1008683
-884699
270496
1280687
586257
161272
-81338
-525991
-226035
-1074556
-1193355
-1086666
899429
1161710
798701
112699
-478901
-632094
-422941
-1109940
-1374475
-1043674
1140453
1403345
635918
125314
-161435
-259903
464595
-968042
-732013
-1014021
932317
385794
872640
-167032
-122913
566999
807068
230083
-240336
-973828
234
-439563
1110994
-353787
-20115
1100515
2286521
358278
487933
-1040457
-288411
-1847198
834665
-714440
-557610
1419319
3089851
850500
902542
-595205
-533842
-2366493
1145607
-888576
-637696
1980163
3225265
856671
632991
-1180501
-265415
-2942633
925831
-1243630
-965061
1734307
3058374
609207
316871
66773
-378249
-2634328
1066156
-1465265
-828797
2051885
3027485
-260191
-38377
-369105
370865
-2608625
942227
-1564663
-1131178
1750762
2725661
-80689
-374039
110020
146430
-1995298
679531
-1498478
-829554
1805598
2526743
-678937
-453943
180925
-38713
-1682751
707871
-1885122
-964935
1514381
2019218
-128855
-536085
125686
66249
-1281015
735151
-1642964
-1207173
1344344
2261676
-327607
-469692
148281
-88155
-1448036
847016
-1927627
-1251930
1331143
1980336
-204031
-605333
517494
-188955
-1237055
786471
-2043865
-1563880
1226999
2135681
-121330
-127072
510464
-179686
-1508179
1102920
-1712221
-1382623
855199
1868583
106140
-198757
646095
-629832
-1764609
835006
-2067301
-1274386
668638
1796865
386119
662071
394598
-554082
-1614083
1045542
-1977736
-1461172
1054007
1585229
1050110
95913
219503
-1564366
-1348399
812908
-1736438
-1470479
632316
2096056
735758
51937
-453280
-675966
-1510966
1003888
-1956348
-1547976
496721
2136189
706632
-697701
-310263
-851940
-765041
885222
-1776134
-1970737
284298
1723608
696906
-970068
149073
-95816
-694387
1183452
-1845847
-1989148
541226
1811599
404448
-906991
344603
12822
-818743
1037361
-1688489
-1771832
427428
1579051
301390
-500626
236762
399572
-1038862
1037346
-1043984
-1162526
890107
1589597
654081
-895178
146932
-354846
-1267559
824308
-1053195
-622209
1163687
1835975
1139139
-713589
126630
-635630
-1359079
853687
-477185
-352704
964377
1606376
546780
-216656
-111941
-376434
-1440059
724548
-262393
-23052
1196156
1506344
1081202
497842
121809
-750292
-2144662
712104
-413644
189812
826864
604116
787755
767524
358074
-476863
-1780621
598950
-15402
573220
988634
787626
809285
734094
372504
-826921
-2280225
477299
170032
893157
1049909
72550
438621
784146
32251
-913185
-1368177
764881
844923
1701512
1092333
188503
-68804
-175
-289418
-843498
-1735137
653380
1045142
1890150
794622
343322
297335
-92042
-761457
-790220
-1691759
719148
1151145
1607779
1021816
40738
-154048
-93117
-286009
-1065388
-1592521
575623
1079399
1562382
1033262
286590
-204052
419993
-380405
-1096176
-1722392
447039
919744
1644329
905525
-366573
-422933
119744
-308029
-574420
-1029508
400092
895146
1595119
671600
-338725
-301790
125046
146240
-445936
-1159249
310071
1036398
1650784
392938
-893067
-1203276
332048
252408
106411
-594781
53166
802386
1222589
90357
-1408127
-938211
71251
1044773
711527
-505079
339097
778482
1114352
-253498
-1398273
-1507600
21857
1003904
920025
-195892
186732
599410
876974
-367996
-1111195
-1217294
167134
1561554
816792
-383227
216678
261858
476473
-299265
-1246984
-921371
704105
960916
590032
-250170
486507
455501
814070
-156669
-653473
-427449
504910
490617
-495566
-811862
687541
834995
1073676
193669
-361339
-418802
382046
-266617
-1049540
-887196
977181
1137177
992777
-74811
-616479
-677784
334855
-341976
-804574
-711919
839886
818997
1217180
-84241
-684401
-292187
-353340
-449388
-356241
-417831
834807
814854
807454
-156207
-643533
-708524
175633
-234156
188995
-545371
683460
521487
577293
-714741
-748015
-788359
-311773
44307
656558
221304
813309
722672
554092
-312043
-723793
-569540
-83298
-724236
157259
105046
659577
471879
367015
-730710
-622224
-670215
-729416
-715324
391711
516980
882448
508403
196703
-583108
-334286
-424912
-887145
-1145049
-389345
632766
453844
133831
183195
55275
-211598
-617053
-703777
-1131712
154965
611502
572897
236244
408367
338813
-220885
-1073334
-568349
-922316
-124673
674476
366388
337650
628661
467979
-191371
-914373
-709341
-565576
-123589
321609
527045
428415
777324
301262
-394924
-1014694
-472935
-828413
-241665
118962
389770
168205
333024
-1056
-715426
-1006887
6043
-215495
36783
389673
626612
246668
325509
-75279
-432500
-838013
227421
-242151
-601931
215947
220850
222130
286361
-355662
-453252
-115285
409844
-363912
-389939
68298
1020810
597483
661815
103084
-105163
-338629
99876
-1099514
-975952
-854664
516163
336205
401122
-84079
288036
-607755
-44722
-685931
-789653
214840
885958
817676
595786
258802
201425
-431520
-664344
-1221989
-1057942
-217869
206839
92952
113880
-9142
304284
-1913
179972
-549844
-211896
-185401
384667
223811
489204
120521
193271
-295722
2166
-626587
-236753
-236213
252701
480653
758722
387629
431758
84442
102302
-767443
-934816
-247422
105361
377484
529891
-118550
-21853
297568
33601
-282786
-289325
-341954
229804
415057
651535
-23650
84326
-539528
131606
-667329
-196832
-55271
289937
169930
105078
-567752
3577
-277030
-150720
-175280
165462
250418
312033
-97910
-184645
-204442
-482179
-208652
78318
-343197
429134
616062
432778
86148
228474
-467915
136445
-574818
-197751
-205349
264944
261953
392012
110882
263140
-71749
280680
278250
-326284
-659232
441502
-299426
379463
176926
510553
-69845
409584
-207263
377113
-140833
30269
-536518
322173
196827
394230
326212
199213
31145
-108550
100092
30525
-743016
219572
-103800
334861
-28175
388861
-384484
-360291
-423335
502172
114502
167603
-348412
79814
155442
255984
-223465
-405354
-529112
538242
527652
200627
-244161
135499
825951
806660
-729820
-1233935
-755158
600472
368129
199184
-437171
517234
1035725
796314
-377235
-577373
-809728
59335
195995
665562
362419
1163676
1545502
642964
-1061616
-1771586
-1065636
-297700
-448613
637015
387955
909443
1076484
434415
-1311809
-902476
-823056
-260995
-59206
706857
465099
1060943
763489
-286152
-1331705
-1186331
-564145
-63351
262269
799098
272541
865796
615305
-123129
-1031831
-679506
-316833
277570
-454645
651314
191995
799066
544242
108487
-804460
-283415
9879
91532
-825339
427348
282527
711704
436249
199056
-114369
234385
-21440
-309017
-1192866
637124
382228
888015
678543
-160820
-403640
141140
-93306
-283927
-1295124
654730
451472
834337
242730
248953
-506682
138058
717987
-500156
-1280646
622434
670885
1087141
709269
-69309
-692550
120512
88371
-93592
-1416067
768105
771669
991932
528545
102547
-543703
200997
-35898
-589960
-1721629
730751
491891
907769
430311
140498
-485502
85854
-109159
-1009442
-1138452
569199
651605
907472
566174
-183836
-451349
-378633
-1167959
-807300
-527989
-663012
687978
-608206
677676
-36582
775051
-1018746
265559
-745021
359557
-477617
554706
-970758
575501
-404011
830319
67940
339485
-636492
247022
-678906
881270
-902416
362667
-614328
458933
143307
704025
-789722
415218
-779606
1021817
-688105
27602
-259314
627540
-254299
984008
-1308477
103784
-700402
1033248
-756961
-29216
-571855
861351
-128001
846191
-830820
-196034
-646275
1011744
-464305
484074
-636276
837987
-708408
889714
-704231
7721
-640056
1076769
-480228
808584
-881497
324592
-931103
1070013
-1051666
769490
-641377
939094
-792468
725227
-666366
73202
-917329
1290017
-694952
738132
-702217
1037770
-751466
206216
-133518
312112
-1297220
1041944
-689273
659181
-887706
805793
-487530
26931
-52143
1232909
-968507
988993
-866982
1107271
-747172
780999
-87910
436685
-469714
1281788
-1007705
68980
-1320604
1165099
-250031
686667
-460175
536805
-477248
1300250
-1226252
-160785
-1758793
1653136
-149417
509244
-347134
863387
-106163
1459862
-1146046
804934
-2838775
1696167
260499
-71440
-722599
1308544
-65244
1516564
-1413246
2078913
-3998384
2912872
805573
-72586
-1501857
423416
575471
884383
-2184708
3816297
-3808155
3903447
808804
472422
-2075353
-305246
807035
1288979
-2959711
4341802
-3527154
4358547
869870
953964
-2341638
-322148
377881
1880132
-3195150
3739354
-2730677
3728142
747383
1046641
-2388932
-47847
437907
1911511
-3244511
3560905
-1723363
2210697
918304
1149049
-2645398
55787
802742
1372066
-3057055
2098703
-41899
1617511
782709
1340267
-2876361
-378356
1327795
1774676
-2898529
1067672
210985
1576127
608538
1180006
-2496164
-205878
1106194
1343152
-2285548
1162430
182617
765299
719452
808209
-2571688
311688
807510
1479058
-1885862
700787
267724
146140
689991
1216418
-2833147
367983
794113
1104717
-1929620
641042
649770
-278777
810021
1451560
-3184268
410985
718221
1190256
-1748453
781978
1026691
-562668
686031
1705897
-3379418
245230
1069527
1401917
-1700955
169119
1065072
-893058
467621
1784409
-2892841
29185
535393
1489537
-1693800
42148
1289207
-604614
555220
1555782
-2682737
881366
-145525
988815
-1076249
322549
1006548
-218311
629375
1572436
-3331197
1293090
-181829
546002
-954121
500962
701123
-377900
501612
1726453
-3304308
217708
696533
431889
-565271
-15102
1623709
-1072641
305093
1568889
-2663413
-289115
748122
876800
-405327
-394664
1889446
-1374656
318367
1941326
-2350907
-441350
544183
1165551
-52232
-1466392
2264814
-1889107
550495
2064428
-2550540
-240464
878158
294009
102067
-2331055
2775399
-1244069
273132
2317165
-2433668
-264742
852679
5665
446310
-2256475
2701476
-469111
15397
2298964
-2110855
-14319
617183
654712
184793
-1580509
1388633
-120691
-106424
1701314
-1890756
-60269
349585
830607
313606
-1112973
736472
351086
-123079
1460842
-1826313
-509290
354458
335908
1044061
-847804
687138
434445
-63990
1158114
-1333076
49644
180217
-233001
1167653
-751691
505769
390103
94932
904235
-979494
608285
-451596
-762330
997024
-196167
822547
470054
241903
989198
-1271895
819881
-432304
-686479
374979
140226
429533
377947
121174
693477
-1349875
1212585
-502423
-696099
171384
538348
-126568
953513
-173717
468774
-667771
1243186
-426650
-272674
-208656
589206
-157582
586260
-539714
150412
-352481
1074667
-616799
713815
93424
-133391
-273148
952693
-546307
199712
-713290
1184291
-631244
50706
414102
619102
-357290
514003
-520520
498427
-633632
1017991
-350752
-888804
326427
988232
-109611
237016
-508368
280031
-487874
839679
-387325
-580675
310768
889564
-80552
412836
-590206
77997
-385746
885963
-41818
-258302
-89227
559976
-327080
552111
-800605
174448
-250254
1046838
-630166
-781664
-30092
1144157
181927
666458
-781822
101779
-416549
1420327
-773293
-328594
-512728
1011761
327466
6822
-655411
82733
-359450
1510657
-192777
-66686
-1179437
85373
300802
112865
-661742
332333
-284537
1363416
-152041
68284
-1238928
21184
594437
202449
-318797
414274
-616629
1254540
-592934
-115134
-364778
-58260
216338
264264
-167053
657655
-607874
1157989
-540353
-287932
-558154
204388
-508366
-155248
-596005
918750
-728999
966525
-635565
-375041
-389974
1363140
-363103
-186200
-1073525
785579
-833196
989956
-787374
469901
-236491
1777340
-407806
54994
-1034082
604069
-403320
1709819
-1150307
793321
-898415
629598
-428879
887000
-596491
767975
-891362
1377960
-1210881
206062
-569809
393582
-322946
1345916
-697890
862774
-967519
911101
-775464
456933
-409434
294769
-570654
1693234
-885347
879953
-574747
1313400
-489249
219270
-386683
-305291
-1267698
1835316
-891710
788723
-207342
875173
-748342
254906
-504483
379721
-966389
1100740
-786927
846969
-450649
599358
-767724
743988
154801
312926
-1405591
355037
-695051
1002080
-667009
1028311
-375540
-14306
536668
306631
-1408251
242940
-582259
1147525
-1084180
831865
234819
-728540
-56896
751325
-1486268
915395
-896035
1013774
-1055143
506870
428508
-212537
-698195
1030349
-1174204
701964
-1148720
710888
-888475
513691
69087
445890
-287455
1083127
-1246044
305913
-743981
928453
-988992
941924
42720
434762
-679108
1444828
-1698872
40681
-648337
1098305
-864470
1056947
-239380
91246
-1602938
1599634
-1684331
459939
-764965
1066295
-512502
744438
-1011077
521621
-1080440
1397685
-1136888
252730
-621768
543164
-721627
743139
-583109
409826
-600896
1591519
-1076087
-38434
-689096
764028
-497088
665993
153612
460483
-1197988
1821574
-1277644
416125
-798750
991714
-545904
251864
-308957
1108423
-1176452
1136375
-1158510
190763
-897452
756383
-558754
266311
-540464
1318979
-342212
731415
-657050
-157585
-549374
888906
-374913
627441
-827264
431686
-638183
607701
-704326
333391
-728448
740142
-562606
690905
-899082
653471
-590454
785149
-1056042
845916
-1073613
388486
-638079
606725
-868121
978590
-151702
1156445
-512494
242524
-959774
452965
-324790
692889
-714497
226547
-446880
953668
-518893
197949
-732897
640341
-666801
694727
-608736
834785
-1090172
569871
-752474
726183
-366820
887234
-844574
1104012
-967896
734461
-817986
746490
-1158891
1143628
-410210
933464
-552884
765170
-769201
955716
-954854
809684
-1275322
758596
-602496
686610
-543484
832939
-981985
1586166
-720729
-4283
-877902
1084979
-591986
687176
-743214
832500
-1222724
855245
-270148
874419
-820408
1004535
-701244
600106
-1059064
1219466
-989720
320288
-1159983
1093045
229328
1018530
-744545
615171
-980905
1128507
-449331
395402
-807827
164609
15317
1439047
-516590
1030725
-1117928
1177168
-211479
560986
-291833
-670380
-1156122
1328784
-453828
1409581
-1536848
990159
86730
81015
-432728
-90742
-1024803
957429
-454522
1351509
-1781877
824491
-125207
353983
-220551
167509
-1174355
901163
-913712
1381817
-2007261
777908
31919
367908
-927637
921963
-227032
344230
-1290568
1320462
-1785632
895531
547631
786698
-718736
999669
-715971
170960
-1181565
1146149
-1021002
1139024
-147428
728347
-894875
559038
-927283
319749
-688631
846796
-1078656
1156298
-137084
460551
-857342
54926
-281904
354164
-664991
660259
-1224487
951350
58793
552171
-478548
193150
51685
498954
-714339
837009
-933930
930287
-495794
343446
-174239
351897
-249980
710962
-453541
772811
-835347
838158
-916441
-162054
-313397
1402727
-462777
395794
-623830
598459
-748755
718828
109382
289505
-1351620
1585959
-552476
307803
-826904
638701
-434380
998012
-37202
250629
-1533898
596805
149206
964691
-826728
508016
-702608
591191
-199956
488585
-1064103
757289
-20860
825241
-755392
560684
-786178
679879
-475127
526504
-759760
948987
-343922
807210
637273
269882
853315
6430
654197
11009
76534
-1057370
-845648
-1026883
676752
256320
736960
-90573
779297
280272
135100
-1091973
-1182711
-1162043
638995
96170
533018
-428157
417310
148210
317216
-929780
-808193
-891221
730842
121598
577825
-530438
89756
-158906
5000
-767788
-331718
-812815
770242
154941
460510
-857582
-296703
-561401
226489
-426264
-36410
-513127
719254
162064
563761
-652345
-108194
-504034
492369
-261002
217405
-863839
551833
134665
602395
-710296
-143678
-720618
75701
-497824
262138
-601684
870286
351553
838400
-339981
133256
-523280
-261718
-1140510
-194210
-603407
895713
445623
801470
-583934
-392263
-984675
-950049
-1773593
-33551
176783
799612
163050
364229
-745515
-319471
-854181
-872859
-1837305
278793
753507
708677
202384
284381
-876663
-402520
-1006556
-804609
-1718441
291579
785298
890518
248118
139750
-572036
144513
-568474
-353191
-1874243
193672
189541
1171310
628743
89365
-307663
1109816
357188
282904
-1517848
228949
-1556121
1112569
675489
-113323
139219
2270478
1696467
1198779
-1440314
341821
-3119158
1208503
520660
-678790
-51022
2795867
2592269
1597846
-1219853
1027340
-3588611
1356779
458507
-760091
-381646
3133159
2903537
1433932
-1429369
1167374
-3690340
1443949
384338
-1004254
-787483
2962574
2421254
1184064
-1513160
1513857
-2679568
1394565
260458
-1042070
-828438
3115115
2375573
561965
-1709199
1403372
-2038415
1296211
118042
-1072390
-901967
2790915
1921840
163345
-1307163
1266841
-1327708
1268680
-30118
-1133225
-888025
2691171
1974948
-113350
-1758521
930234
-738900
1189646
-96773
-1225783
-1211101
2445464
1711152
-188675
-1352519
805271
-580294
1382305
-192028
-1407763
-1278192
2416973
1676363
42702
-1230662
623850
-585205
1406907
-247926
-1434146
-1527240
2525016
1571954
-124019
-1129903
588140
-468551
1476658
-240989
-1471547
-1843347
2310381
1589205
109302
-748674
761356
-508821
1773924
-99780
-1350600
-1890224
2109067
1528678
489309
-496798
332311
-749034
1600358
-237228
-1464783
-2022659
1995396
1566227
938881
-306816
172327
-954961
1726391
-170464
-1279517
-2035679
2188538
1698154
1049555
-391958
-285711
-1173990
1605869
-277841
-1298556
-1905962
2186059
1711271
733197
-640390
-569447
-872399
1752135
-169721
-1424716
-2220661
1875736
2013514
310517
-975416
-731283
-220021
1741043
-285979
-1678048
-2316433
1488665
1728861
2121
-712492
-350915
612253
1728686
-238912
-1474607
-2382936
1282474
1830953
150364
-367507
-436063
820467
1743959
-117102
-1223011
-2206334
1301143
1748969
-99737
-202003
-591364
795607
1579909
64153
-543661
-1589579
1569400
1707316
-83561
-450982
-821466
415830
1122876
102984
-140832
-1105286
1928658
1847186
353777
-432207
-818429
-272894
829862
242561
214747
-493412
1827381
1675019
388522
-259274
-802178
-702561
575633
291789
289201
-352209
1517715
1657291
883695
727431
-649183
-1075869
447557
385665
259096
-307351
1330865
1086799
659182
1045232
-471907
-1184760
192118
336302
561489
267216
1371984
604073
851275
1144823
-416629
-1204367
198657
549845
993648
466863
1263912
67611
379106
745388
-212311
-1431486
364014
898535
1560651
956543
1332156
-153562
743
-163871
-469173
-1302605
395622
1035767
1740285
1306385
1316049
-428261
-76171
-178636
-602473
-1699831
312606
953330
1830550
1354233
1282530
-311219
-35437
-344852
-774484
-1613569
145361
619160
1655238
1263795
1190218
-172387
193793
80541
-596208
-1673377
33792
567776
1625153
1244072
1009659
-564332
-494240
110828
-205554
-1242224
30635
583878
1633921
1175311
546517
-940096
-347753
467387
198555
-926434
1176
446265
1585626
1111373
327409
-1172869
-654339
177471
528369
-619912
-134367
204205
1387121
696656
-66809
-1767359
-797802
542422
1256565
270214
11112
267158
1256288
345237
-375875
-2157151
-917236
576552
1753945
503258
50728
100154
896314
198965
-316907
-1891273
-586853
568019
1531338
606682
-3047
68650
775935
13162
-146555
-1417601
-444652
534007
1159623
177720
128063
241819
897227
94722
118263
-1071807
27147
560152
406470
-476910
522012
626753
1297836
332708
400821
-783800
-28034
-96309
-429961
-1315296
839682
927130
1829770
453469
172955
-1170895
-343973
-523076
-182527
-1242503
784293
711332
1516107
125513
235471
-1309393
-24706
-280816
58419
-1012350
542684
439841
1359196
56628
184166
-1257973
-26831
-327451
499129
-432532
597517
366426
1125678
-186087
-97029
-1541825
-265080
-430785
327464
147638
701543
504253
1158704
-404354
-313186
-1214375
-290741
-428484
240111
-181480
688808
395736
871267
-518067
-222108
-1038089
-469703
-1106584
-457947
61496
793150
332979
867463
-281268
-73254
-981287
-598703
-1293381
-619545
-165590
581933
56375
644418
-303712
200314
-751153
-696992
-1085460
-593336
-128489
472763
63839
925163
-23730
427107
-676888
-905546
-798397
-324032
-470836
293294
63306
1093661
167531
539035
-646789
-995788
-770350
-188224
-541788
481677
217407
1144008
165432
464553
-844236
-1103017
-916164
-85897
-687479
278727
-67934
832031
-222274
53364
-1101276
-698290
-487065
368022
-460217
384925
14816
796005
-490273
-14
-756267
88586
-356137
436497
-952910
382582
-62057
645978
-374941
242100
-719317
195982
-402708
243638
-1177874
833052
548251
1230677
29706
394782
-581562
-4285
-880268
-384891
-1549831
666967
394544
883218
-91578
251186
-481514
-74606
-1083270
-251993
-1246216
717770
457926
1090732
199956
577295
-240850
-216637
-1306008
-388413
-1341114
249028
-1043
705717
-135286
400668
-203621
201448
-784681
-42606
-788326
139924
-99241
772804
-8078
477647
-88180
457809
-600039
-266005
-736065
104158
18880
1012024
239847
624724
-54679
528631
-568578
-276524
-1132241
137636
70010
1102806
192007
396822
-503375
356493
-514816
-307285
-864391
28036
-54354
854869
3212
351904
-321652
217959
-590094
14706
-577718
208720
-219875
455721
-349857
-72745
-785293
266116
-282736
345072
-31211
291958
-214230
331109
-728198
10163
-671787
104644
-533137
492145
-55188
495209
8390
448359
-490622
237677
-686186
143665
-966620
463123
60977
441025
162061
622684
-288349
445225
-406357
408926
-608296
96042
-538403
289673
67091
751126
24871
718376
-267033
571983
-579384
223975
-686733
248695
42320
781949
-81356
732779
-189530
615967
-342481
159036
-646319
246028
-189280
476109
-290591
688873
-409831
66084
-751217
291006
81313
122578
-387222
218116
-447386
833108
-402165
-552421
-724479
515734
550675
160305
-448710
354420
-169083
1318211
99526
-601397
-1404926
-414679
423165
9898
-320660
724228
99109
1740807
140509
-825191
-1142370
-158864
-319163
441440
226532
1383045
589782
1982292
-68523
-1147070
-1804224
-955847
-721921
527759
237671
1552862
347331
1277733
-628357
-1268168
-1669341
-208432
-424784
696198
222092
1329899
173234
1081939
-839699
-1287157
-1441789
137279
-226700
690064
92918
1144461
187863
900509
-804603
-782744
-838269
305929
-344766
767207
202585
1061674
260939
919300
-538477
-473465
-643226
81334
-499393
776460
114572
888594
236918
937482
-249995
93457
-116013
34959
-934427
667662
176048
1007425
296362
1048014
-210766
-93612
-203052
160428
-1078565
747710
367618
1133149
372799
534378
-734090
47759
31700
782295
-1004411
811867
455396
1221611
518007
729346
-486532
-238448
-179921
693095
-1370184
899154
491127
1353379
711561
838908
-433441
-185650
-377110
207951
-1386477
893555
363762
1193033
518048
792038
-378206
-80432
-667330
-136946
-1281492
761256
233849
1154120
428550
698614
-560516
-238402
-865609
-740003
-1329214
-363686
735542
-769905
609187
-792780
-7047
-958984
249608
-184393
972524
-225233
938606
-532997
964751
-20938
394038
-823877
-336757
-1230216
701631
-440861
932011
-861530
745604
130924
854194
-515182
-90323
-1155424
441442
-513844
843218
-1035699
513434
-17847
635135
-756296
156696
-1230610
756475
-412107
727826
-1076004
625801
-63312
977154
-827140
220938
-1416224
707049
-237861
883124
-1007090
334866
-816253
575647
-787584
682075
-1307474
829556
-256617
881166
-1174113
150937
-894081
448048
-182842
1198536
-948050
993198
-663966
717153
-971030
372225
-320362
597826
-226173
1309990
-1055783
820205
-527161
672603
-1068420
163315
-137134
518327
-745838
1223493
-526433
1192511
105039
1308963
-352882
642945
-110392
468758
-1780323
329454
-912714
935879
-132320
734003
-891204
93021
-624461
259895
-1824579
664948
-221852
2390383
-515354
-276381
-1111152
118521
-828202
486659
-2184879
1595536
-456271
3671964
312700
-267458
-744893
350429
-870569
-492022
-2614885
1273305
-2278484
4476279
621072
-240938
-592242
1004447
-243282
-880516
-2844679
1736119
-3502640
4672560
579390
-652699
-1008642
1966533
969879
-160430
-2295402
2685095
-4039397
2999309
543584
-669822
-1618356
2562669
1767502
250665
-2409646
3212327
-3916364
2179634
677555
-911497
-2054747
2566584
1799928
301687
-2407246
3041191
-2665687
745962
874146
-706788
-2089383
2783245
1713699
-343585
-2517129
2831731
-2048673
-223710
647833
-799580
-2310124
2689425
1708930
-578792
-2032983
2708924
-936747
-668065
468348
-892983
-2097006
2862980
1805272
-734635
-2563451
2440356
-126864
-797175
466070
-725281
-2190027
2852523
1398859
-684476
-2085891
1817182
-269212
-984652
164332
-809529
-2094669
3015280
1133744
-627625
-2365345
1562930
-117183
-992840
122192
-877568
-2663530
3099531
950147
-669454
-1840200
1778367
245753
-1374909
390174
-746993
-2833243
3258573
1247777
-548569
-1890840
1551615
-195292
-1878364
43938
-906259
-2834210
3152611
1069899
-503190
-2017627
1064112
249390
-1439278
153006
-831049
-2906627
3028143
435931
200035
-1635616
1258819
32283
-1064231
361941
-472376
-2800475
2893897
214536
53240
-959792
597734
41938
-1705173
-58303
-794548
-2691477
2633978
719515
42707
-620806
484642
439766
-1561204
-101436
-634653
-2796347
2712199
1663249
-20345
-1024717
87808
828204
-2373781
71960
-350571
-2609832
2454271
1746822
-183183
-1011025
-673113
1314805
-2754698
36077
-430242
-3230543
2025302
1636280
-497164
-1016563
-1231213
2322673
-2532762
-152953
-545760
-3481497
1943717
1144283
-561414
-674772
-451012
2686253
-1934636
189970
-152825
-3163533
1681868
980220
-199396
-754947
-176796
1884221
-1634695
490176
180150
-2795527
1460539
743977
-634119
-1006146
-785460
1313758
-769149
414759
287700
-2080780
1593321
933947
-435465
-532946
-1117024
837092
-694356
339731
1592
-1658350
1726845
1111498
180235
189470
-1415817
307377
-1033800
696774
152646
-1311419
1590901
39936
-100297
586730
-931188
-16559
-823669
680186
212580
-1111132
1344784
-754197
525359
1111464
-345909
-371577
-926757
370027
-179965
-1099488
1230341
-976017
434194
1037057
209608
-583921
-244226
107368
41548
-519227
1051746
-964433
472079
554826
526866
-315898
-365954
275459
600489
-156251
734696
-1446738
250858
115078
208863
-600900
86072
476057
1098448
180952
1047166
-1072801
-150859
-269005
-411676
-622943
5607
208759
955623
231635
1135788
-859451
51987
352498
-363534
-1171897
-306629
155046
771910
66846
778201
-1017612
-54705
1010962
308434
-1193111
-361603
-25090
773998
185581
772028
-846896
108235
846421
-48876
-1039970
-385152
-185751
1015668
374696
871707
-1310187
-175223
129299
464977
-656108
-162716
-101178
1184455
389886
752064
-1390569
405817
782438
917048
-746902
-1212941
-338496
912958
234805
757476
-1387603
108140
319666
1223521
-558455
-946410
-463035
676512
38224
564919
-1900909
-533509
-193945
1367737
762649
-284298
118312
930873
-64278
540361
-1773056
-630568
-66743
1288642
261733
-353540
-261332
550329
-507029
681462
-1371763
73517
359382
873795
-272462
-25844
-698719
258443
-1143177
436867
-1623853
27033
383073
1117066
-328497
1039549
-258643
970214
-805958
557845
-1420012
829354
143384
1048629
-1537749
79097
88421
1568817
-83599
1336502
-1274923
998281
-415791
-96333
-1914460
-233994
-29282
1380569
-324603
657593
-1843260
301439
-565841
623599
-626731
609880
-452955
778357
-784503
687640
-1445473
917657
145869
616717
-40338
752621
-395544
984404
-624046
731052
-793945
727403
-181064
338751
-414122
883816
-215147
1140101
-581793
225874
-1364267
13297
-713677
490660
289306
1802555
-363404
1119285
-775557
151910
-1035649
434769
-167461
269511
-310052
1191332
-372300
951122
-943502
617598
-625613
31191
-284202
-588087
-770839
1658494
-141013
1094336
-1058316
655965
-826113
-609510
-224963
-208204
-1156114
1594945
-427696
864292
-1159015
753866
-615962
-583601
73505
689630
-770282
1332483
-582171
978989
-824591
1125364
-524255
-405550
-200623
952588
-1157407
1098032
-310773
1320289
-442999
1371339
-536486
-117062
-635946
527670
-2022721
1142216
-279056
1080079
-850180
984922
-967462
-121602
-1118185
851628
-1892868
1362236
-630865
566596
-1003983
337365
-1435727
169022
-348862
1646217
-1020811
1487398
-611072
585026
-1027084
147840
-732490
566278
-118531
1338190
-1566614
1115945
-304402
873527
-572637
652449
-372990
408324
-747707
974910
-2007162
861588
162137
1339517
-493102
532199
-652787
-94119
-1121857
747004
-1584901
568417
-240594
896849
-772419
426454
-435779
396544
-1026350
448805
-943480
809814
-198210
1171907
-374450
797432
-356264
677662
-1165586
-145189
-1329909
575707
-601110
635978
-917880
137814
-965484
863936
-534753
924519
-713883
944242
-513339
896887
-542932
332751
-731762
867833
-353484
354061
-723099
730399
-221429
1456367
111817
1055880
-169270
779485
-714498
122309
-1759078
-62515
-686634
922286
-451563
692214
-977089
1064702
-487368
647010
-956682
722631
-622321
557885
-835088
733743
-849012
602524
-752650
931754
-612992
1519529
-277605
481494
-935892
449826
-1142831
907258
-1065037
942291
-425175
1040421
-229443
490405
-998549
321623
-1060424
760227
-1106793
345412
-368530
1472534
-198269
861828
-668355
713166
-1112148
794468
-1476025
462265
-515898
1056420
-222879
850957
-677025
941932
-630729
1013866
-595798
368302
-867612
256179
-470696
860600
-606445
1191672
-676600
757769
-107575
983257
-240577
-27222
-281806
1018457
-867518
1426303
-724023
22892
-285041
505235
3963
499683
-379652
658207
-1453927
1189752
-852640
-537627
-1104370
72735
859740
1805580
-392857
622411
-1851992
1451934
-769683
-427713
-700573
667447
345
1336669
-613409
719297
-1736591
1905600
-321084
-248291
-756598
532822
-218695
1087172
-687809
1110055
-1372449
2002991
-130281
5388
-725303
1036064
-904061
367816
-140056
1529169
-564318
2050731
-559138
-590034
-1453182
140999
-1073611
254209
-534134
1017573
-816175
1140171
-1100383
-527109
-973905
415011
-145337
703770
-662191
623065
-940759
1095427
-1069135
-387849
-764952
658817
318447
412714
-332837
854087
-419921
1418486
-850974
13025
-856728
184309
-500681
-124510
-279099
778246
-549284
982282
-741393
55592
-401833
864453
-1114495
146581
-672396
411857
-819323
593005
-573930
723359
79241
1292110
-1297332
-357516
-477141
827661
-418638
855856
-705545
-401464
-610986
1329038
-973578
-114347
-347867
1011989
-369389
534573
-1090743
-431646
-509139
1647292
-438931
-29675
-609952
912105
-389536
1098647
-655973
273386
-469951
1068361
-784273
-265004
-389280
997855
-298974
1084067
-669267
434710
-164106
463754
-1088819
264374
-163905
15265
99004
-113262
-367472
-730597
-221454
772412
378352
354779
5243
-196497
319014
227669
-94720
198808
-282632
-173430
209892
-375769
58278
-58676
106798
203136
-146959
180775
235499
-213202
127587
-25555
-126179
-91007
-22777
257010
330522
-125382
-143963
-301674
113240
652671
-194267
644
18291
337232
544416
-72401
-247383
-493209
-98488
-95530
-45033
-179536
-295032
-222804
123402
-60020
-65958
163705
403744
-54844
62045
-53640
36398
-88715
-72367
460962
108188
-35912
-191378
-227145
-240649
-288011
-79600
125333
-323142
637171
987017
432705
-215866
-323531
-299433
-175611
-97
551295
29140
-76891
729879
301459
-562838
-628437
339936
349597
-50841
51390
261154
-189877
210713
-28340
-689898
-430385
-271636
277271
198502
-191198
64785
107089
129053
328880
419800
-496017
-636949
-71607
-361964
-253303
-261824
-154271
352070
191692
1287352
-229593
-343594
538628
-193541
-892709
-956629
-499197
-447716
-313501
1751820
290765
-403433
355533
533244
-859369
-1692799
-9033
-389133
-699725
1144768
667520
-270938
158096
909349
-305544
-1107398
-459264
457060
-819827
-224297
753651
-343955
-105095
664946
-120562
-413738
-399760
652405
-116385
-458119
594811
-227382
18381
379711
-27092
-209240
-234045
-48343
-204992
-671528
1392191
-201044
145976
321215
-372509
-461950
433060
195772
60003
-1539211
1064876
-87894
-139559
515245
188946
-571165
-229081
90742
734606
-533685
-112006
4826
-118200
18001
444869
-154710
-438460
58651
532065
-233834
103938
-153730
226414
426779
-56558
-143741
-429501
-46339
245062
-353210
336903
-245590
127009
749447
-64567
-439830
-292031
-68987
73946
7947
551859
-345476
-30703
537019
-97411
-209643
-112524
102391
36763
-238791
437453
-199735
-62246
723845
220489
-536718
-312541
-185245
-10975
-178633
324777
-310813
-147972
342257
743892
-142857
-947279
-314677
518802
192006
326967
-176144
70019
-43990
107070
365185
-883673
-424605
519291
224873
-385682
-90761
71137
570586
-333302
-463398
-97724
-9396
368784
-6607
119832
-319000
-245064
528577
662578
-1136775
248662
184966
460691
-640466
531962
-313649
-62134
579250
782248
-758280
-185863
563657
126625
-709978
107515
-128536
124691
532852
465615
2185
-263852
-324580
101390
-956273
471273
-381023
-130737
303690
100230
-96330
-63392
-557039
539190
-517649
531978
-298989
-478634
205809
235578
-176029
-266358
5330
385251
198285
-459256
-232957
-595333
-355761
267628
-90239
-380116
474595
-43509
816623
-854314
-69501
-223047
-480741
-143003
-526980
-554325
-410997
283564
745841
22050
-205928
-96913
-94274
324553
39630
-137605
-987921
113043
167912
125756
-325865
-86880
-392751
360662
360221
-466038
-833079
-70370
454033
491599
-26692
162239
-335425
-148470
487518
-54619
-613470
-597191
386261
43295
105051
-263778
-473060
-368501
350939
14057
185984
-238701
169505
-210957
-77844
-428023
-491267
54227
251391
-24103
136472
-79684
392840
-330745
-208735
-667198
-569673
223157
-297953
402985
986514
-262205
-194016
365979
159196
-352114
-546503
-297821
-303471
-314179
216659
424795
354950
133944
87174
43652
25177
-458058
65664
108197
-912455
-1230
607422
121522
54743
-108877
-147303
-105466
-176331
331939
-351962
-212146
-4252
348117
139481
-170661
-527983
-40228
148657
604688
348768
-484580
-446201
-131785
80671
-135221
-230164
43925
65946
20920
-52257
-113338
-164111
157995
171891
-224399
-165749
2610
401636
66485
54930
-501046
-176975
110970
297979
68986
-57522
-84311
482127
491232
451376
-985185
-940035
34767
-194484
125340
199853
32933
31954
663744
262406
-418316
-439402
-26418
-110100
32538
-62893
-247387
-279895
-244909
172649
426952
54610
265128
177141
218294
61978
-208269
-123810
-169152
-309205
406499
177983
-465651
-218807
-298382
46633
-20785
-23905
136161
-93670
281031
868467
-150120
-408491
-715836
-292107
-420218
-91375
152355
386465
538821
850425
194469
-25944
-474298
-240707
240601
270125
-61707
511949
-647927
-372305
143762
377678
272738
-154968
-30233
411185
-207909
160895
-172516
-935067
-341116
-110158
89285
56029
-361911
-278492
333386
-203452
330816
-44758
-103109
-209661
-220500
51586
367398
157229
354922
250962
214183
-572856
-667778
-40104
-276925
-25513
348172
-57062
111641
79103
485349
436201
-399069
85941
93400
-100690
-87147
-571421
173261
570639
247409
405534
-290134
-72465
25794
1259
-188400
42916
241617
207385
500629
225429
-71391
46888
17395
-109250
-492470
193160
515346
-694157
36076
107117
312137
-33231
-195397
-79245
-357347
-243056
708281
-156603
-548738
479590
112884
-59143
-402133
-218676
66017
-282439
206538
736342
-205696
178482
170405
-3244
34849
-148280
127637
226820
-180956
267474
158283
290586
-2531
102401
321897
188264
131646
457382
-256504
-557121
-607869
290124
-118975
-106269
-161446
112839
141467
-254438
-374552
328201
-218892
296043
395489
-8445
-184395
-458775
68949
-143199
-338720
455032
562709
48389
392161
-407082
-175288
-355903
-92710
-7047
641546
-887
408578
395606
268773
-56097
-40362
186307
-26060
-474351
226772
256704
-440107
-174727
-183103
66940
-191547
-85963
-106302
-212769
-287411
624059
439532
-306138
248481
207256
127416
-214194
37671
62895
-593487
-617458
344314
-84966
650662
162198
65677
-118092
114775
416714
-68133
-478846
-147722
-241822
-145041
-154650
-492206
-473307
-329036
-112532
122054
571530
316315
631514
12235
69968
-79476
-41893
189844
-5261
-194099
-367231
68846
-28043
309913
183705
324589
250468
79727
118508
601472
-297660
-570223
-489264
-305698
-21702
300294
183840
-97852
214834
-210704
579124
-8921
-302385
-325961
-260129
58200
183809
-62983
103119
-135971
-29773
390648
191912
-491657
-159609
-278990
-251950
121310
-225642
225510
478135
-303390
-187799
472113
-41940
-133234
-281043
-237242
-209226
-435328
41326
629589
-7972
406472
104452
-46891
-120086
-190863
154851
-155566
-830641
-208498
740817
307817
48370
-40598
103220
-176279
76324
510202
9264
-472251
-497323
194174
94375
161646
235105
-67579
-374588
586391
765155
667188
-1255745
-1055414
52459
221002
392379
-425437
-215478
184002
-142762
520476
178303
-527840
-115566
-175952
-88802
-591462
-531176
300790
373327
360295
378029
245553
-70924
-336041
-218576
-320811
-273010
-65207
49911
-104945
925128
464280
-208814
-557763
-183705
-198627
212616
651566
495574
-74275
271844
216759
12654
-287126
-41599
380084
-53295
-29972
268582
74528
-159776
-272512
256054
304868
-282497
326243
162829
-340290
-79044
-262728
-406228
230256
-103497
207879
-402413
-223020
-129507
34673
-185778
310976
3888
781829
-227586
-132729
-87025
-120452
-357206
-143865
-5384
309786
112927
407250
64924
13787
-14856
195023
-136528
-736588
-351847
64593
340718
35029
-135060
-69591
-311775
-82041
129511
658463
-161720
-705072
506233
-136791
-260923
-343716
-216595
162706
-99756
497020
354992
-809793
-128210
661144
7675
-217767
-238291
-247876
-194931
-60283
256482
296299
-404569
357988
-609
-23214
-217211
-293963
-326912
-171954
125196
731689
484976
-310404
-72045
44710
62959
-14965
208073
-246887
-2795
239013
131541
-140730
-36467
-195996
-134518
10387
352949
132437
105310
743974
-124923
-811045
-31071
-50717
52867
-406473
-894536
-1057371
470008
914446
848898
287006
51706
151010
793309
164521
136654
-166011
-519775
-213412
-279479
-477605
112801
13781
458555
110136
350411
475206
93419
-391351
-193232
-610404
26702
-152426
184100
419159
274288
-57886
-327496
-650179
477208
325710
-41098
-175974
242297
708297
661291
-146197
-725816
-702544
-254930
262630
142395
-239087
-220272
-112163
88045
-368001
-99054
90621
94648
167703
165743
-210987
-145346
-632974
11609
246173
416418
48501
195361
-387603
-243872
-329227
278203
-219526
243044
1169882
1356189
169114
-593842
-770944
-354190
-476410
306522
296605
-82483
468850
1256092
29444
-705925
-454187
879166
535207
429946
502495
127966
-184383
67017
-1050873
-1219235
-870096
330966
466103
35478
-389518
-121214
-281568
-125698
184463
167240
-119635
-643802
-491030
-538420
-561943
-456448
-171226
99833
1277879
1154034
827853
186560
258075
-570742
-1647745
-1369616
-1058476
-1103011
630083
1592790
1983771
75651
934119
242465
-2151130
-1597840
-868766
-1230132
-275399
1646726
1816171
-235815
872253
715153
-933134
-1163068
47600
257638
-1305251
606728
375952
-323902
459866
738740
33971
-295823
482736
974746
-1217498
400790
-960738
-205635
91421
362621
2715
301569
108112
724823
-1293560
808896
-526093
111672
309877
294028
-415341
371708
417532
848581
-1834242
-264652
-182138
-80368
-22166
532041
-208777
-22753
35218
1065344
-129329
-319960
-909942
6730
-362415
487448
651929
22094
-529981
699934
157931
102583
-863272
56227
154590
414670
109339
-80780
-321038
424268
-355064
17061
-379515
-169489
495263
745675
-125071
-221553
-413548
-35692
-335867
366371
185699
-355742
73519
434707
-236807
-50504
-72656
320351
-214447
252988
311629
-187483
36335
796012
-53733
-138555
-259442
9765
-412062
-103109
52094
-279682
-300947
885255
661125
-344672
-1240031
-152106
334490
271128
599188
-86988
-375064
-25279
503937
-36372
-1121344
133377
882531
-14906
132116
230349
174223
350299
-676299
-235469
-257528
535338
236763
-137816
-464610
-380745
-352126
1059940
-596463
-402483
356903
1026215
-58464
-124538
-38286
-338157
-247162
1253151
191384
-365260
457856
907174
-444604
-885706
-215314
83437
247632
894511
360905
222010
-177299
72237
-893829
-1012072
310383
-145160
-254201
188599
-17808
340407
-569393
-255016
-293679
-508172
1173742
-548367
-823850
19187
-89728
-297959
-180115
116906
957742
-214505
538097
-258850
-1161130
-243069
75611
-261913
352140
112494
1130507
-447313
-234736
128935
-987171
-507172
-631727
-513602
-667271
-396900
830332
254474
607729
63515
-434499
75618
107412
269404
-870109
-883560
133941
172483
318757
-186109
-640616
24044
953186
749126
-511533
-910223
15549
308568
209554
266479
-192739
-271605
281488
486290
-246083
-1142112
-117289
357022
-24193
219014
-396318
-675076
-71255
562919
560290
-24973
235586
-442065
-402669
-276399
-1039789
-506569
132690
338015
422123
254586
467167
-54256
-146571
-586061
-1138959
39019
67003
142761
1151151
879619
-143055
-25457
-136491
-75198
-568052
-347237
-503902
-307761
139478
521784
416402
300521
-3270
355478
394171
64046
-294112
352442
-803007
-981572
275885
590574
-348455
204337
103486
285783
-22556
443908
-44719
-483265
-415237
-67192
-133628
226505
-386945
-147112
-28981
501277
925754
151493
-696779
-686536
-218721
77867
-239885
71743
254111
536462
318549
-67912
-493565
-455553
-100419
83210
-54692
194557
509681
224021
-124248
-437178
-654795
54851
-50160
437212
201124
182264
290168
702180
1008782
10247
-1394976
-906530
-692779
24979
357053
591034
58914
590693
703791
-94086
-986053
-569131
-254448
-157308
126427
108438
-433400
-537776
-617481
283210
570960
688651
466070
511323
375127
94247
-509191
-646463
-912177
37903
809400
328108
-438969
-276213
-158616
197324
-191226
70307
-153878
-12281
1017935
652239
-466203
-1045685
-945667
-544149
-610655
-171178
118062
710424
1438329
1179936
687013
-256546
-672889
-101927
217671
39255
542521
478193
-517493
-454822
472056
814720
411868
467969
583410
512814
-25161
-102857
-1461675
-1597648
-363158
433043
453880
227926
-690628
-117022
-416360
44654
29684
-177691
-119863
-264979
-300465
309310
10194
410328
279690
639816
117002
-617555
-633742
-83663
-290579
627945
444194
319728
100605
392382
426844
63606
-1226338
312373
83750
270184
-749734
-763805
-31649
403094
792766
836759
-835456
253920
210816
-61831
-572267
59381
251720
717088
493929
205122
-804806
180207
-1931
-337375
-454287
738627
-122920
-632532
-292315
238610
497361
218183
-139170
-201727
-752674
196482
259342
-931199
-584588
383685
471068
-210055
-698017
-67394
-297704
-188803
667473
293036
-119151
615612
-187932
41960
-197702
170630
341212
48144
90067
269104
161081
408106
-505154
472613
489164
540341
659524
386319
-558045
-1130720
-593185
31908
-144782
144347
3433
534421
165643
-578081
-624683
-397367
-546432
445954
490508
-141008
-687850
-256425
-440692
-765405
-290884
1041322
569552
1070468
266447
-261566
-581936
-301121
-443795
488875
493040
617425
538022
508040
64688
-143479
-216
364897
-294175
-17142
387477
123028
-584786
-335234
53451
482679
207817
257165
-206042
-585941
-197576
681059
-535193
-259971
-469971
341003
-216186
-212332
-24964
-171635
-950541
448
-73785
566526
516930
539254
134630
226943
538020
462844
-716071
-789339
-699539
-557513
206306
-354233
-840522
-600469
-425612
-31146
415024
746557
589985
568797
30173
-63176
-404571
36723
-103861
94934
-296484
100743
116952
566436
-136011
574969
712067
869401
432408
806361
179417
-633810
-1251670
-1046988
-760032
233159
519059
166764
62507
98042
279782
456491
-320327
-712438
-74310
-160902
27214
204164
-12130
-49959
-334810
339277
484880
29995
-68425
-134556
-473224
-14407
-346912
-141080
261629
421912
-447302
242545
253978
-40722
-471435
-407028
-543912
-364735
-443032
403186
94925
515924
682689
199458
-47679
-182124
-237173
73962
-982846
-877683
216487
1056399
335983
158935
26766
147936
-146873
661831
333160
-227902
-846891
-247869
-118203
170895
288129
497664
-404312
279130
856138
1604611
-127771
-1712452
-1303263
291287
624061
352288
-632468
68740
153238
564933
402444
-390500
-1164663
-45501
-187435
-360388
-1086749
-342881
-14718
140105
502887
905057
291281
-279697
-771438
-502739
-782182
-333331
183199
33294
464101
1395318
331736
-548467
-795867
-146820
-73926
815524
791826
-3484
-4519
671458
-98203
-267658
-616903
439357
550531
487761
413344
515786
-86870
-547943
-303327
832378
204681
736837
734592
34884
-669007
-626215
-1262256
-587707
203967
417957
-67754
-127542
-370622
-62218
-550458
-225071
-308527
658568
946438
-197636
-348038
-30951
-439739
-397226
-510483
120338
361163
699221
798834
255989
28136
454705
253654
-463245
-968035
-444373
120561
223436
-17651
225423
-200033
72948
-130235
428625
321843
-765489
-221034
209930
-224815
-418505
-687539
-101041
-115625
676591
1048631
83074
-862584
63562
537495
-47212
-280519
29006
-128163
-172104
-156341
363653
-428164
128010
380388
295943
-2353
-160515
-617846
-556035
-403256
654205
1150680
478076
-698890
101241
117551
200717
259576
130614
-307220
409858
441262
54595
-762322
153869
-73881
233945
423207
586692
18892
589532
387136
-571746
-1569562
118007
-98744
186651
81814
816714
630734
-543432
-990915
-271203
-203928
237704
-188863
-405608
-127969
304246
-42869
342043
-116665
98255
202964
119094
-180083
-171738
-146323
-113493
-463997
312638
212684
211050
126802
177506
-56524
176205
-464452
-189109
-30782
357805
458513
-339234
-648539
246690
-90159
-11902
-877355
-480479
113762
901241
316980
58479
-281436
137929
43783
501226
-16962
163923
283654
312456
-483213
50419
-512896
80815
87845
342909
125109
-63007
-715695
-359612
-341275
306490
316357
491243
151742
81299
116975
38097
-1145369
-842009
-288487
769171
289204
366570
77053
-137125
-560930
-21938
-769620
-988960
-108283
1230612
223640
-396909
-604376
-114603
-379422
164074
101251
62058
619752
1200898
151395
47996
-320604
448967
256880
30160
-234768
178355
-575358
-266499
-266605
593837
-21150
568906
298837
391486
-116038
141513
-1476840
-756865
-539790
-17002
-358315
690105
1075032
1322664
392279
1150378
-1059800
-1048522
-2151778
-46963
-664200
153034
1927148
1521352
208383
1403380
-893803
-1046762
-2426812
233851
-704436
-445226
918542
995640
-200556
346781
298636
451156
-1712117
253289
-358185
-256070
18477
546021
-168484
-96576
396650
428176
-914796
185666
-133571
-53168
-297822
-106057
-3762
443132
322992
382282
-687770
-23878
-225545
192004
69804
-47049
-67030
127456
614021
721827
-934017
93521
86125
-29983
-257611
-29715
36995
18992
-366231
662732
192844
24736
281169
-80460
-963799
225614
959973
-140753
-1024805
352049
638439
22975
-89764
-93654
-634912
253188
550853
41841
-118971
250026
108013
289916
-510084
-305039
-158434
342084
598940
483481
-284282
-396296
-255138
250982
-233652
-12475
-266209
204998
182990
79113
-304671
-187578
-94712
318152
-129615
-324313
-621982
223513
501581
550753
58789
53722
10969
475077
132865
-283562
-1120347
548303
1327121
490328
-909135
-492867
-292672
-112
44578
303272
-1158880
259005
1388696
55605
-1204179
142542
337537
125705
-55880
214664
-229647
559504
345343
-194500
-553925
267589
301757
488881
142736
-505867
-170093
680298
-476688
-549571
40770
200148
50169
503383
25227
-863118
-808983
663906
-211208
-511403
494955
602295
195876
153620
-442859
-446929
-615868
-64776
240456
239594
918677
540654
-189155
357343
105013
311303
-519606
-387732
919316
576914
111725
-274913
-854694
689192
491576
207472
-608353
70083
503305
-257725
-579223
-460666
285865
538989
813027
640505
-680024
249541
53031
-138178
-564806
-251277
870896
291825
725421
778900
-191790
520167
723357
583735
-625214
-606564
-255283
337884
305973
435043
-458590
-296729
851105
770153
-404664
-473196
-219605
231019
264683
381615
-1179950
-465793
1203963
1055822
136690
-635720
-349863
-177748
81632
578076
-614804
-223336
627524
721487
160427
-725988
97797
-213238
424862
1080348
-166619
-413528
-96638
163313
60644
107725
411973
257256
983369
728287
-769632
-97602
-162099
-357377
-123768
202444
-71533
481057
996692
184392
-433218
516235
-852847
-835103
219361
129264
-100663
79268
531347
384379
307559
636312
-403098
-306558
37415
-257647
-441754
-132148
-176601
340560
294054
-19457
510796
840213
-677993
-580718
272881
-95711
-124428
202469
93173
6085
181062
494115
69589
47023
-177099
-161221
368030
486101
-81116
-86111
-835754
-349140
665273
656177
-144802
-10249
273307
166980
-357697
-261140
-177286
346305
626462
448466
-369269
-31497
36065
35900
-354920
134851
226259
-47689
276370
13326
-201943
-257058
-195529
72614
-339077
-317603
-1000812
-75810
1416077
923633
484563
189520
-317560
-214032
-89746
-173803
-805025
263370
886659
396673
-143696
85914
-458594
28722
378861
667751
281489
-187859
-761643
-450224
-56913
-358040
-354865
246605
262800
654647
389313
-436760
-942843
34141
752791
384963
190442
111667
84109
202750
-76935
28434
-999157
-489715
625885
900925
564905
488940
311888
316160
-210835
-715199
-1463885
-728952
-284604
320999
383694
358916
-511984
-23102
-705356
-617963
498975
971932
-410911
-428117
-363698
-35786
-627517
170760
-35533
349206
1140949
1245203
-559527
-116436
-357288
418477
550024
471716
-62514
-56605
-402075
378123
-278859
443125
51484
-17803
-296945
-225950
-781745
-465508
-268619
854556
501867
222100
92424
-251840
-633912
217249
-73868
-198438
-282326
191193
450117
-68770
-222925
-21533
499100
979169
-480390
-597512
-984673
-637479
904837
58230
-259271
463494
521766
-93838
-817039
-550183
-448968
203497
458803
-49923
-240178
523862
216757
-597047
-34982
744928
36695
-127925
-641760
147513
93505
634957
464157
-183869
-331364
704915
156975
-495452
-823601
444404
400419
319019
-42353
176035
-618147
-305201
-55377
-467663
-30385
212697
-75617
108053
-474513
75689
-81740
-335538
-273923
-82429
229546
-377754
-715373
-53847
-686698
-187382
549653
980218
158523
147644
51835
178603
-26618
37561
-309060
827603
670996
280483
-270360
-313475
-937010
256259
217201
356513
62406
886608
-255831
-1053660
-770247
-284286
-372281
437808
430003
633375
75086
-228132
-785200
-293988
-696855
-5173
-223413
135454
-316591
-300830
59922
127657
-460191
243846
176669
678257
-268216
65960
-72644
330960
411293
752429
-50019
-570742
-45765
370991
-410663
-177344
-63887
367203
-284256
86362
556257
220271
-146372
20643
-598252
-262306
-129556
250513
-477246
-86967
651388
738854
-28158
299177
-451466
435858
601048
714386
163204
271697
-407131
-466599
-630539
-298690
-425018
234819
76667
6084
-271416
-10573
-251952
177317
-137559
-81262
186580
-262049
-726168
-431480
-220324
-164851
-116875
712643
656364
876299
204992
-56581
-677633
176071
17332
-80273
-420913
-86191
217720
659812
-219425
75849
-339140
104811
-302191
289021
96810
-267917
-597405
367623
-148133
341819
243789
242356
89075
390514
-610583
-250540
74047
217398
-487147
240384
277315
494029
112781
465860
-12262
23170
-91641
-413516
-1102585
-54520
-80888
411751
78717
104258
478395
832447
-616190
-685781
-336217
56870
-78540
186153
-118549
-232036
-438544
544184
333443
181284
-104716
-22560
-479930
-219593
197069
92041
-985977
-1016140
-29236
1803788
764528
-147154
-716936
32859
517780
159179
-452151
-305749
-87048
792235
547323
254507
-93185
760162
770907
364906
-84378
-90344
-907652
-972410
-248427
319530
392668
732242
178505
282809
-388207
-113290
-227894
-933865
-425019
747459
517142
524851
-226394
-416100
-649042
151374
-510104
-983869
108878
223049
62493
-12313
-947280
-255314
-157600
-125527
-59856
860813
186106
-382443
-349963
2546
-778480
584762
647427
398669
516358
470944
-775085
-158788
-105183
735665
77352
340612
316262
230123
-193827
-622648
-1202660
278621
119633
331939
27710
477366
290451
-135029
-670604
-500524
-593839
68156
-208972
-87762
-376212
722531
785602
333498
-229968
-180396
-122714
127479
153357
411012
-38044
149855
-440231
466571
-104701
-324582
149857
543055
450077
266914
-205204
-544951
-1051337
552303
713927
186551
-711903
207767
88462
140096
14625
517531
203570
-176042
-20991
-50737
-833903
71707
-11815
530620
508435
562077
49288
-559241
-1313518
-132634
662569
119565
-209795
120380
-312112
18728
210562
-283541
-751546
411589
681329
94606
-47527
188997
-392288
-99557
17150
-418797
-662602
555520
1006776
-649983
206389
-773034
175527
-906844
-143502
-574200
754229
823126
974946
-485365
561098
-501351
625850
-191126
121002
-214805
568059
-413188
485370
-707099
596358
-474114
503769
-45543
523199
103128
857585
-503851
31039
-828340
457553
-523055
459584
-110705
711092
-333321
599514
-570530
133096
-695516
353429
-477074
784912
157086
1092983
-563567
298149
-1072502
272407
-503310
509991
-540700
566918
-500056
485535
-825512
509242
-709003
738200
-500396
559386
-720839
308214
-555552
278805
-204924
1118902
-335397
586437
-1058110
169447
-734879
310231
6190
744323
379536
1780499
-368674
200535
-1057873
-14444
-673266
262224
234044
1180850
257977
1725693
-374934
69434
-146507
940134
293741
982989
204160
1322072
-390114
570346
-1492693
-740344
-426040
554313
-81653
595508
-433547
865724
-488805
723883
-1205396
743705
-897879
-489638
-692449
75817
-870293
835913
-915696
1796075
-1059226
2613943
-285498
-258423
-338805
-232239
-1603601
-504144
-1986517
1606880
-2112587
4100525
-57443
142498
-277381
-234879
-1772011
-1582376
-2497394
1829311
-2523873
4950300
-138150
315948
-511214
125092
-1362431
-760505
-2332950
2628871
-2451647
3734526
-306161
494287
-733573
344986
-967974
187672
-2077988
2876881
-2091293
2877920
-200322
502760
-902628
227140
-815721
450145
-1638224
2154132
-1271133
1822968
110922
806984
-802612
275658
-745043
190377
-1284683
1503741
-891586
684166
-56135
873605
-1037715
153649
-463688
156030
-905463
1378917
-232510
759208
-147885
761464
-877369
266205
-133246
340969
-1217973
1099937
248039
585119
9672
884146
-809772
572230
-430630
239785
-981022
810732
57857
40261
-279984
913134
-747491
967906
-564953
9041
-1200653
481796
99830
188283
-432963
918371
-1103449
851781
-708082
32099
-861465
708458
535821
36002
-110422
1203761
-1115904
1020178
-339324
38999
-980460
320709
216649
-375317
-596557
897559
-1022328
1048164
-260005
-64222
-1516491
-140443
711956
366936
-492200
919988
-1068652
1103479
-950852
202143
-1417850
253908
868020
797822
-87984
1379039
-1047557
1157517
-1221437
-455763
-731423
341035
955920
-19923
-528107
965375
-1043798
727452
-519354
-720975
40876
495677
1402468
-463824
-604569
981462
-776862
863941
131764
-260481
-2512
328202
1211857
-1245705
-465999
1345518
-334672
1068800
108344
-103363
173996
-845965
1020177
-1803272
-483051
1215634
-829954
625599
-66408
-461403
229872
-1777805
1553998
-1167701
-728954
966230
-1411110
403554
-338877
-571461
165341
-824523
1864967
-66114
-429545
920828
-1473951
1474
-491792
-148099
51691
76012
1112177
411249
45144
891893
-1443389
-434843
-855077
-859561
-268079
-527021
934315
986920
-74065
668495
-1167435
-125672
-425534
-772931
36172
-1059263
787509
849065
-266144
137619
-1024545
140574
56648
-186739
89023
-1225321
503100
761468
102071
332173
-819147
321001
-489523
-500373
-124968
-914990
267897
945488
145168
393894
-1146541
150398
-978113
-38252
248566
-97971
188365
825647
-150450
-259037
-1620985
-82092
-766454
187242
228310
426699
206010
1208674
-548256
-655500
-1527497
-152258
-388559
378390
356904
1059088
381564
798631
-454373
-357987
-1320338
-259082
-996762
181689
91963
753230
365677
1185502
-147983
79170
-908361
264374
-777830
-114004
-122438
-203116
162395
1274068
-241386
21687
-812284
286635
-345703
-88249
151508
-76099
-114465
671575
-250213
-101113
-940979
-131272
-283238
217199
602107
616736
-366721
316360
-349450
-183437
-901788
108510
86575
534403
479909
-6043
-555105
281203
-432037
5300
-760073
548235
-66515
524216
-288717
-62648
-480725
390333
-184219
298920
-502817
766413
68344
1161884
273618
251411
-1003911
-872646
-420200
22922
-424835
988646
404956
1034804
92836
-106597
-1085608
-741473
-613011
-85975
-494685
780085
-270761
250312
-678739
-212864
244706
358169
3630
494434
-283864
680289
-551588
-164079
-725192
-106349
286586
317039
-433210
97196
-833231
612519
-316502
140672
-224258
306145
116881
681673
-1239876
-558603
-1752409
103069
-852108
48456
-62381
1219019
811774
1687050
-1041165
-162566
-1420841
311744
-536045
1012945
-57882
1467042
-332416
522214
-530315
595684
-426404
1277551
-179179
1324691
-396949
124526
-1327674
-320296
-422805
552909
-530399
869371
-820472
253142
-445800
166739
-486091
704427
-763572
63639
-969485
751865
-293477
903921
348486
575609
-291282
543035
-913330
203000
-665963
961598
300960
974182
168330
475806
-516114
446127
-661923
453599
-343082
568268
-454450
24605
-255112
1016261
37527
992745
-732027
496348
-476914
408953
-586490
505524
578830
1148130
-13233
175304
-632431
547454
-730390
456509
-315014
413663
635703
100656
-670424
387817
-249721
719177
-976070
187371
-330880
-101089
293061
275238
-1153984
717081
-543341
334855
-1320864
-39001
-79586
199974
252877
1175989
-512640
643644
-873260
254788
-960892
439418
83130
666669
51872
1212306
-483547
421667
-538452
744413
-328337
1161423
253417
852920
-574555
405419
-1610108
337888
-395923
707523
-603779
946214
-157365
303555
-1447402
571074
-1273129
687799
-784571
152888
-884891
178305
-877301
123067
-858102
1537873
200365
1014637
-1067775
-215347
-1036754
-122415
-488746
529613
171271
1663506
-50799
982504
-724400
174545
-672828
444454
-85588
528313
-284384
1409705
-895931
516936
-173719
752294
-446292
324507
-570364
258988
-724378
1169200
-473394
11569
-420282
446838
-608447
83440
-613095
415467
-637332
465628
-63561
398448
-217533
736858
-280815
589642
-329210
583667
-822206
-138604
-857820
299712
-642389
55360
-1200624
-187808
-997803
488898
-373115
1274142
29193
1062900
-540342
122231
-894386
87224
-560530
514972
-188657
729541
37314
638143
-240205
776227
42196
1064717
198205
700834
-258555
160992
-1271216
-524818
-719987
518412
-226935
945945
-538505
983155
-417222
722018
-929108
114244
-738659
313692
-487202
878212
-496718
688800
-584385
747785
-601033
887291
-363388
294053
-701700
399778
-706809
675094
-516947
950528
-631352
471190
-424114
184747
-884743
109662
-1052452
511963
-669671
456093
-267917
1036328
-367219
469995
-732060
426068
-1120629
387751
-1035667
130580
-418690
1439166
-358710
520243
-757675
607536
-605933
663465
-366216
326204
-718312
467668
-519451
617717
-523106
799515
-379980
594219
440230
945191
-141135
-332318
-282006
1032841
-509313
948622
-604817
274435
448376
511047
-459273
-68475
-305306
765245
-1187661
175927
-1097341
-219305
12011
422581
69976
1053515
-410446
569680
-1813306
-176578
-1143219
49711
95617
1075871
-41179
1083784
-961600
259312
-2137054
99489
-518751
757345
511912
1206672
-50778
893295
-1233092
322624
-1723713
495079
165117
1248920
458162
1349001
-386848
167768
-568123
870021
-611751
969280
147321
813270
-573569
80707
-1134709
-239038
-801483
420475
-832409
309793
-568167
275175
-355613
-19054
-198587
632403
-926189
115911
-1227593
209611
-664028
70088
-382195
266838
453121
1089741
-476521
462979
-707288
664477
-509559
167010
-895665
-74354
-103368
850478
-412877
326795
-752269
264141
-477818
195864
-430029
592348
-728124
1079170
-924705
-214436
-1227481
-47462
-129174
877615
51743
935823
-825050
613680
-840773
75980
-936516
225879
-267274
286830
-737406
488846
-183708
780275
-685063
234988
-829613
-63709
-818280
-97620
-596469
1040461
535941
1345355
-897064
191143
-813049
471288
-439727
593133
-347692
964158
260535
711085
-590361
372442
-732967
618274
-232005
802120
173141
893237
61074
273226
841541
235861
943191
62806
757004
-145581
-118409
-1437581
-772154
-911022
837803
171011
799835
-77055
1053693
105076
75079
-1240080
-1215857
-964462
789162
-63925
557548
-328186
567245
42463
153739
-1189102
-596295
-834468
893316
-141255
535935
-514520
196529
-193874
-14695
-974901
-352317
-659695
1001169
-61310
440738
-833705
-141107
-536443
329990
-653936
-154011
-335879
910534
-18511
485977
-891895
-166294
-670823
600890
-519234
331015
-617713
754973
3950
601896
-799045
94578
-768345
427025
-645200
373591
-699171
919128
52858
732698
-552014
170809
-756036
-155547
-1131810
195386
-355647
1220252
298269
776634
-580808
-216554
-1110006
-901521
-1858644
361347
24751
1080954
127465
426770
-681878
-364007
-1278209
-1000034
-1816065
695202
622121
757211
-211975
92631
-942638
-299988
-1468215
-720166
-1486726
867903
1023960
987586
-144168
158837
-713947
71262
-1050941
-545691
-1716093
603572
489978
1223315
287099
353155
-190574
1194031
-566241
278049
-2010766
477990
-1531215
1010995
355231
85164
588428
2428813
770806
1386861
-2018431
680572
-3622199
1018724
45833
-296579
849826
3004026
1988306
1930194
-1926374
1427141
-4893568
1107547
-203069
-421851
523007
3285279
2093721
1951403
-1931646
1521647
-4776311
1293874
-377018
-479730
156630
3154269
1496741
1886166
-2140516
1725998
-4102887
1207087
-508268
-527549
82701
3095134
1262479
1240403
-1760592
1461671
-3099348
1012429
-649832
-535640
-4567
2825925
1009258
758403
-1384329
1122442
-1998491
1028942
-815294
-517485
-106075
2515524
1184511
243097
-1566471
835361
-1398277
988037
-808972
-730084
-273667
2349807
890103
147023
-1266363
563327
-1102060
1037885
-1041682
-903453
-445674
2310077
909552
234927
-980593
302201
-859551
1150164
-1124192
-930123
-705024
2378366
852343
264918
-864469
225841
-838235
1276541
-1143071
-883376
-996800
2304973
892732
303416
-574444
122450
-737767
1390344
-1201648
-843067
-1237991
2041225
1098450
710693
-459291
-86147
-744576
1476519
-1105310
-891740
-1337380
1837734
1331777
1011746
-271817
-421344
-983126
1420440
-1051644
-789564
-1496203
2387259
1152134
1173206
-467126
-432589
-1475579
1367531
-1231983
-767572
-1446350
2536645
1299448
676724
-523465
-807106
-1071398
1533409
-1060224
-1048701
-1392382
2123307
1568469
35476
-670380
-980131
-484555
1589357
-1219865
-1346487
-1435887
1588562
1249384
-73836
-471869
-708030
265888
1519656
-1247235
-1347565
-1634159
1251790
1332633
-55666
99435
-675974
630122
1595735
-1026585
-1034232
-1490281
1232702
1568910
-480021
633227
-1137881
702241
1658740
-777140
-302415
-1159733
1467666
1450970
-506558
249865
-1288188
313701
1345691
-516223
173131
-592203
1883108
1301808
45944
-379815
-1032906
-562109
963454
-394500
492967
20591
1879379
1614459
341261
-209575
-1008447
-1212640
790192
-251132
628175
-18022
1406116
1793777
584790
562885
-984497
-1490074
603856
36045
599428
-20993
1143876
1387347
632734
1083784
-961995
-1589135
261999
74926
858510
195581
1041899
1015222
785881
1060114
-703637
-1410932
266284
317780
1374067
222365
1179606
457660
428022
636541
-458092
-1697482
473667
860993
1817180
507030
1242833
-31231
-54073
-64166
-409200
-1787418
663989
1222197
2005785
1075291
1095724
-468629
-159322
-465934
-778858
-1832882
624688
1084904
2084274
1239778
1207533
-374595
148150
-712387
-989804
-1889233
400222
724929
1964846
985127
1035670
-38985
219438
-240979
-759074
-1897076
262026
682604
1907797
912308
773706
-322091
-233717
56508
-375466
-1534285
233993
774684
1843508
916747
310192
-741162
-220091
84296
76929
-1192788
226298
718987
1740632
770490
-25121
-836282
-469844
286259
365942
-1020937
167911
455341
1613484
315603
-237367
-1523873
-371778
653807
991960
-344270
179046
281895
1303483
-91274
-568309
-2129240
-430664
842738
1526702
306843
283346
183467
1038874
-209105
-723691
-1921147
-250490
636166
1474981
462215
224390
133510
961953
-285100
-295457
-1344221
-43970
627780
829532
140882
167948
127825
841937
-261872
-41706
-928378
311536
495699
231252
-175884
656116
515708
1244489
-25125
120968
-672005
117644
-254097
-423518
-923550
1166205
960541
1991082
124173
186744
-783991
-303202
-741593
-466170
-1491712
1128767
790587
1770626
-119857
165529
-1316131
91537
-702248
133254
-1227294
836504
343751
1395151
-411491
196411
-1425729
164210
-369912
638812
-592091
794429
273084
1210536
-504970
32811
-1300504
-20717
-452414
665696
-295015
915537
419487
1186055
-817283
-222566
-1295193
-386118
-473541
530721
-254079
994489
330808
886299
-766261
-190178
-1221442
-568281
-1001308
32951
60498
933667
165266
758220
-408945
-68008
-1084335
-543595
-1508332
-154975
-43277
856558
-21521
737656
-329902
63801
-1026407
-670435
-1413660
-361757
67600
704032
-75389
976957
-161001
181871
-816329
-864101
-814405
-146299
-309591
552929
-57319
1227449
58882
261029
-671774
-893201
-851474
127940
-510047
683037
63735
1329472
201301
151112
-850974
-916122
-1141858
-639
-439701
632583
-97944
1078995
-205334
-130311
-1089606
-481624
-909362
171571
-242675
529430
-198417
776746
-776723
-139227
-816731
162203
-628574
720589
-652554
591307
-242157
798074
-671648
231052
-744343
531125
-776971
488573
-1001383
906108
289643
1142751
-234294
514464
-795965
362542
-1197484
-387043
-1122658
1063664
502040
1027723
-21071
338832
-680915
-78740
-1464865
-299544
-1248146
914089
320922
1031045
49241
444148
-529574
-100685
-1615124
37015
-1192598
546951
-41341
907774
-68595
525870
-369950
248479
-1318537
-89934
-773750
298774
-141106
814547
-110016
549667
-125898
530627
-769261
-246989
-594451
281947
-57177
941197
-94667
622512
-192173
471121
-591750
-53285
-947423
453973
179535
1273765
114500
733625
-521360
493306
-1020414
-320281
-1038318
310884
-5704
940141
-35230
481787
-437923
309007
-647825
-72606
-584903
266290
-403268
475380
-416196
-120480
-656569
267856
-388160
599920
83163
467891
-402172
400663
-912004
189501
-864401
241263
-644088
728376
-1541
636638
-176281
477208
-793215
320663
-813681
117671
-876294
855831
-321846
602210
18398
695262
-448697
562654
-726723
376043
-862271
418231
-560477
478794
47965
869892
-61893
825235
-371801
602468
-664694
95546
-952012
419386
-62384
927937
-217374
974382
-355309
853878
-441705
297189
-1083272
387412
-277845
691520
-291478
786816
-586902
225056
-666219
714255
-255815
325337
-560216
383886
-305924
721529
-757534
-506351
-714454
733951
360127
290558
-797558
556909
-187670
1032342
-327093
-737536
-1124958
217991
390516
237210
-539294
1022339
259097
1503061
-130180
-901693
-1052986
-149178
-411131
551825
-122624
1620791
655439
1675652
-406285
-882800
-1644773
-657935
-649305
893695
113442
2021136
429287
1101249
-840155
-1268675
-1824065
-262689
-495474
1032040
9878
1788805
103748
760540
-1158668
-1159127
-1565139
300559
-458789
827186
-151678
1386292
-14455
608374
-1148502
-572070
-861270
484532
-455065
920748
88495
1286379
167941
754276
-697778
-408268
-616984
68940
-747647
995688
66490
1255520
169679
859201
-254286
13754
-303966
-247416
-1152087
798809
14732
1172542
48914
1022324
-357332
273999
-15500
-189153
-1216092
832726
285163
1239202
207578
505778
-710413
357192
-145454
588143
-1508420
1024478
508130
1384993
377758
471595
-769768
115533
-300255
595773
-1642021
1069646
457210
1500245
577814
655696
-597142
136225
-477929
4703
-1445472
1026811
369652
1374537
549380
715711
-340490
116661
-944545
-261074
-1537655
1005521
241623
1339196
186841
621047
-625992
-31843
-1135892
-605257
-1133819
-767
59220
-25356
50065
65063
109059
1265
-91282
-129153
-36438
-33620
-5758
-64858
-71147
42176
-15187
21244
109907
-35079
104480
-19182
2403
-56455
5976
-66564
-24111
-59469
-15295
113862
11681
4187
-11805
-15129
-12473
-46309
4489
-21523
105214
-21577
-6386
18525
26108
-22664
-8265
-86359
-11207
47617
85748
-19589
80188
-36077
-5457
-20792
2129
-35520
10178
25737
17939
18793
21795
-27481
32772
12845
60245
110353
2403
-21218
-21125
-54919
-25858
-2395
-3669
-33038
-36610
-18703
-42524
-160670
-34000
34259
204491
72530
68086
22517
4429
-5272
24219
-107606
-104530
43774
13231
-72746
-67512
-87971
-13308
-78384
-194
-41160
100527
123273
161512
-26906
-86179
-74603
20322
66269
9229
47264
110491
-43900
73306
115518
11540
50330
71361
-22508
90936
-110988
61386
-240811
82284
42287
-50374
14285
106491
222462
-13130
95020
86915
-194730
-75500
-22935
-43468
-126085
131436
219587
96508
46902
173189
-139818
-88668
19616
-52765
-90833
113291
76375
79380
-92072
40105
71854
-122317
-11112
-39944
-91845
16965
-5129
-69885
-125070
105022
-3077
56526
33871
-43527
-4503
74328
-22391
-143420
-20650
-56717
115839
-152019
-38964
-52621
-59233
75050
-9079
-122012
-97885
133542
86071
38571
-51440
-20250
2943
60915
-5330
-101529
-17788
-31554
-24711
54804
-13263
-46182
25978
12951
-119201
18284
-46766
2311
-2993
-9319
-27984
2984
-63549
83826
-10277
-86613
1866
22838
3194
-29815
-10439
-64721
-69510
52638
-34594
-808
-15770
101144
-16876
-35997
9678
659
-47142
93254
-2342
-67202
14450
10839
4738
-99459
-18779
-8757
-19809
41368
-17094
-36172
-37890
77767
-32009
-6414
-24436
-49417
-13603
7605
-93839
59110
127355
-15398
-30040
-16253
24977
11464
6149
126366
-133868
78087
-161
-6404
-161591
31494
-101370
-33545
-34416
35329
127143
-92051
34822
-110336
126309
-91419
8475
-15777
14852
3221
78153
-8790
-127502
-31795
-7647
20963
-17079
42448
-71753
23333
-1726
-27524
-124241
-40019
141565
-22195
-8696
-67264
-64264
50889
-32164
-113766
47721
-9166
154270
-9019
-48835
-6149
-33254
64248
-37381
-62108
68790
25715
123173
-67116
-10273
62749
34142
105894
-13213
53883
-77979
61954
-143521
10251
-12183
15699
92192
40419
-18532
-32723
-72016
-4281
-66214
65945
-41755
43642
66650
112723
60712
-78056
98597
-87291
-8377
-72023
-25465
-25162
22791
74441
-31541
22792
120808
40616
-15255
-76775
52866
-5650
49766
-19492
-175102
-40427
45648
28225
-6240
-26190
-19091
-4353
-4118
74128
-67154
-14942
65936
107250
-78475
-50130
-53118
-25080
43492
65651
-130075
-21243
-31069
-40434
-9544
148045
10381
45141
122860
-2564
-28273
-15577
-52221
-27493
-45534
-21062
15345
90179
53259
-72781
-36471
-18806
-150011
-43839
69668
422
8303
57682
12417
79553
-34305
-27986
-24929
-47048
-100853
30779
-19186
-36459
-49656
11821
10000
-24377
163757
5264
-54658
-35684
-18310
-30718
-17237
-55407
-76083
17374
2698
43258
30188
48904
-19687
1149
25222
-11508
-32317
-50635
-47303
52905
44731
54124
-13754
34617
-4023
-21470
-105234
-60573
21665
-37559
65183
54549
-19253
23253
-37455
-34780
-109139
104555
-12769
128888
7854
-64780
-15348
-17491
-15136
-45501
-36972
-86435
-25657
43979
110529
41151
7125
-18498
-92294
-63526
-48428
-53174
-13528
123729
58005
40328
55972
11659
-32806
16763
-35415
88383
76418
-96546
-58293
-81052
-33705
-30676
-24375
15480
83559
109758
68505
5061
-173257
-10223
-21855
26449
-64669
-4882
-28400
24617
45652
-31825
-115023
51412
81809
113762
28501
60718
-12087
53039
-43031
-101769
-165275
-30007
22713
61144
74183
5675
-42856
90755
-143677
-10682
8975
-4162
-51384
-48616
-92935
-36070
-102159
-65100
74153
23316
189920
135204
-33062
-64957
-81034
-29278
59387
39243
15890
53521
-11054
66800
6439
49481
-6824
23102
-35513
42373
-3266
-92186
27479
42763
-2479
22418
-26192
-126161
-42741
-24899
-76248
26247
-29461
65797
831
-10026
-61213
31921
89373
80053
-21260
-40562
-94958
10832
-43897
-30086
-61254
76827
23660
-26136
-4756
-97946
17204
36540
9791
8996
-9601
64306
-13451
-101378
54131
56752
-35167
43184
-60113
2266
-15686
40006
23611
965
3239
176052
10608
-45985
-1942
56660
38525
19917
-7342
10431
-37047
-9994
128
-37001
12037
10624
-24491
28528
-76702
9436
-11496
14378
-85154
59386
7331
-24575
-60215
-32060
-88511
7125
81894
109616
-64272
68881
-61280
-10566
-72802
-86190
-28239
137858
31134
80227
79918
-29434
47060
19677
65980
44794
67830
66251
9261
-110050
-106430
-82838
2711
38077
92
18978
44678
-85834
-48245
-5632
-128029
113029
55005
75804
-29064
30859
-17055
24839
-109327
6743
30127
-13210
-99764
-76613
-76003
-24851
5026
46550
21701
-12367
140874
60552
9014
8675
49289
57986
-3940
36796
38697
-35108
-80199
-34950
-78779
-27149
-60363
-33931
-80808
52125
75519
129784
29276
112026
14083
60251
39531
13396
-6175
8168
-109551
-13759
-15576
-45486
24506
71358
50321
32321
44422
-28769
56184
-108852
-73034
-39665
-35554
-49464
-137606
-63522
-77571
-17409
-45657
189181
81680
148612
-1252
-55560
-74215
48595
-103561
56551
-43335
-25732
70111
124142
52660
18641
-8815
-51600
61172
-14875
3606
-10834
-73451
22731
-13159
25136
1018
28501
-21148
79710
-106957
9343
98095
-79685
756
32170
32097
59093
38748
-15982
39687
-32442
-61694
9789
-29853
16231
-20537
77724
-30641
93019
35661
103108
-119285
-112621
-17763
-6620
-16020
-28928
23506
-79318
35727
15692
95651
18015
-8537
4741
-70875
29051
-16519
-26984
-124641
-96665
102840
191477
-10527
-24315
-112228
65960
15841
-86258
-49380
-13461
-8470
66689
-10066
-17345
8847
70715
27549
39319
-6770
9660
-19636
-29160
-864
101986
42032
132875
26837
-5783
-75959
60100
-138498
-155767
5885
59565
5900
35265
-61081
-108660
42796
34697
-18777
28031
53549
79311
49398
-33511
-126352
-18712
-116338
-21007
-9657
78509
-33745
-92379
-60897
-73488
-91471
8228
108430
101334
170849
-16927
-33341
-34785
-26314
19224
-10396
4494
85511
64717
875
-63041
16965
59515
593
41817
4825
83268
12088
-14756
-75892
-85099
-10527
-17933
-7520
-21675
-49517
94925
48454
33822
-74068
-2406
-41986
-22767
-23775
-37273
40799
-64194
22392
179113
-87247
48690
10875
78151
32399
34731
-86385
-58200
-70595
-26546
108750
-85602
5754
34559
-15191
-15871
-17337
-6616
17486
35421
-19215
-14445
-32166
-28981
-11340
48744
30798
64815
11384
-59185
-166340
65011
-15828
18939
-44675
25306
-70020
51664
-1643
-89637
-14566
386
-13872
-14022
-12742
-71070
-63334
-48773
23016
-30330
-39868
185192
-76275
-710066
-145366
-341615
316523
-53991
-29142
150065
823921
483394
-58563
-955401
-327175
-384446
-258990
-734644
195242
645440
1742234
887652
22269
-896327
-25798
68044
-316091
-791346
18166
420986
1596733
602827
13198
-831508
112887
-28382
29202
-397782
570853
448203
698067
344399
-66918
-826710
64300
-65947
336662
-49693
787378
-70007
786987
201837
-151346
-779941
250422
126590
755775
121545
282405
-763725
599079
34315
22929
-744120
178200
288339
634930
-76953
183868
-570418
647716
243200
89190
-857718
-163938
54430
58194
-559150
166826
-52958
1317967
254445
-3704
-926911
-348828
96103
398846
-201718
933039
820627
1414244
-732969
-585204
-1202005
-200308
194266
545335
-127481
1597936
1708558
1239996
-1214525
-265445
-930896
306442
579239
781869
-77741
1693963
899069
506638
-1933178
-248191
-472592
749158
409983
547604
-441591
1423144
-2903
777896
-2347881
-1210957
-856169
785202
634514
282651
-873309
1867877
-705090
1453541
-2524721
-1421325
-1045003
892606
775500
-1093688
-1730746
1334261
-1299065
1896004
-1818041
-1418365
-1136651
1537189
447425
-2246494
-2978135
697951
-1382200
1978019
-867553
-1527250
-1088517
2005142
204631
-2867572
-3763967
889136
-1142060
1305494
241762
-1654882
-1006969
2503133
377564
-3075420
-3300554
1373541
-748739
324546
184313
-1842990
-978996
2708784
502950
-3317457
-3041591
1526591
217955
-299113
498309
-1609674
-743952
2753149
390547
-3241238
-2346934
1672195
-325431
-741653
626653
-1498855
-493509
2659666
46787
-3049658
-1940225
1612401
142874
-739155
502837
-1440407
-595001
2629800
388959
-2560545
-1940259
1650180
449633
-834613
502346
-1437471
-820122
2876916
463998
-2436242
-1742266
1586234
395776
-1147078
554758
-1440637
-689031
3276606
582194
-2552406
-1849728
1465949
241427
-1216906
750525
-1513366
-830320
3254090
608860
-2430694
-1600432
1436781
211755
-1351614
1113358
-1577377
-805616
3088560
452991
-2017820
-1111509
1040815
-409605
-1277635
1033139
-1657589
-633221
3400019
443437
-1516856
-1285255
86579
-694934
-671731
1246679
-1791702
-847760
3220325
704362
-1270932
-1838641
-450066
-238384
-47601
1488591
-1310725
-622896
2871482
973849
-1777770
-1979521
-691117
612533
-276739
1541802
-1404733
-832360
2555341
1330093
-1921230
-2287593
-212671
1430254
-131037
1277805
-1576714
-1117767
2906183
1559258
-2009473
-1836231
424915
1966497
-854851
583715
-1469023
-828561
3214043
1679587
-1926645
-1219614
70377
1792012
-1650794
-28992
-1172859
-770438
3094925
1460838
-1614233
-1226278
-269187
1192289
-1670385
168721
-1047770
-787174
2599029
898511
-1596728
-1721658
33801
842707
-621475
207362
-819070
-754451
2057280
858300
-1663722
-1379382
133007
648488
-340563
-205995
-510137
-954861
1375279
60154
-2147087
-881831
-199112
771476
-161827
215213
-378644
-741753
1086913
-564459
-1876642
-634893
-781263
85987
-315174
574816
-668115
-785082
1011162
-509228
-1222585
-281495
-723901
-438697
-354659
975399
-436447
-474056
1070513
-1080322
-1062677
-265334
-1176543
-1059719
285574
1056105
-43790
-173268
461377
-1656583
-620930
-5531
-865269
-975826
347176
652574
79711
-344737
-621243
-1756864
-478457
-377320
-585668
-174100
566943
615275
-49405
-805587
-884605
-1525327
-334955
-7137
72385
-200204
356790
811112
-96242
-1219206
-1023577
-1808403
-658462
536090
462957
-225917
635402
1084412
67617
-866366
-887205
-1851305
-757005
527772
-232941
-298384
879341
1142688
169954
-480506
-811972
-1752057
-718123
319020
22639
-196684
820101
793585
318289
-482461
-1116854
-1857157
-471652
991456
359207
-449891
325538
293574
425386
-567241
-1179250
-1943593
109616
1319430
612048
-249920
-289038
139811
451662
-577927
-1027160
-1699465
378798
939185
931233
-220093
-535899
102222
551831
-649795
-1060929
-1273957
567718
1476698
1427193
-464525
-1457921
-334677
407200
-556947
-478446
-796467
1036588
1965639
1043904
-1267062
-1976021
-566343
46295
-591075
-264266
-675827
1021665
1593582
600493
-1186446
-1340818
302999
415325
-435257
-275455
-782758
450908
1018975
135917
-1506661
-518715
712661
571940
-601447
-134105
-784160
388882
679688
-315867
-1458594
291855
704466
18509
-1147694
-771925
-1433463
486024
353630
215945
-157074
1271095
587611
-376679
-1488318
-1000289
-1413738
637397
477724
712531
253949
1275557
319964
-45039
-1169070
-533602
-740040
973106
746106
364023
-221442
163847
-496675
204035
-809255
-405558
-814603
606275
620765
118698
-65441
606144
-761458
74605
-1002122
-710173
-707470
912636
599764
226157
77839
383442
-476390
-93164
-1127116
-476312
295698
1221215
378912
362186
123565
721838
-396409
-149451
-1072019
-117638
131849
415802
46621
364018
546932
1328604
-137886
-22976
-820065
322679
-131664
-222578
486299
882812
918347
1229399
-701435
99109
-713467
261880
-304011
-403708
707459
1084055
498009
970372
-645460
542847
-524460
21050
-612913
-510060
468095
923959
-124221
738694
-39783
339556
-894160
-284269
-904722
-455420
637012
1212432
-153342
782264
434138
104718
-998152
-204007
-958346
-12103
1087300
1676931
-337005
928648
93470
220114
-736657
-71217
-491807
834778
840995
827331
-908344
677356
-104591
367458
-412747
242234
-97765
874430
108220
53707
-1249206
353116
501636
63300
-658544
-288754
-330922
3215
-345244
263655
-687089
1106647
977872
-29304
-1012100
-484819
-246208
19963
-131549
720172
-76101
1666667
563704
-235797
-1165248
-348059
-302972
105687
-279417
700812
182042
1371111
755412
160794
-613441
41126
-293287
75502
-77073
553022
97874
494025
226969
163739
-530964
-223108
-712989
-2340
-128504
387434
208057
1029628
208317
723154
-124598
-13465
-502029
293989
-717005
-340607
-524672
614111
212710
592961
-479890
-578446
-694539
230547
-235721
171943
-217183
741479
535755
356069
-942921
-788977
-656606
-88334
-234558
425481
480016
1162791
585436
327228
-709448
94198
-307565
551649
-38091
225803
-279106
730638
-513317
250025
-457674
324804
-221309
860694
-37046
355692
-360987
457222
-916310
54130
-376264
302075
-29059
636769
-378026
330343
352016
435084
-1165991
88629
-465150
255707
-104882
597769
-422600
379319
88484
76713
-850529
88100
-603210
99270
-561710
201391
-184582
525371
-98279
-64703
-443966
229766
-635679
25345
-703037
-77858
-677586
195187
-87829
540578
-12915
222476
-685043
111025
-301923
-185727
-589502
-319993
275205
914141
-180030
224580
-792600
654641
-52102
-410796
-211251
569697
618107
225106
-986961
366569
-419846
1263872
-106405
-772037
-235461
691606
811888
227384
-1388659
603994
-260065
1081625
-593494
-1252887
-519809
1037071
618152
-28542
-654470
646022
-755365
483317
-1410501
-1993270
-596266
1503418
715145
829907
331245
444410
-1054069
-93072
-1661796
-1377401
134169
1519948
776788
1142519
108584
-182964
-1303078
-329429
-1438317
-626989
671151
2104568
1198047
737675
-567135
-117648
-724088
116530
-865989
-333696
675776
1379861
412379
-470681
-706836
27646
-567886
50860
-908986
-260339
545680
752455
5567
-453352
-295202
-205298
-760261
-128160
-1153814
-82470
396990
537316
-210755
-94938
385616
-117108
-528355
-91834
-894255
-446179
-315387
753824
-469937
120306
548344
137085
-405258
-262878
-900917
-588962
-72612
781224
-728528
-77515
63858
-54878
-780093
-503753
-939299
-198765
367526
927465
-682046
-563769
521207
-220744
-895187
-443082
-813511
-172754
319228
552255
-1174705
-228428
1147497
-155234
-846546
-468955
-1225621
-383689
131986
384524
-553552
667813
1138792
-94416
-715796
-377287
-1323591
-252532
99491
186725
-164886
1404014
1541916
18957
265390
-310531
344931
-278552
162706
-575574
-620764
-81752
581536
-15302
422843
-454337
326901
275848
20138
-609868
-297515
-574782
891602
-78963
303667
-599025
380578
263775
39120
-574255
-167957
-268229
670253
-66546
154423
-629713
339467
-71493
214199
-505690
73336
-326092
377016
60333
108270
-640431
221659
-210488
419624
-218576
312223
-825075
702948
48385
183109
-621736
96269
-409427
374641
-58892
115309
-780148
801869
-10215
306946
-588461
71514
-112091
120213
36224
172162
-475986
578425
-104035
223671
-616131
-29961
51567
-131302
-368491
357232
-144864
1035696
114604
210932
-626567
-114694
-8887
-21613
-739377
343697
443942
1037598
162415
254250
-510608
199973
-157816
-43858
-1020132
490781
703274
767160
46222
-137277
-712306
240009
-93990
-290197
-865621
875458
438565
1299974
189938
-544393
-498735
232152
-260533
-135622
-1247959
1142874
-403228
2143086
377158
-837117
-131711
590705
169192
-721267
-1199329
828256
-1445183
2230551
241259
-828137
-296222
1323808
950069
-1356587
-949267
687744
-2010969
1605767
111220
-1007202
-523139
2235497
1076944
-980815
-1105337
736011
-1604486
252246
21058
-1240450
-657885
2597367
1022092
-998515
-1213376
1114586
-1354293
-376524
91608
-1480571
-578330
2649165
968885
-1435012
-730863
1037199
-859146
-1326499
119306
-1555390
-527675
2811776
846715
-1922996
-623071
1287229
-385552
-1729385
-133683
-1438580
-515595
2712730
753426
-1955279
-455020
1397289
-573561
-1235989
-214245
-1472939
-252947
2487869
402612
-1527708
-656749
1244301
-344767
-1117237
-163552
-1369919
-491991
2616138
346185
-1410894
-743438
1165839
-221644
-1217463
-265235
-1475600
-724614
2779777
368930
-1390426
-793799
1306769
-456568
-1182826
-292399
-1593632
-813111
2900406
239809
-1395109
-623249
1314643
-415074
-1328266
-211017
-1512024
-844784
2843458
385333
-1347209
-571566
1289095
-687660
-1384118
-326564
-1723850
-780419
2510885
215653
-775982
-383880
784292
-798525
-1029496
-275008
-1692789
-715422
2611541
-299834
-25338
-454186
419233
-1050285
-469014
-387979
-1439848
-804663
2485820
239792
-397434
-479213
-31201
-371251
-956005
-411094
-1463381
-710940
1985644
1023084
-803135
-646666
-59033
229634
-1185611
-347461
-1379064
-995204
2100293
1202673
-739740
-1199910
265043
532324
-1312588
-294242
-1446630
-1213030
2409080
1009796
-996643
-788122
181544
966850
-1792348
-323691
-1490654
-1333321
2371011
721477
-1131400
-334555
-6196
1197054
-1974371
-361314
-1210914
-1371190
2221500
437578
-621231
-746864
496172
601525
-1400370
-63078
-984216
-1012598
1820907
287476
-405778
-1210426
853871
-10798
-675570
250350
-672911
-710702
1635171
438363
-896380
-744192
14623
104329
-721243
378525
-560635
-580628
1626587
358852
-744758
-19233
-509190
156782
-1072053
543511
-688526
-289300
1334681
-110417
-2806
192868
-661671
-185161
-1223949
536578
-575282
-170221
1246828
-507613
267665
363461
-335816
-721440
-1075779
303570
-322502
15831
1103054
-1038139
544215
399284
-282824
-841326
-454706
265686
-160210
342409
480253
-1119082
664010
334632
-248348
-745257
-215908
297170
214407
399419
-202441
-743464
455187
-228400
67494
-172567
-607801
351744
589747
264825
-19647
-868695
146823
-286355
-78364
-432947
-341748
492570
638842
169253
373272
-832856
-214174
417086
-458736
-857462
-247065
419957
507962
323331
197898
-795229
23231
541140
-583981
-743397
-256111
288183
494844
493536
-49154
-944042
77198
439584
-15942
-566767
-216592
203962
671497
405420
-138736
-1063499
59765
691607
-123704
-444332
-345959
109645
868407
250078
-155951
-1392550
471076
465103
290270
-418888
-628142
143129
845898
266047
-249586
-1284354
446435
477795
895942
-257176
-1019579
193473
591137
23858
-385082
-1073487
-8242
740358
1289282
-290009
-914487
203594
390972
-83017
-221667
-1265503
65187
743173
827084
-203014
-740024
195547
343855
31736
-44303
-1033146
201889
691696
462824
-578224
-340113
38062
367667
-239425
-46912
-837570
283412
657461
296750
-983727
275131
71341
440804
-528007
22215
-1046035
342724
371225
-83705
-959059
838952
241545
620757
-251324
-125568
-1086948
838774
-274362
126915
-825491
409206
227255
634753
-87156
5842
-1051940
736452
-119127
-49227
-346051
35741
218388
461686
-285353
-77922
-763056
232871
135218
83339
-134596
150829
134967
399015
-350287
-136946
-701272
479687
164397
53491
301107
258445
65089
463329
-390656
-402726
-517404
490078
-102278
47295
238013
363940
134113
410835
-502276
-334414
-188609
186863
-592329
169154
206005
839031
12477
305608
-651338
154472
-273106
-67720
-348904
-241576
399278
999193
-12021
287075
-528055
508773
-503179
-528214
139635
-411277
171898
1072368
48210
403428
-431508
479041
-605976
-647343
149842
163949
-328561
910613
79680
516337
-326434
323790
-667160
-416861
-835
382015
-245073
607494
90806
415924
-302244
467337
-868406
-224354
44353
297524
-512799
854279
137834
354217
-273738
561178
-945162
2356
272237
349163
-1171743
1148735
11639
348871
-455769
139739
-744495
417390
-41593
281804
-939074
951329
-195
197117
-295764
-87306
-503663
468608
-99704
6017
-558634
688109
3193
155088
-328356
-125692
-180905
-148301
85893
45027
-965704
1117016
169351
475951
-442956
152246
-71153
-168651
-343677
200972
-957516
997007
184823
471012
-469995
262277
-262909
-93264
-559586
-29052
-205093
526902
120283
307750
-219727
309978
-245749
34491
-274965
-304694
-240550
341348
-23053
413523
-148391
262722
-341613
361472
-200215
-149472
-570559
624317
-86084
525730
-270833
-54782
-428590
455095
-557034
186647
-429337
615525
110408
691644
-135585
-112186
-156867
276721
-200197
-272451
-371061
265591
157108
649375
-246512
146501
-40841
132777
-125882
101351
-545667
397325
-81083
215036
-472243
405396
-610317
634216
-388580
367157
-205550
774222
-59379
19439
-420545
224816
-415048
436694
-294663
222078
-140617
957482
22166
100132
-348275
-30867
-247068
364354
-739392
464400
311012
217218
70323
170810
-318003
113018
-303875
240034
-663944
108309
259313
182608
38110
345970
-263172
391514
-440935
304814
-434932
248836
-562316
67850
16112
359732
-247973
362114
-236229
212667
-169474
248762
-318219
-235256
-48650
284394
-320536
473990
-107071
-51041
-185542
83069
589910
166479
-24821
206719
-577640
1026563
-308453
-493678
-266775
234730
631715
294864
2648
7640
-492470
1146791
-498070
-755388
-556882
291841
745807
477201
40580
211971
-353335
1249161
-656000
-657462
-707072
586535
60585
219190
23915
386676
-443084
1257395
-798661
-937360
-340720
675281
-206636
390272
112722
487229
-257512
913229
-887571
-601348
-311372
477053
-254143
650137
187810
300204
20248
653641
-960069
-402552
-329109
396898
82509
45093
-39442
65647
-18455
490524
-891226
-534168
56294
359431
189040
-346319
-157015
237331
-132572
478773
-789915
-271671
-44158
277348
-72181
-389088
-43769
298994
8256
488683
-718257
280578
-232260
89902
-599899
-368945
-28224
192087
33385
253734
-417139
-96092
-19026
780726
-1202539
-36245
-123757
318731
-106463
82694
-476610
-159850
217629
873028
-888033
-579628
-71749
517444
-126614
170451
-688068
-265057
253287
553215
-608839
-806403
-46846
448165
-75959
251183
-626603
-279080
170746
428433
-998866
-127945
-158646
430216
-119122
494177
-727152
136697
41942
13755
-782588
8892
-96978
470495
-47003
262450
-743643
165562
115470
-335011
-501425
637834
146317
70175
-11129
149308
561325
909641
541264
-438076
-1034028
-690200
-92085
-28467
-304938
-434011
-316737
36335
273988
157760
167394
198723
23948
2484
-146867
-332359
-184931
-233836
-377343
-24586
35923
314213
208241
202531
-5470
-305273
-310731
-189097
174343
269547
75294
-271616
115144
183764
-41977
-462874
-671619
-431159
222740
604764
688512
-12839
-88737
149234
247761
200679
78348
90395
205827
98987
-204564
-292885
-126797
-11867
81649
270752
126931
-90700
-343071
-190897
-165900
142898
474867
488232
194533
53107
-24079
-519209
-1256389
-1034366
-191763
363188
391124
489066
99396
-320124
-280989
-258472
-817349
-786223
5805
768333
-699663
-617877
-500265
-550290
-368530
-118651
-15738
175478
897060
1279227
143613
-142791
-305036
-12957
168600
163445
-37904
-335783
-97633
91594
757025
829453
474124
487221
646731
332368
63317
-787104
-879341
-1278772
196510
9520
-87330
984601
1426929
1577519
1147460
239847
-685121
-1890050
305960
-275459
-640285
608025
1856160
1791968
982181
792103
-336581
-1759072
376648
-162817
-816502
-292834
1250815
1041793
25738
478353
195999
-266927
566115
108170
-642706
-479620
527647
332757
-544992
-213515
137962
379130
351856
122365
-463952
-285533
293520
283171
-557011
378678
18811
106987
123195
-134023
-578482
3342
537251
29936
-864949
303374
790559
568161
247829
31204
-572027
-247128
533749
426806
-781774
-461667
113868
561205
198699
142525
-342239
-412859
123067
230449
-257632
-225592
-241757
201765
143871
-200196
-575974
-283053
298627
359696
-140239
-49992
143512
234985
439426
-50080
-806631
-507432
535994
472789
48792
144836
103409
-304625
596571
163212
-521577
-246468
478343
278148
-304085
-62353
76749
-262925
182075
6556
-741603
-484632
415244
392000
9861
203567
403664
-31657
614127
406081
-540952
-750876
76917
733719
511505
169504
-149998
-720410
379956
160428
-208596
-276277
179294
400349
618584
-135830
-314486
-444035
29710
-251697
-663203
98548
615055
528264
-59304
-183090
-395205
61439
496502
363655
-617152
-295669
474234
499186
-565712
-537893
-177564
31045
453445
230067
-694083
-771054
74300
300663
-541617
-453082
322682
592389
197263
-99535
-837690
-903314
-152900
296172
-86960
252657
800862
575788
403744
234678
-320557
-229194
238847
304699
100553
306100
337007
-126244
468549
579866
115296
-100184
482962
274832
119194
-613021
-130156
-313012
57469
645872
402886
203466
421780
118577
-89994
-851570
-131434
-193493
-442084
264327
410084
687437
830480
971393
500321
-95946
-397466
-682681
-142030
261841
-5015
-79457
77996
350349
586658
539728
-62159
-261468
169711
555751
152599
-201550
-378390
-167755
625611
604724
-52194
-430643
-185733
14045
42004
111614
-126319
-246386
680007
668941
186665
-288442
-165060
123943
390674
519212
262443
-526386
-210385
-82969
150192
-125332
144133
594089
667548
604328
-30669
-511095
-143946
-333930
-303568
-124188
403972
872091
750180
519389
-87245
-631679
-819668
-563331
-156190
-99406
-56146
280548
669562
642625
454897
299819
-148661
-617557
-418183
-299572
-291752
-243642
-61454
210430
45731
169316
587086
591524
-310398
-412176
-148174
27925
-34287
96670
-52371
-262360
115689
552785
134430
-125325
-145922
135424
358435
411174
-190940
-752042
-564752
37464
535768
427424
-48038
94054
242186
126799
-273746
-460776
-260153
280633
400039
211982
-96710
21346
194157
-125025
-355370
-537365
245990
531690
362475
163138
-416445
-307615
-76425
-81126
-583965
-1037824
-576918
461211
1249335
970264
117416
-3569
-222001
-205769
-477694
-779248
-545611
327364
914792
598872
213995
182862
47424
132538
371039
382999
91807
-36081
-348273
-597194
-380043
-389223
-284839
145217
329530
478033
523880
-56425
-348324
-72312
278495
307826
203702
88899
-9413
-42876
23576
-282088
-695433
-603558
848961
1073526
1032051
704500
471401
-47243
-301661
-841510
-1319007
-1374449
215293
545209
475589
71119
-151880
-562024
-279370
-64142
318762
-33833
-475963
-512504
-311619
-367559
-626338
-384112
-38936
555552
1264019
1127547
-134057
-209188
-243204
232412
261683
207820
144798
50891
-54880
93949
221450
386269
109783
-171715
-380559
-449888
-615584
-323123
135607
671745
203466
304804
-2753
-283507
-539458
-343076
-174626
-478886
-443544
504921
-127865
-112732
-86601
152127
392972
417666
-114533
-641629
-728703
-146060
81013
-29702
-23103
100764
185988
9066
-554770
-703282
-657816
188638
-64970
-50058
130379
310955
14169
-222245
42313
403214
43145
-235277
-283895
-7790
162606
472144
392364
-227331
28366
510291
171700
-249395
-46587
428381
447268
324625
292676
-257678
-579686
-292731
-226825
-176067
133215
193609
118080
-158828
-162194
-269073
-223912
-329570
-311557
-67740
-172679
-354504
-541670
-600619
-505990
-260244
630070
897224
548777
-191
-56401
39879
-165291
-196013
133567
254557
506359
531404
-20325
-476042
143415
462610
461001
396939
378180
500878
-110971
-657800
-950874
-632119
604990
607095
500233
546752
-43046
-323118
-617359
-626371
-699067
-658703
14826
53469
-92895
-108225
117192
-102624
-288353
190849
338631
181114
-430924
-159155
-80505
-18540
376205
402221
-220623
-250006
-89690
330248
-267447
-79237
72277
89352
133647
521030
509495
248031
-282157
-406558
-305588
-269019
-161723
-261435
-422643
-118678
542203
730820
603939
132990
219328
582416
829378
734094
387115
-106222
-406732
-768193
-824176
-452147
-144847
166518
197446
65270
-145325
200522
71573
35229
-278017
-215853
-395283
-517247
-606946
-625695
-675654
-573185
37181
747455
1011926
902567
218079
-139559
-288951
-324410
21589
-234060
-365107
-209326
402160
326811
389502
187314
-170583
-58843
-87903
79592
104628
-349846
-312431
41154
4361
338256
284294
211472
181435
-32583
-285826
-65556
-63446
-53866
-18562
245744
404847
513188
451681
581882
82339
-337066
-300064
-411087
-149882
-61389
124788
146768
145164
355644
853705
508578
-392652
-673048
-110220
-58549
-65066
87494
-223761
-410196
-276943
465049
573056
216912
-30487
-179219
-326380
-127512
24378
-363842
-1241879
-835039
435932
1493991
-160339
-401898
-450919
-78547
309466
148407
-322605
-570182
-247393
793804
-15789
206749
218872
667070
984032
305699
-268754
-418288
-642934
-577893
15680
395892
554096
702809
774615
223789
-31668
-463872
-792500
-698679
431971
735085
660341
379876
-37570
-754661
-892719
-364528
-209136
-451469
302258
481257
122572
-226553
-280236
-594227
-612627
-303520
171030
338661
-403488
-331598
-439358
-451588
-422444
-3911
384161
784894
777799
478280
156052
42397
33754
421187
296337
225474
140832
246934
-142684
-576467
359354
315206
216975
348939
460960
335447
129083
-81143
-425142
-708048
-228168
-86511
-204733
-247648
84348
521241
792317
296858
-43546
-218402
-57809
106026
110732
284825
-204525
-390354
92809
285038
252458
-252258
426588
587194
486113
262527
-121603
-688874
-785700
312736
449941
-279414
90484
202639
290709
255770
186436
90699
-138016
41677
126557
-142093
-46315
-9293
148196
410187
604319
471023
-80035
-679936
-801476
-376165
182071
-4866
-62902
-180896
-104122
-99745
-74478
-176821
-409710
23259
-92505
52061
25396
-111743
-420703
-438428
-418903
-521644
-201650
717685
-746003
-39663
-390389
-406980
-616031
-221144
552516
1567898
739607
175071
-609545
-153984
62710
-262146
-401685
-66566
218456
1307593
461703
-238834
-542674
42978
159100
-18649
-639469
276139
631013
829940
610474
-695294
-621304
44578
363484
203166
-176072
136792
62556
836406
437012
-182210
-719020
139952
341297
592638
155354
118259
-207701
193921
72306
-58220
-701694
-88127
112887
525380
268634
137697
-348485
441560
448094
-341078
-568244
69536
154190
204486
182290
243649
-467203
342680
84037
-297326
-720648
-203617
168522
205071
5865
1194286
625596
732693
-356078
-440104
-1052646
-295822
340607
479141
-52378
1103680
1197100
629695
-790197
-1057378
-505448
-1476
221798
593338
253370
1277517
1134481
334371
-1676397
-1093523
-391819
596666
675026
341072
185934
1192361
1002440
414622
-1783917
-1421963
-730430
169339
65662
175170
-453497
1412412
775927
989837
-1042920
-320242
-583124
616891
-441490
-1200342
-897393
465492
93174
1536260
165685
688153
-666458
1188857
-263542
-2221223
-2311233
684135
-993775
1360764
548215
2365773
-426223
1556433
132814
-2710845
-3067634
452451
-941008
698768
698997
3039547
-652056
1867901
348186
-2878984
-2719878
744436
-626983
901857
135605
2946029
-506768
2029894
259979
-2788046
-2457203
872731
-472117
-117205
937442
3074589
-511519
2367150
97930
-3110125
-2010420
1921395
-467309
-596962
-143013
3254533
-386296
2346865
433171
-2965876
-2114343
1499405
243001
-440630
35252
2096582
-151673
2080381
155074
-2444507
-1727631
1696597
166912
-627666
402684
1778182
-193334
2554365
142746
-2548697
-1348211
1155947
352717
-552156
363789
1472807
-94715
2590927
564026
-2431238
-1621793
1338425
179852
-736575
626868
1540105
-377431
2780046
487495
-2457835
-1270697
1145700
234445
-1064960
867305
1566146
-328597
2854780
770707
-2493519
-1563812
1153302
-22243
-883377
917030
1565124
-352152
2693439
880432
-1659942
-1528459
289267
55947
-771660
1145778
1694583
-432254
2649574
292620
-1411129
-1252780
-190269
-476450
-75055
1140576
1573492
-249553
2866285
624301
-2181052
-1169954
-316926
156266
-219359
1615158
997162
-306452
2509617
975930
-1799210
-2047915
212770
436039
163824
789280
1523619
-521583
2678284
1136355
-1716565
-2047613
405791
1261883
-411355
735718
857025
-325626
2655297
1515207
-1485797
-1469607
52606
1197388
-855079
164746
1202944
-583246
2780470
1521821
-1720614
-1247294
297276
1017077
-1122530
-34281
1485902
-709874
2291200
1238753
-1611291
-1297869
193491
800566
-744468
-90615
1624211
-867572
1522370
784143
-1541393
-1177088
114427
1282568
-557636
433551
1307614
-810132
1284793
23192
-1984786
-1399793
-348136
1125340
-15140
743819
1627485
-723476
1023365
98247
-1588469
-1291367
-533508
50879
122330
536220
1931029
-856430
640835
-204182
-1185207
-776971
-955515
-223497
237588
976112
2211266
-703138
726851
-630005
-931693
-7679
-1098873
-1017569
-102859
1019129
1984599
-540231
282769
-895180
-762970
24058
-836362
-545086
-56319
847717
2043695
-541935
-157162
-1229180
-666316
371126
-714401
-644365
440337
990763
1245082
-982648
-914682
-1495947
-324691
289052
289964
149043
42529
757735
1804198
-918981
-1245509
-1865537
-331930
2135
-158764
550182
1083003
720748
1449086
-802939
-933065
-1497527
-709772
385912
-250411
-351374
757873
1340227
1350058
-743873
-957701
-1338416
-474952
294725
20713
-648286
614310
1122715
1475999
-590614
-1012308
-1550028
-264510
905120
219289
-528647
177633
512916
1084567
-561310
-1016760
-1443536
-77391
845514
137414
-199057
121072
392341
1091218
-544038
-1185923
-1335589
415515
1265548
464633
-947951
-425666
234593
893076
-269522
-969984
-1103247
534797
1720019
544215
-664809
-1425258
-272886
970719
-392441
-538682
-712781
774712
1699006
1240857
-775973
-1510320
-622336
359100
-517678
-610115
-736917
737072
1258401
769898
-472591
-1389714
-181783
748578
-292051
-188071
-525302
379082
1071335
143214
-1106119
-528608
42138
269274
-496421
-196079
-462476
497558
808612
-92
-765381
19753
796651
73659
-1042016
-813426
-849660
137734
684311
188917
-370373
853652
1255619
404780
-1272134
-1182262
-796271
445634
477276
242130
-308510
510397
1093374
919742
-782034
-691315
-1034611
687382
951244
44309
280003
132028
-284358
413601
-766480
-353114
-465532
415062
679945
405603
-403327
227672
-403676
549807
-853069
-400105
-347102
875941
534141
287631
180869
-121443
-983134
252994
-910319
-574414
-86141
802843
764711
489971
286627
809976
-659611
-620324
-728486
-334305
-134472
665486
294689
607071
724849
584900
-625614
-656633
-720996
-117457
65226
433061
212922
388994
1022934
1210907
-191273
-1163467
-590437
-64236
-290214
-161684
701573
625534
395544
1214824
-429115
-603501
-611248
-35639
-335404
-447638
682391
1078734
-144827
634831
-58323
-761498
-656563
-397993
-530551
-440358
509270
1065116
383037
358862
17045
-492647
-603772
-325061
-690135
-147811
711579
866016
196439
941286
175476
-669685
-566646
-2756
-291242
145024
960591
547695
-644073
534758
273668
-690134
-572201
112829
71237
340761
455084
601996
-601006
153448
466406
-679897
-439093
-331469
-313264
459323
150925
-143774
-290045
795878
536076
-325049
-879918
-300531
-420739
40769
247390
485324
-261728
1440387
906175
76567
-937136
-427056
-347850
-134073
-265363
974707
-418
749826
793502
-330186
-722634
-392002
-103327
-78491
-165152
619277
655842
842931
324962
-474905
-406128
-220264
-316334
-147589
-474638
-115136
55707
1038903
465743
190846
-316420
-80065
-267080
215006
-63257
-27352
-367318
419768
-33299
152696
-487149
-579456
-580198
-32272
-206755
226572
190604
778312
634366
-303605
-500700
-679742
-558170
72876
-315970
-463928
158185
809488
580009
366804
-315814
-231616
-284158
281484
155193
539075
-576745
269053
-66338
-234846
-169070
175548
13288
576995
-34160
233884
313590
-39384
-625963
-346425
-453584
306709
207560
210789
341089
85395
-19712
536078
-658072
-614161
-527497
1214
-91611
588816
-253980
681916
224090
-179221
-343913
98926
-482237
-109938
-368879
33423
-389622
-63805
746500
652934
-726098
510368
-481337
-144591
-549117
112724
-443293
-120310
-565236
427680
496096
708364
-359792
-49180
-366203
-253992
2537
102026
-210531
-420717
-26830
1074690
-287667
224388
-345068
-145375
-215674
800674
603884
-62401
-1406496
63370
-237915
670744
-150476
-533753
74227
555943
613841
587035
-994977
-760234
-293090
516953
-318551
-1121949
-236273
1182026
1061104
204373
-995414
-134687
-562536
366764
-888709
-1399132
-338165
741956
577518
843231
271891
-177166
-797445
-132668
-1110623
-1407299
338734
1473140
1028003
346188
99607
287801
-1067125
-441867
-943931
-966865
171609
1656599
835598
717392
132556
-17394
-602888
-188106
-940440
-291762
787327
1160112
566602
-42259
-231667
-66962
-580438
37327
-886386
-399402
607409
974382
220590
-4682
-246439
750448
-692075
-105808
-862244
-547067
117411
716160
129645
-22303
223121
1275752
-452270
-241039
-726473
-239021
-148907
-170541
-154921
314123
596399
1177516
-492531
-168154
-744633
-311021
543450
321098
-938211
-70473
697242
1141069
-710510
-465920
-740816
-82425
87318
814708
-446513
-785305
1019759
1561727
-727072
-725574
-944258
-370673
511098
824701
-435717
-266912
286932
1608074
-616922
-606017
-891353
-444883
28877
493913
-309029
430651
841891
1244474
-639137
-359618
-833166
-278122
42034
267050
-143602
472861
1179463
787971
-613527
-572171
-682167
-35508
590797
310671
292895
1230116
164202
-314630
72230
112579
171084
128241
-242469
-777085
-888187
-51838
564467
468660
299298
221053
314954
658272
460620
197851
-93527
-593535
-648959
-482312
78537
180669
147894
325022
329058
361744
357301
-185435
-591786
-394623
-92949
342
-75886
88606
383411
332013
-134693
-539968
-650461
150616
75105
12899
-20234
187623
601986
548015
-182653
-723484
-840918
-273730
296275
155039
-201072
-444725
-381892
-221503
-295309
-111239
103800
240891
277986
215715
-76022
-279860
-397859
-35919
456640
391205
75408
-160751
-377328
-282759
-239299
-67426
-122011
112010
983804
1068349
223742
-418651
-86468
-138454
-117331
194855
340798
10164
240190
584360
-91797
-645291
865948
990269
716640
346347
212225
-153376
-603617
-601784
-925409
-912537
-123196
124617
188036
-225821
-466558
-388700
-505443
-282096
347871
759488
-577206
-672377
-529987
-710922
-688507
-640075
-567908
26744
980684
1686507
67639
177481
254730
-606406
-1306170
-1513101
-1399216
-1113062
162057
1824396
147311
215095
615680
97539
-1214155
-1466129
-840130
-1081388
-335259
1225288
98096
-8067
491752
845070
63395
-340177
182341
-23776
-942382
-485270
18587
-226646
34353
787455
825488
503168
608493
561935
-570305
-799127
246667
-158955
-194573
480268
942207
745322
391906
33984
-612063
-646321
486788
50925
-78283
297422
537540
561639
582153
209319
-823577
-1251890
347067
-158707
-343405
499235
787736
288143
146927
500598
249524
-821464
297109
-177789
-517902
460508
1199433
306356
-415128
249429
473644
-416509
350950
-71962
-166466
470621
755760
184828
-373357
-35192
-83000
-466919
-34296
-309205
-49990
650291
517898
-25031
-489080
-260840
-25335
38443
-20357
-462669
-432788
297818
449949
192959
-68509
145548
53892
-146247
449409
-273687
-359200
593073
695931
69095
-375141
-250226
-274839
-444651
-110134
-600789
-657650
515935
1046703
-58009
-978824
-229636
433206
194494
264443
-228552
-657575
-80604
684915
273714
-712802
93773
584584
-207796
587916
3768
-312628
33707
-14177
2947
77034
376150
229739
-532597
80055
-579394
-612381
391999
393536
-7763
608420
621390
37168
-648144
163972
-456278
-455547
706829
928791
195974
360212
434563
-445642
-1106160
345277
-55727
-210383
492514
869890
513505
-136369
-451216
-807148
-1064210
228591
-420843
-842554
-254111
380898
354963
-426383
-543031
-28860
-181636
232109
-645939
-1201183
-322168
273370
142074
-203128
266453
704410
79245
645484
-397599
-1284553
-576406
313556
253830
15110
380582
501744
-59578
985847
10984
-899689
-663591
-103307
-322915
-733778
-497459
352060
354080
419641
-99871
-410105
92292
743496
542476
-423524
-862294
-85779
-136628
67645
-278522
-440563
144140
1144139
916950
-341494
-838110
-233937
-44310
419602
241109
-62159
-57707
470995
697622
-14754
-578725
-350668
-174187
392501
165849
-383696
-459477
22747
726804
671114
379593
-71643
-581494
37564
-316763
-677537
-266013
347716
566715
547151
524812
171830
-305560
-130779
-426849
-543111
30732
287866
258150
965083
922913
-87163
-467096
315309
292670
22689
-42947
-266210
-356530
-30803
266664
135171
-74072
430418
658400
765582
505250
81691
47396
-555317
-929707
-136854
-19991
211392
399232
542699
515296
246420
204008
61737
-485214
-577795
-553496
179130
312487
137083
87139
191158
469845
845164
280106
-750905
-1012398
64373
238420
276939
396780
371262
252053
131813
-210466
-552537
-607740
110371
328546
389008
497374
297325
43300
-195095
-216020
-409926
-306842
319510
603283
630175
451022
214443
455867
690951
163429
-1070992
-1214028
-284997
54211
578806
544343
-1769
-10316
368087
120074
-401928
-410029
-279493
19254
359656
72734
-731115
-1120012
-697960
392524
1013063
782114
363368
572215
559250
95938
-608709
-932976
-686447
278804
879681
218848
-261561
-276761
-125778
38128
-244134
-248965
-19891
363139
895807
655366
-657873
-798520
-757591
-528822
-681705
-368221
221864
889095
1209541
1050980
109631
94213
-87768
119791
218597
234824
399292
280139
-844864
-866696
621205
1050075
929402
629415
407677
168361
-191060
-472216
-1372202
-1556088
250732
492941
568782
39229
-669530
-589771
-267263
-33346
191108
-102374
-80075
-131738
15210
228320
159638
239097
480285
499876
166408
-603363
-21586
81482
98681
361794
267529
-73726
-80242
165325
444206
92433
271923
471001
357645
-55898
-766522
-957843
-189714
388236
739188
660645
31064
271809
204276
-196902
-485065
-112984
238266
285955
311822
135398
227062
305960
90792
-268461
-321792
165712
-249590
-1006856
-502629
270850
459691
213392
-81441
-284636
-542132
-181660
-66181
-825201
-596948
438515
136865
-170044
-383314
-89824
-146669
-232454
257228
256089
-20608
371883
-202415
55267
148573
338996
327893
-41308
-184514
51476
45893
180269
185801
584245
757849
704901
532464
74434
-801556
-1170374
-881698
-97751
125575
66709
65923
227631
-141288
-770911
-767716
-328672
-209903
506454
-160251
-179500
-397887
-451317
-514463
-695080
-45320
873762
766205
630056
-496952
-364219
-380468
-441203
-191863
260039
646094
461634
322215
265586
306841
286526
394589
424769
-17581
-158957
127189
-237347
-860152
-648443
626456
518558
260727
85854
-294373
-585700
-255497
218076
-272977
-420134
267873
381131
114716
-37505
104370
-206518
-767489
-581251
-189628
142336
267732
438425
274898
236847
483017
335931
-471259
-823212
-728618
-479065
-196198
-394033
-695122
-665251
-444916
-34632
408385
724749
604110
533835
128429
94931
80442
207489
249599
116936
-83507
-232946
-149196
-38364
252541
646400
920454
837417
558425
523976
197863
-698868
-1240067
-1151270
-462533
115229
427434
182581
-82186
93762
194591
328465
-227044
-352241
-358246
-170764
58881
53580
-86930
-185139
-252097
206829
456049
242939
167670
-162690
-368013
-328852
-325150
-222412
203113
216003
-128110
150633
120898
-38368
-308646
-462428
-472104
-485183
-435442
4623
302295
548622
234276
274055
94859
-82667
-94523
-61720
-707829
-830381
90426
687090
129201
177367
159902
162890
157338
521069
470153
-190244
-644708
-539315
-23810
215863
427081
402421
-27407
163497
978740
1158993
86041
-1515663
144927
320399
483770
283735
-336648
-190488
27258
152688
328133
-204799
-1765
-207901
-342975
-475546
-803865
-543054
-212453
42563
723794
1084255
69379
-314812
-610762
-359121
-294464
-216533
-161197
-130989
313219
1062563
-387506
-572480
-596017
57701
419686
687734
505719
-1250
4040
435465
-162476
-45687
30150
721845
913900
355424
-46917
-114399
-438401
-645086
405519
775194
722154
782232
696880
-276043
-1028132
-1054281
-1070563
-555611
-162683
208708
170709
-154292
-280191
-496336
-655868
-455566
91148
619210
-158071
-134650
-66526
45583
-217502
-567323
-537320
-30958
447361
496040
402577
360231
392314
566917
308625
-464824
-971904
-537789
-79624
-56720
181972
114578
17314
-13432
92915
304934
317264
-240475
-342595
-69700
-244656
-359731
-350992
-31524
217123
521777
821463
93447
-701445
-302708
140841
175636
100884
133330
-129464
-440830
-227452
231053
12015
-212801
201603
360873
263620
-33192
-452983
-641889
-250498
648523
995673
116926
-22226
233894
409096
498128
393721
137501
-141124
192198
176644
-456259
332271
281300
219276
333203
421879
377274
163949
325172
158765
-811020
-618090
291619
-806919
596803
-403240
539652
-942075
298147
-156982
942692
-574157
329189
-1189492
585713
-671194
518571
-311859
331356
156807
1047198
-674409
579793
-1092033
543262
-378778
62264
-412392
782262
-330480
1353355
-811991
630251
-1078084
440859
-151630
452822
-358136
781671
-650596
780435
-750486
568015
-1000441
414575
-265404
863498
-303899
873066
-660758
275647
-648734
577813
-894130
584364
-480268
950247
-615098
746003
-902235
865267
-611008
632705
-828343
940063
-613416
753759
-558688
833163
-1092444
1057846
-748269
546108
-1211062
658643
-517582
76530
-552497
1350477
-383303
1125820
-747544
524743
-1205740
396886
140235
398701
-751182
1623146
-284919
971712
-848879
480318
-837510
206416
78512
946263
-586679
1748307
-46239
826996
-853269
260366
-555372
807499
-127419
1144852
-684677
1256903
-266828
786226
-495413
219090
-621576
715071
-238788
700760
-878597
1013873
-855570
1281202
-571826
-321089
-263033
1089469
-624121
716397
-1341482
1364446
-2050063
2409482
-272739
-1015653
-313318
1479477
-643850
-388694
-1510824
2005881
-3289408
3534990
-91917
-968520
-669870
1445196
-233869
-1464805
-2301013
3086707
-3848151
4299977
-107607
-811451
-1082296
1429505
-434264
-1380778
-2899067
3566295
-3304660
4207751
-213753
-489381
-1130248
1674103
-655816
-882652
-3055926
3706040
-3387877
3346523
-210988
-548799
-1046644
1946132
-894812
-1129942
-2417721
3689407
-2128782
1447578
-105190
-394973
-1252735
2167478
-469276
-1296120
-2402932
2797878
-967700
901366
-293507
-47379
-1321407
1664170
-214777
-1098143
-1854950
2267562
-789866
758923
-362137
-249068
-884301
1858656
-402370
-835249
-1723955
2051110
-524603
232562
-405660
-357903
-1100010
2292988
-444354
-870621
-1419889
1745343
-422539
-246787
-400679
-248860
-1220519
2532200
-614044
-868186
-1457911
1752106
-381652
-581378
-400938
-90447
-1504142
2830245
-553306
-966892
-1322286
1532624
-108583
-805989
-589145
51733
-1772987
2518627
-122332
-524792
-1523329
1115995
-72988
-922561
-661784
112770
-1244186
2240020
-491879
-153287
-1536589
364498
170462
-556421
-725201
-93844
-1227928
3067353
-1298869
-173708
-1550707
624293
8503
324629
-660538
148461
-1765975
3137860
-795064
-916815
-1291443
537710
569867
-429351
-697160
119274
-1655910
2456743
28584
-1283185
-1120507
696038
1265083
-933155
-885069
155386
-1435992
2197830
279657
-750561
-1034704
535179
1582097
-1826311
-802917
199328
-1288576
2307297
104712
-794977
-521663
-232983
2000812
-2541481
-644694
412785
-1500944
2270198
266573
-1207317
-122861
-1188710
2479400
-2396584
-689278
722949
-1773064
1873294
-7256
-1192818
-266917
-859340
2198635
-1263070
-500545
819882
-1455689
1644958
-351738
-764757
-751203
-469274
1232614
-486604
-351377
557271
-1523818
1205517
-366303
-667757
-198191
-664082
879782
-138332
-115978
452595
-1451714
666144
-490360
-784861
189199
-1113046
682972
82091
28001
137475
-913258
730741
-755589
-453004
659220
-1298846
302101
61141
184978
118153
-817628
799763
-1227833
-625455
391033
-855042
293717
229839
210924
270425
-996169
757071
-1514738
-154684
264076
-663912
-19931
742446
213740
115357
-1273331
349197
-1532705
-239171
194953
276147
-242093
881558
-10392
103958
-929957
-40445
-1226792
172850
-423951
263582
177114
827534
-243044
-67144
-905644
80167
-1526245
724742
84270
-52186
-254764
1168308
-104656
116468
-1116945
200219
-1441402
72049
527682
10381
-375901
951721
-105901
326135
-917771
-3402
-1306995
-169151
729507
299388
-260001
602605
-129480
227882
-780593
-181763
-1099355
48294
521449
369195
-355953
561891
-171394
264606
-803568
-301968
-872509
449934
897458
229476
-671758
394583
-339591
466288
-693250
25751
-1204973
639429
653655
854720
-722299
-99043
-377397
267303
-760967
355886
-1064546
821154
602090
977979
-638544
-616379
-225511
297055
-672423
491124
-551738
875398
16057
565658
-860752
-761997
-296314
281417
-547828
738132
-621798
1001203
-4824
-75368
-419287
-346652
-139176
235451
-771718
604878
-847400
669362
108009
-213564
-522107
355748
-122320
376839
-1027427
492477
-976448
365445
-326
-35674
-723571
643896
-470235
457576
-1490671
322474
-907107
467352
75651
795198
-722698
713343
-872193
425964
-1258925
214405
-1214940
1300861
-367458
1447978
-353708
644513
-801153
319241
-1061333
932241
-1301542
1383334
-356434
539915
-474815
692080
-466515
471874
-1217453
772779
-982031
1039949
-270482
597888
-304657
721906
-587390
498205
-1408174
585300
-827471
1052778
-105547
223583
-95263
1436915
-779574
537552
-1016135
759402
-356764
828558
-155767
366353
-415061
1318189
-822722
409134
-857344
609931
-418169
708129
-475818
705449
-158152
1457111
-730393
582360
-795438
669114
-882249
728829
280343
474742
-228140
743795
-609070
641167
-1009059
954628
-826350
17896
1031420
420337
-605595
933290
-389638
910503
-1298236
711097
-498635
-494478
545370
958063
-969879
1195558
-640065
791839
-1266990
330093
-371443
1962
171915
1028038
-763174
1184160
-723471
582698
-1129338
537633
-510257
698394
400154
949488
-1205733
944352
-565600
593995
-1206121
920227
-406471
617978
-38612
1258306
-1789775
1145710
-526626
947336
-1048821
794104
-445016
771620
-1094889
1103577
-1629911
1225747
-742639
474519
-973014
484901
-1025089
696026
-712596
978202
-902290
1253614
-562092
304923
-1002102
486013
-547067
169957
-302376
1460114
-1076041
1223638
-653000
399664
-1143961
399499
-228887
304667
-881751
1851186
-861569
1467970
-526494
792686
-829021
377340
-368027
756912
-1083076
942461
-810875
721631
-547904
605674
-806939
200468
-672614
940025
-418822
687677
-370159
375899
-355150
809683
-755652
321090
-958839
428100
-770298
520636
-569218
1178108
-397926
803459
-906567
305128
-840527
910914
-953823
654908
-782878
1070996
-575080
540494
-918203
204122
-864178
753143
-34670
840863
-387791
705295
-643842
533381
-642523
534142
-400924
540917
-572610
980082
-513860
401434
-572070
468091
-793150
964935
-755820
1164395
-855776
610802
-596546
831613
-416342
551868
-897807
867210
-687917
794754
-691442
1093667
-1032112
1000568
-402968
578132
-717494
684018
-755610
986927
-1346217
966580
-482285
594047
-401550
476053
-742315
531515
-943953
1225740
-786162
211838
-802433
989052
-456903
524490
-909062
779581
-1405117
829322
-630964
983835
-889895
749378
-488760
536712
-940162
999438
-1043503
269624
-905639
1192801
198308
517560
-529494
505210
-845131
1239372
-854125
348603
-560700
413099
288604
955350
-372374
808417
-1041791
1484848
-951478
-153217
-79209
523896
-117711
627763
-153739
965450
-1216896
1285648
-1022971
-389972
-160068
378886
-337142
999815
-326365
887187
-1731654
917513
-1534985
-290986
91167
1353372
-331025
850870
-554370
969945
-2081692
886870
-1129956
-226673
-67555
1503524
-111613
721411
-1041165
906790
-1833697
685056
-824678
599426
70903
1714274
-480197
540547
-983755
687677
-1169622
863659
-1032083
621140
-158065
1081578
-591091
150045
-781570
471865
-1087766
863334
-923040
300012
-200411
561201
-338424
46842
-817678
512774
-1209888
657934
-717578
486376
-351922
201222
-147113
444619
-771256
503220
-1028113
608693
-1263933
514889
117562
315560
-588082
677247
-574402
453064
-994193
418431
-1006411
-50303
-126774
1327989
-1405749
618864
-718020
412819
-1030313
220570
-757867
261767
-461848
1423452
-994817
313095
-932807
400043
-934563
371714
-668524
227735
-704979
685981
-496897
853236
-915238
300330
-952267
216340
-772900
369218
-567474
814761
-612103
1190769
-866491
450045
-1116684
311178
-1110538
680089
-434466
812641
29914
1316460
-68512
-99866
8804
-559819
-401914
-113580
1085032
481565
484509
-458976
-51610
278932
584173
-351202
175504
-370573
63375
358202
-430803
-520768
-33275
60144
567549
-373587
227012
331317
376027
140879
-209839
-1173579
102916
48933
676130
-76913
-260598
31537
39791
76385
501336
-970893
25141
-73357
566077
99400
-136133
-235640
-250273
-23499
115456
59288
19292
-10822
574748
339787
240974
-250641
26196
-48162
-83763
-510959
-70346
-102981
170748
-608097
53488
-567832
-155482
13541
668468
-300078
117570
136645
842274
-228712
682510
674915
206760
-531939
-523631
-921976
-311424
-298589
690568
-446610
-367163
623333
587335
-521212
-232928
-94090
202908
-100952
636945
387217
-25138
565109
376354
-1201245
-961156
-681353
712372
582505
460887
-175385
-197774
-11401
121118
-772766
-1382602
-416183
83969
-64025
178069
-186567
-86623
676002
295346
483964
-992567
336718
526266
156240
-475528
-1075789
-23740
393320
91911
1190988
-355065
580603
496622
1266773
-510082
-1997036
140193
441162
-487581
636769
663321
593259
265509
1604418
-608915
-2233039
-585414
1645621
-150330
-230895
1760578
-33209
245637
1815073
-72811
-1822480
-354197
2255337
274064
-1062100
1477271
-1118388
220176
1429536
-274776
-2127787
-102638
1741342
881311
-1348587
2606554
-947353
452974
1614243
-280957
-2188140
658894
1877668
431275
-2698510
2025497
-66664
268508
1638633
-172570
-2697915
164287
1933360
1060442
-1760596
841477
235913
320441
1165798
158049
-1941086
77942
1822435
674338
-1664418
906246
131210
495635
1351045
-397571
-2073836
78141
1635245
653607
-1395202
955776
107298
633311
1791982
-290271
-2127729
192572
1467490
351886
-1367413
828074
237026
370679
1698100
-289176
-2292383
272117
1343515
261550
-1349286
1167736
695534
375499
1731391
-147871
-2699396
292776
1505984
472591
-1142840
1002014
522873
667127
1662359
542929
-2190526
-301204
863503
537154
-1055807
660178
817706
315230
1095973
-155212
-1549371
-385147
545396
752779
-169640
602671
1233459
806672
1750406
-276015
-2319321
375730
442279
825589
-524666
612840
-139300
474053
1504561
469171
-3096007
391752
685099
1123997
-733581
905376
111544
434314
1406079
605314
-2782772
-86885
1510960
1008417
-1042018
227509
385578
601194
1540647
540363
-2133330
-309012
841675
1175046
-1353585
217266
837953
645098
1613543
477574
-2091961
34569
593972
1135053
-1574917
-274341
1529609
135726
1255036
306890
-2247559
-406413
862388
587445
-322761
-717673
2277155
65683
777867
719295
-1753167
-253521
1385977
368310
366039
-1368139
1726760
18027
253300
257824
-1990105
42538
769931
1065547
324925
-601251
1308256
181065
533676
427771
-1588023
-137733
-330355
535018
13516
-35736
1132044
-148614
123747
530189
-607669
255444
224237
525838
637163
34019
515468
-98224
188024
-41923
-430674
301531
-450145
-659456
866911
355170
837968
-222728
331142
-150739
-31809
673447
80687
-309177
791388
-169345
670749
-361482
-138645
-179612
-298203
627504
-135711
-281817
939940
92711
526721
-638049
-316241
393175
-27783
1197631
489124
-417179
39321
453745
152756
-712100
-528158
-160448
137490
724617
263425
558845
501207
91118
2856
-221664
-34467
-245425
234836
867599
-979784
-9525
610021
374186
-93810
-311476
-194462
173954
248313
1220924
-456801
-295489
311602
488510
-204560
-332696
-532486
144343
284838
1132871
-144340
-922036
84955
343188
277646
-335237
-488542
822
410563
1089895
41303
-171124
133028
176324
4162
-447058
-428452
101520
967693
712351
-425355
-1233680
-263852
638606
259615
-244721
-541381
-39795
802431
1018123
-149439
-1252945
-584093
794589
309224
113647
-81777
274070
555598
1385648
-206869
-1141290
-1107557
257452
164491
-328452
-370710
28759
458792
786092
-283002
-409868
-723103
760766
710583
-22877
-135150
-61005
12173
279325
-934108
-487030
-78859
573293
497176
-74073
247119
297652
210079
718610
-653539
-397581
548771
84294
-464364
-702808
-182927
4079
227161
704493
-258845
-183066
796608
529465
-40896
-660624
-474683
325634
178480
46924
-24694
-464561
497960
999199
474491
-35220
-327085
408834
826683
745348
-171705
-59673
-859824
-284352
-39210
226476
192854
427564
200784
826684
-885165
8663
-450940
-148069
49012
-209860
-153115
391408
-94253
384492
-770468
112457
-394618
-238949
584500
-276369
-135579
895872
313538
767573
-108260
408464
66539
-797850
-1124439
-83443
-221214
561973
-254150
283552
-245203
-95323
144979
-364516
-689052
220021
157391
421410
-91478
111232
-277129
673555
137436
-433277
-1376494
-121222
-164611
-31177
-35508
889996
-472520
343925
197764
-256265
-524180
55891
93589
200655
-446742
1028255
-180501
-931997
154104
-354429
-522372
-341464
-339566
331889
-558635
693897
679992
-739406
-6712
206064
-842445
-81439
-376933
309289
-57938
405877
471414
-323249
139763
175694
-1128317
-74584
-175894
293481
206208
392028
-178199
-734595
444158
287791
-606512
144756
283845
762550
35693
299552
87806
-914486
-409138
343521
-1021759
-229818
-583886
386611
-266576
-171797
-252313
103752
32338
1216814
-852318
185261
-166673
495711
-178024
652411
-306039
262511
370716
487167
-966767
-523693
-312142
83512
-453768
487356
448824
-43303
132649
579549
-270685
209605
332236
785701
79484
20784
459641
120680
-984785
72208
-1543293
-195779
-577671
71748
-340710
-379431
-206596
965940
76744
999049
-505576
157205
-84665
520922
385968
69136
-611532
-125949
-439470
-187082
60607
-275634
-393692
240727
211518
360991
271754
266697
170466
-105481
-730827
-407021
-760569
17733
-359748
-100496
-540817
741086
509096
910847
-405171
71501
-90265
525660
363905
763358
-399468
-382379
-476557
-118414
-590513
288034
73927
165708
293224
-89838
202301
51507
-413055
-471324
-60971
-12482
18853
231980
-86575
70557
-271766
350668
-519
-339310
-913
-33721
-46271
495125
-196480
208166
-23897
36632
-528233
355188
-266717
-98169
-258467
52642
-257785
-26673
37246
976484
-430284
-51749
-51671
-151914
-138316
-6405
15361
-67969
-873449
243615
421934
492555
78981
-21424
19000
92044
-139501
662655
-375211
-170498
-540099
438807
180306
-37140
-8454
89015
-528439
807386
260274
689634
-1269837
-640988
321907
56549
399351
-83135
-572095
703016
175117
862660
-102882
-877548
-692143
38595
237831
-52020
-855908
802540
438560
113688
-566681
-660803
-149992
-455610
-184401
-285661
-1194628
466369
679375
156822
587539
234360
-542647
-333576
67154
110755
-562267
1277003
672570
-491228
-546549
-147409
-455108
-715821
-501204
319167
-694625
958717
1124514
363345
-232915
-7266
-57929
227505
-296125
805098
-3715
800533
335419
-436362
-1172166
-79793
-250960
424390
-224316
354494
-211676
900226
-75860
-77205
-952152
355148
8895
-6768
-167890
-12657
-549343
554829
19064
69787
-364282
571669
752691
93339
-194584
209704
-205017
117648
-89504
149106
214594
246249
303997
342777
-75250
437741
-40392
887770
-453181
-1119557
279505
201641
245242
-101568
-305496
170981
-291382
872897
406289
-500130
-165181
1139778
304299
-203874
-346414
178362
144534
796591
386307
-323327
-1034722
934438
330514
231587
-191780
113711
-189152
320646
22348
109331
21451
430058
22456
142927
-138993
14126
62449
180182
-20817
219325
117445
657089
-278641
44244
-142800
382590
445744
708490
-160990
339287
-228587
-429121
-977676
2183
252506
-152666
-69395
-683541
-92532
875871
344678
-154155
-193345
-220249
502398
315546
-144987
-16212
-2481
-409483
112045
-665051
-40739
-77873
349963
90810
-72158
261811
408041
-467820
-281051
-406923
-255890
15112
213633
-66511
358402
-126893
53565
-515284
-241766
425531
39753
-20104
209853
32217
605265
-129680
-272034
-837192
161663
-187800
524174
-55620
80363
-337024
182439
-253548
-176287
-69175
516260
-438990
420659
-120845
75273
-301692
-261639
164400
324427
85616
147149
-314388
-252930
-143555
254176
173947
-282387
303667
929657
77507
-357940
-1017524
57716
-98059
192157
349100
61096
-295270
695497
204005
-648467
-967223
570318
328810
325910
-99963
204057
-473015
47167
-490196
-951450
-615023
636390
364444
374334
-587924
-237907
-88497
58473
-562730
356206
-217427
745385
138281
82016
-446545
-66085
-262713
462058
-608108
1530704
-554064
1239428
724497
64331
-858351
-802483
-257721
216972
-1049986
1889261
-323421
2262127
605314
693670
-836606
-1653790
393906
392948
-1229965
1650859
-7833
1971952
290934
901811
-633057
-812122
281707
1227513
-736849
9209
-107689
984025
271442
645591
-560977
82467
398328
1227944
-514504
-451742
10340
-269598
321107
223304
-669200
298848
930283
432659
-457017
-548672
790959
-770098
473960
185685
-935270
82559
1274194
332191
-440289
-1248614
762326
-140096
189465
62076
-604180
73591
967563
205998
-59339
-172404
-166093
-583652
244095
-315045
-251521
743463
285475
-291170
86033
263486
-27628
-956573
295500
48742
-682943
483955
343947
-18227
-197652
-219490
346290
-592856
266256
552982
-770533
84342
410296
-71202
-541853
172050
666680
-427278
220441
309856
-911569
240757
562330
132577
-357504
45807
586615
-439088
36730
249281
-627999
176914
476853
-65430
-519292
33263
404692
-471056
195933
14185
-254379
561405
-285528
-595270
56207
704242
310780
-205209
383879
-226835
-918879
1124300
-353068
-494667
484639
957480
-566679
-206248
221265
96455
-1050160
20967
304865
180059
483366
-8434
-214252
-822147
-15959
40024
-44716
-729375
602777
709707
502054
-791733
256252
-657332
493
162698
125349
-302009
202583
871497
110961
-1144520
1286
-369137
302175
362180
-533093
1181
528467
-46135
-93623
-1340564
523613
65853
146726
28540
-942154
199377
840138
-756495
107666
-719955
881075
539674
-310714
-88973
-710418
251288
260877
62814
184928
288886
102975
83477
-280475
-506102
-527906
498420
107737
680156
-383013
689131
-680407
-109848
-190262
-620523
-622842
108136
334797
-150496
-74609
610585
-4741
270626
-16089
-132070
-356183
399897
637338
-893059
-13081
265537
290745
-32086
166396
-244630
-85776
1169028
299654
-884516
-145965
252676
429800
-271523
342648
-193296
-524764
896263
168171
-519759
-361700
546890
375057
-539716
112418
-335947
-761336
952586
340212
177113
-65328
338472
-614770
-253527
-214256
-632400
-18614
1056802
-69509
204884
231645
351374
-614504
10571
-371938
-410211
735654
460099
-140999
950073
32733
-432304
-94285
-244805
-204261
-123414
171680
194528
-238695
500555
177164
-22183
-122779
-127366
112142
431634
-163365
300314
239819
-966255
-193426
831333
-30690
-744281
81317
268801
186258
292124
257133
-494751
-152383
45200
-157603
-227365
31725
-241966
223758
473283
253653
341639
-276242
-503972
-448976
193375
-97722
-22871
364157
605249
102984
-256641
-232350
-297750
-212200
238441
-187964
228321
332549
737410
-570521
-372379
-263163
6488
308503
-100004
-27871
205807
159779
577305
-94698
356585
-738605
-814696
148223
-262477
1683
518681
333981
65722
42581
-32528
-757697
-329438
365254
82447
36343
469358
-17493
-141321
-686740
-408689
369307
729142
605619
-179990
206207
215537
-242082
-137017
-700947
-516488
624838
934501
-142838
-648205
-282256
263231
78731
54803
-190745
-251230
144629
1222964
-288658
-809858
-617826
217510
-119800
192566
-190210
165248
593877
1161372
-313644
-89719
-256779
102497
201651
638438
-516772
671891
-147485
-376856
-682797
689128
331391
330585
158326
678456
-586612
-58272
-386205
-1053366
-667761
860800
231226
479312
-282103
-315506
-196492
-243955
221061
153850
-363636
383693
-235342
294294
234350
138830
-55673
144025
258339
-204035
-703546
241573
-131656
253765
569694
208224
-415163
-56081
159281
98976
-432607
-496384
110722
293849
65025
-746167
-543655
539032
124571
570401
-74546
-828213
141205
412135
-451143
-303012
182951
361611
258761
-157412
-486257
-430157
31364
254347
-603352
147479
705684
-705472
-453521
-69986
9906
708419
-207582
123043
-470264
-146289
584212
-255365
-991442
243207
163722
661077
-489656
-41505
75302
98363
48942
462408
-436338
66195
208918
-302054
-39389
225716
80595
549193
-304343
-15532
-134470
226295
-234213
-428388
323348
506596
-96893
667427
-365832
-784240
-891925
596125
-333460
211718
-139632
280195
106328
134888
-947512
-177233
-316913
454998
98862
468815
-161896
-161557
4722
-86508
-766258
530314
813170
280829
124466
-315511
16128
-73607
-55515
18657
504768
229247
96195
414072
-567803
-85541
-132180
494114
150740
-261721
112912
373067
-548553
-92038
-683833
479692
-52430
325411
-142908
-181248
-489842
419323
218148
-611362
-287955
-114695
69163
-69203
-204242
312292
-275601
-417561
293533
-57257
222832
137946
105680
76996
-46896
577614
-213131
-634562
-371297
52652
-409014
701298
-474554
-206307
-159899
239699
-80574
679030
143857
357322
-291846
-16320
-327899
67491
238335
117575
-61968
15949
85900
88346
63375
-468623
151458
632951
240496
69782
208441
-242356
-751301
-442847
-568757
118174
261579
583493
-430862
225409
-313652
518244
-201081
-242970
-646675
753778
105347
334704
-186146
182239
-451903
9126
267252
387751
-622979
570260
-242883
-57820
5511
-142940
-220494
647454
-224114
-316317
188591
423144
-167956
-118056
-269109
24254
-312590
256305
175340
-164758
380021
673732
-47108
147984
-359217
255440
-156340
-498536
-371268
934429
353709
-50515
-101859
227789
-154856
207007
380744
106225
-579927
-250359
95163
82345
13135
467733
-48800
-298910
349381
702928
615543
-1021277
-1324956
245135
61038
674551
-589339
-296790
325202
158266
198094
-211900
-661664
-140793
-199609
179313
-816759
-218950
387571
108596
-161896
353362
457523
128746
-466405
-135303
-550102
255028
238874
432294
-440072
406570
602455
-211595
-579488
143937
-182278
743522
796124
115234
-903317
250485
324660
-455108
-229002
223697
329581
849555
138939
-30668
-353551
-223791
-815059
319100
418529
134806
290367
678669
-643873
-599815
-623404
-586961
78243
760607
419340
-36025
-325396
236354
-51642
-530565
-153030
-34390
829164
516289
-88095
107769
-98215
138505
-228416
-250832
175724
373042
411364
247424
-16613
204160
170448
365892
-783167
-367064
-5623
467384
-27928
-117507
38750
-71223
11065
211373
227296
61085
-908978
748995
-150552
-219909
-303633
-53893
189369
276282
612895
475657
-962347
-143052
276519
334856
-159748
166213
118703
207012
-267291
-97281
79638
-132544
375350
140685
78162
153421
-230573
-102621
-219767
14781
551276
974692
-544311
-899918
59749
365856
-43231
551297
-252482
-187668
322101
417479
-639129
-764215
-80330
189970
91114
622274
-59568
-234599
417397
25730
-1085762
-874277
187378
633428
390944
349006
494165
605233
119404
-644752
-1285111
-1113503
119201
626310
227884
-56402
363954
667611
524279
-250496
-1485627
-1105552
32545
643935
200685
-396075
-3041
457253
306593
-211721
-1132590
-943580
139451
679734
323927
-494503
-202102
320641
-94491
-52548
-776621
-1015842
247232
777438
304421
-551241
-679592
-139664
-81554
261514
-293063
-648176
138691
713932
366266
-224572
-601997
-258085
-55395
478410
-60543
-647253
-29267
681778
401509
-90085
-311383
-381946
-354128
296357
-309001
-560763
191303
778548
489560
-127993
-84157
-160348
-831591
-373217
-665844
-250799
372526
1034996
761080
-333409
-334348
-46339
-1312324
-1390702
-969030
221597
129262
628306
366677
-546708
-634060
187399
-1103983
-1563235
-763314
1201181
186129
541918
120096
-547757
-594642
138152
-977959
-1550406
-992114
1348109
777603
830439
-4263
-285281
-253465
614316
-930080
-1346999
-1606081
1032675
1128727
1032063
-234262
-87603
805921
1462350
-359368
-221657
-1816180
-26343
1282345
1077445
-985251
-224007
1957773
2810789
119763
928945
-1645185
-663245
1551630
1296824
-1740499
-1048221
2480205
3782860
-83597
1316131
-621475
-631505
1670659
1608083
-2060902
-1768307
2577074
4270947
-496816
904297
-123337
-449800
1826105
1791170
-2220199
-1998038
2464963
4001304
-712914
107301
698693
-365020
1735282
1711701
-2470284
-2016492
2810240
3872659
-1235114
-407893
1373640
-68447
1654515
1661373
-2553945
-2090383
2944636
3462090
-1461085
-977546
1525916
378706
1630657
1481142
-2500331
-2149730
2720828
3494155
-1374690
-1483420
1176071
429439
1544894
1367514
-2553089
-2098417
2493604
3001670
-1158154
-1290868
1140403
164790
1734378
1311968
-2858589
-2154756
2396750
2944531
-894127
-1162234
1223381
-80417
1854288
1568698
-2991922
-2324079
2548433
2727719
-986406
-1185951
1437080
-292821
1827979
1705698
-3050994
-2603529
2420859
2653614
-910888
-890629
1743033
-315837
1962219
1817684
-2876596
-2719143
2035027
2564978
-289428
-653626
1526164
-572379
1992903
1767213
-2763986
-2420250
1478126
2316778
290908
-262792
1016024
-694843
1896175
1612118
-2807706
-2223214
1726272
2039770
776704
-263295
700731
-962597
1887819
1585569
-2771460
-2418506
1908741
2204769
575146
-676523
318548
-890778
1899396
1798398
-2591452
-3091169
1672058
2633497
359989
-1443782
480131
-488410
1865097
1658069
-2583537
-3362417
1303646
2454223
344322
-1756337
938817
288282
1817248
1774077
-2425335
-3347956
1214640
2237339
633954
-1781226
1172126
672640
1790851
1968904
-2140954
-2987946
1405623
2045420
463815
-1684836
749678
962856
1419259
1926567
-1462325
-2413666
1508664
2012520
416557
-1630359
221406
959860
791738
1676195
-1001471
-1731740
1839625
2191096
821016
-1275884
-177247
416210
400474
1378842
-754778
-1198341
1801634
1947680
1066620
-599543
-255529
128293
339762
1302308
-550598
-970946
1319779
1230006
1349048
397621
8057
-81786
237530
1174677
-540471
-386170
1202260
455113
1161800
1079698
188610
-404749
26113
872109
-434865
441772
1164819
-147823
908589
1276838
277036
-243655
22640
888477
-1932
981790
1233457
-474581
387551
1049381
39339
-532990
30743
983993
643207
1458092
1164769
-461101
-113677
301176
-210518
-404833
-108166
929801
1083298
1913581
1155605
-293152
-204850
1919
-470865
-719137
-323521
662596
1019586
1875728
1212971
-193557
209362
147501
-638019
-933521
-415920
464670
784330
1672951
1146693
-495682
203177
837803
-352834
-1071647
-487147
393067
891349
1715083
1189828
-932213
-535058
775380
-12798
-670425
-496714
294394
1002465
1762903
823904
-1254855
-657696
690556
321359
-160801
-567359
155004
1010604
1802804
533378
-1280054
-920396
613189
579653
-34342
-728573
-59637
928451
1652222
130646
-1941360
-1358683
607589
1461272
732662
-585323
11656
717817
1357289
-87943
-2128833
-1851378
422506
2074866
1000700
-333388
147774
523761
1177585
-1097
-1734323
-1571493
104922
1843586
829574
-416409
128222
335408
926443
145706
-1281501
-1028449
378123
1340095
335562
-312635
334530
276587
815646
100586
-1219902
-424540
742504
573517
-354534
42319
936697
781571
1080007
358718
-951733
-407833
567416
-472791
-1431095
75001
1203925
1335351
1275601
144320
-949454
-705574
395626
-359604
-1245519
-118594
829914
968319
1070179
-213737
-1090524
-398700
359301
125953
-297409
-195163
523774
712849
1031725
-134627
-958613
-384672
46013
124569
465795
-27676
724261
604550
769950
-293496
-1198671
-450956
-290226
-215237
945912
-2482
860967
789813
325605
-581752
-1101557
-488810
-313999
-543009
793822
-8072
759529
724886
233436
-395757
-649508
-404236
-761957
-1383645
350204
67623
667996
606154
192590
-245306
-451654
-440585
-941969
-1491976
-165366
72590
582176
295126
133268
150397
-498490
-391836
-630725
-1554304
-261694
-163778
524523
262335
350606
771447
-611639
-776856
-44579
-1082804
-392650
-365205
576542
448539
417172
1072057
-528140
-1290858
-86559
-814553
-473966
-302498
611602
546229
446332
861993
-457168
-1498541
-206210
-738717
-719948
-318976
373013
251217
231040
283512
-753048
-1156332
421025
-407367
-668276
-277125
458575
148584
17925
-19934
-525362
-709602
879265
-41893
-993432
-136660
488672
354794
222264
19219
-312662
-527976
569825
-323873
-1370672
167293
807167
820352
482043
92243
-220289
-491900
236314
-833872
-1576688
218569
817698
619756
325605
162379
-22198
-707769
97349
-739224
-1430070
-88946
682575
609868
233257
424907
437518
-695652
-245440
-623888
-1148995
-299909
438765
483765
122217
158966
531627
-147693
-255738
-572169
-969969
-475602
128028
311654
204372
-68324
358143
377330
197784
-409532
-583496
-410727
255646
636619
636318
54735
176290
146505
84885
-560800
-799176
-479776
291179
853756
754028
57678
-18784
210822
-23927
-780997
-865108
-688121
38747
449428
330468
-168417
-63435
14092
295723
-189035
-420807
-360468
50352
104749
170781
-455738
-398925
-261758
123106
-29474
252307
7978
303522
-65170
-152578
-357166
-228029
-280491
-179485
-363561
407817
111714
523893
48662
70939
-319714
-35391
-269441
-483860
-319643
508336
-4092
584588
312573
248151
-82669
269078
48223
-452535
-490478
226701
-195742
413435
258620
547509
48270
483558
393222
-156079
-367280
-50057
-264021
353229
174545
409255
161299
77927
312863
263327
38638
19240
-236954
277381
-158858
200237
332226
-33858
-413862
-574014
95476
947758
-289281
230271
-562429
-125231
721559
74164
-653909
-1033619
-321430
1379583
-257761
331590
-605431
-58675
1358333
636645
-464052
-1392887
-1177549
912270
-435482
586293
-390063
239272
1938354
779386
-822627
-1038653
-997043
-43718
-319053
919064
49041
602378
2146151
580799
-1135133
-1213573
-1190772
-523884
-252125
1050879
421943
568585
1660969
131153
-1761115
-1253022
-658437
-294981
-230999
724511
298189
434599
1281383
-45001
-1499297
-988909
-164854
82241
-9905
493746
253866
639652
1024615
-224644
-1115916
-670704
108449
143454
301660
619074
218320
758727
1085967
-60904
-793824
-589300
89311
-17424
270659
473977
116371
609459
838579
127912
-139259
24902
139295
-215747
121944
412142
242632
608831
811940
-57085
-302080
488103
180968
-333765
260694
628046
557539
812191
522949
-527591
-891620
595545
919395
-392019
244466
647146
696335
845849
826145
-178611
-1207943
368302
1035715
-490065
211556
549935
773570
1052518
964067
42092
-931401
30890
419306
-532880
297422
518371
533515
871281
720296
76844
-550862
-58587
-72388
-864676
224254
420882
489330
795686
470922
-314859
-403173
-113320
-807909
-931813
44555
164419
425352
292828
84815
-146645
-469226
-459414
-267993
-70259
-53253
-104917
-47656
-60963
261120
599665
101750
-39270
-157649
-319250
43976
65047
-76190
7265
-149281
-308904
59249
-38709
206460
347448
-118635
-169165
-95354
181248
197844
33971
-323685
-160934
196239
247586
62038
142121
147691
135325
47321
-119654
-25576
99906
-387804
-309400
4135
-230956
-446992
-521158
-395085
-90576
240485
404674
599604
463681
-5822
170027
447228
359146
435769
560580
139320
-377053
-674572
-779410
-299792
-320580
-309171
-227975
-327065
-6730
419837
448658
268263
592911
245716
252798
382936
577057
311000
-154228
-304494
-578408
-580061
-520307
364772
269267
-285014
-492183
-291897
-175829
-208148
-32172
220126
395256
-684417
-393086
-34583
60434
187195
222377
180512
726793
633259
-9573
191553
-20472
-324280
-163346
-368622
-215973
-46624
53289
-30620
364474
195871
399788
248561
-431108
-271383
-238559
-636392
-118814
371443
469131
-233151
-114494
89646
-121894
-83117
308042
426603
51870
-148184
-140431
20328
155310
219936
469660
214387
15039
237834
-496670
-408347
-211852
-166322
-306207
-179570
-77579
-9657
59256
94157
385904
415843
-168319
118465
155344
116203
178372
156931
-337412
-336436
-610508
-247559
382986
-68476
-86013
-76004
-329980
-298041
260258
467264
232398
-205138
-183594
-110454
-170006
297151
562491
67582
-629114
-331142
413962
250699
-263568
47867
-67655
-170859
10175
-225958
-8379
341974
-124326
-168410
120749
-129004
235640
370400
-73816
-56929
-138831
-313867
-149132
15795
50548
-125367
-66518
-25431
28247
-228314
-131202
128311
214282
236496
228573
-40555
-101720
3164
18701
143590
143804
135261
-64784
-304336
-219135
-19711
57648
373575
277944
-333782
-457459
-335029
-54860
88959
116738
-240065
-289098
-157899
264697
41341
-329127
250543
607054
174376
195894
303625
234235
-62280
-105974
-92895
18003
-8019
-145103
-443189
-497143
-310271
-122135
369996
-240720
-296508
229972
316868
-27701
202513
341133
-143463
-202952
158367
409342
32694
76244
6346
-151814
-315353
-107737
-13181
206892
294974
84905
-145091
-149457
29656
-171380
-98300
10771
89788
43630
-181830
60566
351484
-222658
-504106
-202449
-65947
332033
-343102
-382115
-77125
-54869
-322187
-264920
233597
546108
417705
262888
-15049
-28014
146195
288662
-16838
185449
98470
136037
-204423
-661398
-40912
-309901
-244752
3849
-113438
-58235
-54315
76982
56134
165095
67316
189959
184178
-149846
-219008
-545173
-409827
33262
172156
346149
-258526
-125465
125536
614358
598785
299936
93314
-109327
-231363
-414008
101931
-57296
-129713
-18374
-406714
-569909
-307820
48348
402300
470986
140733
166401
20228
-140895
185961
510887
144806
-86847
-249269
-637824
-124684
-445368
-360383
-1240
-165245
-198506
237954
270133
-117023
375598
-177259
-81439
353775
317479
40646
165191
-116719
-182688
164433
-169974
-54575
-176681
-80935
-302577
-359664
301825
514107
-129194
-238775
260697
276386
328233
-51386
-136111
31776
-610474
-768344
246233
479915
-73846
-110807
64029
157984
69981
267686
199502
-59704
-166700
-225005
-150866
63060
-204918
-199536
-59866
-275918
28464
251704
-86183
-91097
296671
-1010
-115087
-130266
-24330
294073
547139
172681
-187313
-265762
-287961
-53339
74571
208143
139567
-241724
-778017
-478018
79299
340877
514766
88431
-23733
-180123
-93732
48914
565287
421022
-175609
-104235
-429430
123857
169401
125008
-17057
161063
200504
-165171
-464085
-511713
16593
-364341
-101119
23849
-145852
-219566
-116107
7121
466785
664679
265617
357395
121085
-267415
-262844
-357601
-482892
181811
362644
-54694
-3098
48852
28655
166377
136653
259054
432367
-50081
-131152
-232805
-630789
-476209
-392682
-201210
-84768
23614
6568
110263
331400
406471
523934
19397
-35453
-188939
-221459
-161160
170747
383404
118232
-160017
-688
311479
128044
313640
686743
357611
212631
-311695
-1170877
-911467
-56011
217557
370667
-57948
-495480
-265201
-419355
-102169
531637
315425
-21431
-393885
-418594
-208423
-256200
-138404
335101
200063
200136
345887
275547
29526
30690
211828
593624
542317
179235
218957
-142168
-708812
-678100
42511
-70867
-44852
-359072
-627450
-313758
-313332
245775
1007798
450364
152092
247782
-83610
-321117
-23564
401554
517900
117943
-525457
-578091
-208080
-232833
-187354
215557
531763
-10912
-303375
-163632
176728
450850
233611
155896
-37975
-203749
-85866
-150370
-447995
-213453
-88484
188254
-261812
-316795
-67898
14378
-97188
322440
306996
119564
383268
-37676
-5576
-33846
72740
208231
-58144
-67683
315491
171504
-134755
-259092
70524
257087
61387
110858
146338
-120766
-280073
-13894
100570
38849
257034
150751
118115
105761
-15989
-214817
-475938
-394693
-258525
54058
-435654
-478064
-201977
-303520
-653491
24857
847200
598644
581906
503928
295959
154221
-173695
-2319
408550
301045
50933
69
-272898
-549946
-434772
-259989
46188
-31638
193142
291644
-167315
-25960
82834
463301
563769
573436
392321
96205
-384157
-342934
-90331
-575397
-583599
-431241
-362794
-562550
-603338
-257034
17256
72468
477270
665297
664933
487179
349576
389105
343658
420110
203682
-442731
-839347
-564709
-283396
25423
-218091
-304690
-233549
-128342
45427
396193
492468
327020
-101458
-116125
-229210
-292448
-266376
-344423
-370032
82864
320751
351077
715718
243949
346533
504786
612677
601874
504229
-273687
-705707
-618391
-786123
-408753
-11962
78183
-190916
-431757
-215015
445880
312154
-66578
10620
101751
-114387
-83389
-200596
174123
-11003
-409718
169070
429749
133459
292708
16702
-86815
152552
-116526
-111860
144147
-184392
2908
132319
-230013
-39181
-209717
-304975
-62098
-6914
253489
338273
-424388
-140322
469470
35698
140340
103348
-56386
-103057
-568513
-421722
637232
443861
-96932
95995
27981
-53084
152236
330662
288529
-226910
-499924
-54251
-100158
-133093
-36314
151391
-86843
-46849
304926
491523
70585
-549749
-160176
153727
227845
60614
-81719
-142858
32159
457105
301804
-368645
-538222
-46269
8741
-127121
-198058
59690
-275870
-883109
-256056
815131
623037
-147520
-380000
-370181
-173616
-293577
172020
783139
543720
-2705
-1697
37811
39753
225997
331018
294069
-19178
-749469
-565822
332040
7926
-311230
-203251
-108964
-8992
213972
406725
744300
603570
-365685
-341870
467686
316877
438731
474671
-356597
-659127
-545882
-604456
-371407
122980
71407
55268
-301334
-367355
-95376
42596
81359
56172
319890
366547
-221115
-269121
-211067
-229042
-117306
618
138639
465211
450092
226815
-36580
38343
242613
185611
-107598
-36253
143760
-35520
-310568
-318447
231687
149723
13417
125195
-56937
-304315
-382557
-72323
129005
-41343
-301278
-345027
-290971
-377072
309050
1029211
315104
-32083
-60838
-89327
-62411
4228
208976
402016
-68195
-553820
-133554
-364168
-134700
581707
217165
158193
-135262
-485394
-426518
-90825
264417
608204
222009
-439969
-112813
-78819
-70978
120498
156394
41440
41167
236228
2493
-202417
11604
121614
194940
281553
173215
-13195
-21313
-467920
-400760
37493
15181
-234320
-269274
-213117
-44451
145018
231572
551494
69096
-499397
